Frame,Time_Seconds,Volumen_RMS,Pitch_F0,Centroide_Espectral,Formante_F1,Formante_F2,Formante_F3,Jitter_Global,Shimmer_Global,HNR_Global,MFCC_1,MFCC_2,MFCC_3,MFCC_4,MFCC_5,MFCC_6,MFCC_7,MFCC_8,MFCC_9,MFCC_10,MFCC_11,MFCC_12,MFCC_13
0,0.0,2.8604093e-06,0.0,10507.677579727939,0.0,0.0,0.0,0.013784124859780618,0.05834675697843983,14.685872752144657,-568.1929,0.0,0.0,0.0,0.0,0.0,0.0,0.0,0.0,0.0,0.0,0.0,0.0
1,0.016666666666666666,3.7995294e-06,0.0,10778.038239595713,0.0,0.0,0.0,0.013784124859780618,0.05834675697843983,14.685872752144657,-568.1929,0.0,0.0,0.0,0.0,0.0,0.0,0.0,0.0,0.0,0.0,0.0,0.0
2,0.03333333333333333,4.001001e-06,0.0,10818.058880130025,1181.1653273605748,2009.7477591205945,3027.5158058371676,0.013784124859780618,0.05834675697843983,14.685872752144657,-568.1929,0.0,0.0,0.0,0.0,0.0,0.0,0.0,0.0,0.0,0.0,0.0,0.0
3,0.05,3.952598e-06,0.0,10699.873192229421,1082.12561837152,2040.8800337741895,2967.7823215829417,0.013784124859780618,0.05834675697843983,14.685872752144657,-568.1929,0.0,0.0,0.0,0.0,0.0,0.0,0.0,0.0,0.0,0.0,0.0,0.0
4,0.06666666666666667,3.9547012e-06,0.0,10728.198203616912,1129.7209548250614,1938.2224207209629,3002.1761626998596,0.013784124859780618,0.05834675697843983,14.685872752144657,-568.1929,0.0,0.0,0.0,0.0,0.0,0.0,0.0,0.0,0.0,0.0,0.0,0.0
5,0.08333333333333333,3.976739e-06,0.0,10853.46847862051,1081.0903897919711,1959.441906858532,3002.031752170208,0.013784124859780618,0.05834675697843983,14.685872752144657,-568.1929,0.0,0.0,0.0,0.0,0.0,0.0,0.0,0.0,0.0,0.0,0.0,0.0
6,0.1,3.9246e-06,0.0,10765.344377572112,937.3006059624784,1944.1389160670203,3056.663835011373,0.013784124859780618,0.05834675697843983,14.685872752144657,-568.1929,0.0,0.0,0.0,0.0,0.0,0.0,0.0,0.0,0.0,0.0,0.0,0.0
7,0.11666666666666667,3.937615e-06,0.0,10712.309174097209,1024.5389250881444,2061.1229354994216,3016.6194377063193,0.013784124859780618,0.05834675697843983,14.685872752144657,-568.1929,0.0,0.0,0.0,0.0,0.0,0.0,0.0,0.0,0.0,0.0,0.0,0.0
8,0.13333333333333333,4.01342e-06,0.0,10631.841507872005,1083.7725870080833,2091.184029064613,2988.8742774745706,0.013784124859780618,0.05834675697843983,14.685872752144657,-568.1929,0.0,0.0,0.0,0.0,0.0,0.0,0.0,0.0,0.0,0.0,0.0,0.0
9,0.15,4.1567396e-06,0.0,10824.088116871764,1248.5839082124885,2079.1747275802727,2931.4657216207283,0.013784124859780618,0.05834675697843983,14.685872752144657,-568.1929,0.0,0.0,0.0,0.0,0.0,0.0,0.0,0.0,0.0,0.0,0.0,0.0
10,0.16666666666666666,4.0248137e-06,0.0,10638.725390171374,1245.6453391601906,1995.1438190386275,2927.6868041648254,0.013784124859780618,0.05834675697843983,14.685872752144657,-568.1929,0.0,0.0,0.0,0.0,0.0,0.0,0.0,0.0,0.0,0.0,0.0,0.0
11,0.18333333333333332,3.9845277e-06,0.0,10718.154578924434,1106.1878031750334,1931.9951044418983,2960.2434906488847,0.013784124859780618,0.05834675697843983,14.685872752144657,-568.1929,0.0,0.0,0.0,0.0,0.0,0.0,0.0,0.0,0.0,0.0,0.0,0.0
12,0.2,3.8875187e-06,0.0,10741.167847396197,1126.15601989554,1886.626032286134,2983.4553618874265,0.013784124859780618,0.05834675697843983,14.685872752144657,-568.1929,0.0,0.0,0.0,0.0,0.0,0.0,0.0,0.0,0.0,0.0,0.0,0.0
13,0.21666666666666667,3.8784315e-06,0.0,10597.418681781492,1089.4024206135264,1964.5714419058734,2977.118970924411,0.013784124859780618,0.05834675697843983,14.685872752144657,-568.1929,0.0,0.0,0.0,0.0,0.0,0.0,0.0,0.0,0.0,0.0,0.0,0.0
14,0.23333333333333334,3.98103e-06,0.0,10748.271703916074,1098.4712068092815,2018.5479517755473,3225.930477775193,0.013784124859780618,0.05834675697843983,14.685872752144657,-568.1929,0.0,0.0,0.0,0.0,0.0,0.0,0.0,0.0,0.0,0.0,0.0,0.0
15,0.25,4.6407467e-06,0.0,10733.455053478438,1083.8910530288285,2258.5388025991642,3192.218781319451,0.013784124859780618,0.05834675697843983,14.685872752144657,-568.1929,0.0,0.0,0.0,0.0,0.0,0.0,0.0,0.0,0.0,0.0,0.0,0.0
16,0.26666666666666666,8.730267e-06,0.0,9686.862881588919,743.7741202211917,2163.4626265275706,2707.8303346275775,0.013784124859780618,0.05834675697843983,14.685872752144657,-568.1929,0.0,0.0,0.0,0.0,0.0,0.0,0.0,0.0,0.0,0.0,0.0,0.0
17,0.2833333333333333,0.001757072,0.0,6951.067282094999,420.34235125324216,1819.7423610110732,2780.104263193599,0.013784124859780618,0.05834675697843983,14.685872752144657,-568.1929,0.0,0.0,0.0,0.0,0.0,0.0,0.0,0.0,0.0,0.0,0.0,0.0
18,0.3,0.07755758,0.0,1680.9457480832214,470.2815694509371,1883.305107131924,2683.110317263151,0.013784124859780618,0.05834675697843983,14.685872752144657,-312.74738,169.8548,-5.2227116,-9.661581,0.65861917,1.8389907,-39.69741,-20.24967,-42.09365,-33.365818,0.81429374,-34.38279,-6.6211805
19,0.31666666666666665,0.114465795,273.99602248622745,2022.4645118310796,659.935435151727,1940.805877482337,3011.4616288458606,0.013784124859780618,0.05834675697843983,14.685872752144657,-205.18492,165.7693,-45.79995,-4.567926,-26.541477,-1.9881368,-57.34842,-18.94477,-39.982395,-27.468712,6.103409,-37.21946,-12.693978
20,0.3333333333333333,0.14138497,269.236759598459,2259.44343490147,790.1773929135056,2060.480954792523,3012.0425183639322,0.013784124859780618,0.05834675697843983,14.685872752144657,-226.69116,135.97134,-52.403297,1.2130237,-23.55252,2.2278295,-57.982353,-18.906775,-27.057016,-8.430195,14.882992,-23.241068,-13.6621475
21,0.35,0.13781019,269.3430494897209,2402.12756924484,784.0007991481285,2078.2388168371644,2980.4346474586982,0.013784124859780618,0.05834675697843983,14.685872752144657,-221.68639,120.01239,-61.165104,14.062241,-21.127754,3.6007092,-58.987316,-16.829855,-23.985548,-12.786047,10.264739,-25.721111,-14.87412
22,0.36666666666666664,0.1344267,270.6481814238016,1926.3103022320124,623.7681307150199,2028.6884412571735,3070.9707899967902,0.013784124859780618,0.05834675697843983,14.685872752144657,-232.61879,152.15436,-48.837692,9.551207,-12.794943,-4.0231705,-60.288635,-21.312145,-29.07879,-28.611557,15.564189,-33.66104,-29.711292
23,0.38333333333333336,0.14201842,272.30031887308195,2078.6536535294467,364.3966155652049,1911.8797179233768,3187.8236471667387,0.013784124859780618,0.05834675697843983,14.685872752144657,-279.19394,120.21144,-42.535313,34.33127,1.3517743,0.007983923,-38.30989,-7.1409864,-29.334427,-40.153755,17.158218,-21.59293,-27.59518
24,0.4,0.15350628,272.3336823447833,2394.765764385647,310.6970915993692,1880.9956695912292,3099.1817422742693,0.013784124859780618,0.05834675697843983,14.685872752144657,-270.05487,109.868805,-45.89538,44.227173,-4.455759,-2.049086,-35.370113,3.016659,-18.279322,-37.99279,3.496398,-26.79525,-29.04782
25,0.4166666666666667,0.1566431,274.54361670045444,2619.2678079864877,420.3000361004362,2070.7107815084937,3039.6242540850185,0.013784124859780618,0.05834675697843983,14.685872752144657,-223.69304,126.56177,-41.597237,27.038593,-4.8078027,-1.272747,-75.81999,-3.7671742,-28.24843,-12.109726,16.07861,-44.648285,-21.730392
26,0.43333333333333335,0.14912802,276.57688401978567,3289.729545883086,700.3406594699057,2381.3099678979056,3004.943401197829,0.013784124859780618,0.05834675697843983,14.685872752144657,-211.40617,107.73119,-43.136806,27.669827,-7.7907686,12.97276,-80.95119,1.8776379,-22.020082,-2.0083423,10.738787,-51.45805,-9.588491
27,0.45,0.13691275,276.8101717465185,3775.5466467752067,843.1833658382411,2449.0031393849404,3052.1050333822363,0.013784124859780618,0.05834675697843983,14.685872752144657,-228.10422,89.896515,-38.561226,25.375824,-15.640381,11.062256,-83.59882,10.610041,-5.2938504,3.4488058,4.6454973,-48.953,-7.4561844
28,0.4666666666666667,0.13530403,277.2414673519171,3910.095419026772,852.0490437477365,2426.907159265495,3098.346974216419,0.013784124859780618,0.05834675697843983,14.685872752144657,-241.0594,81.72128,-30.641148,29.294687,-15.513041,17.776543,-83.27365,8.649021,-2.1328745,-2.6678905,-0.6912384,-45.09413,-12.168358
29,0.48333333333333334,0.1384166,275.53933462542363,3544.380110576766,612.2961169997243,1876.9181306209139,2898.576258978104,0.013784124859780618,0.05834675697843983,14.685872752144657,-256.60236,90.55859,-17.035252,25.675034,-17.592777,22.667168,-71.79386,6.6036434,-7.1374464,-5.544315,-0.37786484,-45.665276,-24.36905
30,0.5,0.1503465,272.9104724673503,1893.077821006367,238.7164139331685,1131.2304522760196,2605.6267103969385,0.013784124859780618,0.05834675697843983,14.685872752144657,-304.1557,125.54573,4.361736,18.055054,-12.106325,17.740047,-45.852486,3.9825416,-10.364287,-12.760174,-7.7056265,-53.390625,-21.51616
31,0.5166666666666667,0.16130963,274.38013703493795,1002.2582887374901,309.3904231053813,1325.2626350084183,2706.556381633393,0.013784124859780618,0.05834675697843983,14.685872752144657,-348.03152,134.7309,-3.7496862,15.859013,6.5233774,-0.4176364,-25.037218,-2.0913453,-7.742505,-12.711459,-7.465803,-45.707863,-23.410511
32,0.5333333333333333,0.16254362,274.8102969132496,902.2890896600373,310.66133427144587,1437.1723801821186,2589.722846284502,0.013784124859780618,0.05834675697843983,14.685872752144657,-357.19867,137.17099,-2.8839517,9.665221,6.556684,5.8473854,-12.164195,-1.1067791,-7.237613,-14.629721,-10.560227,-46.72113,-30.543236
33,0.55,0.15667735,274.67061027597805,877.7465612109863,312.63005686925953,1441.0427756794145,2485.5982808500607,0.013784124859780618,0.05834675697843983,14.685872752144657,-361.76352,138.80582,3.2438152,9.534982,4.8694973,8.271937,-13.368336,-11.17931,-8.325867,-10.2908325,-11.305582,-43.319893,-28.09386
34,0.5666666666666667,0.15523408,278.3031762566394,2485.3122657539825,430.6677630694384,1521.7318676594177,2514.2383661635663,0.013784124859780618,0.05834675697843983,14.685872752144657,-244.34445,127.5833,-11.259786,4.5642223,-35.80654,24.289307,-37.274757,-9.835873,-42.10862,-14.281725,-12.347328,-32.843258,-24.198555
35,0.5833333333333334,0.15656294,286.4752133309575,2578.7821825620363,697.1386350929142,1974.2756176639123,2944.735322470697,0.013784124859780618,0.05834675697843983,14.685872752144657,-185.84734,128.15968,-51.810013,14.795249,-28.267296,17.005028,-47.743393,-11.95097,-46.383003,-13.943964,6.997033,-26.806744,-10.585347
36,0.6,0.16817854,287.93743935065345,2840.521559133991,794.2506375518151,1971.7674101310777,2971.429807112467,0.013784124859780618,0.05834675697843983,14.685872752144657,-186.1533,117.72331,-62.53118,16.381535,-30.133738,7.7581882,-53.96561,-3.560886,-36.397285,-7.0179687,12.720003,-25.957655,-4.1118093
37,0.6166666666666667,0.16345672,291.88080312353316,2955.5103718879345,829.7737570395642,2001.8649122194106,2975.508813311544,0.013784124859780618,0.05834675697843983,14.685872752144657,-190.88681,110.9819,-64.26695,13.977886,-32.999622,2.1480322,-56.456207,-0.57838166,-35.16292,-8.2309265,7.3103414,-29.719017,-2.4118736
38,0.6333333333333333,0.16346504,296.23064481314236,3451.951227741099,806.3422131180513,2168.9817930960276,2987.5422587162475,0.013784124859780618,0.05834675697843983,14.685872752144657,-201.07101,96.95497,-54.7661,20.195843,-32.52796,6.2314034,-64.91204,1.0293493,-31.481369,-3.1492662,-2.6448526,-40.53515,-5.5523715
39,0.65,0.14885625,298.4482845799067,3104.1254290412967,746.656572592096,2269.600037390233,3074.4712253282314,0.013784124859780618,0.05834675697843983,14.685872752144657,-215.87134,108.22112,-42.74707,24.228954,-24.332985,12.426443,-78.53462,-10.748591,-30.870193,-23.377491,-10.100019,-45.787384,-6.839122
40,0.6666666666666666,0.15194203,304.6997201216001,2688.5416106573753,586.7225214158506,2316.165453774714,3007.5554415523675,0.013784124859780618,0.05834675697843983,14.685872752144657,-256.4553,113.44328,-36.918457,17.193443,-3.319596,14.060095,-79.42654,-8.662806,-18.231407,-29.345509,-4.9675035,-40.73034,-23.936222
41,0.6833333333333333,0.16483055,316.3087141956036,3446.690585993933,363.8497017992211,2378.9625280845466,2903.9649942618753,0.013784124859780618,0.05834675697843983,14.685872752144657,-230.80927,87.59338,-44.006153,33.77603,-5.792595,14.45014,-72.58981,2.5288658,-17.232525,-20.596985,-7.9627323,-38.416237,-22.643124
42,0.7,0.18469298,321.15130655356717,3882.593875628607,380.13894986978676,2474.726214997964,3173.7990949607693,0.013784124859780618,0.05834675697843983,14.685872752144657,-224.43898,70.79623,-44.21771,40.045044,-12.080688,13.916034,-66.82628,5.811262,-23.769444,-20.128986,-7.1797523,-40.1747,-24.851654
43,0.7166666666666667,0.18642078,325.19307968088026,3918.5214217761527,381.8755660858044,2583.994154747116,3126.0257609075966,0.013784124859780618,0.05834675697843983,14.685872752144657,-225.84938,64.10045,-49.549995,41.224644,-8.78135,16.453474,-72.78983,0.3287604,-24.648005,-21.003803,-8.757391,-44.047756,-29.48917
44,0.7333333333333333,0.18166342,328.6359940275409,3968.136098468619,400.6909257574373,2548.0326757154867,2987.3437975460497,0.013784124859780618,0.05834675697843983,14.685872752144657,-225.64261,66.69072,-44.30931,42.677982,-13.094749,14.521214,-73.85068,0.38469207,-19.37241,-19.36274,-5.1832285,-41.940483,-26.941715
45,0.75,0.173103,330.7826883576812,3790.3581431345574,425.5181463020287,2232.369218107985,2877.599318185201,0.013784124859780618,0.05834675697843983,14.685872752144657,-226.0838,74.54139,-39.762157,28.799866,-17.611301,16.788517,-73.459656,-6.9315987,-30.882751,-17.51714,3.2015195,-35.338737,-26.872986
46,0.7666666666666667,0.16477531,331.21344324945125,3341.9588209739813,439.83885824229606,1924.1103392149848,2975.2372951388415,0.013784124859780618,0.05834675697843983,14.685872752144657,-239.01878,89.78737,-41.476086,20.962194,-24.017258,17.822163,-62.01613,-5.039217,-34.894966,-33.140404,9.117691,-35.462677,-25.756817
47,0.7833333333333333,0.12873088,326.2992229052072,3177.6710998382314,386.41405343229616,1749.7127763243373,3016.462946866924,0.013784124859780618,0.05834675697843983,14.685872752144657,-257.25064,107.75914,-21.268536,24.529884,-22.918549,25.374277,-44.178474,6.0658455,-34.425545,-35.342354,13.671892,-36.22435,-20.720303
48,0.8,0.07952765,322.8151860459016,2484.1158189550533,382.72951556623786,1834.0386180101787,2903.0410682576016,0.013784124859780618,0.05834675697843983,14.685872752144657,-345.96994,121.499954,14.695122,24.131514,-7.6816773,20.216835,-26.203594,-2.651186,-19.8009,-31.74539,7.337498,-27.082397,-9.257023
49,0.8166666666666667,0.020249939,329.67932501243666,2032.5556763498107,400.41994151707615,2014.741289920783,2825.3658886519593,0.013784124859780618,0.05834675697843983,14.685872752144657,-432.66458,104.02263,10.795807,18.082859,14.464878,-5.812778,-11.427059,-20.80826,-20.997295,0.6338142,-2.1385984,-26.73143,-17.930801
50,0.8333333333333334,0.014937857,329.20481170225804,1909.1233616184659,357.731336570561,1842.9518282252682,2837.3105875301517,0.013784124859780618,0.05834675697843983,14.685872752144657,-465.68182,97.65439,28.067734,12.484901,17.377647,6.4690347,-9.522701,-20.074697,-16.967466,-4.616788,-6.3516593,-15.925343,-17.07769
51,0.85,0.010385539,327.498837743124,2618.167713122408,367.81764404033765,1795.1098937319248,2908.6167455049126,0.013784124859780618,0.05834675697843983,14.685872752144657,-478.5679,88.85506,36.003483,15.3043785,14.118578,11.465651,-1.1226523,-15.502758,-20.60039,-10.676848,-12.252238,-19.084127,-18.815653
52,0.8666666666666667,0.055822786,0.0,6181.7633249849205,706.4609256975882,1728.6967073489645,2586.1261025550803,0.013784124859780618,0.05834675697843983,14.685872752144657,-213.61348,68.90932,-38.694244,-16.9847,-76.43541,38.89558,-1.1372136,5.7775583,-43.818623,-10.215101,-18.581459,-10.39888,-25.310062
53,0.8833333333333333,0.119614094,0.0,6007.461960157369,1074.8363171509927,1802.200521196559,2432.3449545748713,0.013784124859780618,0.05834675697843983,14.685872752144657,-128.40681,86.63721,-27.831379,-1.3189858,-71.15489,50.84187,-10.199745,6.0391684,-48.443577,-3.032916,-21.263733,-15.227749,-25.564037
54,0.9,0.16425799,284.1398963895025,2748.7829690550125,737.0633750579406,1827.4214369568742,3243.5040237385865,0.013784124859780618,0.05834675697843983,14.685872752144657,-143.48293,154.56607,-13.87715,15.812442,-52.87452,14.015417,-45.40296,2.6475127,-44.90863,-6.6737185,12.393221,-14.097595,-12.242403
55,0.9166666666666666,0.1952162,266.7597416610546,2642.0035606693214,805.4192952278337,1813.9857291460107,3254.1525349776766,0.013784124859780618,0.05834675697843983,14.685872752144657,-178.28755,140.07791,-31.529903,8.421042,-40.57509,0.6086269,-43.196495,9.329629,-35.440758,-2.5846317,17.518753,-9.402342,-6.9183083
56,0.9333333333333333,0.17516623,255.87327501789645,2048.2384442109,781.3947478923963,1643.8774676580786,3182.73181398989,0.013784124859780618,0.05834675697843983,14.685872752144657,-211.97472,142.66235,-37.85846,-6.0034933,-41.756172,-10.572747,-39.004692,5.264056,-24.759659,-19.178753,4.260219,-12.231602,-11.550669
57,0.95,0.148894,247.68045566121367,1913.6345424200194,738.762735156109,1451.0523430310511,3263.970105817472,0.013784124859780618,0.05834675697843983,14.685872752144657,-234.96223,154.26178,-21.918116,-4.7873793,-37.13492,-8.732279,-36.618317,10.071531,-18.512032,-21.147984,2.513322,-8.379033,-1.5604901
58,0.9666666666666667,0.15330513,242.43287757608792,1369.4137126429082,544.2886349554054,1389.6086071111256,3005.936324239374,0.013784124859780618,0.05834675697843983,14.685872752144657,-281.30124,174.35199,6.8673315,-0.322415,-20.45965,-1.2386343,-31.13889,0.9333044,-20.94231,-24.098412,-8.186375,-22.758568,-5.1704607
59,0.9833333333333333,0.18135741,239.78638843302318,703.3719522827411,266.115200448742,1274.148992144128,2533.150001730546,0.013784124859780618,0.05834675697843983,14.685872752144657,-341.58237,177.44986,12.661182,-3.3561862,4.057187,-5.649295,-17.52618,-11.590219,-15.09367,-18.156096,-13.698469,-17.053452,-14.578743
60,1.0,0.21277885,238.80230982039086,592.404363671146,257.88169299713945,1108.6876435930533,2449.1704466212514,0.013784124859780618,0.05834675697843983,14.685872752144657,-361.85635,174.18,23.391064,2.4854903,10.789799,-2.8872023,-14.305796,-9.618618,-9.687145,-12.97785,-6.9167004,-14.711304,-21.96709
61,1.0166666666666666,0.21863247,236.6536785136292,532.364286911327,249.19920922498437,1028.8036737448003,2411.044758967335,0.013784124859780618,0.05834675697843983,14.685872752144657,-380.72382,165.44672,31.166962,2.3324656,6.5346766,-4.4569087,-13.979775,-4.3551636,-2.448906,-11.488377,-13.349415,-22.207489,-26.950127
62,1.0333333333333334,0.19991781,232.0450569643409,1087.4533463309215,241.6765904467121,1342.1590932649501,2405.865554972324,0.013784124859780618,0.05834675697843983,14.685872752144657,-314.89478,154.49074,16.362276,5.789726,5.904537,38.27144,-24.025036,-14.618774,-14.167343,-0.7946371,-0.104569286,-18.247456,-22.61345
63,1.05,0.16917798,231.90362930487572,2441.6475891584814,242.9273289980164,2037.651777614226,2631.895021815439,0.013784124859780618,0.05834675697843983,14.685872752144657,-263.01404,119.0862,-4.417655,19.992098,18.060282,63.767815,-37.960457,-8.395917,-19.539158,-0.90517575,-7.6300826,-15.6271925,-16.245935
64,1.0666666666666667,0.16560146,236.6828252178967,2664.4614846455397,257.7737163896229,2428.170397408036,3062.832352490446,0.013784124859780618,0.05834675697843983,14.685872752144657,-291.35385,89.6297,-12.487378,46.316406,17.542624,27.082773,-58.94317,7.7045975,-1.8575199,-5.206293,-3.4729095,-28.37272,-15.338735
65,1.0833333333333333,0.18445408,236.89618359719955,2634.3894797098706,285.72757126490006,2713.36615273905,3195.945509270612,0.013784124859780618,0.05834675697843983,14.685872752144657,-279.08334,85.58685,-15.031782,61.8963,22.379429,16.380304,-71.99428,12.876444,-2.3828726,-16.53024,-10.738842,-45.103653,-19.048084
66,1.1,0.19745578,238.32900586793966,2558.8659034756774,348.668159695465,2592.009812827812,3122.371466065428,0.013784124859780618,0.05834675697843983,14.685872752144657,-252.6158,95.987915,-20.863243,62.999733,23.21688,15.274231,-76.19926,3.6814044,-7.946971,-15.863306,-18.157633,-51.365173,-14.978909
67,1.1166666666666667,0.18719068,238.61025158613091,2326.4548081117864,414.650860755241,2477.1295240620725,3057.769194293956,0.013784124859780618,0.05834675697843983,14.685872752144657,-254.79697,108.19743,-25.846657,56.794994,26.76791,9.456888,-81.6467,-7.4035463,-14.928326,-9.143214,-4.932481,-55.574493,-8.935608
68,1.1333333333333333,0.17008571,237.26209285314982,2519.143626011487,460.7143829798044,2399.865312467882,3011.624797786089,0.013784124859780618,0.05834675697843983,14.685872752144657,-256.26535,109.19258,-30.38771,48.246872,18.411415,11.114378,-83.57882,-15.986807,-17.962334,-6.1827593,2.3677926,-51.414062,-5.138254
69,1.15,0.15710069,236.14457926973967,2413.783754440467,560.6850739340184,2296.2016102411803,3022.7493775209555,0.013784124859780618,0.05834675697843983,14.685872752144657,-255.45274,115.293686,-30.756447,38.98599,10.585867,5.2025013,-72.47706,-6.410463,-14.747974,1.1190417,7.441481,-46.465164,-11.979218
70,1.1666666666666667,0.1535972,234.7188167261185,2347.9055465064116,645.2103732485069,2145.9054867224704,3040.8949110215817,0.013784124859780618,0.05834675697843983,14.685872752144657,-273.7995,115.9671,-21.309254,30.08891,-2.276967,5.7228184,-65.3441,2.6564543,-8.339834,-3.4301696,15.104595,-49.464146,-18.44861
71,1.1833333333333333,0.15665081,233.20709592059745,1832.925409803583,558.066551410425,2072.6480860143947,2938.1724809258494,0.013784124859780618,0.05834675697843983,14.685872752144657,-303.65543,131.11957,2.9980192,23.97773,-0.3396802,11.429757,-58.3446,-10.395162,-18.567245,1.0207314,15.169422,-49.740273,-24.808577
72,1.2,0.1718724,232.22922632145668,1042.5069804863883,359.82151760402024,2113.499700484657,2776.7814239216727,0.013784124859780618,0.05834675697843983,14.685872752144657,-345.18045,146.36182,29.04425,18.12657,11.249887,22.343922,-44.797256,-13.816141,-3.920882,-2.0336878,-5.747475,-44.36164,-19.19077
73,1.2166666666666666,0.19157355,231.7395064714863,739.6645232045494,262.5017546492363,1816.5471136509072,2720.590743986952,0.013784124859780618,0.05834675697843983,14.685872752144657,-377.60104,142.72537,25.913996,31.557133,24.042274,6.7371464,-32.42416,-18.887236,15.4461355,-3.0225854,-10.123945,-24.73855,-31.98502
74,1.2333333333333334,0.19748615,229.18170281663438,714.8536614964066,243.6203180929858,1056.4762344090634,2682.51356667374,0.013784124859780618,0.05834675697843983,14.685872752144657,-376.8459,147.19919,39.391758,36.55497,22.441992,4.0024614,-31.86633,-9.118473,15.314878,1.1686018,-13.023729,-31.774462,-25.54757
75,1.25,0.19498855,225.92982586257637,496.18368743223937,241.40287058826135,968.2304958156332,2702.705569617434,0.013784124859780618,0.05834675697843983,14.685872752144657,-408.94308,154.0854,50.998425,22.676376,31.820297,10.017827,-28.497736,-14.057949,16.738012,10.887407,-16.513132,-34.036865,-27.104404
76,1.2666666666666666,0.16259901,220.21893099364513,481.6383002038416,233.95771833108802,1212.1253018461607,2736.024434027747,0.013784124859780618,0.05834675697843983,14.685872752144657,-423.70724,151.21005,66.79971,32.28762,34.080147,16.509594,-19.785948,-15.056133,9.610032,8.699628,-16.820019,-35.67831,-27.468292
77,1.2833333333333334,0.12535882,223.13380878361016,4464.301003535552,265.7710226463028,1858.9346896667496,2695.125705326635,0.013784124859780618,0.05834675697843983,14.685872752144657,-211.51053,95.99016,-9.62689,42.967186,-26.41457,48.523315,-15.710652,-2.3429804,-5.662523,1.917964,-16.742222,-15.927794,-17.593866
78,1.3,0.12242387,231.39858657483413,2728.7060002318663,366.5372214123939,1667.5803988591151,2576.7077668721995,0.013784124859780618,0.05834675697843983,14.685872752144657,-197.68982,138.90085,10.5825815,37.9292,-36.22966,37.716415,-21.698662,-17.039707,-31.65392,-7.794081,-14.32266,-11.373667,-11.366765
79,1.3166666666666667,0.138924,221.21587141671807,1578.212470987922,409.4505095873072,1497.047937684791,2820.3492230071265,0.013784124859780618,0.05834675697843983,14.685872752144657,-251.84291,166.79822,1.8034117,21.473553,-20.918842,9.844975,-17.130825,-2.2975614,-32.295868,-14.457035,-4.6369147,-29.94207,7.5478506
80,1.3333333333333333,0.13068749,218.80705503550269,1662.0807167656762,389.9455520987277,1375.405982643069,2846.2062286501155,0.013784124859780618,0.05834675697843983,14.685872752144657,-286.59634,151.58539,6.745079,17.949806,-20.645535,4.715225,-15.364698,12.648459,-28.292418,-15.155815,-7.8091536,-37.363487,7.6784277
81,1.35,0.12411665,216.70882923535035,1663.920505190247,350.34260662810544,1277.0449286008723,2866.8986827957788,0.013784124859780618,0.05834675697843983,14.685872752144657,-301.9979,148.90938,17.873806,13.615564,-27.204367,2.8399286,-10.33124,19.045715,-29.041006,-18.575775,-11.0873,-36.922657,4.585939
82,1.3666666666666667,0.12131302,216.16098781967,1583.893252732082,302.2597570098262,1248.40154171199,2913.365077479717,0.013784124859780618,0.05834675697843983,14.685872752144657,-326.88016,142.77823,35.83523,22.948711,-31.866268,1.8869307,-6.8361077,13.195495,-26.069267,-12.555525,-10.356604,-36.917587,4.9184227
83,1.3833333333333333,0.12215309,217.43333626150132,1399.7566594156533,259.8922635700961,1376.9633816637975,2799.6413625986793,0.013784124859780618,0.05834675697843983,14.685872752144657,-329.83215,148.74837,42.393417,18.879423,-39.387615,4.3069477,4.0942383,13.076778,-26.258602,-11.566825,-11.740234,-36.173332,1.744159
84,1.4,0.10635898,212.87399176260104,1435.308756337726,238.4120613710319,1466.8266771284787,2710.037087142916,0.013784124859780618,0.05834675697843983,14.685872752144657,-338.86594,140.35153,27.752377,12.247013,-39.90516,9.393107,18.467909,9.223421,-25.941315,-5.4934783,-4.9140344,-32.682674,-0.2841407
85,1.4166666666666667,0.07157155,209.63165978717328,1871.2854478816057,703.9385506763983,1991.329596908001,3563.1149383606453,0.013784124859780618,0.05834675697843983,14.685872752144657,-349.78497,133.48276,21.494774,17.005297,-33.27869,13.3984785,25.330467,0.48579907,-27.276258,-9.099901,-4.5045376,-15.055426,12.025455
86,1.4333333333333333,0.03214077,211.31308246987547,3844.4949574326693,1542.2007563875184,2729.8446671389524,4347.337953716764,0.013784124859780618,0.05834675697843983,14.685872752144657,-324.98538,100.36018,-14.173502,22.72942,-41.030632,28.131649,25.559292,-4.543154,-15.853327,-8.708799,-5.129874,-12.516958,2.1019764
87,1.45,0.023010692,209.88325734577785,6518.477566131493,1641.6195851315288,2544.3252425528244,3757.6296883161376,0.013784124859780618,0.05834675697843983,14.685872752144657,-260.44662,47.02504,-40.40084,44.432697,-37.992035,49.053276,1.0273772,-2.1298342,-14.059988,0.12646282,-9.000956,-7.3488126,-2.4588509
88,1.4666666666666666,0.027054576,0.0,7518.655664831866,1631.6236287388551,2320.045489064905,3143.114324573662,0.013784124859780618,0.05834675697843983,14.685872752144657,-238.38747,19.203823,-49.627903,42.79922,-40.492268,47.457916,-8.070921,-0.14555787,-20.015972,-0.2158165,-15.951321,-2.906486,-1.7121956
89,1.4833333333333334,0.031469695,0.0,8523.823554137101,1517.1567182329684,2064.0283677401503,2803.523388755173,0.013784124859780618,0.05834675697843983,14.685872752144657,-243.91058,-13.057045,-51.69893,38.30651,-38.916885,54.350174,-14.052539,3.7619278,-14.696384,1.4869243,-18.250263,-11.759685,-10.520492
90,1.5,0.034057193,0.0,9070.953909003842,1615.8559507848986,2414.5477301098426,3241.0207025090854,0.013784124859780618,0.05834675697843983,14.685872752144657,-242.52498,-24.787512,-54.461933,22.044167,-42.0252,55.438606,-20.784773,8.444851,-13.980839,5.328473,-14.421989,-8.116845,-12.801162
91,1.5166666666666666,0.03364675,0.0,9426.239593373859,1644.0569077678813,2522.048146541463,3466.718779378818,0.013784124859780618,0.05834675697843983,14.685872752144657,-258.33652,-30.43089,-42.11842,25.60275,-38.833282,61.54767,-20.34684,9.88504,-13.253731,-2.2605214,-16.21206,-4.385254,-10.838576
92,1.5333333333333334,0.030458782,0.0,9579.176023097963,1508.7557352526992,2513.516944443821,3571.340469620033,0.013784124859780618,0.05834675697843983,14.685872752144657,-285.88593,-38.920227,-29.634813,32.964355,-45.814964,60.678383,-10.033127,12.444406,-12.531368,-2.48293,-16.291685,-5.096587,-8.031956
93,1.55,0.022633677,0.0,9372.343702115606,1442.6231238409143,2119.4760101509123,3076.9182928787354,0.013784124859780618,0.05834675697843983,14.685872752144657,-322.06586,-40.448097,-35.42532,28.098019,-51.746685,56.032402,-1.1778274,20.805418,-5.905328,-9.776302,-14.70381,-6.6956034,-8.405312
94,1.5666666666666667,0.013303027,0.0,8609.414982570357,1440.654440023837,1853.1129722275548,3063.737754941946,0.013784124859780618,0.05834675697843983,14.685872752144657,-347.93237,-20.111332,-44.830666,28.504131,-46.028133,46.708927,0.4796188,16.899673,0.81346893,-6.369727,-12.463631,-8.236819,-4.5106573
95,1.5833333333333333,0.0059853694,0.0,7822.620398065658,1315.2874919826018,2062.8281704965048,3116.2024509051425,0.013784124859780618,0.05834675697843983,14.685872752144657,-412.8818,0.2500374,-39.603893,17.4398,-38.81736,37.695515,10.580666,8.957741,8.833857,-3.9909575,-13.243099,-17.58361,0.46506685
96,1.6,0.001999831,0.0,6465.354157559023,1364.2225371844213,2104.055231132192,3094.8076768355795,0.013784124859780618,0.05834675697843983,14.685872752144657,-480.19476,19.921822,-27.235758,4.2191916,-21.6957,15.006059,23.39505,7.302558,7.006589,-7.70571,-4.9499216,-4.142299,-2.062787
97,1.6166666666666667,0.00067844865,0.0,5279.725807237689,1403.4628504442812,2613.7909324818634,3644.0315586454276,0.013784124859780618,0.05834675697843983,14.685872752144657,-540.989,26.480713,7.8722863,-2.0986314,-2.1636646,8.788845,16.133762,12.30844,2.7973714,-7.5075827,-6.7198477,-0.6566298,-2.8561068
98,1.6333333333333333,0.00025014946,0.0,5201.550139484273,884.109837646334,2142.714509733188,3445.903434135665,0.013784124859780618,0.05834675697843983,14.685872752144657,-565.0878,4.31484,4.089712,3.727066,3.2449365,2.6669936,2.02111,1.3376727,0.64777386,-0.018569142,-0.63414204,-1.1759531,-1.6264031
99,1.65,9.3277915e-05,0.0,4974.797608840429,711.6239148054198,2282.094726995446,3310.32165007814,0.013784124859780618,0.05834675697843983,14.685872752144657,-567.6336,0.7814518,0.7533231,0.70748067,0.64543045,0.56918126,0.48117805,0.38417763,0.28113496,0.17509583,0.06905853,-0.034123696,-0.13185829
100,1.6666666666666667,7.0577225e-05,0.0,5222.700962687168,1193.432840809543,2885.5574813915127,3838.0156227002435,0.013784124859780618,0.05834675697843983,14.685872752144657,-568.0485,0.2016218,0.19390702,0.18126936,0.16402468,0.14261894,0.11758812,0.08957207,0.059280895,0.027483441,-0.0050117075,-0.03737942,-0.06879735
101,1.6833333333333333,4.8891507e-05,0.0,5293.654377165499,294.47088882395354,1553.5383618879332,2854.739101705204,0.013784124859780618,0.05834675697843983,14.685872752144657,-567.67993,0.7168181,0.69132864,0.6495297,0.59242284,0.5213779,0.4381012,0.3445909,0.24308479,0.13601679,0.025943682,-0.08450472,-0.1926963
102,1.7,3.8294467e-05,0.0,5576.3467008415755,292.19686314088636,1613.5925924692829,2894.315970907344,0.013784124859780618,0.05834675697843983,14.685872752144657,-568.0366,0.2182517,0.2099025,0.19622056,0.17755534,0.15438223,0.1272881,0.09696001,0.064171076,0.029750258,-0.0054249763,-0.04046257,-0.07447228
103,1.7166666666666666,2.5795727e-05,0.0,6625.385104879619,285.07826328824257,1643.7813687185464,2932.7699694869557,0.013784124859780618,0.05834675697843983,14.685872752144657,-568.1929,0.0,0.0,0.0,0.0,0.0,0.0,0.0,0.0,0.0,0.0,0.0,0.0
104,1.7333333333333334,2.413823e-05,0.0,6274.043540075794,300.09151944513616,1713.0640354218253,2925.690091352654,0.013784124859780618,0.05834675697843983,14.685872752144657,-568.1929,0.0,0.0,0.0,0.0,0.0,0.0,0.0,0.0,0.0,0.0,0.0,0.0
105,1.75,2.2101454e-05,0.0,6381.21603862011,278.0081179226424,1774.408069336375,2879.6319999168354,0.013784124859780618,0.05834675697843983,14.685872752144657,-568.1929,0.0,0.0,0.0,0.0,0.0,0.0,0.0,0.0,0.0,0.0,0.0,0.0
106,1.7666666666666666,1.6375996e-05,0.0,8562.779997764806,382.49897787509406,1791.0110609750884,2980.6494998508,0.013784124859780618,0.05834675697843983,14.685872752144657,-568.1929,0.0,0.0,0.0,0.0,0.0,0.0,0.0,0.0,0.0,0.0,0.0,0.0
107,1.7833333333333334,7.085166e-06,0.0,9004.991297257746,494.6055002418445,1803.4905346757266,2805.1679094689352,0.013784124859780618,0.05834675697843983,14.685872752144657,-568.1929,0.0,0.0,0.0,0.0,0.0,0.0,0.0,0.0,0.0,0.0,0.0,0.0
108,1.8,6.92665e-06,0.0,9063.036930330796,415.3776476928092,1841.8603501560312,2844.170304787066,0.013784124859780618,0.05834675697843983,14.685872752144657,-568.1929,0.0,0.0,0.0,0.0,0.0,0.0,0.0,0.0,0.0,0.0,0.0,0.0
109,1.8166666666666667,7.997136e-06,0.0,9146.817075672538,265.384635624245,1737.02697025075,2936.5330141598088,0.013784124859780618,0.05834675697843983,14.685872752144657,-568.1929,0.0,0.0,0.0,0.0,0.0,0.0,0.0,0.0,0.0,0.0,0.0,0.0
110,1.8333333333333333,1.651932e-05,0.0,8210.086426717542,339.6273529743355,1803.80394438785,2931.1106311786843,0.013784124859780618,0.05834675697843983,14.685872752144657,-568.1929,0.0,0.0,0.0,0.0,0.0,0.0,0.0,0.0,0.0,0.0,0.0,0.0
111,1.85,1.7074904e-05,0.0,6356.6423468077965,354.9763350502409,1744.7142911961785,2750.3528727675157,0.013784124859780618,0.05834675697843983,14.685872752144657,-568.1929,0.0,0.0,0.0,0.0,0.0,0.0,0.0,0.0,0.0,0.0,0.0,0.0
112,1.8666666666666667,1.6714106e-05,0.0,8112.645154501728,456.628840404572,1491.8160853389547,2714.7422735912032,0.013784124859780618,0.05834675697843983,14.685872752144657,-568.1929,0.0,0.0,0.0,0.0,0.0,0.0,0.0,0.0,0.0,0.0,0.0,0.0
113,1.8833333333333333,9.142623e-06,0.0,8483.61025647286,589.0684781855178,1599.1501764912468,2773.4529828622194,0.013784124859780618,0.05834675697843983,14.685872752144657,-568.1929,0.0,0.0,0.0,0.0,0.0,0.0,0.0,0.0,0.0,0.0,0.0,0.0
114,1.9,6.9232683e-06,0.0,9831.282778276616,921.829240826976,2077.320825018096,3085.4003217242207,0.013784124859780618,0.05834675697843983,14.685872752144657,-568.1929,0.0,0.0,0.0,0.0,0.0,0.0,0.0,0.0,0.0,0.0,0.0,0.0
115,1.9166666666666667,4.3663445e-06,0.0,10486.081064239974,1194.993333076734,2454.704990606855,3485.409621776675,0.013784124859780618,0.05834675697843983,14.685872752144657,-568.1929,0.0,0.0,0.0,0.0,0.0,0.0,0.0,0.0,0.0,0.0,0.0,0.0
116,1.9333333333333333,3.9042766e-06,0.0,10798.87826220481,1073.880122548485,2020.951307844565,3168.494080255853,0.013784124859780618,0.05834675697843983,14.685872752144657,-568.1929,0.0,0.0,0.0,0.0,0.0,0.0,0.0,0.0,0.0,0.0,0.0,0.0
117,1.95,3.912502e-06,0.0,10820.27835841609,1153.4069049541201,2054.359798388392,3039.0706281648845,0.013784124859780618,0.05834675697843983,14.685872752144657,-568.1929,0.0,0.0,0.0,0.0,0.0,0.0,0.0,0.0,0.0,0.0,0.0,0.0
118,1.9666666666666666,3.9351394e-06,0.0,10894.741469402263,1199.4174798110164,2046.4500665628545,2963.8551506961653,0.013784124859780618,0.05834675697843983,14.685872752144657,-568.1929,0.0,0.0,0.0,0.0,0.0,0.0,0.0,0.0,0.0,0.0,0.0,0.0
119,1.9833333333333334,3.9598012e-06,0.0,10928.488434692681,1018.8105921651899,2026.723637321273,3069.5803705407193,0.013784124859780618,0.05834675697843983,14.685872752144657,-568.1929,0.0,0.0,0.0,0.0,0.0,0.0,0.0,0.0,0.0,0.0,0.0,0.0
120,2.0,4.0253335e-06,0.0,10777.645382714425,1113.0124037230232,1992.0922024637619,2979.9186366541076,0.013784124859780618,0.05834675697843983,14.685872752144657,-568.1929,0.0,0.0,0.0,0.0,0.0,0.0,0.0,0.0,0.0,0.0,0.0,0.0
121,2.0166666666666666,4.009756e-06,0.0,10672.34251821624,1060.66522638372,1979.3702985507946,2986.336572749287,0.013784124859780618,0.05834675697843983,14.685872752144657,-568.1929,0.0,0.0,0.0,0.0,0.0,0.0,0.0,0.0,0.0,0.0,0.0,0.0
122,2.033333333333333,4.0751543e-06,0.0,10845.766843404697,1136.0607197906781,2055.8114049965243,2937.0321386247388,0.013784124859780618,0.05834675697843983,14.685872752144657,-568.1929,0.0,0.0,0.0,0.0,0.0,0.0,0.0,0.0,0.0,0.0,0.0,0.0
123,2.05,4.041581e-06,0.0,10881.678455211699,1130.7432788349056,2117.1588740784796,3013.592466706236,0.013784124859780618,0.05834675697843983,14.685872752144657,-568.1929,0.0,0.0,0.0,0.0,0.0,0.0,0.0,0.0,0.0,0.0,0.0,0.0
124,2.066666666666667,4.0324007e-06,0.0,10581.091028691404,1118.0048498133606,2057.4028968342986,2988.8796397260994,0.013784124859780618,0.05834675697843983,14.685872752144657,-568.1929,0.0,0.0,0.0,0.0,0.0,0.0,0.0,0.0,0.0,0.0,0.0,0.0
125,2.0833333333333335,3.9601105e-06,0.0,10579.524308142867,1077.6175593444975,2020.1232885064217,2925.545908934023,0.013784124859780618,0.05834675697843983,14.685872752144657,-568.1929,0.0,0.0,0.0,0.0,0.0,0.0,0.0,0.0,0.0,0.0,0.0,0.0
126,2.1,3.9051065e-06,0.0,10791.63714342873,1003.6046734609388,2034.5646948757308,2921.306659009812,0.013784124859780618,0.05834675697843983,14.685872752144657,-568.1929,0.0,0.0,0.0,0.0,0.0,0.0,0.0,0.0,0.0,0.0,0.0,0.0
127,2.1166666666666667,3.9309234e-06,0.0,10610.532620283862,1029.0852189805184,1973.08622274208,2922.741621799818,0.013784124859780618,0.05834675697843983,14.685872752144657,-568.1929,0.0,0.0,0.0,0.0,0.0,0.0,0.0,0.0,0.0,0.0,0.0,0.0
128,2.1333333333333333,4.0146324e-06,0.0,10637.352670506758,1053.0442005074908,2024.9865730033084,3001.569174289494,0.013784124859780618,0.05834675697843983,14.685872752144657,-568.1929,0.0,0.0,0.0,0.0,0.0,0.0,0.0,0.0,0.0,0.0,0.0,0.0
129,2.15,4.083469e-06,0.0,10605.014467485482,1066.659143813835,2065.295938998846,3042.0225966474704,0.013784124859780618,0.05834675697843983,14.685872752144657,-568.1929,0.0,0.0,0.0,0.0,0.0,0.0,0.0,0.0,0.0,0.0,0.0,0.0
130,2.1666666666666665,4.0469627e-06,0.0,10413.719788779224,1083.0106152670267,2149.92442802452,3016.08555596095,0.013784124859780618,0.05834675697843983,14.685872752144657,-568.1929,0.0,0.0,0.0,0.0,0.0,0.0,0.0,0.0,0.0,0.0,0.0,0.0
131,2.183333333333333,4.031328e-06,0.0,10664.862708467082,1118.5640078996034,2060.852917485017,3125.8781066232755,0.013784124859780618,0.05834675697843983,14.685872752144657,-568.1929,0.0,0.0,0.0,0.0,0.0,0.0,0.0,0.0,0.0,0.0,0.0,0.0
132,2.2,4.0325995e-06,0.0,10662.9988397275,1151.0951945524619,1973.1281390530478,3102.696433424929,0.013784124859780618,0.05834675697843983,14.685872752144657,-568.1929,0.0,0.0,0.0,0.0,0.0,0.0,0.0,0.0,0.0,0.0,0.0,0.0
133,2.216666666666667,3.930583e-06,0.0,10712.774168627318,1142.279305019363,1956.71060393636,2936.8001444569927,0.013784124859780618,0.05834675697843983,14.685872752144657,-568.1929,0.0,0.0,0.0,0.0,0.0,0.0,0.0,0.0,0.0,0.0,0.0,0.0
134,2.2333333333333334,3.9213214e-06,0.0,11049.875187066817,1149.3070840516477,2017.8379980707803,2951.612083942165,0.013784124859780618,0.05834675697843983,14.685872752144657,-568.1929,0.0,0.0,0.0,0.0,0.0,0.0,0.0,0.0,0.0,0.0,0.0,0.0
135,2.25,3.9785627e-06,0.0,11173.790810030667,1113.5982335258172,2138.3227752498906,2924.4501436598102,0.013784124859780618,0.05834675697843983,14.685872752144657,-568.1929,0.0,0.0,0.0,0.0,0.0,0.0,0.0,0.0,0.0,0.0,0.0,0.0
136,2.2666666666666666,3.9947586e-06,0.0,10824.782135255391,1028.4228372250623,2010.0876129026014,3027.4967572497,0.013784124859780618,0.05834675697843983,14.685872752144657,-568.1929,0.0,0.0,0.0,0.0,0.0,0.0,0.0,0.0,0.0,0.0,0.0,0.0
137,2.283333333333333,4.0487e-06,0.0,10738.111762952314,1106.8426427086906,2017.3703601742939,2879.158110437597,0.013784124859780618,0.05834675697843983,14.685872752144657,-568.1929,0.0,0.0,0.0,0.0,0.0,0.0,0.0,0.0,0.0,0.0,0.0,0.0
138,2.3,4.0080636e-06,0.0,10962.359277056052,1172.3555502426086,1891.4369798264463,2895.7959823937877,0.013784124859780618,0.05834675697843983,14.685872752144657,-568.1929,0.0,0.0,0.0,0.0,0.0,0.0,0.0,0.0,0.0,0.0,0.0,0.0
139,2.316666666666667,4.96592e-06,0.0,11223.122698438929,1126.747748127921,1783.4932894000551,2953.8819506522,0.013784124859780618,0.05834675697843983,14.685872752144657,-568.1929,0.0,0.0,0.0,0.0,0.0,0.0,0.0,0.0,0.0,0.0,0.0,0.0
140,2.3333333333333335,1.0149457e-05,0.0,11511.74626693389,1021.7567970811068,1940.8689569019764,2906.1306209068402,0.013784124859780618,0.05834675697843983,14.685872752144657,-568.1929,0.0,0.0,0.0,0.0,0.0,0.0,0.0,0.0,0.0,0.0,0.0,0.0
141,2.35,0.00012045753,0.0,9690.88883242522,1041.4938870120568,1866.9494288277551,2760.2274303539034,0.013784124859780618,0.05834675697843983,14.685872752144657,-568.1929,0.0,0.0,0.0,0.0,0.0,0.0,0.0,0.0,0.0,0.0,0.0,0.0
142,2.3666666666666667,0.009244581,0.0,5119.145964564744,1285.1309348544326,1893.0413009895526,2603.5305723358438,0.013784124859780618,0.05834675697843983,14.685872752144657,-390.86017,61.04682,-50.01515,-41.648155,-41.681118,22.452713,-3.1435266,-7.018462,-29.04942,-2.139109,15.411562,-15.554979,-0.5281984
143,2.3833333333333333,0.034226317,0.0,5263.0118007041965,945.2592303812014,1879.423683230342,2677.2485623781618,0.013784124859780618,0.05834675697843983,14.685872752144657,-297.52786,85.43672,-36.851006,-13.696098,-44.152054,36.71369,-1.4462594,1.6850808,-29.168514,-3.512353,9.352606,-19.384785,-10.08719
144,2.4,0.08890905,260.03276254021006,2008.6252811117479,490.4432156601102,1795.0399780837054,3057.1093414878346,0.013784124859780618,0.05834675697843983,14.685872752144657,-229.73141,173.0033,-10.539719,4.743169,-13.275946,5.0764613,-37.288723,3.5435524,-41.07136,-15.876398,9.52519,-27.110302,-13.916588
145,2.4166666666666665,0.11540632,243.80100345895917,2232.845641370286,665.2618694279953,1720.5318842087804,2880.0547056490877,0.013784124859780618,0.05834675697843983,14.685872752144657,-209.3309,157.64522,-37.49092,3.515509,-11.623148,3.766862,-35.157402,10.077526,-44.28386,-11.889439,7.685048,-28.922016,-10.204627
146,2.433333333333333,0.12253295,239.80100407210656,2284.9662036918694,823.9265399520323,1800.1207557531618,2825.5659770683387,0.013784124859780618,0.05834675697843983,14.685872752144657,-221.21805,141.39035,-55.896393,3.9386382,-15.597918,1.8420115,-35.999027,4.303333,-31.42202,-11.470112,6.85135,-29.055435,-14.117119
147,2.45,0.12336941,238.37116230469584,2289.595692268049,898.3658517123959,2035.4481842112602,2890.949475073636,0.013784124859780618,0.05834675697843983,14.685872752144657,-217.0851,136.43613,-67.30592,0.48169893,-17.727549,3.9008422,-35.008003,1.4638349,-20.57238,-1.3604136,4.7262974,-28.716274,-15.807579
148,2.466666666666667,0.124830745,236.46730689039157,2455.095683743877,864.4621112839615,2271.958710635057,3062.057778169422,0.013784124859780618,0.05834675697843983,14.685872752144657,-215.03554,135.24985,-58.18714,15.575156,-8.706572,9.87785,-46.47088,-4.169223,-19.194519,-5.373455,5.189991,-29.634762,-7.6703463
149,2.4833333333333334,0.13748623,235.33621105296788,1831.1592047859203,644.5914186134304,2221.086727586692,3333.4093756544003,0.013784124859780618,0.05834675697843983,14.685872752144657,-246.83934,151.18277,-35.871155,25.10632,5.2575264,7.12304,-45.773697,-9.134774,-17.91478,-25.543993,-3.4892104,-36.848137,-22.67333
150,2.5,0.15405223,234.90546456378476,1602.749007377859,338.36113742703185,1854.0512215563745,3241.6969841632763,0.013784124859780618,0.05834675697843983,14.685872752144657,-298.1413,130.08298,-20.387756,38.508453,14.992301,1.00672,-42.177612,2.9324965,-25.568684,-36.274605,17.555113,-26.027702,-22.104996
151,2.5166666666666666,0.16552709,234.3502498775096,1559.7500119496344,300.8617353108617,1670.4432166956117,3235.1636424551098,0.013784124859780618,0.05834675697843983,14.685872752144657,-299.84103,134.95908,-17.740799,39.337475,18.040777,-1.3404181,-36.30282,16.9836,-20.43309,-40.11235,18.000961,-26.287025,-22.739298
152,2.533333333333333,0.159537,236.62493236655388,1834.933694041392,347.72038883588493,1958.4028204874587,3117.760979569181,0.013784124859780618,0.05834675697843983,14.685872752144657,-250.79535,146.02216,-16.755257,39.799812,13.243231,7.7229576,-59.731445,2.5296168,-16.53017,-30.672306,0.20330465,-32.416504,-16.731457
153,2.55,0.14698674,239.43459941917976,2564.3034985075406,552.7176134179816,2416.975330690343,3012.4035556455187,0.013784124859780618,0.05834675697843983,14.685872752144657,-243.23486,133.53491,-28.167377,28.723866,8.536726,22.252748,-67.9638,1.1661875,-14.858725,-26.577843,3.3435256,-45.309647,-11.189695
154,2.566666666666667,0.13009447,239.8866888375496,2738.9985975984355,713.7321003675341,2407.115490224406,3004.0477349913645,0.013784124859780618,0.05834675697843983,14.685872752144657,-246.87564,118.13689,-38.28813,24.089212,6.430713,24.162853,-65.3547,7.0247073,-8.20615,-19.1195,0.82432306,-50.91033,-15.278061
155,2.5833333333333335,0.12926655,241.02750211238998,2901.6025228562576,697.1560930190346,2406.140545898345,2979.746792205257,0.013784124859780618,0.05834675697843983,14.685872752144657,-244.0823,115.023544,-30.107182,25.325773,-3.4616425,29.686825,-58.812584,5.5174003,-9.573936,-18.333801,-5.59956,-44.395546,-13.019672
156,2.6,0.12926233,240.8277135679699,2531.240519595343,576.9114196861942,2311.7511118568755,2990.1937242707495,0.013784124859780618,0.05834675697843983,14.685872752144657,-265.9226,119.46394,-18.877163,16.147923,-2.6306057,28.699486,-56.160072,8.584414,-10.911861,-16.50198,-3.8913007,-53.051807,-21.45951
157,2.6166666666666667,0.1415575,240.1630464274218,1610.7571330014207,368.05743071061835,1932.367407835771,2716.580238471355,0.013784124859780618,0.05834675697843983,14.685872752144657,-307.75146,142.89375,1.883244,9.795206,3.4688392,34.798286,-34.09893,0.9637303,-2.8054926,-18.938892,-3.797155,-50.539516,-28.594597
158,2.6333333333333333,0.1519505,241.30319187913184,940.6340754451269,273.3865462525164,1511.3893985011273,2273.409689527204,0.013784124859780618,0.05834675697843983,14.685872752144657,-357.30118,136.59518,-2.7831147,13.162376,25.755648,28.308212,-12.263957,0.41503125,5.9123287,-14.665266,-18.856003,-50.382698,-30.043837
159,2.65,0.15381263,240.58442035731971,841.1541230757091,270.85130130445043,1404.6445600113443,2242.166847782162,0.013784124859780618,0.05834675697843983,14.685872752144657,-371.93713,137.73056,7.742709,13.0251465,25.994091,27.04531,-14.832133,-2.1601603,8.685617,-15.772095,-24.815321,-51.352272,-27.81553
160,2.6666666666666665,0.14601605,239.58780380360636,765.6866435785504,269.0441229915505,1441.089881563841,2176.3653303202072,0.013784124859780618,0.05834675697843983,14.685872752144657,-384.19073,137.34242,9.611338,10.7751665,29.201954,25.45932,-13.129381,-3.3460531,9.643597,-16.421238,-26.463827,-46.294907,-33.272915
161,2.683333333333333,0.12786146,234.86932958533941,666.7517184252424,253.06171915447172,1548.3824581348895,2398.3167381765134,0.013784124859780618,0.05834675697843983,14.685872752144657,-407.44415,137.67662,22.14724,5.7872834,31.552547,33.771553,-2.73133,-6.5269423,4.5291834,-15.271381,-30.021595,-40.43418,-34.18268
162,2.7,0.11716118,235.12169186635663,1471.519599314318,332.31387117322913,1891.055632743811,2962.5578295688165,0.013784124859780618,0.05834675697843983,14.685872752144657,-304.8311,148.67905,14.993042,24.780695,5.0473366,17.646473,-25.20535,-16.031923,-25.488026,-11.995983,-16.43575,-22.987633,-22.824673
163,2.716666666666667,0.116391405,244.51368908831182,1930.8040444436579,572.911273309892,2088.2294672611292,3060.459077760687,0.013784124859780618,0.05834675697843983,14.685872752144657,-230.43254,152.14981,-30.124205,15.1972065,-0.85428894,13.327925,-44.36265,-14.4784975,-38.927048,-16.334354,1.2115686,-26.926884,-15.395174
164,2.7333333333333334,0.12327251,239.860618466355,2241.3890534986085,709.6412695228281,2107.648480874829,3030.834912501464,0.013784124859780618,0.05834675697843983,14.685872752144657,-231.03462,137.17792,-51.465897,3.5597723,-7.9584465,9.597488,-47.597473,-5.6440926,-33.13227,-13.217712,7.194088,-31.070097,-9.530624
165,2.75,0.119206645,239.22147989316088,2372.362711571294,728.6620429657617,2107.3591108577725,3050.0918969472514,0.013784124859780618,0.05834675697843983,14.685872752144657,-225.66162,130.46461,-52.14781,3.0813646,-10.359496,11.185391,-49.159096,-7.019334,-30.857525,-8.021276,5.757504,-21.933836,-11.374187
166,2.7666666666666666,0.10975374,240.32981990250482,2428.3752839024755,672.3603235893479,2137.081789179302,3147.1296758603344,0.013784124859780618,0.05834675697843983,14.685872752144657,-235.87195,133.42766,-41.339527,6.53271,-2.1390662,20.155872,-57.051994,-10.760651,-27.368793,-14.652456,2.0907202,-24.954659,-9.920262
167,2.783333333333333,0.09602327,240.92545133727342,2136.124957387837,561.1069664934612,2172.406430092605,3171.692014596576,0.013784124859780618,0.05834675697843983,14.685872752144657,-275.358,137.48726,-27.188993,4.686432,12.404251,16.95035,-63.242363,-5.7587976,-23.93486,-26.673399,5.1397433,-35.025833,-20.9564
168,2.8,0.09248592,242.50079541743253,2048.0148369666313,458.7599687742751,2227.149018486975,3128.0154837012187,0.013784124859780618,0.05834675697843983,14.685872752144657,-312.65384,131.25687,-8.326153,14.859198,22.584711,23.379019,-61.735123,-12.15097,-18.220865,-22.736366,12.188449,-35.85714,-27.2319
169,2.816666666666667,0.094413795,247.4486959563841,2556.2881874220643,434.4727233576425,2349.688363290444,3088.3801280534817,0.013784124859780618,0.05834675697843983,14.685872752144657,-291.39633,104.34221,-14.509502,34.04343,14.417696,26.572227,-59.299095,-21.763908,-15.539957,-15.822388,-5.3970966,-28.789143,-21.930815
170,2.8333333333333335,0.0974764,250.49344407496613,2671.154887599952,436.7279609579224,2443.727767102798,3186.242160377134,0.013784124859780618,0.05834675697843983,14.685872752144657,-288.03497,96.845,-26.818752,44.985775,22.790527,16.799253,-60.946533,-15.897806,-19.210327,-21.743397,-5.0583677,-31.831652,-18.485203
171,2.85,0.10244254,252.20460906549724,2641.865906810035,426.2271578830401,2463.8878591694033,3188.785972589038,0.013784124859780618,0.05834675697843983,14.685872752144657,-288.53928,94.77069,-34.4805,41.964233,24.39829,6.565918,-69.70478,-11.901388,-19.354939,-24.240318,0.76274157,-34.93782,-21.582397
172,2.8666666666666667,0.116614684,252.99707361528854,2432.0252247673766,450.98804512864695,2419.81820413376,2972.914494531301,0.013784124859780618,0.05834675697843983,14.685872752144657,-279.71674,105.07334,-29.982357,42.218403,35.07247,15.252645,-72.731674,-16.801329,-27.757883,-21.902225,-4.544109,-41.246155,-15.626
173,2.8833333333333333,0.12582785,253.66115299688684,2122.0223629085226,486.48119864043844,2204.0398566314616,2757.4123272546044,0.013784124859780618,0.05834675697843983,14.685872752144657,-278.93674,117.49817,-29.683073,20.497112,26.932482,21.921036,-64.72056,-20.355257,-41.2669,-18.275167,4.4050894,-44.567253,-18.158026
174,2.9,0.11908271,252.47147516935834,1871.08965001268,490.5258042151815,1898.3975035268422,2781.0817598156777,0.013784124859780618,0.05834675697843983,14.685872752144657,-288.7542,130.045,-21.397602,5.594704,13.010414,23.404253,-44.306534,-15.266304,-51.669983,-22.413849,10.822424,-31.711288,-15.6641245
175,2.9166666666666665,0.08707027,247.3871772949715,1835.2086295365443,428.7136713539436,1641.3951145536855,2689.0621390937163,0.013784124859780618,0.05834675697843983,14.685872752144657,-313.94653,131.47104,9.732452,14.13683,2.015491,25.972607,-22.975567,-7.050962,-44.93093,-25.858921,-2.6042593,-19.637966,-8.788086
176,2.933333333333333,0.048465237,243.266534770195,2253.4742311536656,376.46419137068324,1612.0289891577775,2484.04814337835,0.013784124859780618,0.05834675697843983,14.685872752144657,-386.2773,121.99918,33.742943,7.664434,1.6192398,34.027206,-2.4287264,-10.324808,-40.470406,-20.959957,-11.293491,-22.040646,-10.202574
177,2.95,0.01152109,247.97098315859498,1483.249442836359,453.28471850920107,1819.687546633612,2584.1156831193516,0.013784124859780618,0.05834675697843983,14.685872752144657,-469.58493,103.59863,36.904465,5.8785744,18.020039,27.161917,6.177287,-22.847988,-30.202312,-18.529106,-8.941459,-8.969733,-11.572679
178,2.966666666666667,0.0062984116,253.59238188594662,1650.6555041639122,498.31307797980986,1989.4497634672605,2759.940319754688,0.013784124859780618,0.05834675697843983,14.685872752144657,-491.02057,86.80263,44.496883,21.993492,22.57333,18.182934,-3.7911148,-24.711817,-26.180199,-14.827738,-7.6820292,-8.650341,-10.349388
179,2.9833333333333334,0.0041322494,0.0,2355.389009756308,460.8037855404508,1979.927367505386,2910.25650810056,0.013784124859780618,0.05834675697843983,14.685872752144657,-507.75674,73.86575,48.60074,27.138803,16.077595,8.415129,-2.5551877,-13.523899,-17.366062,-13.7305565,-8.818117,-6.878927,-6.666049
180,3.0,0.023006475,0.0,5371.614008856344,708.7112545450511,1772.010553104665,2836.9799162407526,0.013784124859780618,0.05834675697843983,14.685872752144657,-395.60526,67.33771,-22.60532,-7.2725196,-29.352036,40.551697,25.983547,-10.631501,-17.043514,-9.103773,-7.0639973,-6.9312873,-6.6705666
181,3.0166666666666666,0.03501679,0.0,5283.934295713312,1267.1454384728577,1799.1246259392954,2719.0798783080713,0.013784124859780618,0.05834675697843983,14.685872752144657,-209.97614,81.98681,-36.882755,-13.571139,-65.917694,45.3976,11.168539,5.8878407,-24.610722,-0.45746356,-15.597343,-3.6607323,-9.316242
182,3.033333333333333,0.08480394,0.0,2750.1522469854663,1080.3061600808342,1827.6785463771507,3108.2032648998725,0.013784124859780618,0.05834675697843983,14.685872752144657,-209.4757,151.93716,-0.9550851,8.413997,-43.729164,21.60009,-17.242533,-9.581474,-31.916683,0.36578637,-6.196744,-7.2498283,-9.58469
183,3.05,0.112140685,228.54453767554088,1973.14743799327,810.6650108928546,1817.2840724551704,3015.073359861702,0.013784124859780618,0.05834675697843983,14.685872752144657,-208.29773,170.30374,-27.938683,-3.4466286,-26.598646,6.4146004,-25.344116,-4.0007915,-34.554825,-4.3644896,16.867266,-13.354057,-8.594899
184,3.066666666666667,0.12574975,223.0339406641689,1832.2962581327117,870.8643944976906,1762.170513260515,3088.5696231125057,0.013784124859780618,0.05834675697843983,14.685872752144657,-224.20108,166.9497,-39.07392,-12.918608,-26.820026,5.541424,-21.082468,-0.09590465,-28.324026,-7.899439,17.768948,-14.320531,-9.168409
185,3.0833333333333335,0.12916195,217.50316347183207,1863.9426992761887,753.3625370865092,1634.8944143475055,2970.071792392373,0.013784124859780618,0.05834675697843983,14.685872752144657,-231.6505,165.1347,-23.486618,-19.554737,-29.085896,15.07701,-19.343489,10.236782,-24.844353,-5.477047,9.125984,-7.3203716,-4.2401705
186,3.1,0.1350427,213.3291029735462,1653.1833615183268,480.27645399774826,1554.498822109661,2755.3093882496973,0.013784124859780618,0.05834675697843983,14.685872752144657,-252.49512,172.87827,1.0281333,-17.847042,-25.043076,18.633106,-29.773525,-0.65833974,-31.897072,-18.640194,-8.073634,-11.343009,-1.7899368
187,3.1166666666666667,0.1601998,211.3079235400077,890.9896763150853,264.60551792504464,1494.6745723151762,2563.309903417468,0.013784124859780618,0.05834675697843983,14.685872752144657,-317.5946,182.1423,11.005138,-9.043112,4.8340044,23.579498,-6.8096743,-1.969188,-19.031244,-30.440851,-13.50457,-20.973677,-12.097223
188,3.1333333333333333,0.1841649,211.73419667330776,696.9802960006111,241.91297758145498,1437.4646515438465,2531.2805686633005,0.013784124859780618,0.05834675697843983,14.685872752144657,-355.28357,167.69977,12.345474,-9.26663,9.235544,20.117943,2.7558897,-1.505856,-15.733072,-28.09111,-19.978436,-20.686134,-14.560714
189,3.15,0.19086373,210.88352427854971,591.2459604263906,249.5851024265506,1457.015506573055,2558.5446353685447,0.013784124859780618,0.05834675697843983,14.685872752144657,-375.86423,162.84358,22.953276,-6.798874,10.05184,18.784946,4.983973,-2.5087318,-17.213785,-22.596066,-15.467751,-18.017796,-20.083935
190,3.1666666666666665,0.18687971,210.3751422953441,516.2231946946828,249.93782538669637,1421.3614147197345,2548.4205672958624,0.013784124859780618,0.05834675697843983,14.685872752144657,-393.09763,164.1503,43.320236,1.4498756,11.314878,18.31672,1.2118232,-6.1072783,-15.3235855,-22.165562,-14.027271,-14.538684,-19.23302
191,3.183333333333333,0.16185024,207.26284481986977,571.2405756661553,243.57404992315094,1657.088960921119,2574.5987208605684,0.013784124859780618,0.05834675697843983,14.685872752144657,-382.53864,167.6643,34.84252,10.3554535,32.84053,23.61108,-8.7891445,-13.082002,-3.3359308,-7.3823686,-16.577715,-25.229614,-24.275602
192,3.2,0.13090155,205.68447094609522,1579.5187330273336,248.22679626203754,2317.388825194213,2858.452411924364,0.013784124859780618,0.05834675697843983,14.685872752144657,-305.01483,132.87146,-14.8655815,38.49417,39.47606,38.378227,-33.641037,-19.134645,-6.910757,-8.1083145,-6.0705137,-38.760643,-28.331818
193,3.216666666666667,0.12136603,211.53879356283304,2154.696515235837,265.3081503314849,2482.349058812563,3114.6260518542535,0.013784124859780618,0.05834675697843983,14.685872752144657,-323.63202,98.84929,-13.669054,55.185642,44.373383,33.16849,-49.99392,6.2099395,-5.6050167,-29.745855,0.18242002,-40.98448,-21.088604
194,3.2333333333333334,0.14099269,214.31408674808776,2220.82164803495,274.0545465776138,2494.246131825837,3151.8694615739782,0.013784124859780618,0.05834675697843983,14.685872752144657,-316.85178,87.4626,-12.136832,72.2073,52.578682,32.92782,-51.893135,10.772565,-9.524514,-24.650368,-2.8683505,-42.37726,-18.815224
195,3.25,0.16231143,217.476264794228,1901.2034001025631,310.4819835798632,2555.9488911946387,3104.3168543478864,0.013784124859780618,0.05834675697843983,14.685872752144657,-311.41235,87.05791,-14.033106,72.81394,60.29435,39.858864,-53.29212,2.6003993,-10.211184,-19.34608,-15.906506,-48.168205,-19.501625
196,3.2666666666666666,0.1602024,219.69460921536947,1752.0267762736244,368.57437424761963,2417.3934154396284,2937.0610544106557,0.013784124859780618,0.05834675697843983,14.685872752144657,-301.08063,103.91545,-15.601562,56.556465,47.014347,38.412437,-47.719578,-6.254032,-13.115651,-8.991761,-11.548023,-50.312424,-15.733718
197,3.283333333333333,0.1381643,219.24947871053917,1808.9602355631691,389.0725933707436,2133.0220603438634,2906.2276572087453,0.013784124859780618,0.05834675697843983,14.685872752144657,-288.6684,120.15428,-11.777695,32.339996,21.68927,34.314667,-35.86942,-17.240871,-23.95398,0.66402584,-10.2143755,-37.946785,-20.139503
198,3.3,0.11865201,217.05828260776175,2036.8981540942032,386.3744741316868,1828.4738196947737,3008.270840676476,0.013784124859780618,0.05834675697843983,14.685872752144657,-283.95663,128.3087,-2.8696337,17.814985,-2.0245852,26.809986,-21.696865,-5.943473,-33.8549,-4.4222336,-12.779596,-18.673782,-2.0000088
199,3.316666666666667,0.111870974,217.17540340385443,2147.733512406777,426.5518925118454,1613.458214462151,3011.6520486156696,0.013784124859780618,0.05834675697843983,14.685872752144657,-268.67343,138.1399,1.4582396,11.5831585,-18.619925,14.806277,-13.632031,6.829597,-34.145855,-6.617839,-15.278021,-12.049044,3.5011249
200,3.3333333333333335,0.11345452,218.17444675547273,1570.5901688723923,526.1164479330209,1539.8674876374919,3089.365579164,0.013784124859780618,0.05834675697843983,14.685872752144657,-284.49878,158.09506,-3.991137,-0.72680175,-18.035213,3.7862291,-17.573193,9.950358,-24.303085,-14.297678,-3.87793,-17.242558,3.6658049
201,3.35,0.11288899,218.22672847409177,1533.149667483032,629.847385935604,1539.123638895455,3139.6809628771143,0.013784124859780618,0.05834675697843983,14.685872752144657,-289.95978,153.97208,-6.5850506,-0.8455502,-23.338596,0.13888216,-10.884787,13.573635,-21.36049,-15.466719,0.3279233,-14.733007,6.0118837
202,3.3666666666666667,0.10650137,218.31853871719983,1696.3303080858948,667.4915032478517,1552.7107629709,3088.636087207808,0.013784124859780618,0.05834675697843983,14.685872752144657,-276.59436,155.93967,-15.147791,0.96793747,-26.929108,-0.977885,-7.506614,12.040737,-16.400185,-20.735466,1.0422046,-17.798578,2.8707633
203,3.3833333333333333,0.10419794,218.22446486461587,1669.123643687314,737.8346825650756,1600.701531716607,3048.6263701485823,0.013784124859780618,0.05834675697843983,14.685872752144657,-274.32498,156.78561,-22.242886,-0.7164962,-26.358608,0.6333542,-2.5966773,5.063715,-18.33876,-18.65194,5.0972047,-21.177979,-7.460043
204,3.4,0.10523973,216.72758768338693,1695.634582755054,739.8286301970646,1659.759562984086,3024.688869611915,0.013784124859780618,0.05834675697843983,14.685872752144657,-269.5094,162.95471,-26.931786,0.16062278,-23.414242,0.1986311,-7.7102923,0.86863565,-14.032796,-16.16405,12.069729,-21.834858,-9.04145
205,3.4166666666666665,0.10790485,213.83218865685615,1645.1783049433648,661.6578775682501,1695.7587876277512,3049.696574482532,0.013784124859780618,0.05834675697843983,14.685872752144657,-276.55966,155.4226,-19.560665,10.102064,-21.001995,-4.2046237,-14.825117,-6.540516,-20.400408,-16.4532,5.5696507,-18.020634,-2.6621819
206,3.433333333333333,0.10369321,209.86962214301562,1504.1034293299733,590.1519409342019,1705.7994630919397,3096.5399236473963,0.013784124859780618,0.05834675697843983,14.685872752144657,-283.6864,159.08746,-14.195736,11.270699,-16.243242,-2.736949,-19.14655,-16.899206,-34.19184,-29.990328,3.1852167,-13.124239,-5.6823454
207,3.45,0.0838721,204.04760993966616,1416.340299209032,519.9444673239515,1702.0320975572583,3032.7149413860566,0.013784124859780618,0.05834675697843983,14.685872752144657,-317.01938,159.06458,5.2864347,16.992886,-6.8152394,3.107836,-6.910124,-17.363564,-36.960953,-29.00584,4.5790067,-11.839296,-10.7467575
208,3.466666666666667,0.04787968,198.4594162164119,2159.3064137448755,397.2802654799745,1757.2928091487329,2947.048010678894,0.013784124859780618,0.05834675697843983,14.685872752144657,-381.39618,121.50154,37.94439,26.33803,-14.859198,29.283115,5.724791,-25.912369,-17.018967,-6.6043515,0.6392102,4.7743845,-11.900069
209,3.4833333333333334,0.021190219,197.82775482852773,6197.448361412169,299.639496336275,1832.3375827059815,2769.8555069249683,0.013784124859780618,0.05834675697843983,14.685872752144657,-374.14365,57.24894,35.936913,38.40425,-29.314241,47.029064,-5.0360436,-17.060696,-23.338825,3.1704152,-7.595589,0.97943616,-7.3760815
210,3.5,0.022288164,214.69215283830061,7083.9186695854605,371.925741758355,1727.899700394227,2735.5129785735635,0.013784124859780618,0.05834675697843983,14.685872752144657,-329.15277,50.66906,10.51437,40.122673,-40.924217,28.70816,-17.512827,-8.3716135,-15.494381,4.6323643,-9.9876175,3.047062,-1.7191267
211,3.5166666666666666,0.07205484,228.50577126854358,2549.9555307135756,542.5942081910862,1638.6182392885441,3084.269668122053,0.013784124859780618,0.05834675697843983,14.685872752144657,-278.108,133.49957,31.273458,40.714752,-41.514656,15.667183,-12.881051,-9.196476,-27.980797,-20.539276,-27.436226,-13.807449,-3.80887
212,3.533333333333333,0.09985121,204.96242011202654,1564.9843161470217,498.6120299770016,1455.0809071211047,3205.90733005734,0.013784124859780618,0.05834675697843983,14.685872752144657,-293.10535,156.02011,35.71134,20.88535,-33.610165,4.94565,-8.289988,15.6959,-40.253456,-32.51721,-19.994858,-24.806652,8.000698
213,3.55,0.10384647,205.0533335058684,1816.3062749953697,514.9262814900457,1420.3110902984731,3225.5203644531225,0.013784124859780618,0.05834675697843983,14.685872752144657,-312.43524,140.55107,37.395348,26.67928,-32.010254,-5.1672845,-11.1224,23.329124,-38.44722,-27.241549,-12.785971,-19.589947,17.394894
214,3.566666666666667,0.09145711,205.37266552583577,1823.662077069724,497.1214841546238,1374.5211312119347,3274.9497621467854,0.013784124859780618,0.05834675697843983,14.685872752144657,-318.7393,148.40208,42.134834,17.812756,-38.682762,-13.064304,-12.273754,30.213985,-36.751415,-34.231514,-15.906406,-31.004583,9.286352
215,3.5833333333333335,0.07863585,205.2994431906183,1829.3322589318122,427.32130192914127,1340.1258184525036,3385.3005037566945,0.013784124859780618,0.05834675697843983,14.685872752144657,-345.38663,136.31825,45.83662,26.830448,-32.72422,-6.753852,-0.9507599,29.143446,-36.229515,-39.91494,-15.008812,-27.48724,12.793922
216,3.6,0.06573713,205.06659381750714,1716.4929237315089,374.2994496670608,1329.0812972370036,3429.762211248411,0.013784124859780618,0.05834675697843983,14.685872752144657,-366.70468,136.28053,54.831467,27.868837,-35.53714,-13.625065,3.1913152,28.482397,-32.14526,-36.111347,-12.986642,-25.24398,12.331781
217,3.6166666666666667,0.0588618,208.64854705285072,1750.4786529533767,304.85153897512197,1300.2324612174016,3409.7729119129617,0.013784124859780618,0.05834675697843983,14.685872752144657,-380.4535,131.17448,54.9579,25.166445,-35.630997,-10.201557,9.306711,28.106865,-29.346672,-35.122322,-12.253641,-25.724033,7.616047
218,3.6333333333333333,0.05385477,214.0480366928969,1731.8588284817206,265.08167089487966,1322.0666556503256,3302.39833602727,0.013784124859780618,0.05834675697843983,14.685872752144657,-376.61298,137.94919,51.879128,21.999165,-37.190765,-15.873545,14.01729,32.308098,-21.084412,-27.867046,-12.919892,-23.256126,3.451412
219,3.65,0.045012746,213.7865778891081,1800.1886574141422,234.4053985169735,1385.9992036550868,3256.053533828314,0.013784124859780618,0.05834675697843983,14.685872752144657,-394.95154,122.24515,37.542534,16.831968,-34.90538,-15.313675,23.410954,29.542967,-22.385857,-22.77316,-11.412817,-19.485128,3.2071552
220,3.6666666666666665,0.030548194,213.91200547471925,2202.739447467307,655.9550346958673,1517.6101256981387,3138.758487247929,0.013784124859780618,0.05834675697843983,14.685872752144657,-385.90765,124.70535,15.961611,5.8913665,-22.249859,12.713898,39.838043,14.238083,-24.359295,-17.499815,-8.98585,-16.00953,-3.0077515
221,3.683333333333333,0.01565349,213.1656831212661,4521.161634547975,1428.629845943067,1750.675923766059,3017.4805252943747,0.013784124859780618,0.05834675697843983,14.685872752144657,-348.13925,81.77403,-17.766224,12.632907,-34.966476,46.706123,35.353462,-7.980319,-22.406635,-8.050195,-7.564599,-5.846217,-0.6762112
222,3.7,0.015636371,201.26986838274908,6492.577184654905,1478.6622232759667,2100.8382653360786,3239.013745795461,0.013784124859780618,0.05834675697843983,14.685872752144657,-308.4667,33.862045,-44.099045,19.132055,-42.42096,60.649612,27.85701,-0.16435814,-24.496746,2.728291,-8.935652,-0.7764044,-4.3460493
223,3.716666666666667,0.017805237,0.0,7699.134734933974,1483.4693557860576,2205.712459252548,3386.490573406327,0.013784124859780618,0.05834675697843983,14.685872752144657,-283.31595,-0.04103285,-54.53231,20.209908,-39.441475,58.705475,13.674154,4.1719494,-25.152046,3.681728,-11.492377,9.373182,-4.1001654
224,3.7333333333333334,0.018233258,0.0,8425.375405166424,1443.365679496375,2066.8925172998383,3221.6040556333246,0.013784124859780618,0.05834675697843983,14.685872752144657,-283.69855,-14.581909,-50.058533,23.56068,-38.97075,54.52871,5.5478287,6.728093,-22.233345,-4.1164055,-18.242212,10.208875,-0.59558487
225,3.75,0.017604858,0.0,8674.7093903151,1433.4383241420355,1986.580206715055,3135.403993912934,0.013784124859780618,0.05834675697843983,14.685872752144657,-294.58093,-20.706852,-47.612083,29.821888,-37.34044,50.04815,2.285833,10.968462,-15.759739,1.1722629,-20.474533,0.25358504,-6.9205647
226,3.7666666666666666,0.015840894,0.0,8594.4003797588,1496.4733008630874,2224.767628078602,3273.6901843917276,0.013784124859780618,0.05834675697843983,14.685872752144657,-307.5596,-24.70258,-50.11151,30.665707,-39.646988,46.406803,0.58627295,6.1070633,-22.722172,-7.771467,-18.973389,5.775692,-0.9144021
227,3.783333333333333,0.014094476,0.0,8641.486895544147,1513.9239043389148,2236.697055921388,3428.717731254028,0.013784124859780618,0.05834675697843983,14.685872752144657,-337.62875,-35.575974,-53.69488,30.441496,-39.943825,50.385788,8.757965,7.1620893,-24.079193,-2.1917748,-15.850969,4.7207193,1.2985071
228,3.8,0.01135649,0.0,8681.860369864848,1535.8296094073444,2171.4702078203027,3448.2156328919336,0.013784124859780618,0.05834675697843983,14.685872752144657,-345.9954,-30.729322,-48.76062,34.162994,-33.6671,53.725243,8.645201,12.286265,-15.899357,-4.371961,-17.685537,-4.7533274,-11.498148
229,3.816666666666667,0.00874605,0.0,9023.899287251885,1570.7728441654042,2313.662395759726,3595.602458615897,0.013784124859780618,0.05834675697843983,14.685872752144657,-383.3198,-29.696495,-32.152676,34.60711,-32.895756,54.92221,9.786669,11.4828205,-16.8479,-6.99563,-14.064927,0.3658755,-8.742308
230,3.8333333333333335,0.006224433,0.0,9102.930281534556,1449.4888691563,2259.7444977235796,3563.821076275807,0.013784124859780618,0.05834675697843983,14.685872752144657,-408.30185,-31.309528,-29.766115,37.126244,-30.177036,46.092056,8.031838,17.782507,-15.5147915,-13.765476,-14.683422,0.87762463,-5.5762606
231,3.85,0.004119172,0.0,9063.865657603486,1365.230073006073,2292.7957414232746,3365.971254132365,0.013784124859780618,0.05834675697843983,14.685872752144657,-438.90286,-28.008299,-23.260593,33.98947,-31.778198,36.91487,5.363661,13.755752,-9.321029,-9.156581,-10.054854,0.48456335,-1.4488714
232,3.8666666666666667,0.0026255106,0.0,8557.382636190881,1349.8851239783069,2671.0677688897795,3455.300398956875,0.013784124859780618,0.05834675697843983,14.685872752144657,-480.75363,-14.359605,-10.016115,29.572449,-27.847466,24.878769,10.36145,12.576082,7.798489,-3.442377,-12.85955,-2.708229,1.4036758
233,3.8833333333333333,0.0011673403,0.0,7794.785474908689,1361.5194672319312,2661.7671065018294,3562.0583805735328,0.013784124859780618,0.05834675697843983,14.685872752144657,-531.16516,-1.08951,2.989623,20.773396,-16.037731,15.043558,15.844663,1.1086593,10.167717,-5.3951845,-13.717055,2.9897223,2.2788377
234,3.9,0.0004367779,0.0,6886.425752661231,989.2975902358592,2190.995423207046,3440.3654319688953,0.013784124859780618,0.05834675697843983,14.685872752144657,-563.02625,7.1604548,6.729707,6.038325,5.124312,4.0373926,2.8358274,1.5827203,0.34204328,-0.8252908,-1.8651521,-2.733292,-3.3978088
235,3.9166666666666665,0.00024187307,0.0,5276.505505038783,322.8441808426374,1575.5291847202689,3084.858763688215,0.013784124859780618,0.05834675697843983,14.685872752144657,-560.8604,10.189017,9.656515,8.79934,7.660918,6.2980986,4.777544,3.1715531,1.5536048,-0.006015487,-1.4443092,-2.7089567,-3.7609124
236,3.933333333333333,0.00026222464,0.0,3988.3654021844372,276.50950395849327,1602.081064466727,2987.7770750477844,0.013784124859780618,0.05834675697843983,14.685872752144657,-559.3017,12.384895,11.8263645,10.924168,9.719524,8.2666025,6.6293488,4.877692,3.0835447,1.3168218,-0.35838777,-1.8869734,-3.225401
237,3.95,0.00022831671,0.0,4087.1913303104393,311.97794862658725,1559.4948970764306,2887.6156285443967,0.013784124859780618,0.05834675697843983,14.685872752144657,-561.29175,9.608683,9.163889,8.449206,7.502577,6.3731623,5.117869,3.797287,2.4715412,1.1962824,0.019158565,-1.0229028,-1.9055207
238,3.966666666666667,0.00014950926,0.0,4765.229791836379,322.0541232170177,1609.4229220362374,2820.548407610716,0.013784124859780618,0.05834675697843983,14.685872752144657,-566.41644,2.4806848,2.3873708,2.23647,2.0346217,1.7905602,1.5145788,1.2179372,0.91220355,0.6086143,0.3174295,0.0474329,-0.19449055
239,3.9833333333333334,0.00010450889,0.0,3959.0756287009763,266.09977655076676,1679.6311601506484,2843.337410809078,0.013784124859780618,0.05834675697843983,14.685872752144657,-565.089,4.3436885,4.206995,3.9827657,3.6762967,3.2948086,2.8472576,2.3441105,1.7970744,1.2187937,0.6225368,0.021852229,-0.5697652
240,4.0,9.6377196e-05,0.0,4296.176413117081,255.2799193881176,1746.619872478353,2919.738985949189,0.013784124859780618,0.05834675697843983,14.685872752144657,-565.8621,3.259694,3.1511154,2.9730287,2.729679,2.4268565,2.0717468,1.6727538,1.2392837,0.78152287,0.31014907,-0.1638985,-0.6297101
241,4.016666666666667,6.344621e-05,0.0,5695.8281828328945,259.2767111819927,1700.300804865409,2874.5748187120957,0.013784124859780618,0.05834675697843983,14.685872752144657,-567.7377,0.6358452,0.612263,0.5736127,0.5208519,0.4552884,0.3785509,0.29254377,0.19939977,0.10142271,0.0010450184,-0.0992499,-0.19698176
242,4.033333333333333,3.5325e-05,0.0,6686.244925370445,267.5279683715812,1683.467657342984,2883.7868044845695,0.013784124859780618,0.05834675697843983,14.685872752144657,-568.1722,0.028835397,0.027733097,0.025924647,0.023461074,0.02039697,0.016817816,0.0128103485,0.008480677,0.003930602,-0.0007166648,-0.0053459145,-0.009839848
243,4.05,2.3481542e-05,0.0,7225.527288207949,231.95753389199137,1695.9479904917312,2963.3869866039786,0.013784124859780618,0.05834675697843983,14.685872752144657,-568.1929,0.0,0.0,0.0,0.0,0.0,0.0,0.0,0.0,0.0,0.0,0.0,0.0
244,4.066666666666666,2.3876504e-05,0.0,8097.077272875911,654.9292131555503,2094.5072213805024,3057.1510598351615,0.013784124859780618,0.05834675697843983,14.685872752144657,-568.1929,0.0,0.0,0.0,0.0,0.0,0.0,0.0,0.0,0.0,0.0,0.0,0.0
245,4.083333333333333,3.3010205e-05,0.0,6553.743380092101,1072.3610270212669,2498.7238340712734,3341.8192744697717,0.013784124859780618,0.05834675697843983,14.685872752144657,-567.9762,0.30289423,0.29219666,0.27464917,0.25067595,0.22084142,0.18586518,0.14657716,0.10391778,0.05889438,0.012584969,-0.03391403,-0.0795012
246,4.1,3.1517622e-05,0.0,6648.275270395143,426.6493912834264,1905.794648753982,2936.066210375275,0.013784124859780618,0.05834675697843983,14.685872752144657,-568.17944,0.018796964,0.018281475,0.01743517,0.016271519,0.014810243,0.013079686,0.011112349,0.008944036,0.006609392,0.0041562156,0.0016275989,-0.0009309063
247,4.116666666666666,1.1236198e-05,0.0,10664.610405114005,911.5278744312474,1966.793736620212,2942.033441004982,0.013784124859780618,0.05834675697843983,14.685872752144657,-568.1929,0.0,0.0,0.0,0.0,0.0,0.0,0.0,0.0,0.0,0.0,0.0,0.0
248,4.133333333333334,3.9717397e-06,0.0,10580.673813668638,1076.5409433840305,2072.2841200900334,3006.8958757925902,0.013784124859780618,0.05834675697843983,14.685872752144657,-568.1929,0.0,0.0,0.0,0.0,0.0,0.0,0.0,0.0,0.0,0.0,0.0,0.0
249,4.15,3.955927e-06,0.0,10829.858651681221,1070.7639575830015,2077.090419514349,3071.6971473508884,0.013784124859780618,0.05834675697843983,14.685872752144657,-568.1929,0.0,0.0,0.0,0.0,0.0,0.0,0.0,0.0,0.0,0.0,0.0,0.0
250,4.166666666666667,3.9501674e-06,0.0,10527.497546226972,1087.7533969404953,2103.8003567852393,3057.6152077161,0.013784124859780618,0.05834675697843983,14.685872752144657,-568.1929,0.0,0.0,0.0,0.0,0.0,0.0,0.0,0.0,0.0,0.0,0.0,0.0
251,4.183333333333334,3.8697285e-06,0.0,10586.24329988266,1108.664683413295,2257.5889535852934,3081.3793763220265,0.013784124859780618,0.05834675697843983,14.685872752144657,-568.1929,0.0,0.0,0.0,0.0,0.0,0.0,0.0,0.0,0.0,0.0,0.0,0.0
252,4.2,3.9079796e-06,0.0,10854.388897989891,1074.1907131478542,2126.678499239911,3118.3926098328484,0.013784124859780618,0.05834675697843983,14.685872752144657,-568.1929,0.0,0.0,0.0,0.0,0.0,0.0,0.0,0.0,0.0,0.0,0.0,0.0
253,4.216666666666667,3.8960857e-06,0.0,10714.602979782057,1138.6468426568345,2015.5126329139707,3078.704719123091,0.013784124859780618,0.05834675697843983,14.685872752144657,-568.1929,0.0,0.0,0.0,0.0,0.0,0.0,0.0,0.0,0.0,0.0,0.0,0.0
254,4.233333333333333,3.939858e-06,0.0,10911.852576184032,1172.276429704858,1988.532435861272,2903.5930981558367,0.013784124859780618,0.05834675697843983,14.685872752144657,-568.1929,0.0,0.0,0.0,0.0,0.0,0.0,0.0,0.0,0.0,0.0,0.0,0.0
255,4.25,3.8250314e-06,0.0,10712.129927704971,1207.852066488625,2066.0736957347317,2921.415569640144,0.013784124859780618,0.05834675697843983,14.685872752144657,-568.1929,0.0,0.0,0.0,0.0,0.0,0.0,0.0,0.0,0.0,0.0,0.0,0.0
256,4.266666666666667,3.7958002e-06,0.0,10618.653973212016,1299.4942087888003,2010.6921780215716,2939.698353574399,0.013784124859780618,0.05834675697843983,14.685872752144657,-568.1929,0.0,0.0,0.0,0.0,0.0,0.0,0.0,0.0,0.0,0.0,0.0,0.0
257,4.283333333333333,3.9341608e-06,0.0,10614.813944754957,1167.3504105122404,2049.3332380954917,2831.143370183986,0.013784124859780618,0.05834675697843983,14.685872752144657,-568.1929,0.0,0.0,0.0,0.0,0.0,0.0,0.0,0.0,0.0,0.0,0.0,0.0
258,4.3,4.0014065e-06,0.0,10922.340010852608,1102.5109024517315,2063.085935910878,3115.0010203843362,0.013784124859780618,0.05834675697843983,14.685872752144657,-568.1929,0.0,0.0,0.0,0.0,0.0,0.0,0.0,0.0,0.0,0.0,0.0,0.0
259,4.316666666666666,3.9540487e-06,0.0,10927.4384841506,1238.475828663253,1945.5114427919057,3131.907113336509,0.013784124859780618,0.05834675697843983,14.685872752144657,-568.1929,0.0,0.0,0.0,0.0,0.0,0.0,0.0,0.0,0.0,0.0,0.0,0.0
260,4.333333333333333,3.903834e-06,0.0,10792.245563301336,1212.7969880999547,1992.5355511727719,3127.636916579196,0.013784124859780618,0.05834675697843983,14.685872752144657,-568.1929,0.0,0.0,0.0,0.0,0.0,0.0,0.0,0.0,0.0,0.0,0.0,0.0
261,4.35,3.9600036e-06,0.0,10934.766219270323,1235.5393511011102,1730.2003426543924,3043.9005186909935,0.013784124859780618,0.05834675697843983,14.685872752144657,-568.1929,0.0,0.0,0.0,0.0,0.0,0.0,0.0,0.0,0.0,0.0,0.0,0.0
262,4.366666666666666,3.859594e-06,0.0,10800.83094262993,1055.6574977214286,2103.541390855629,3085.7247562547986,0.013784124859780618,0.05834675697843983,14.685872752144657,-568.1929,0.0,0.0,0.0,0.0,0.0,0.0,0.0,0.0,0.0,0.0,0.0,0.0
263,4.383333333333334,3.8983176e-06,0.0,10838.439303949215,1127.6334816709077,2079.6087742345167,3015.091070619353,0.013784124859780618,0.05834675697843983,14.685872752144657,-568.1929,0.0,0.0,0.0,0.0,0.0,0.0,0.0,0.0,0.0,0.0,0.0,0.0
264,4.4,3.9377815e-06,0.0,11032.374213541925,1187.4208763014258,1918.8198170828705,2918.113280431555,0.013784124859780618,0.05834675697843983,14.685872752144657,-568.1929,0.0,0.0,0.0,0.0,0.0,0.0,0.0,0.0,0.0,0.0,0.0,0.0
265,4.416666666666667,3.993997e-06,0.0,10497.315372452107,1221.7551102705138,1876.3294628270169,2756.9070169435863,0.013784124859780618,0.05834675697843983,14.685872752144657,-568.1929,0.0,0.0,0.0,0.0,0.0,0.0,0.0,0.0,0.0,0.0,0.0,0.0
266,4.433333333333334,4.0014265e-06,0.0,10624.623881214447,1032.9377276727948,1996.7268875915656,2931.9081886499534,0.013784124859780618,0.05834675697843983,14.685872752144657,-568.1929,0.0,0.0,0.0,0.0,0.0,0.0,0.0,0.0,0.0,0.0,0.0,0.0
267,4.45,3.976212e-06,0.0,10771.784753473617,1021.469372260304,1996.6367898701083,3045.1692280662696,0.013784124859780618,0.05834675697843983,14.685872752144657,-568.1929,0.0,0.0,0.0,0.0,0.0,0.0,0.0,0.0,0.0,0.0,0.0,0.0
268,4.466666666666667,3.9632564e-06,0.0,10620.105135090904,1128.0181565979572,2021.4055705077408,3066.4919488810897,0.013784124859780618,0.05834675697843983,14.685872752144657,-568.1929,0.0,0.0,0.0,0.0,0.0,0.0,0.0,0.0,0.0,0.0,0.0,0.0
269,4.483333333333333,3.9650267e-06,0.0,10848.647921043132,1016.8023694966324,1976.4452006840997,2993.0771830877097,0.013784124859780618,0.05834675697843983,14.685872752144657,-568.1929,0.0,0.0,0.0,0.0,0.0,0.0,0.0,0.0,0.0,0.0,0.0,0.0
270,4.5,3.9917627e-06,0.0,10664.688352685922,1058.873623249312,1996.5995245440422,2903.2825978446594,0.013784124859780618,0.05834675697843983,14.685872752144657,-568.1929,0.0,0.0,0.0,0.0,0.0,0.0,0.0,0.0,0.0,0.0,0.0,0.0
271,4.516666666666667,3.983008e-06,0.0,10967.498394954604,1046.9435306402925,1853.8110782818958,2801.2802425385953,0.013784124859780618,0.05834675697843983,14.685872752144657,-568.1929,0.0,0.0,0.0,0.0,0.0,0.0,0.0,0.0,0.0,0.0,0.0,0.0
272,4.533333333333333,3.980603e-06,0.0,10609.236259814012,1064.5553852842497,2105.200834506644,3045.6729367053263,0.013784124859780618,0.05834675697843983,14.685872752144657,-568.1929,0.0,0.0,0.0,0.0,0.0,0.0,0.0,0.0,0.0,0.0,0.0,0.0
273,4.55,4.015451e-06,0.0,10735.042612912686,1015.1972248423054,2071.6962414457826,3007.0663891031622,0.013784124859780618,0.05834675697843983,14.685872752144657,-568.1929,0.0,0.0,0.0,0.0,0.0,0.0,0.0,0.0,0.0,0.0,0.0,0.0
274,4.566666666666666,3.9504303e-06,0.0,10680.925845304471,960.3160747505246,2086.5078721087566,2908.540653009219,0.013784124859780618,0.05834675697843983,14.685872752144657,-568.1929,0.0,0.0,0.0,0.0,0.0,0.0,0.0,0.0,0.0,0.0,0.0,0.0
275,4.583333333333333,3.8967214e-06,0.0,10836.45231726574,1077.1455297886923,2052.4972606942633,2942.3321924719967,0.013784124859780618,0.05834675697843983,14.685872752144657,-568.1929,0.0,0.0,0.0,0.0,0.0,0.0,0.0,0.0,0.0,0.0,0.0,0.0
276,4.6,3.993829e-06,0.0,10922.791847350936,1106.5603647528383,1993.4816909177237,3075.312697180727,0.013784124859780618,0.05834675697843983,14.685872752144657,-568.1929,0.0,0.0,0.0,0.0,0.0,0.0,0.0,0.0,0.0,0.0,0.0,0.0
277,4.616666666666666,4.2052407e-06,0.0,11134.973450099777,1013.5070652675871,1996.8750581818858,3047.488426953477,0.013784124859780618,0.05834675697843983,14.685872752144657,-568.1929,0.0,0.0,0.0,0.0,0.0,0.0,0.0,0.0,0.0,0.0,0.0,0.0
278,4.633333333333334,5.218323e-06,0.0,10476.172187514649,1074.300982098263,2016.3779247861319,2966.933186293036,0.013784124859780618,0.05834675697843983,14.685872752144657,-568.1929,0.0,0.0,0.0,0.0,0.0,0.0,0.0,0.0,0.0,0.0,0.0,0.0
279,4.65,0.00016810997,0.0,8775.525957003787,980.8914441049882,1951.9039579572543,2796.137682251683,0.013784124859780618,0.05834675697843983,14.685872752144657,-568.1929,0.0,0.0,0.0,0.0,0.0,0.0,0.0,0.0,0.0,0.0,0.0,0.0
280,4.666666666666667,0.011854335,0.0,3808.007602039831,942.5143381994741,1635.7451722155256,2230.76754733705,0.013784124859780618,0.05834675697843983,14.685872752144657,-492.6635,67.79088,-6.3510704,-41.719307,-19.803232,12.106046,9.987303,-14.70657,-25.254713,-11.697353,2.980052,0.7990481,-8.22854
281,4.683333333333334,0.06458872,0.0,3615.1204023434234,1099.4058152124965,1551.4479362663697,2272.9550417978285,0.013784124859780618,0.05834675697843983,14.685872752144657,-276.27112,127.72302,-16.50954,-21.778492,-55.472813,38.849586,-1.396418,-18.805485,-28.623362,-19.633625,-7.3702908,-14.0757265,-15.682964
282,4.7,0.11141648,279.63959866944526,2112.7471113701417,639.5272469291368,1873.3305775710503,2828.0927967747743,0.013784124859780618,0.05834675697843983,14.685872752144657,-181.8062,167.63297,-42.192726,11.318896,-18.41241,7.077003,-38.00202,-13.311111,-35.69902,-17.560349,2.0113854,-24.7332,-20.007229
283,4.716666666666667,0.14550391,275.32457474878294,2504.866769691355,751.1249976710608,1996.8443764588535,2862.4257778301576,0.013784124859780618,0.05834675697843983,14.685872752144657,-190.70763,132.0654,-66.40386,9.527679,-19.650532,3.7789855,-41.56356,-7.512859,-28.045492,-8.607009,12.085358,-19.851055,-19.261763
284,4.733333333333333,0.14507307,274.53201364940605,2574.049629528863,813.6738553942553,2124.540254177984,2917.835470622739,0.013784124859780618,0.05834675697843983,14.685872752144657,-203.02104,115.32433,-70.08817,10.807486,-29.484722,1.9109976,-46.510666,-10.866312,-28.290028,-7.619373,5.656966,-26.61056,-17.150856
285,4.75,0.1370146,274.8170739702131,2464.402467094308,733.7963167574742,2164.232304283275,3129.898991589473,0.013784124859780618,0.05834675697843983,14.685872752144657,-207.9408,128.21979,-48.9401,15.679583,-31.431858,2.6948152,-57.80715,-16.9506,-31.359316,-14.194444,1.1013759,-38.099346,-19.903835
286,4.766666666666667,0.13513546,275.2311441793533,2062.3455702233755,491.9519147449827,2033.4933010345142,3233.3409407799313,0.013784124859780618,0.05834675697843983,14.685872752144657,-248.63084,136.39716,-43.35099,23.403738,-6.2791843,-5.871993,-43.479782,-6.8792996,-31.358072,-26.558868,4.281371,-29.282822,-24.223282
287,4.783333333333333,0.15128964,277.29186810261996,2063.0978086619243,331.36649617343346,1907.3045066565364,3123.1638354187517,0.013784124859780618,0.05834675697843983,14.685872752144657,-274.8683,115.0703,-46.82438,40.92103,7.156152,-5.9840117,-38.133606,-1.5021634,-30.819786,-33.109768,11.007988,-28.444777,-23.653574
288,4.8,0.16440576,277.11584678622444,2024.1381506527557,408.2736132393686,1988.093074623724,3141.9596148038495,0.013784124859780618,0.05834675697843983,14.685872752144657,-251.73901,122.56259,-46.887825,40.440605,6.8587074,-3.8338292,-48.16655,-8.535415,-30.141777,-23.623985,6.3852987,-33.88182,-27.47557
289,4.816666666666666,0.1593763,277.81252090285517,2805.954858427141,605.8915425542627,2279.8494562533087,3105.2673642229374,0.013784124859780618,0.05834675697843983,14.685872752144657,-196.2394,119.77162,-47.645626,29.35979,-16.206697,8.449565,-69.32125,-11.285234,-23.363602,-8.437807,6.515609,-41.72272,-28.099905
290,4.833333333333333,0.14530383,277.2381392325254,3238.4949585520726,785.30984386597,2459.806204276368,3032.613293564904,0.013784124859780618,0.05834675697843983,14.685872752144657,-223.85492,89.348145,-44.668358,35.35794,-11.395525,9.969387,-73.606125,3.5967925,-8.034435,-9.357914,-5.1464663,-41.192352,-25.408916
291,4.85,0.13989133,277.26332550645634,3325.57490731252,830.9399346602075,2473.659813875098,3067.815095370054,0.013784124859780618,0.05834675697843983,14.685872752144657,-226.02786,89.75103,-42.822323,23.37167,-18.769714,10.504598,-75.205444,6.8690557,-3.7199917,-14.765711,-11.684476,-41.835945,-31.390646
292,4.866666666666666,0.14284049,278.58086549996096,3598.9586217775654,826.9716449644237,2415.590779924179,3081.480939970153,0.013784124859780618,0.05834675697843983,14.685872752144657,-231.00977,84.68444,-32.1974,26.927113,-18.25741,19.09975,-74.01941,8.248085,2.2167258,-14.950216,-15.674987,-38.48886,-32.50547
293,4.883333333333334,0.15697062,278.7613080098296,3210.9485554661355,609.87952766118,1773.2537970959,2753.346064746796,0.013784124859780618,0.05834675697843983,14.685872752144657,-236.58412,101.15079,-23.582798,14.141956,-21.246307,25.595055,-71.91376,-0.19508183,-3.298336,-16.171356,-9.749495,-43.286728,-42.913918
294,4.9,0.18455106,276.86555455931693,1776.4622054489514,276.931002861111,1005.0117783776573,2147.6664751343747,0.013784124859780618,0.05834675697843983,14.685872752144657,-288.74365,127.08362,-9.516068,9.348867,-6.63341,29.598967,-46.925716,0.12675282,1.7425058,-19.255642,-7.532072,-52.723343,-43.057117
295,4.916666666666667,0.20652486,277.1907003283613,1058.8355562667564,320.7754847421683,1279.5935742284564,2097.560089336066,0.013784124859780618,0.05834675697843983,14.685872752144657,-325.78296,137.66986,-14.194979,4.8025365,7.6637297,21.212627,-32.57213,-1.8521111,7.5810833,-16.529844,-6.1231656,-50.982605,-33.756496
296,4.933333333333334,0.21164833,275.7492535751284,986.4740768610632,309.93579850726644,1265.6212528055862,2168.6163765104106,0.013784124859780618,0.05834675697843983,14.685872752144657,-334.38358,141.05638,-6.4935107,10.0764885,11.752718,18.77063,-33.189735,-3.8098378,8.146322,-18.764252,-8.128401,-52.47589,-35.480137
297,4.95,0.19449173,271.1199462215677,897.6457917022981,292.12631687885965,1239.6141132304126,2255.4842017058118,0.013784124859780618,0.05834675697843983,14.685872752144657,-350.766,145.34885,3.3152747,12.662057,17.42773,20.134476,-26.357616,-5.7034187,14.969719,-15.485449,-10.770542,-48.800602,-46.43345
298,4.966666666666667,0.16143367,260.1969258021508,893.3009474167217,276.034751644487,1486.8119902284543,2584.361125550982,0.013784124859780618,0.05834675697843983,14.685872752144657,-360.19016,146.74644,18.607533,10.562752,10.940095,23.185093,-24.422512,-15.684859,14.531571,-3.510343,-20.338514,-36.683975,-42.240883
299,4.983333333333333,0.1554679,262.6148279283822,2215.447840353557,380.1750582226032,1962.4870968905711,2991.076929558616,0.013784124859780618,0.05834675697843983,14.685872752144657,-204.63136,146.66547,-22.401257,15.298896,-20.071678,21.895323,-37.09907,-14.339968,-24.482738,-12.484383,-13.328592,-20.925842,-33.394936
300,5.0,0.15725634,281.93685223657974,2405.183384661175,616.623618730519,1994.289474210626,2926.6062280436972,0.013784124859780618,0.05834675697843983,14.685872752144657,-163.80945,140.90292,-53.393776,8.728411,-20.38272,10.026167,-54.85679,-7.8963013,-34.04432,-17.94816,1.3114641,-21.83301,-23.6056
301,5.016666666666667,0.15166745,281.07141256423824,2693.6814211808714,727.1331711880132,2077.3888409968986,2887.9791367224448,0.013784124859780618,0.05834675697843983,14.685872752144657,-206.61597,105.66728,-64.58765,13.381428,-19.956884,3.0967383,-61.520115,-6.849391,-30.020397,-9.598322,7.528578,-20.832745,-18.59524
302,5.033333333333333,0.13810919,282.4742164900299,2988.0992616134176,729.088594785234,2053.632076599184,2662.3873157071075,0.013784124859780618,0.05834675697843983,14.685872752144657,-211.22437,99.096695,-66.728,13.907511,-20.073622,11.047931,-64.2271,-11.13324,-29.411644,-12.048272,6.140054,-24.998705,-18.204746
303,5.05,0.13621871,284.62231613651096,2867.130548960529,620.9591458095529,1677.0705721867778,2253.296180848377,0.013784124859780618,0.05834675697843983,14.685872752144657,-208.00177,110.64802,-50.1332,13.214935,-19.424786,11.25295,-76.464355,-11.029665,-28.778233,-27.316927,-10.168921,-34.138138,-23.765589
304,5.066666666666666,0.11695271,272.59072655320756,1994.1285567630657,453.71091319961675,1324.7391171318475,2251.747761332741,0.013784124859780618,0.05834675697843983,14.685872752144657,-246.26256,149.26971,-27.231155,5.6578217,3.1603045,12.454922,-67.758644,-9.892759,-17.98711,-30.271267,-8.079506,-33.059544,-29.274826
305,5.083333333333333,0.13485509,270.75929818815905,2564.3747035087817,302.0810144335528,1764.475251543478,2242.9944170752924,0.013784124859780618,0.05834675697843983,14.685872752144657,-281.06104,124.03516,-0.5697993,18.979063,6.5078297,20.82864,-37.950546,6.3975,-12.990904,-13.227795,-24.670742,-20.386642,-36.088806
306,5.1,0.18787837,301.9581868239765,2510.824782685392,324.6623432460026,2376.396577419568,2696.05412350791,0.013784124859780618,0.05834675697843983,14.685872752144657,-225.66148,107.32504,-20.283785,41.11709,12.835814,34.192116,-47.489998,7.858533,0.15820456,-18.647278,-22.8768,-26.89296,-49.95177
307,5.116666666666666,0.22865723,301.60880365026156,2909.237842186202,317.99879861760365,2446.9981418334155,3240.137164689187,0.013784124859780618,0.05834675697843983,14.685872752144657,-237.90363,71.79831,-34.23323,56.40431,13.301497,26.966236,-55.37371,6.475423,-3.1702936,-28.19722,-21.710197,-23.54726,-47.20426
308,5.133333333333334,0.21759444,302.68024230266707,3332.1661963878505,326.1473716485075,2454.2267416838677,3137.4383422219303,0.013784124859780618,0.05834675697843983,14.685872752144657,-245.22708,57.959835,-41.938423,54.94204,10.611044,20.567314,-65.15782,1.459208,-7.9914465,-31.880135,-24.392752,-25.718254,-45.79216
309,5.15,0.19061007,302.4826557429511,3457.757996435624,362.8905708873102,2408.5358257835815,3051.4457989588345,0.013784124859780618,0.05834675697843983,14.685872752144657,-236.09567,66.35939,-44.68813,44.3497,8.877441,22.627708,-71.01694,-10.610035,-17.681305,-30.259611,-24.586742,-33.693928,-48.13407
310,5.166666666666667,0.16716087,300.70350771227027,3366.538791876067,426.11827335578664,2299.450959155959,3031.7240180922704,0.013784124859780618,0.05834675697843983,14.685872752144657,-236.34077,73.68312,-45.5163,33.677692,4.5461993,23.389225,-67.88234,-17.153164,-28.092157,-28.754759,-13.208345,-29.709423,-46.032627
311,5.183333333333334,0.15645938,300.24426583195606,3114.319961395544,460.116797277959,2147.319101398479,3011.1723242510034,0.013784124859780618,0.05834675697843983,14.685872752144657,-234.70757,85.21463,-45.339577,26.495026,-0.6987722,21.963533,-60.051098,-15.931915,-27.411976,-24.28236,-8.285882,-26.967915,-45.220875
312,5.2,0.14967781,297.95772252284416,3104.220524486797,420.4373482469111,2087.0224581269667,2997.4074902782327,0.013784124859780618,0.05834675697843983,14.685872752144657,-246.49596,81.638916,-37.217068,27.803753,-1.5415399,34.18181,-47.7373,-13.73481,-22.937359,-22.843628,-5.7109284,-28.113663,-49.440735
313,5.216666666666667,0.12672774,288.6118175287267,2585.62954626137,334.22390583772426,2026.9902724256729,2944.4176026283794,0.013784124859780618,0.05834675697843983,14.685872752144657,-272.02768,108.102036,-35.03546,4.0679073,-7.6219993,30.600079,-42.17372,-13.456686,-16.050985,-21.84234,1.679976,-23.684938,-45.975708
314,5.233333333333333,0.12176357,283.7937984367522,2112.9645978246426,303.8460546304982,2041.6927599153767,2871.18369373547,0.013784124859780618,0.05834675697843983,14.685872752144657,-315.08936,111.24648,-27.127115,5.867347,3.3245256,35.90719,-31.705124,-17.518282,-11.49725,-13.650738,-3.1357095,-29.360994,-35.857876
315,5.25,0.18133229,295.32019025064466,2354.3391868081317,306.11630857516604,2253.5768399997464,2846.466602077219,0.013784124859780618,0.05834675697843983,14.685872752144657,-269.61002,98.57941,-45.384174,25.692616,15.254972,39.517708,-49.897865,-12.7389965,-2.9076543,-18.219412,-15.776524,-32.963593,-44.20686
316,5.266666666666667,0.23050426,298.36595413374414,2675.3821733804016,305.3880687702693,2491.215469027134,2855.937302859911,0.013784124859780618,0.05834675697843983,14.685872752144657,-259.31784,69.77815,-48.42257,48.51465,22.576729,35.216698,-58.41011,-0.2096023,-3.5245328,-17.741783,-22.007267,-33.25093,-45.057556
317,5.283333333333333,0.23203532,297.69153359730325,2594.657882248371,306.15577774021205,2631.748219539482,2848.9559937882964,0.013784124859780618,0.05834675697843983,14.685872752144657,-260.57034,73.48346,-42.82331,47.236847,11.29501,15.135503,-58.3946,11.827523,6.6670322,-11.572937,-28.322723,-34.277367,-47.311363
318,5.3,0.20456858,302.4802905763073,2570.998176052643,326.4559456689555,2573.850402074108,2995.850318927459,0.013784124859780618,0.05834675697843983,14.685872752144657,-268.4979,83.060936,-43.772636,39.766502,15.899784,12.071559,-65.25635,5.8961296,11.286843,-8.868977,-25.94767,-36.82373,-45.211365
319,5.316666666666666,0.17719889,306.9274519719962,2182.4257315448453,342.2213281966741,2196.138622012797,2833.170395527056,0.013784124859780618,0.05834675697843983,14.685872752144657,-283.45782,95.14441,-42.804535,20.964432,24.273495,24.499577,-60.295868,-7.879256,-8.742827,-14.118832,-18.979498,-39.36711,-47.062782
320,5.333333333333333,0.1876406,305.80375155494374,1149.5142457667403,325.552124659829,1638.5293650051763,2561.1152313989737,0.013784124859780618,0.05834675697843983,14.685872752144657,-325.4814,139.52414,-13.990635,-3.6746984,15.014953,17.284033,-35.42109,-2.9180439,-14.726002,-30.084538,-17.597588,-38.461723,-42.38199
321,5.35,0.20321609,308.34925514799636,901.0135351318805,314.16148576739903,1453.2879552114625,2628.744510202206,0.013784124859780618,0.05834675697843983,14.685872752144657,-359.3512,135.13467,-11.095337,-7.974077,15.054288,17.071556,-20.894705,7.353715,-7.910401,-37.694485,-23.22313,-40.34653,-36.44999
322,5.366666666666666,0.20837712,311.6641748503196,832.1005671722517,317.4455390736824,1426.8723187969,2570.6857239809906,0.013784124859780618,0.05834675697843983,14.685872752144657,-365.85452,140.93295,-6.774784,-8.877842,17.652481,14.731064,-12.543594,10.737566,-10.171793,-35.349247,-24.26791,-37.255997,-36.14661
323,5.383333333333334,0.20158008,317.6850023096273,818.104952839085,325.2876158446612,1428.4436297634834,2551.896153229649,0.013784124859780618,0.05834675697843983,14.685872752144657,-358.09814,152.74602,-3.0217927,-15.275937,11.250635,14.631055,-14.471928,5.031807,-11.310772,-35.682693,-22.29409,-35.80841,-36.425472
324,5.4,0.18998784,329.6174079267492,1602.1934886328647,404.8585889085731,1734.3413938529454,2708.380255334795,0.013784124859780618,0.05834675697843983,14.685872752144657,-267.9539,145.18729,-35.703285,-18.414673,-1.6453087,20.927734,-44.15198,-8.764507,-29.09745,-22.741299,-2.8489158,-32.366436,-34.680206
325,5.416666666666667,0.17742887,337.23607148492215,2565.7836094829545,536.9023446540072,2222.945839427686,3001.982872033628,0.013784124859780618,0.05834675697843983,14.685872752144657,-242.06905,97.499985,-46.92502,13.679874,-1.6774936,19.48029,-63.82672,-12.762789,-24.292332,-11.927896,-7.395233,-41.34151,-36.905373
326,5.433333333333334,0.17191468,336.054427783101,2909.6770635311022,490.622456577343,2371.5846175143415,3076.8116905744737,0.013784124859780618,0.05834675697843983,14.685872752144657,-256.72723,77.28508,-39.775135,31.61347,-6.7809267,11.280794,-69.61931,-8.712009,-15.307301,-5.629908,-12.214233,-33.9403,-33.598885
327,5.45,0.13558142,333.5296265880804,3016.5158109002614,363.1730880966144,2377.2597975547123,3128.854628663732,0.013784124859780618,0.05834675697843983,14.685872752144657,-283.34528,77.48532,-25.635235,36.836678,-9.511095,14.339151,-67.23773,-18.032349,-10.688749,-13.561903,-20.002163,-30.1541,-29.744738
328,5.466666666666667,0.08412781,331.7227367679507,4240.785346941644,364.5639337808153,2369.1358722954483,3175.5316781815322,0.013784124859780618,0.05834675697843983,14.685872752144657,-302.5677,59.89102,-20.725517,52.021294,-16.074242,16.649605,-48.053642,-29.958832,-1.559863,8.829081,-25.46266,-22.688038,-26.597458
329,5.483333333333333,0.03981052,0.0,7654.153351483754,369.8691942918415,2384.4762135774217,3063.3185397821912,0.013784124859780618,0.05834675697843983,14.685872752144657,-258.40927,-4.8928704,-34.4216,60.53517,-33.69239,29.187576,-39.446243,-19.910467,-6.858324,19.41927,-41.440636,-18.816902,-27.15583
330,5.5,0.052245054,0.0,8521.368399221381,1102.6118399420584,2637.5329508437553,3575.255717210899,0.013784124859780618,0.05834675697843983,14.685872752144657,-246.85051,-33.847767,-39.43193,58.10708,-37.84939,42.30488,-41.435112,-15.674059,-5.714424,18.25151,-45.658615,-16.770771,-28.528423
331,5.516666666666667,0.056785367,0.0,8945.205620335837,2137.359649204256,2867.5514888249522,4015.0482830531378,0.013784124859780618,0.05834675697843983,14.685872752144657,-255.34033,-48.54794,-30.341032,58.484444,-40.157738,51.108345,-38.559975,-15.21434,-4.517674,10.857676,-53.918304,-13.410387,-22.558289
332,5.533333333333333,0.050727237,0.0,8805.133878386063,1561.2311822139845,2485.628151032523,3149.1764589861464,0.013784124859780618,0.05834675697843983,14.685872752144657,-246.77176,-36.61228,-37.950752,50.554176,-40.5707,42.271385,-43.758293,-13.948864,-1.8064778,16.348434,-54.03215,-9.962059,-15.627806
333,5.55,0.037662946,0.0,8233.568585616758,1605.3349914580267,2574.7512625906515,3183.742390395406,0.013784124859780618,0.05834675697843983,14.685872752144657,-269.72592,-35.225296,-54.123413,51.044662,-31.96812,31.744968,-48.187057,-14.597918,3.4705067,17.68526,-47.008068,-12.269766,-12.586385
334,5.566666666666666,0.040698823,0.0,7435.299511373712,1406.435616203979,2544.533964628302,3155.4948423377677,0.013784124859780618,0.05834675697843983,14.685872752144657,-308.23087,-15.060249,-52.507492,65.919,-8.206793,38.383522,-33.80834,-6.217032,13.684084,16.213144,-38.20584,-17.362228,-11.181513
335,5.583333333333333,0.12295939,275.4105487466051,2767.384760534005,290.2278898185764,2525.936022342235,3096.921418806987,0.013784124859780618,0.05834675697843983,14.685872752144657,-311.16348,70.48463,4.6181154,86.88439,15.005362,32.166973,-44.76722,-21.204945,0.48545617,-9.946583,-41.844685,-37.16799,-20.600151
336,5.6,0.170872,259.71520923998247,2581.0367740522192,338.43721757200376,2544.248026725852,3183.5193344098593,0.013784124859780618,0.05834675697843983,14.685872752144657,-295.41193,71.971634,12.384204,97.99637,19.03041,20.593185,-71.70349,-18.908543,-11.237908,-18.702621,-24.37505,-32.89054,-15.904004
337,5.616666666666666,0.17949638,251.44809249215558,2712.2010053153963,410.6070718411188,2472.637764433484,3177.662098466849,0.013784124859780618,0.05834675697843983,14.685872752144657,-291.53476,67.84578,3.2320914,85.208305,21.121698,28.099457,-69.56274,-21.43496,-16.731573,-11.074223,-19.94272,-32.101727,-12.316421
338,5.633333333333334,0.15281513,246.77375153081297,2674.448319345391,351.7385391616428,2370.1974925046934,3122.5635447716586,0.013784124859780618,0.05834675697843983,14.685872752144657,-292.61307,81.881516,4.481,65.53845,12.8429785,34.00663,-55.59825,-16.617119,-12.619448,-2.6976118,-20.421085,-40.461647,-18.705952
339,5.65,0.108029075,237.2772238001474,3538.441961173081,257.7704231459131,2269.9394774771163,3149.097564799379,0.013784124859780618,0.05834675697843983,14.685872752144657,-285.42545,71.79549,-8.264623,63.76793,0.9726336,37.320976,-30.769903,-15.604228,-3.157292,5.9366302,-25.589767,-30.671158,-28.952179
340,5.666666666666667,0.06009079,225.44039617904832,7630.425423673201,626.7871155627436,2205.1286309054567,3137.3317384242846,0.013784124859780618,0.05834675697843983,14.685872752144657,-231.81279,17.761198,-16.131868,51.791542,-27.88551,48.352264,-25.202312,-7.468674,-6.3249836,14.980023,-33.91877,-18.599049,-36.055435
341,5.683333333333334,0.051354468,0.0,9143.705355028016,1334.242683971736,2208.501873513808,3183.9783845254374,0.013784124859780618,0.05834675697843983,14.685872752144657,-214.17,-22.206068,-28.371109,40.66603,-42.913147,51.587692,-27.957062,-1.8929272,-12.400543,2.1759772,-38.92585,-7.5123687,-23.113037
342,5.7,0.05833632,0.0,9658.633868093848,1270.3554722661763,2227.3522108611205,3210.7546251387375,0.013784124859780618,0.05834675697843983,14.685872752144657,-231.25931,-40.670635,-22.113358,38.164665,-52.68391,49.519768,-33.563995,-2.587923,-7.35765,8.145183,-33.179367,-11.956702,-28.549002
343,5.716666666666667,0.052957714,0.0,9831.775549056641,987.8551594438683,2099.0576775570794,3122.4662581386333,0.013784124859780618,0.05834675697843983,14.685872752144657,-228.32056,-44.409515,-20.844357,39.354263,-47.80104,56.874306,-23.15886,3.4974742,-13.332546,6.978976,-30.125828,-12.864197,-18.458544
344,5.733333333333333,0.038162597,0.0,9338.418033588108,948.946510433341,1979.6696101007392,3099.5192151954893,0.013784124859780618,0.05834675697843983,14.685872752144657,-254.9572,-14.575327,-14.082369,56.773186,-21.487015,55.694435,-9.062716,17.284071,-16.476534,8.921879,-18.78187,-4.231927,-11.908796
345,5.75,0.011033733,0.0,8241.11004228026,825.5856733935668,2069.5787060811704,3101.5758046211536,0.013784124859780618,0.05834675697843983,14.685872752144657,-430.63406,11.901741,13.573742,59.34365,-9.511548,44.987606,1.9347202,-5.5688295,5.3187943,6.33603,-1.7752589,-10.831543,-10.444954
346,5.766666666666667,0.0024978183,0.0,7623.925315066776,280.3949852230062,2081.19780128393,3001.6320297846646,0.013784124859780618,0.05834675697843983,14.685872752144657,-498.82428,6.262525,23.183043,60.545696,-5.391121,35.62079,16.084019,-9.491723,10.217135,0.99245656,-2.1916354,-8.868902,-6.697749
347,5.783333333333333,0.00192565,0.0,6711.603047182173,246.53403222741818,2009.8667819175698,3103.6855248817988,0.013784124859780618,0.05834675697843983,14.685872752144657,-522.84796,18.47354,31.33836,49.45805,1.9042492,30.177113,19.049294,-7.14769,16.726452,-4.50714,-9.486313,0.73565507,-13.56184
348,5.8,0.0014437062,0.0,6110.123835448016,239.3141599496185,1884.1402051899852,2998.289321804259,0.013784124859780618,0.05834675697843983,14.685872752144657,-537.4722,27.198435,29.91658,34.660774,14.370486,21.223553,14.651684,-0.640903,7.077153,-4.236476,-10.175466,-3.8291473,-13.358492
349,5.816666666666666,0.0013602155,0.0,5629.694886867909,224.13673242839795,1820.325980710422,2889.3953662223357,0.013784124859780618,0.05834675697843983,14.685872752144657,-542.11676,32.533875,30.640457,28.643948,19.584538,15.966895,10.633562,1.8913189,0.17447849,-4.623776,-9.369709,-8.059589,-11.088963
350,5.833333333333333,0.0020414647,0.0,4731.196711543238,232.6516777554264,1776.4149267348068,2943.6705625620157,0.013784124859780618,0.05834675697843983,14.685872752144657,-545.55615,31.159056,28.73777,25.085537,20.565159,15.482588,10.142333,4.925637,0.2504086,-3.5806437,-6.4924965,-8.590173,-10.003401
351,5.85,0.10318224,0.0,2907.1986207288483,278.2470331414412,1805.059334459496,2967.1885105877623,0.013784124859780618,0.05834675697843983,14.685872752144657,-332.49084,125.61125,12.8124275,22.654964,-9.155022,25.58033,-6.9766097,-23.771976,-25.030968,-8.6039295,-12.377031,-10.902716,-12.98197
352,5.866666666666666,0.15072788,291.9504209701803,1897.536164001457,430.607186071157,1965.5130063191311,2846.929087618475,0.013784124859780618,0.05834675697843983,14.685872752144657,-166.29317,173.04698,-30.583244,16.124208,2.6178489,21.387749,-50.321922,-6.184702,-34.993065,-15.489122,-3.6593435,-33.571434,-19.828806
353,5.883333333333334,0.17219982,283.3325004403621,2657.6001641032785,514.6014520836096,2097.9739625914676,2832.0318239420358,0.013784124859780618,0.05834675697843983,14.685872752144657,-204.20996,128.85037,-44.220306,20.589397,10.938774,24.688408,-55.54834,-4.577757,-35.79454,-16.41396,3.3670974,-37.252743,-16.982174
354,5.9,0.13716777,287.60422066157236,2854.319546819746,557.9227117818397,2280.2825643806723,2935.7612877099828,0.013784124859780618,0.05834675697843983,14.685872752144657,-229.51993,105.56399,-53.504517,27.48705,13.50988,10.122383,-63.301018,-4.162281,-25.87122,-17.791117,-4.12278,-37.47305,-15.972252
355,5.916666666666667,0.12639295,292.61294289432954,2901.347376233761,585.5565694284975,2369.043405930126,3071.0040704934886,0.013784124859780618,0.05834675697843983,14.685872752144657,-238.75099,91.07716,-58.046307,25.240128,10.555363,-2.5184999,-70.481384,-3.8329153,-26.869816,-15.366024,-9.162391,-31.841663,-16.07841
356,5.933333333333334,0.127137,297.3163223152858,2891.0015270977,615.1433402928523,2425.6499427275867,3085.113565211925,0.013784124859780618,0.05834675697843983,14.685872752144657,-238.37178,88.683716,-59.27089,24.086761,7.8595514,-5.8522663,-70.9444,-5.4397335,-32.006138,-20.981586,-10.808839,-30.760784,-23.105148
357,5.95,0.1402119,299.4287598947013,2852.097779350845,636.2213641296496,2428.8846462105607,2980.7362398921214,0.013784124859780618,0.05834675697843983,14.685872752144657,-236.04337,85.750336,-53.906536,20.344883,-0.8026194,-7.6973276,-69.40607,-2.7378135,-25.059305,-17.020481,-11.859726,-30.234444,-24.527
358,5.966666666666667,0.14994255,298.41264875067674,2683.325670898163,627.193549907365,2023.6039615000645,2746.629516088085,0.013784124859780618,0.05834675697843983,14.685872752144657,-234.16011,91.42647,-49.79426,22.212513,-8.90933,-5.7644277,-70.17001,-8.930896,-26.195766,-21.116543,-8.091724,-30.931252,-19.378485
359,5.983333333333333,0.12866004,295.12311797294814,2370.427248109402,610.2193223570016,1510.1108857252561,2340.5420633994954,0.013784124859780618,0.05834675697843983,14.685872752144657,-240.25493,111.62415,-38.572166,17.16947,-5.5735235,3.3525524,-74.15467,-17.47478,-22.180729,-22.816036,-10.18243,-30.479485,-17.124535
360,6.0,0.085204236,286.01326522888144,1926.7356524588956,520.7883962159904,1799.3546260713997,2428.4469673365475,0.013784124859780618,0.05834675697843983,14.685872752144657,-290.54984,151.92963,-24.368263,-4.229664,2.7514617,10.962108,-59.566734,-21.819035,-7.007926,-26.078533,-7.2797284,-22.179571,-14.485528
361,6.016666666666667,0.08396751,277.4458092809041,2045.8042132347707,475.37913560349693,1981.8578398863544,2498.4458887676783,0.013784124859780618,0.05834675697843983,14.685872752144657,-289.79724,144.7423,-38.765003,-7.7203465,0.02789998,11.028069,-55.14541,-27.877913,-7.3698144,-24.141636,-3.9116876,-17.243538,-18.60875
362,6.033333333333333,0.11886468,279.2599347003854,1938.061058001349,633.5496942978206,1719.3643577719142,2200.5847055441977,0.013784124859780618,0.05834675697843983,14.685872752144657,-233.74971,147.5734,-53.535786,-11.503557,-19.605122,4.9175897,-68.902176,-33.119247,-14.490826,-18.497368,-3.4123697,-22.609724,-10.462777
363,6.05,0.1515834,270.1824719405438,1990.010434236924,738.6133666078645,1638.5322681186653,2422.580811611133,0.013784124859780618,0.05834675697843983,14.685872752144657,-208.003,153.25879,-53.861824,-14.142569,-27.115051,0.73179555,-59.236008,-22.39524,-19.044945,-3.3569946,5.6503344,-21.107899,-8.115054
364,6.066666666666666,0.1600836,259.87567800682274,1940.4023633043607,780.5538284284978,2057.0021411085786,2923.9635914400446,0.013784124859780618,0.05834675697843983,14.685872752144657,-212.00027,151.83466,-53.847664,-18.208656,-33.445404,-2.1471663,-56.1464,-21.799582,-23.531841,2.3494081,5.959572,-20.115068,-3.7908483
365,6.083333333333333,0.14261954,254.28258788967509,1924.477398766836,782.4714874047756,2049.041481697242,2911.8464587469966,0.013784124859780618,0.05834675697843983,14.685872752144657,-228.5319,149.48178,-42.253136,-15.867874,-36.91883,-9.25018,-53.160606,-16.784313,-24.92023,4.4093924,-0.6471775,-21.314713,-6.9582796
366,6.1,0.10152071,249.46916637541824,2328.6265460654363,855.5456558325477,2072.3009517072796,2905.3216756315505,0.013784124859780618,0.05834675697843983,14.685872752144657,-250.03099,138.44293,-38.28563,-13.809944,-27.919283,5.468157,-41.89599,-10.235245,-16.190481,11.431295,-1.8915722,-14.981615,-7.5579004
367,6.116666666666666,0.07104196,242.09335979023214,2841.7935270428306,940.5871149937091,2085.3699891232313,2940.270319185742,0.013784124859780618,0.05834675697843983,14.685872752144657,-251.74826,128.15382,-33.46902,-8.471956,-35.70778,11.554808,-29.394854,-13.560654,-15.792701,17.206987,-5.6835957,-14.648533,-18.970707
368,6.133333333333334,0.04901513,233.40891178892755,3323.7499202691074,921.5298601984213,2118.1882565035576,3054.2054492355155,0.013784124859780618,0.05834675697843983,14.685872752144657,-265.6436,114.57825,-32.852577,-1.9183025,-39.72975,10.917644,-31.517263,-15.152787,-11.960884,16.971437,3.7369459,-3.7202733,-15.044112
369,6.15,0.029662253,232.5853121315757,3499.3673944418633,919.785518411801,2105.98077492529,3172.799800006147,0.013784124859780618,0.05834675697843983,14.685872752144657,-306.01233,110.30176,-25.078415,2.192924,-32.464836,10.943485,-20.258997,-13.178167,-7.6904078,18.172287,9.552105,-8.18333,-19.828949
370,6.166666666666667,0.014028039,0.0,3784.1827459922906,901.3241277286655,1985.32819549423,3005.3167081574447,0.013784124859780618,0.05834675697843983,14.685872752144657,-336.04044,103.414635,-32.195415,-7.38898,-32.643097,7.6168165,-18.037811,-22.925522,-4.2330065,15.62372,11.83104,1.1006014,-8.780291
371,6.183333333333334,0.012582151,0.0,4932.007835247325,893.2677154251004,1966.1170873565052,2838.903649816937,0.013784124859780618,0.05834675697843983,14.685872752144657,-325.33646,75.18698,-39.098633,1.8505263,-44.406845,24.347973,-15.755179,-27.562183,-6.183827,15.107487,14.965893,3.0762558,-17.93143
372,6.2,0.01787069,0.0,7150.734186126995,978.6479443529354,1963.9505552439823,2968.907826942707,0.013784124859780618,0.05834675697843983,14.685872752144657,-289.39032,33.001083,-44.572895,19.632538,-51.55208,35.709602,-22.768276,-14.981516,-6.3151245,19.88924,1.7371693,-2.291244,-20.503746
373,6.216666666666667,0.02662906,0.0,8694.795189778742,1312.2784850056516,2005.2481028271047,3121.4401188753577,0.013784124859780618,0.05834675697843983,14.685872752144657,-275.12067,-16.502169,-45.50952,25.621302,-62.057003,36.471336,-26.683437,-7.7982936,-7.5056496,19.748522,-7.3382306,4.3785768,-14.700164
374,6.233333333333333,0.032026526,0.0,9545.415833830206,1589.1213647558952,2019.8385833467312,3171.7188558802604,0.013784124859780618,0.05834675697843983,14.685872752144657,-286.2988,-46.06539,-34.276283,30.527504,-57.06784,48.566895,-23.594074,0.7236545,-10.784288,14.462015,-7.66315,8.105148,-22.749584
375,6.25,0.030572986,0.0,9896.195408769925,1213.3331386441366,1999.658511079717,3129.669138090881,0.013784124859780618,0.05834675697843983,14.685872752144657,-316.21735,-63.776405,-29.025633,35.75387,-52.983208,51.460957,-21.841358,6.554971,-5.404874,16.300953,-10.253203,7.88165,-19.704384
376,6.266666666666667,0.025760839,0.0,9856.57535574225,1409.2260489594325,1939.0924895636208,3166.492558765135,0.013784124859780618,0.05834675697843983,14.685872752144657,-326.56723,-69.35077,-39.86933,24.744913,-51.943382,50.042397,-19.049408,4.9779425,-2.7348256,20.152859,-7.315219,11.037529,-21.709091
377,6.283333333333333,0.022242246,0.0,9547.842151479053,1653.2535475271093,1930.331662007243,3148.570086681901,0.013784124859780618,0.05834675697843983,14.685872752144657,-336.73572,-69.38081,-42.69446,26.274517,-48.80181,48.43624,-15.417201,2.3504117,-1.4133077,16.229574,-6.9118586,16.511395,-27.008488
378,6.3,0.018086279,0.0,9501.08519408774,1738.3089181944194,1939.1291314708244,3229.065912144943,0.013784124859780618,0.05834675697843983,14.685872752144657,-362.22556,-70.363174,-44.566246,28.26781,-44.089916,49.4709,-10.719163,-0.61969954,-10.764533,4.1354814,-14.050415,11.253004,-18.34803
379,6.316666666666666,0.011914503,0.0,9368.4462194314,1436.8484656715216,2003.7912257132248,3226.4047130413605,0.013784124859780618,0.05834675697843983,14.685872752144657,-392.9257,-59.423553,-36.750828,28.066141,-39.73612,51.513,-3.0087335,1.9631927,-4.7281857,6.6517878,-11.35359,10.26904,-15.747598
380,6.333333333333333,0.007898188,0.0,9334.750501303683,1431.9516776597302,2017.964794707817,3252.11315577535,0.013784124859780618,0.05834675697843983,14.685872752144657,-434.00177,-49.49694,-23.410255,28.098736,-41.738995,44.23014,-5.5176706,1.1667763,9.514176,6.1799154,-7.807625,5.5675716,-17.716887
381,6.35,0.004529351,0.0,9192.908468441763,1390.859792354968,1867.9982148558645,3204.5842390050193,0.013784124859780618,0.05834675697843983,14.685872752144657,-460.04892,-40.077385,-17.713673,32.64099,-39.798126,37.296787,-3.9752033,3.394895,6.590106,-1.7500777,-0.5584471,8.390205,-13.622261
382,6.366666666666666,0.0028765746,0.0,8970.014519077557,1054.6868081560626,1958.5161402947863,3135.3349220826663,0.013784124859780618,0.05834675697843983,14.685872752144657,-503.4052,-29.031647,-6.1280174,26.415337,-35.131355,28.787212,-0.30926323,-5.6197042,10.473034,0.39111707,2.7435021,0.65698934,-15.575947
383,6.383333333333334,0.0012027879,0.0,7874.516118221783,1073.8013495093674,1971.548233031532,3184.3817087503057,0.013784124859780618,0.05834675697843983,14.685872752144657,-545.70654,1.7970532,2.528879,8.750619,-16.072521,9.011733,5.580326,-5.240593,16.322208,1.4046376,0.4397371,3.2099051,-15.795734
384,6.4,0.00032315784,0.0,6784.577309509154,1079.6663280876032,1979.129229167054,3351.9058732458293,0.013784124859780618,0.05834675697843983,14.685872752144657,-564.71936,4.8513975,4.6703377,4.3744187,3.9721847,3.4751635,2.8974304,2.2551298,1.5659096,0.84832036,0.12122938,-0.59677655,-1.2879272
385,6.416666666666667,0.00016709478,0.0,5776.669267044081,660.9468337893513,1850.3819651341355,3210.8730208885404,0.013784124859780618,0.05834675697843983,14.685872752144657,-564.26715,5.4855957,5.2887597,4.966378,4.526801,3.98138,3.3441896,2.6316051,1.8618697,1.0545685,0.23015055,-0.5906852,-1.3875195
386,6.433333333333334,0.00015153039,0.0,5174.7768702954145,249.14353833068836,1792.1045944207328,3156.825529129482,0.013784124859780618,0.05834675697843983,14.685872752144657,-564.86163,4.655472,4.4902163,4.219469,3.8501167,3.3915358,2.855342,2.2550743,1.6058325,0.9238772,0.22617963,-0.4700139,-1.1476434
387,6.45,0.00011137038,0.0,5139.59710901617,253.32004805305678,1855.443356341595,3078.34729829085,0.013784124859780618,0.05834675697843983,14.685872752144657,-565.48883,3.776595,3.6353226,3.4039803,3.088621,2.6974702,2.240733,1.7302827,1.1793523,0.6021729,0.013584405,-0.5713644,-1.137819
388,6.466666666666667,7.883958e-05,0.0,5872.853451549063,247.97846061078022,1516.9079910564662,2712.3755166902074,0.013784124859780618,0.05834675697843983,14.685872752144657,-567.0848,1.548429,1.4929061,1.4018894,1.2776334,1.1231989,0.94239634,0.73967,0.5200015,0.2887664,0.051613495,-0.18568912,-0.41739807
389,6.483333333333333,4.0047624e-05,0.0,6441.511391067509,270.7529106316123,1677.1406017095442,2646.152496165662,0.013784124859780618,0.05834675697843983,14.685872752144657,-568.0513,0.197919,0.19096063,0.17954513,0.16394922,0.14453588,0.121774316,0.09620109,0.06842758,0.039104138,0.008932825,-0.021375857,-0.05110699
390,6.5,2.5725281e-05,0.0,7059.804943801384,302.035681069608,1540.312576926603,2692.115362163246,0.013784124859780618,0.05834675697843983,14.685872752144657,-568.1929,0.0,0.0,0.0,0.0,0.0,0.0,0.0,0.0,0.0,0.0,0.0,0.0
391,6.516666666666667,1.7542747e-05,0.0,8231.032417759387,360.992761591357,1470.6264415543126,2759.5843847704814,0.013784124859780618,0.05834675697843983,14.685872752144657,-568.1929,0.0,0.0,0.0,0.0,0.0,0.0,0.0,0.0,0.0,0.0,0.0,0.0
392,6.533333333333333,1.1948907e-05,0.0,8365.680134771012,555.5486940927517,1882.060860745353,3249.688767105475,0.013784124859780618,0.05834675697843983,14.685872752144657,-568.1929,0.0,0.0,0.0,0.0,0.0,0.0,0.0,0.0,0.0,0.0,0.0,0.0
393,6.55,1.3642164e-05,0.0,8127.129827641917,918.823673975337,2468.974756982572,3713.9668235443232,0.013784124859780618,0.05834675697843983,14.685872752144657,-568.1929,0.0,0.0,0.0,0.0,0.0,0.0,0.0,0.0,0.0,0.0,0.0,0.0
394,6.566666666666666,1.285954e-05,0.0,7984.243358345065,1203.7300765255598,2713.668463039888,3645.9695303970525,0.013784124859780618,0.05834675697843983,14.685872752144657,-568.1929,0.0,0.0,0.0,0.0,0.0,0.0,0.0,0.0,0.0,0.0,0.0,0.0
395,6.583333333333333,7.8204675e-06,0.0,9203.595426918184,1120.7986213059364,2715.280706966362,3336.6807596504013,0.013784124859780618,0.05834675697843983,14.685872752144657,-568.1929,0.0,0.0,0.0,0.0,0.0,0.0,0.0,0.0,0.0,0.0,0.0,0.0
396,6.6,4.790852e-06,0.0,9826.921660865672,719.5876874590391,2182.9171178517345,2549.688632042384,0.013784124859780618,0.05834675697843983,14.685872752144657,-568.1929,0.0,0.0,0.0,0.0,0.0,0.0,0.0,0.0,0.0,0.0,0.0,0.0
397,6.616666666666666,4.010382e-06,0.0,10633.888504922183,1103.002933203455,1982.8966914294274,2862.9204610689267,0.013784124859780618,0.05834675697843983,14.685872752144657,-568.1929,0.0,0.0,0.0,0.0,0.0,0.0,0.0,0.0,0.0,0.0,0.0,0.0
398,6.633333333333334,3.856827e-06,0.0,10686.590407156074,1091.0646139383728,2002.4194876188571,2868.6000880549022,0.013784124859780618,0.05834675697843983,14.685872752144657,-568.1929,0.0,0.0,0.0,0.0,0.0,0.0,0.0,0.0,0.0,0.0,0.0,0.0
399,6.65,3.8561084e-06,0.0,10847.155159567548,1116.5029593863846,2082.906573083348,2989.2248085913134,0.013784124859780618,0.05834675697843983,14.685872752144657,-568.1929,0.0,0.0,0.0,0.0,0.0,0.0,0.0,0.0,0.0,0.0,0.0,0.0
400,6.666666666666667,3.8705657e-06,0.0,10672.164383555426,1134.714907692689,2144.590814315611,3158.5897647435977,0.013784124859780618,0.05834675697843983,14.685872752144657,-568.1929,0.0,0.0,0.0,0.0,0.0,0.0,0.0,0.0,0.0,0.0,0.0,0.0
401,6.683333333333334,3.832756e-06,0.0,10686.677215910393,1142.9378316574898,1951.5365903581383,3160.8457894065145,0.013784124859780618,0.05834675697843983,14.685872752144657,-568.1929,0.0,0.0,0.0,0.0,0.0,0.0,0.0,0.0,0.0,0.0,0.0,0.0
402,6.7,3.836134e-06,0.0,11016.829811218813,1199.435226894577,2062.1841397855587,2865.5201503580415,0.013784124859780618,0.05834675697843983,14.685872752144657,-568.1929,0.0,0.0,0.0,0.0,0.0,0.0,0.0,0.0,0.0,0.0,0.0,0.0
403,6.716666666666667,3.963329e-06,0.0,11131.92024419365,1230.6296038605788,2041.3725460356243,2929.7843415729562,0.013784124859780618,0.05834675697843983,14.685872752144657,-568.1929,0.0,0.0,0.0,0.0,0.0,0.0,0.0,0.0,0.0,0.0,0.0,0.0
404,6.733333333333333,4.0160926e-06,0.0,10717.95940569963,1096.9590991861246,1964.846628391067,2980.1782845887524,0.013784124859780618,0.05834675697843983,14.685872752144657,-568.1929,0.0,0.0,0.0,0.0,0.0,0.0,0.0,0.0,0.0,0.0,0.0,0.0
405,6.75,3.9408155e-06,0.0,10792.026247496651,1067.3072369258803,2076.3222331733855,3060.6513766405888,0.013784124859780618,0.05834675697843983,14.685872752144657,-568.1929,0.0,0.0,0.0,0.0,0.0,0.0,0.0,0.0,0.0,0.0,0.0,0.0
406,6.766666666666667,3.7955554e-06,0.0,10926.870694029332,1092.2205379243649,2140.7429533279546,3096.633501961236,0.013784124859780618,0.05834675697843983,14.685872752144657,-568.1929,0.0,0.0,0.0,0.0,0.0,0.0,0.0,0.0,0.0,0.0,0.0,0.0
407,6.783333333333333,3.7843156e-06,0.0,10846.261307579389,1003.864469603892,2039.8500632200635,2992.0310484304755,0.013784124859780618,0.05834675697843983,14.685872752144657,-568.1929,0.0,0.0,0.0,0.0,0.0,0.0,0.0,0.0,0.0,0.0,0.0,0.0
408,6.8,3.8493995e-06,0.0,10687.30589127462,1064.1587819165766,1962.2200778126569,3015.353012794547,0.013784124859780618,0.05834675697843983,14.685872752144657,-568.1929,0.0,0.0,0.0,0.0,0.0,0.0,0.0,0.0,0.0,0.0,0.0,0.0
409,6.816666666666666,3.9193974e-06,0.0,10737.399878562286,1155.7227996264799,2109.031425848383,2996.5601272256545,0.013784124859780618,0.05834675697843983,14.685872752144657,-568.1929,0.0,0.0,0.0,0.0,0.0,0.0,0.0,0.0,0.0,0.0,0.0,0.0
410,6.833333333333333,3.9242022e-06,0.0,10882.115474922146,1238.0817694736782,2128.036914974011,2956.836373542998,0.013784124859780618,0.05834675697843983,14.685872752144657,-568.1929,0.0,0.0,0.0,0.0,0.0,0.0,0.0,0.0,0.0,0.0,0.0,0.0
411,6.85,3.8900744e-06,0.0,10594.061031677618,1159.8732517736582,2009.5042607906732,2933.3829071895866,0.013784124859780618,0.05834675697843983,14.685872752144657,-568.1929,0.0,0.0,0.0,0.0,0.0,0.0,0.0,0.0,0.0,0.0,0.0,0.0
412,6.866666666666666,3.859121e-06,0.0,10671.32355944463,1020.8649178427569,2013.8826593267963,3007.3487751644006,0.013784124859780618,0.05834675697843983,14.685872752144657,-568.1929,0.0,0.0,0.0,0.0,0.0,0.0,0.0,0.0,0.0,0.0,0.0,0.0
413,6.883333333333334,3.801318e-06,0.0,11008.872971699944,1029.1191137082055,1959.457997900445,3221.348031455116,0.013784124859780618,0.05834675697843983,14.685872752144657,-568.1929,0.0,0.0,0.0,0.0,0.0,0.0,0.0,0.0,0.0,0.0,0.0,0.0
414,6.9,3.850502e-06,0.0,10890.684063451097,1041.0636822210424,2106.2844740328246,3074.3813755578144,0.013784124859780618,0.05834675697843983,14.685872752144657,-568.1929,0.0,0.0,0.0,0.0,0.0,0.0,0.0,0.0,0.0,0.0,0.0,0.0
415,6.916666666666667,3.9137026e-06,0.0,10923.40502644312,1088.2953124060707,2204.3585156141207,2920.4668791549216,0.013784124859780618,0.05834675697843983,14.685872752144657,-568.1929,0.0,0.0,0.0,0.0,0.0,0.0,0.0,0.0,0.0,0.0,0.0,0.0
416,6.933333333333334,3.893693e-06,0.0,10776.67196097648,1034.150224667536,2116.2270958602253,3040.533200708261,0.013784124859780618,0.05834675697843983,14.685872752144657,-568.1929,0.0,0.0,0.0,0.0,0.0,0.0,0.0,0.0,0.0,0.0,0.0,0.0
417,6.95,3.9831775e-06,0.0,10607.303260068484,1047.7484311173953,2064.7189245044515,3007.437525784502,0.013784124859780618,0.05834675697843983,14.685872752144657,-568.1929,0.0,0.0,0.0,0.0,0.0,0.0,0.0,0.0,0.0,0.0,0.0,0.0
418,6.966666666666667,5.8275596e-06,0.0,10542.390210656285,1049.8894494302483,1949.7749595595394,3034.7709190377127,0.013784124859780618,0.05834675697843983,14.685872752144657,-568.1929,0.0,0.0,0.0,0.0,0.0,0.0,0.0,0.0,0.0,0.0,0.0,0.0
419,6.983333333333333,2.0877382e-05,0.0,9287.937442108258,1245.4256366719962,2238.338004637851,3406.787326938827,0.013784124859780618,0.05834675697843983,14.685872752144657,-568.1929,0.0,0.0,0.0,0.0,0.0,0.0,0.0,0.0,0.0,0.0,0.0,0.0
420,7.0,0.030786837,0.0,3518.3190506384963,1336.138667733936,2502.7494004238056,3622.8820911530142,0.013784124859780618,0.05834675697843983,14.685872752144657,-494.59262,78.91855,35.806664,14.750586,16.59586,21.549408,7.1266727,-17.702188,-23.006062,-9.199434,2.347951,2.05927,-2.7511196
421,7.016666666666667,0.10689051,274.91121081962785,2312.4904557916975,515.9388757642926,2006.8617370914278,3098.2361573680005,0.013784124859780618,0.05834675697843983,14.685872752144657,-218.05246,159.21344,-17.27422,25.587742,-22.946503,11.561468,-39.27276,-13.772619,-35.297085,-19.79153,7.512001,-28.131426,-4.6400404
422,7.033333333333333,0.1532323,255.83301247943027,2636.2674816531053,678.3253742618415,2046.992248133856,3087.1749534085034,0.013784124859780618,0.05834675697843983,14.685872752144657,-173.79799,142.35503,-45.326775,24.914942,-27.558405,10.814289,-53.50904,-8.324401,-42.826607,-14.9224,10.588503,-31.80026,-4.673214
423,7.05,0.17395847,253.49422790438857,2488.491632645456,732.0859818499664,2111.6667486727265,3037.2626223736543,0.013784124859780618,0.05834675697843983,14.685872752144657,-195.90756,127.9785,-56.951767,21.523357,-23.02526,6.084569,-56.315887,-12.746733,-36.063015,-6.2973537,13.053917,-31.322819,-9.854207
424,7.066666666666666,0.1631635,251.36731202860977,2379.364522437385,725.310342670717,2134.823799565749,3081.3390610529386,0.013784124859780618,0.05834675697843983,14.685872752144657,-205.2247,136.51044,-47.67884,22.020845,-13.295829,8.468652,-58.29544,-11.704891,-33.959515,-7.8848667,7.657104,-32.3284,-8.926786
425,7.083333333333333,0.16730005,252.14222713056043,1582.7274122272402,590.1777566920031,1826.5404543690215,3073.1556169965356,0.013784124859780618,0.05834675697843983,14.685872752144657,-238.99074,160.04744,-42.80427,19.896675,2.3065853,-4.578553,-43.613686,-15.963696,-29.007328,-24.557812,-2.8673437,-24.997707,-15.468899
426,7.1,0.18555339,255.62740320679083,1616.5256502346872,374.30686745679435,1518.4659946771962,3021.0463797054217,0.013784124859780618,0.05834675697843983,14.685872752144657,-270.3705,130.29726,-40.719063,52.913834,12.178941,-14.786942,-39.912376,-5.827764,-17.662523,-36.006706,-1.7066433,-18.075377,-14.000847
427,7.116666666666666,0.20345637,256.58767966958294,1729.7503327705188,333.91481000926416,1975.6603863695032,3122.159573796189,0.013784124859780618,0.05834675697843983,14.685872752144657,-267.07678,120.299934,-48.292885,54.011467,12.572779,-11.542036,-44.190605,-1.2988464,-14.800913,-39.498158,-1.9968972,-25.211205,-17.127237
428,7.133333333333334,0.19662702,257.74614802229956,2093.784694455223,425.55333483076646,2308.889003891762,3147.0414532085856,0.013784124859780618,0.05834675697843983,14.685872752144657,-201.65231,140.01662,-39.543533,42.126526,-1.1233838,2.841765,-67.705215,-13.119985,-26.875904,-30.00295,-5.1116457,-42.65143,-34.40979
429,7.15,0.17309809,257.83874721809786,2441.444879266219,612.0200664888108,2428.44159254431,3077.1965508082117,0.013784124859780618,0.05834675697843983,14.685872752144657,-234.15942,116.56021,-33.506493,35.692177,-5.0814433,-1.055968,-73.88165,-6.027604,-26.923922,-11.115791,4.261758,-51.557903,-19.237743
430,7.166666666666667,0.14887714,257.0072530811579,2787.4320248336394,704.08724499481,2502.3159340415673,2971.1930495779707,0.013784124859780618,0.05834675697843983,14.685872752144657,-246.31334,99.60909,-34.025692,31.210283,-6.7613034,1.5952423,-76.813354,4.174616,-20.21428,-10.07743,-1.6042204,-48.785927,-12.458039
431,7.183333333333334,0.14818332,257.1539005276795,3083.3801943700832,742.8138080387432,2435.661767684858,2927.800860661219,0.013784124859780618,0.05834675697843983,14.685872752144657,-254.77226,94.99589,-30.665375,30.374056,-9.35203,7.669521,-77.76651,6.701517,-12.868401,-8.725527,-2.9000082,-51.207275,-6.363921
432,7.2,0.15364684,256.7191970165253,2743.310527844721,620.3564641512087,1897.973743514081,2671.1317865367464,0.013784124859780618,0.05834675697843983,14.685872752144657,-271.08252,107.22664,-14.49762,23.225636,-13.962698,16.31332,-68.53357,6.7766457,-11.180191,-9.066864,-0.5613916,-59.615963,-19.24233
433,7.216666666666667,0.17268912,255.76801690747777,1721.4656680154162,369.61773294659105,1208.4297793644173,2357.774468751831,0.013784124859780618,0.05834675697843983,14.685872752144657,-303.75043,134.43903,14.238084,10.089699,-8.402219,22.870655,-56.72843,2.061894,-16.034687,-23.446836,-6.1369867,-51.958736,-30.821507
434,7.233333333333333,0.18574229,255.34166610686648,827.3637196475806,317.41150995527715,1439.8868470726782,2262.485491947224,0.013784124859780618,0.05834675697843983,14.685872752144657,-349.36694,153.40756,9.064986,10.455752,16.159357,3.1149492,-29.715397,2.9899805,-3.3870277,-18.354929,-17.637924,-55.37236,-24.767925
435,7.25,0.19917217,253.69449722882163,747.6760470778378,314.69368504724633,1463.98820662234,2037.0498036578558,0.013784124859780618,0.05834675697843983,14.685872752144657,-366.10828,153.07199,19.695774,12.151726,15.140232,-0.025973082,-33.820503,-8.066009,0.7049839,-8.150486,-17.913933,-56.574123,-26.05539
436,7.266666666666667,0.18542118,251.42825577170012,700.8849786938082,289.83467929619854,1180.9046791850376,2288.2819200284753,0.013784124859780618,0.05834675697843983,14.685872752144657,-372.89615,157.65402,27.058193,4.1152096,13.467902,11.673121,-25.973534,-5.738571,6.76221,-7.106221,-21.841915,-56.97127,-26.920422
437,7.283333333333333,0.16269095,247.7552753121916,836.1408391869468,282.49924243272244,1503.2377867603445,2454.6911585298676,0.013784124859780618,0.05834675697843983,14.685872752144657,-374.3912,151.87402,40.97672,14.21775,7.4122066,22.075333,-21.830313,-14.776877,-1.7416253,-4.2922897,-16.633503,-50.459435,-26.136906
438,7.3,0.15883768,249.59523169759896,2754.039067549053,389.20483218119534,2101.6238506198715,2810.2107525408233,0.013784124859780618,0.05834675697843983,14.685872752144657,-184.62895,133.10739,-0.9289622,38.976746,-17.440155,31.335411,-50.63424,-26.79192,-35.864838,1.2708538,-12.296263,-33.340527,-26.640854
439,7.316666666666666,0.17516688,257.18323015136775,2639.5024186249393,628.6089953543905,2149.355189231188,2847.4982256556523,0.013784124859780618,0.05834675697843983,14.685872752144657,-182.49384,132.26003,-22.862091,24.827799,-13.136554,18.53051,-64.0367,-15.131359,-33.300594,2.5449908,0.22688201,-29.897186,-17.995909
440,7.333333333333333,0.18570085,255.3660162175723,2417.6008443980622,729.1639599309009,2173.0831875426047,2835.2642779886783,0.013784124859780618,0.05834675697843983,14.685872752144657,-209.30891,124.67888,-37.641094,15.041766,-9.884716,12.178465,-67.049255,-16.827938,-31.734896,0.8439578,4.039882,-31.144886,-13.6371765
441,7.35,0.17860466,254.86434191310715,2406.7788110876777,742.392170293796,2192.305304195681,2910.6874393117773,0.013784124859780618,0.05834675697843983,14.685872752144657,-218.33,124.82016,-41.060547,11.758518,-9.63043,8.333867,-70.270836,-16.989475,-33.158905,-3.2110226,0.59647924,-31.456324,-8.885292
442,7.366666666666666,0.16118366,254.1881001582252,2177.3442614205314,685.1916785639023,2253.0535658051467,3009.4874482607647,0.013784124859780618,0.05834675697843983,14.685872752144657,-240.03769,129.21399,-29.125572,17.90466,-0.057343215,10.742111,-74.07978,-13.726847,-21.133785,-8.978298,-2.6534142,-33.288208,-14.307585
443,7.383333333333334,0.14832282,255.51642465361806,2000.9962087092788,536.6408293660721,2292.6427543359596,3047.769248775841,0.013784124859780618,0.05834675697843983,14.685872752144657,-267.83472,134.52115,-22.555527,15.522072,10.969857,19.906448,-74.25319,-15.791637,-20.89331,-30.149286,-0.27006632,-45.72116,-27.553236
444,7.4,0.15049648,258.64653473780004,2522.2125602468723,440.0317579615377,2376.4170302227844,3075.205921665871,0.013784124859780618,0.05834675697843983,14.685872752144657,-261.24005,105.96585,-28.53422,38.718353,17.113974,22.888676,-73.679085,-7.447903,-17.884678,-21.870707,1.2683711,-43.45993,-21.742609
445,7.416666666666667,0.16011673,258.12470586807535,2899.2574514198272,433.9034099816965,2471.5158930230386,3156.709226569886,0.013784124859780618,0.05834675697843983,14.685872752144657,-255.01842,81.84155,-32.51913,59.59491,16.24127,19.14319,-67.04601,-1.4093835,-13.877005,-17.183569,-5.7153277,-34.077805,-17.819874
446,7.433333333333334,0.1595039,257.2237274270847,2989.1557677443684,380.01610351554655,2541.501232321787,3234.973095498458,0.013784124859780618,0.05834675697843983,14.685872752144657,-266.5908,72.5122,-36.240738,62.920914,22.659811,13.568386,-66.03021,15.412271,-14.2214985,-27.232674,-8.8893385,-40.277863,-18.67114
447,7.45,0.15712702,256.49641743382347,2671.349481447131,382.8322745979341,2563.6746461758853,3123.7163299806975,0.013784124859780618,0.05834675697843983,14.685872752144657,-274.77188,90.11061,-33.492115,55.885345,29.117018,8.0230055,-75.37918,13.86597,-12.809992,-28.53975,0.7173641,-45.97838,-14.386919
448,7.466666666666667,0.17146862,256.6698146025733,2483.1169478688817,453.38985872017696,2458.5894297298405,2924.294527150743,0.013784124859780618,0.05834675697843983,14.685872752144657,-268.41202,103.74948,-30.19363,39.929302,25.105633,13.309675,-85.29368,-4.3855205,-21.472923,-16.562973,3.744155,-56.870804,-13.032572
449,7.483333333333333,0.19023706,258.02605580094166,2171.04925710296,515.8278848727055,2202.6170080900074,2772.8263093910887,0.013784124859780618,0.05834675697843983,14.685872752144657,-256.0,123.52985,-22.513624,20.203325,17.807371,28.590038,-77.9556,-16.973415,-43.63353,-15.4833145,13.909069,-51.034786,-11.40835
450,7.5,0.1853807,256.4241798404915,1583.0484030370696,540.1563449934828,1783.4330052212488,2773.7854321494556,0.013784124859780618,0.05834675697843983,14.685872752144657,-273.52023,149.11491,-13.589463,-10.14863,-4.192091,22.035244,-47.38411,-5.848335,-50.478905,-28.831163,2.4236224,-40.24695,-0.028664798
451,7.516666666666667,0.13697036,250.53631948167902,1234.5349689492323,516.0156392220831,1345.3569550334873,2730.799606961477,0.013784124859780618,0.05834675697843983,14.685872752144657,-310.25034,167.84592,7.222212,-16.4245,-15.058613,3.4437892,-27.339806,8.2842045,-32.752014,-28.477262,-14.783976,-41.17832,3.2923265
452,7.533333333333333,0.089880265,247.34362445464373,1174.795490432231,468.74706426005974,1225.5919495032488,2678.5779602796374,0.013784124859780618,0.05834675697843983,14.685872752144657,-356.66434,172.18506,19.129078,-19.886482,-17.336105,-13.8302355,-11.535308,4.514981,-16.117134,-12.102417,-19.651447,-44.517338,-15.156615
453,7.55,0.11345147,250.89081488697562,998.5297444538455,500.235962787312,1231.0269056004456,2749.9708239381407,0.013784124859780618,0.05834675697843983,14.685872752144657,-346.30515,185.57582,21.824017,-22.429798,-24.836826,-29.006186,-15.620933,4.8874016,-17.767414,-15.200551,-23.0297,-37.977608,-5.106697
454,7.566666666666666,0.15774941,256.1502383788743,1034.882504169556,635.8312206580076,1262.7001053341644,2918.665008723756,0.013784124859780618,0.05834675697843983,14.685872752144657,-323.26767,179.40363,15.264198,-20.155306,-36.235107,-39.50345,-26.489326,14.739309,-22.131712,-17.536062,-19.225376,-38.769897,0.35873055
455,7.583333333333333,0.17439286,257.3463355589327,1088.9621777964096,711.8249191127519,1266.0209907367653,3092.763027633027,0.013784124859780618,0.05834675697843983,14.685872752144657,-301.78323,177.42754,4.6837463,-17.38043,-42.75957,-44.542694,-31.296772,20.053234,-26.259247,-25.678394,-8.69243,-36.30955,1.4047492
456,7.6,0.14450409,256.10819207885805,1226.6655817316148,736.1476829201757,1266.8654541082865,3176.0927471508835,0.013784124859780618,0.05834675697843983,14.685872752144657,-292.45923,177.58179,3.2017665,-13.882574,-44.894657,-42.728065,-19.207348,31.878014,-26.829205,-25.894064,-5.6259365,-34.818245,1.5677183
457,7.616666666666666,0.0977029,251.3994811252231,1452.881146399126,839.1507980178505,1275.103688312651,3199.6048240079263,0.013784124859780618,0.05834675697843983,14.685872752144657,-298.11426,171.75818,2.9255316,-18.036522,-50.379463,-36.212143,-6.6385994,37.90306,-14.583117,-21.163763,-13.218245,-23.69984,-0.7880133
458,7.633333333333334,0.062214162,198.67312096509218,1653.1966609160072,1021.0376193460094,1270.7061379878705,3273.072385416171,0.013784124859780618,0.05834675697843983,14.685872752144657,-313.2361,162.89502,-1.5786022,-17.581364,-48.635452,-27.041569,3.7585053,41.85711,-0.14747968,-22.791405,-11.739943,-15.451278,-5.3945255
459,7.65,0.041617524,102.25126120832675,1838.1626236371776,963.6299027306122,1221.5586268853174,3399.4517525172914,0.013784124859780618,0.05834675697843983,14.685872752144657,-329.36136,153.62466,9.456438,-6.128688,-64.14688,-33.044937,13.167869,37.55174,4.818054,-27.690655,-18.320461,-22.062592,-18.228756
460,7.666666666666667,0.031086873,81.36175451429597,2435.518482941138,856.6730071687097,1159.5094887574257,3471.8533779936183,0.013784124859780618,0.05834675697843983,14.685872752144657,-339.21497,135.92319,11.677141,-2.4675255,-83.90451,-35.483635,5.164233,23.064617,7.114374,-28.073135,-8.224995,-20.789795,-23.66058
461,7.683333333333334,0.027088672,78.30336745816125,2180.8853392054216,949.0761910072276,1174.9223232481074,3497.427754065966,0.013784124859780618,0.05834675697843983,14.685872752144657,-355.7935,142.14406,17.67973,-12.813923,-82.38463,-34.18602,10.583355,21.880898,2.6981335,-29.052109,-9.864054,-20.493076,-19.898064
462,7.7,0.024367599,0.0,2024.8259282822241,1047.9982228835165,1156.3467809508566,3414.748417063609,0.013784124859780618,0.05834675697843983,14.685872752144657,-374.56348,145.9412,18.39368,-20.55846,-71.380646,-34.353523,17.186136,25.061855,8.445972,-17.18641,-8.691807,-13.731504,-21.551289
463,7.716666666666667,0.06934315,0.0,1559.435372631489,944.7035464195851,1251.8042689442088,3313.3975929608087,0.013784124859780618,0.05834675697843983,14.685872752144657,-349.22205,159.46542,28.746056,-12.980303,-67.351944,-24.081512,13.4635935,30.904696,7.376503,-24.888937,-18.622606,-20.023914,-15.24451
464,7.733333333333333,0.108336896,249.98997295865638,1411.4018300862408,731.450449305955,1414.5224772659558,3139.821499447176,0.013784124859780618,0.05834675697843983,14.685872752144657,-302.93805,169.26868,21.419123,-7.7828045,-64.102554,-6.227273,13.605988,22.939034,-21.068832,-32.035133,-17.375263,-29.677668,8.372267
465,7.75,0.13349661,244.87420271221308,1545.970103264061,546.6402897950666,1547.179666058017,2557.0251818787247,0.013784124859780618,0.05834675697843983,14.685872752144657,-277.51117,163.98828,-10.270846,-5.7482796,-25.019413,14.125151,1.178701,10.230737,-28.953821,-21.7276,-3.4275079,-16.59763,6.5339956
466,7.766666666666667,0.13576746,241.9833750882836,1486.9162017599806,365.5600507495642,1568.5768109320072,1817.2563878097776,0.013784124859780618,0.05834675697843983,14.685872752144657,-276.32346,167.71606,-20.07035,-14.514563,-6.4367065,20.809689,-21.32257,-9.4813385,-31.64141,-17.294672,-8.90798,-21.46772,4.743737
467,7.783333333333333,0.15187842,240.58027316728086,1055.5237802863705,361.5161124675721,1677.212244376634,2280.2521356218185,0.013784124859780618,0.05834675697843983,14.685872752144657,-314.59262,176.27203,-5.8026814,0.5121595,9.970619,13.05442,-6.049902,-32.465862,-34.22178,-3.7640305,-15.601119,-28.188526,1.1474277
468,7.8,0.16554141,241.52468136686164,839.4749723111103,427.2977921557468,1880.2043048762623,2860.5710911804376,0.013784124859780618,0.05834675697843983,14.685872752144657,-343.854,160.22,9.690065,17.44907,9.736546,17.051394,7.4253163,-40.173386,-43.398117,-5.2736273,-15.040173,-29.143024,-5.867484
469,7.816666666666666,0.17324984,240.89144494794897,857.7048537864301,455.17847201406863,1892.7493507495237,2842.0928030780196,0.013784124859780618,0.05834675697843983,14.685872752144657,-345.9557,155.9579,7.4879627,19.071445,11.834117,16.933529,6.770092,-37.31923,-41.137398,-3.087679,-11.161711,-29.07328,-9.304279
470,7.833333333333333,0.16974083,240.84016468986897,884.7208079287325,474.73125204523745,1895.2699951629636,2924.0247938973816,0.013784124859780618,0.05834675697843983,14.685872752144657,-325.64774,169.90393,7.057061,15.72711,1.1698906,3.962048,-7.135597,-44.73514,-37.413387,-3.7233357,-11.035606,-22.606384,-6.0488844
471,7.85,0.1666138,240.42187105254493,1302.0429121136344,609.6263702937408,1987.4980070792544,3037.5437756056313,0.013784124859780618,0.05834675697843983,14.685872752144657,-256.82693,170.61565,-21.752083,16.947222,1.0332687,-4.5353537,-43.571754,-40.437202,-30.89777,1.9942797,-0.5795817,-17.79751,-5.906042
472,7.866666666666666,0.16264112,237.32008946377104,2120.4189331405914,804.2605469552929,2097.4659034145216,3032.2766598474195,0.013784124859780618,0.05834675697843983,14.685872752144657,-219.50659,145.24231,-42.73172,12.636269,-15.687263,-3.835061,-39.950165,-11.961193,-31.825884,16.546543,3.508429,-19.422676,-6.1159525
473,7.883333333333334,0.16111657,235.82575698034822,2606.442747596202,847.8844624288034,2083.376152830472,3002.067917301963,0.013784124859780618,0.05834675697843983,14.685872752144657,-201.75493,134.00998,-44.97651,9.673879,-29.549286,10.638426,-30.48786,-2.6065505,-26.404034,13.623343,-3.27288,-16.968948,-7.683221
474,7.9,0.14821067,232.47786593758826,2862.3337966670642,869.7416575572436,2072.6229700403455,3010.450383921969,0.013784124859780618,0.05834675697843983,14.685872752144657,-199.01625,128.52632,-38.144356,14.167005,-30.840862,18.866356,-21.773205,-1.2415535,-16.372238,22.934683,-6.6853266,-12.887659,-10.810644
475,7.916666666666667,0.10972534,226.24965684489783,3262.300775723197,862.9926437365317,2110.134919774598,2916.418688647416,0.013784124859780618,0.05834675697843983,14.685872752144657,-217.47414,117.99083,-25.0629,17.011288,-32.426624,29.19378,-27.63781,-10.857286,-11.835851,31.650932,1.1204115,-8.902194,-5.3769183
476,7.933333333333334,0.06511737,223.4768975732833,5550.3414802656425,843.9549763252461,2088.7314391435084,2964.6359985911963,0.013784124859780618,0.05834675697843983,14.685872752144657,-220.52254,74.336426,-26.224468,34.578117,-37.297028,38.464996,-21.423592,-6.415515,-6.1360397,26.363178,-6.2113714,-10.207233,-10.107794
477,7.95,0.037519187,0.0,7995.7097908340975,1241.2947736190577,2117.128848754007,3190.3889081628136,0.013784124859780618,0.05834675697843983,14.685872752144657,-210.39775,15.75045,-35.387047,40.48152,-45.266052,39.91967,-25.347816,-7.5497103,-6.059602,28.039608,-11.948021,-4.053599,-19.032135
478,7.966666666666667,0.039097723,0.0,8655.902602840679,1371.0244784287793,2142.5797652709557,3265.6683705643363,0.013784124859780618,0.05834675697843983,14.685872752144657,-219.2693,-12.380854,-35.955406,48.655243,-35.536007,49.876534,-32.58541,-7.6054907,-2.29956,28.302952,-11.823831,-6.8842545,-22.988857
479,7.983333333333333,0.032033782,0.0,8244.043461624497,980.6458710056108,2112.2869345198264,3113.1031424083185,0.013784124859780618,0.05834675697843983,14.685872752144657,-253.31966,-6.722589,-41.909477,41.421867,-33.05444,47.310734,-33.119446,-13.823037,-4.264035,22.207493,-15.216183,-11.987931,-23.72665
480,8.0,0.06948094,0.0,6028.368704545817,1290.336226949461,2125.564489401051,3015.188405649282,0.013784124859780618,0.05834675697843983,14.685872752144657,-298.9824,41.477123,-17.8434,54.376698,-7.504179,57.40171,-12.002562,-15.695381,-12.806551,18.565603,-15.495117,-21.334858,-23.17443
481,8.016666666666667,0.11284018,236.787003712687,2222.652918480635,288.9197553601702,2132.1127839822752,2928.581967383059,0.013784124859780618,0.05834675697843983,14.685872752144657,-310.70737,102.70705,23.829483,64.55449,-2.4476447,55.129517,-22.45802,-26.486704,-17.077599,-2.011828,-5.784732,-42.85898,-23.974018
482,8.033333333333333,0.14839242,229.41412518010614,2425.820132123211,310.08156517739724,2166.0689024509097,2968.432002996821,0.013784124859780618,0.05834675697843983,14.685872752144657,-313.9053,90.16768,10.158146,62.350426,5.0258245,54.454285,-19.821133,-13.884125,-21.895647,-0.1007362,-3.3393273,-50.603912,-17.465199
483,8.05,0.13282251,224.3237830019082,2501.6981210168933,245.03276244964923,2150.8650924775125,2910.6801109588673,0.013784124859780618,0.05834675697843983,14.685872752144657,-313.0955,86.52522,12.345295,63.943893,3.420183,52.027313,-20.344688,-16.192684,-10.061672,11.603497,-12.30528,-47.247818,-25.645313
484,8.066666666666666,0.09558969,219.91331571153646,5778.729295447529,925.222292028976,2190.985186825624,2890.212126035137,0.013784124859780618,0.05834675697843983,14.685872752144657,-237.97333,34.434204,-28.460098,58.950172,-5.7264543,72.9803,-7.384083,-10.965038,-15.44733,14.105758,-22.504982,-12.388583,-12.215543
485,8.083333333333334,0.07624644,0.0,8502.995083921653,2103.70438945331,2371.263278452312,3136.389814970178,0.013784124859780618,0.05834675697843983,14.685872752144657,-188.98628,-15.392351,-46.169907,45.137367,-21.540377,75.776764,-18.994446,-6.0420628,-15.328877,21.519844,-25.130825,-8.544523,-24.245348
486,8.1,0.08178672,0.0,10009.995386454299,1999.8181460509181,2433.58542691948,3366.895931376951,0.013784124859780618,0.05834675697843983,14.685872752144657,-187.57181,-53.03093,-34.145683,36.179893,-37.32248,74.206635,-22.937067,6.961568,-15.133804,24.37856,-26.983551,-11.301895,-34.710625
487,8.116666666666667,0.0712268,0.0,11094.781969628784,1857.7982832692037,2401.2081883529218,3495.110802443488,0.013784124859780618,0.05834675697843983,14.685872752144657,-262.44662,-58.84388,2.5469337,37.37384,-38.485847,79.460724,-25.744272,12.458422,-20.26265,21.92775,-18.071589,-5.040366,-23.48455
488,8.133333333333333,0.033026546,0.0,10636.332310842023,1375.8513896300635,2104.0128781894045,3513.991133518779,0.013784124859780618,0.05834675697843983,14.685872752144657,-351.80276,-31.81244,15.109256,41.30542,-28.725935,65.86818,-21.134937,6.164853,-19.137177,16.207722,-2.3909616,-6.791135,-21.919668
489,8.15,0.008484564,0.0,8877.892403361031,590.1234679268975,2104.7776301427857,3136.891103165384,0.013784124859780618,0.05834675697843983,14.685872752144657,-432.37192,3.0823772,26.428112,44.76162,-21.57984,58.450172,1.1220218,-11.999601,-8.44478,10.470249,-7.232795,-13.636957,-21.136684
490,8.166666666666666,0.0038586997,0.0,6639.601714420996,198.5633644249841,1991.813900800321,2732.655884258515,0.013784124859780618,0.05834675697843983,14.685872752144657,-485.82852,35.0773,32.844,40.661392,-7.1223016,37.327164,8.006382,-14.907627,8.778458,6.9643755,-0.118903965,-6.1683335,-12.854364
491,8.183333333333334,0.026582804,0.0,8792.458020766306,580.3875382012569,1980.4449075657913,2812.0393790419653,0.013784124859780618,0.05834675697843983,14.685872752144657,-382.3838,15.060926,-6.757697,21.722282,-9.463386,58.704178,-10.105684,21.538502,1.6332562,11.715147,-14.642887,-30.595196,-24.485611
492,8.2,0.04813098,0.0,8720.755918688224,939.7632585398276,2091.912213605966,3040.9830965150677,0.013784124859780618,0.05834675697843983,14.685872752144657,-175.10559,36.994473,-19.961178,12.673008,-37.070976,51.790833,-35.565567,12.465956,-21.657475,15.041943,-19.531391,-21.676624,-34.773354
493,8.216666666666667,0.11125604,0.0,4559.668246986389,485.19744507447433,2014.8655908856963,2908.3944850623593,0.013784124859780618,0.05834675697843983,14.685872752144657,-173.84734,100.01632,7.3674874,34.77924,-18.225376,41.60305,-42.645187,-9.418515,-33.491127,-1.1285167,-20.261787,-21.744846,-31.002111
494,8.233333333333333,0.12405954,236.15417554176497,3058.165789350748,364.38287221814693,2023.8711445351867,3011.0060671141537,0.013784124859780618,0.05834675697843983,14.685872752144657,-173.57256,132.98282,-8.066604,25.67374,-11.983718,38.13345,-41.21051,-1.2896272,-26.01945,-8.066395,-16.91049,-22.206873,-22.042358
495,8.25,0.112183206,237.0391300306611,3808.241095014179,285.1343412342499,2067.997186342393,3025.737250460507,0.013784124859780618,0.05834675697843983,14.685872752144657,-226.65819,102.41815,-15.646923,52.65465,8.737417,39.281822,-51.991535,10.6771145,6.3194036,-5.8512945,-22.020124,-11.669138,-8.362662
496,8.266666666666667,0.1331336,237.43675821263497,2397.888094534409,353.00810713903246,2168.978388391125,2756.169673571918,0.013784124859780618,0.05834675697843983,14.685872752144657,-197.38016,149.82994,-29.379425,31.965305,10.838547,38.869923,-58.340927,-15.620688,-16.595167,-17.797688,-13.057418,-20.757206,-13.564856
497,8.283333333333333,0.14703363,233.68682884223406,2077.859161542926,520.5184861356068,2224.615590349377,2511.028828653055,0.013784124859780618,0.05834675697843983,14.685872752144657,-217.18193,148.58588,-35.63225,19.220684,16.978008,29.861538,-69.007,-18.04275,-19.066437,-8.865395,4.1870255,-30.937134,-20.272923
498,8.3,0.1427863,233.83920336185338,2157.2579142854256,540.6891463716211,2338.100290283366,3035.4547867610054,0.013784124859780618,0.05834675697843983,14.685872752144657,-241.53822,132.71199,-33.470634,23.184834,14.710955,21.07605,-68.600815,-17.5804,-15.719368,-3.5532115,-3.784783,-38.659492,-16.113232
499,8.316666666666666,0.13982242,234.58089499133226,2281.415812114497,466.03363606486425,2409.004154648817,3067.901696319116,0.013784124859780618,0.05834675697843983,14.685872752144657,-248.98354,122.27053,-32.98175,34.25175,21.599552,18.165287,-64.15831,-8.634855,-16.582478,-7.4745817,-2.8871417,-41.010468,-11.959956
500,8.333333333333334,0.14657311,235.08672044361688,2396.308210284435,422.7345057194369,2512.3043808627795,3165.1106830374815,0.013784124859780618,0.05834675697843983,14.685872752144657,-256.97458,114.45894,-28.457584,48.466637,28.490448,20.201511,-62.92814,-0.9830351,-19.041288,-16.581219,-4.772644,-50.661186,-12.964099
501,8.35,0.1465992,235.61340314391538,2240.739272583467,425.6602484831971,2554.1073641838566,3262.8848608777243,0.013784124859780618,0.05834675697843983,14.685872752144657,-271.3622,112.58553,-19.366268,58.577805,32.77873,6.5722976,-63.373768,4.537534,-26.723902,-16.703653,-8.719774,-53.93229,-7.579921
502,8.366666666666667,0.13798782,233.86986441574322,2333.986863152454,377.7156548824736,2541.0743536944105,3384.205103762497,0.013784124859780618,0.05834675697843983,14.685872752144657,-300.19095,104.79804,-9.459678,63.201733,37.694344,-3.9279203,-59.176964,20.989063,-25.420061,-5.3634796,4.4302673,-51.41491,-7.897587
503,8.383333333333333,0.13307145,228.8153416103276,2153.7895808435205,275.90051968335155,2587.1110429854384,3550.787932612749,0.013784124859780618,0.05834675697843983,14.685872752144657,-324.02313,106.390434,-6.104327,62.164566,44.308453,0.3226297,-51.21572,25.997639,-18.217983,-3.8433757,13.916407,-48.879124,-6.161182
504,8.4,0.1322621,226.51204321511136,2081.2920112461293,269.8645945689081,2639.7214454523973,3562.9915060382236,0.013784124859780618,0.05834675697843983,14.685872752144657,-327.7611,109.40447,10.353776,78.67489,42.086975,-7.0108004,-48.631172,24.188095,-21.097748,-5.593144,9.554649,-48.628155,-3.1478903
505,8.416666666666666,0.13803756,228.46935052315902,2295.7577097335725,316.42647714429773,2666.1323588674545,3562.372560650606,0.013784124859780618,0.05834675697843983,14.685872752144657,-324.7645,91.40625,2.213291,88.676025,42.4097,-5.194268,-47.975792,30.340214,-20.725685,-10.113598,5.3126974,-53.512344,-5.114621
506,8.433333333333334,0.14805152,230.45985960031038,2173.86556266622,389.4519186640422,2658.2632489154967,3469.325534572156,0.013784124859780618,0.05834675697843983,14.685872752144657,-317.60828,90.77928,-4.9656024,88.80333,45.84297,-8.182546,-60.10439,19.99573,-25.072142,-17.534657,-3.1226583,-56.356747,-7.163541
507,8.45,0.13917932,230.8874198327549,1968.245856180075,426.91181638562205,2634.5896345886927,3380.454948975044,0.013784124859780618,0.05834675697843983,14.685872752144657,-314.29013,101.48972,-1.1096644,91.02855,53.523514,-2.4500983,-66.58421,6.634219,-25.393812,-19.267166,0.6883663,-50.89334,-5.593069
508,8.466666666666667,0.12205698,226.66057617306794,2147.261857105449,374.6250826006367,2518.8683520221634,3264.137055313207,0.013784124859780618,0.05834675697843983,14.685872752144657,-306.94345,110.55345,-5.883012,70.49499,42.580914,1.6329033,-60.76319,-2.4837072,-27.322418,-9.3787365,-2.9132786,-44.75425,2.658229
509,8.483333333333333,0.101658784,222.99015020561262,2343.8039693208193,335.20247640300346,2438.3095642644435,3105.557493686145,0.013784124859780618,0.05834675697843983,14.685872752144657,-307.0295,111.237885,-7.896101,57.881126,41.53329,3.0526793,-56.01641,-7.4632235,-27.688831,13.798512,-3.3280342,-35.901535,4.474536
510,8.5,0.094459906,223.89736103698218,2654.4497768965584,301.7785588634848,2405.368425458228,3014.1943132970355,0.013784124859780618,0.05834675697843983,14.685872752144657,-310.11758,106.87879,-5.2696924,51.55198,34.901093,13.7649,-48.593224,-12.860931,-30.631374,18.184101,-7.5727816,-35.737354,7.3201575
511,8.516666666666667,0.0835683,224.4632553902354,2150.7971254095837,269.7990106686933,2303.2314519239076,2985.150144167536,0.013784124859780618,0.05834675697843983,14.685872752144657,-321.27628,117.50191,-7.7978168,41.80226,30.949516,6.876347,-38.99379,-8.466718,-20.320206,22.193144,-4.7801332,-34.62397,4.5949593
512,8.533333333333333,0.06891506,220.78970633670357,2292.5913351455993,254.81166634395868,2176.2763881940054,2939.2491194161903,0.013784124859780618,0.05834675697843983,14.685872752144657,-340.85458,113.330765,-0.9149257,39.361984,22.291752,6.253709,-32.34047,-14.9517565,-17.70377,29.591854,1.215739,-33.30378,-1.1982067
513,8.55,0.041539013,216.65199980207157,2914.778294239331,235.0981024904001,2171.2925294870547,2946.9545820101484,0.013784124859780618,0.05834675697843983,14.685872752144657,-365.80017,94.50926,-3.046176,42.00578,20.963047,15.062809,-17.974747,-14.723852,-7.6593614,31.584631,-1.9904989,-20.66813,1.4569321
514,8.566666666666666,0.019856853,213.90475197808468,3836.2622323312917,476.85236122839945,2179.612859115284,2976.104617069627,0.013784124859780618,0.05834675697843983,14.685872752144657,-394.73312,87.2213,-1.4285448,29.042858,9.961109,15.589506,-8.213274,-17.447956,-6.378894,26.11649,-6.445838,-22.055851,-1.9114953
515,8.583333333333334,0.012233356,0.0,6997.1174105412865,1327.4065769529125,2479.29344419341,3529.130766104126,0.013784124859780618,0.05834675697843983,14.685872752144657,-353.01028,40.670395,-13.331079,44.474255,-21.650305,35.425205,-18.535133,-19.57111,-3.0994742,21.829966,-2.658767,-17.889666,-10.545141
516,8.6,0.0191946,0.0,8928.690293941621,2061.0646729223145,2823.6938611798105,4184.503629183958,0.013784124859780618,0.05834675697843983,14.685872752144657,-303.23712,-13.603943,-23.906164,40.733498,-33.736824,60.33477,-20.518473,-8.527052,-6.6450996,21.477978,-12.014858,-5.8209887,-13.519228
517,8.616666666666667,0.02695578,0.0,9537.632851498609,2014.607805971577,2604.1283325616955,3935.686132413549,0.013784124859780618,0.05834675697843983,14.685872752144657,-294.79865,-39.92508,-19.929436,49.423996,-32.688965,63.423164,-23.880085,-11.62489,-16.993073,21.653677,-12.181666,-7.617197,-28.282146
518,8.633333333333333,0.029156879,0.0,9783.867557771902,1892.0727087835858,2673.214904869806,3876.9534464652083,0.013784124859780618,0.05834675697843983,14.685872752144657,-308.8922,-55.350273,-15.592854,53.908424,-34.31656,64.60457,-23.441528,-4.86587,-9.432864,21.000877,-6.684517,4.579425,-19.864637
519,8.65,0.02551971,0.0,9821.942746760275,1929.0796685376204,2643.0733924180786,3873.983094491716,0.013784124859780618,0.05834675697843983,14.685872752144657,-335.83313,-59.385384,-9.548817,57.11975,-38.08989,58.01364,-17.77792,-4.354123,-13.78898,18.200975,-9.424253,3.4789257,-16.033167
520,8.666666666666666,0.018537655,0.0,9969.262927690568,1919.4837072526443,2230.167877710201,3311.1468374532524,0.013784124859780618,0.05834675697843983,14.685872752144657,-350.29196,-57.520844,-15.94764,41.977455,-37.952774,60.425278,-24.129284,-9.016039,-21.573626,1.9008361,-15.727431,7.3985863,-20.002583
521,8.683333333333334,0.015074506,0.0,9836.821969412915,1883.5476121916408,2115.463984064295,3057.370236395567,0.013784124859780618,0.05834675697843983,14.685872752144657,-378.36017,-57.174053,-23.453856,33.932114,-42.383514,56.48514,-20.28925,-7.6263924,-14.61261,5.2522745,-15.228676,8.286421,-11.860941
522,8.7,0.009449163,0.0,9378.19353691241,1820.1494291382264,2361.526922275605,3710.863043295861,0.013784124859780618,0.05834675697843983,14.685872752144657,-412.97177,-43.746128,-12.870389,41.228386,-39.925423,56.46907,-9.15208,-6.1130157,1.5671775,8.679842,-10.32798,0.92293155,-17.603886
523,8.716666666666667,0.0064175148,0.0,8401.375652076696,1454.3692514374402,2141.265909216392,3138.82203154626,0.013784124859780618,0.05834675697843983,14.685872752144657,-395.55713,15.095876,-4.3780146,8.175213,-64.455475,39.836494,-1.0199318,13.873379,24.65935,7.752122,-12.1358795,-11.758419,-23.385773
524,8.733333333333333,0.00371187,0.0,7319.537764356559,1087.327607662759,2015.3503421146452,2732.8119357283085,0.013784124859780618,0.05834675697843983,14.685872752144657,-440.2884,33.326317,1.2312869,2.5335543,-56.451374,30.702759,10.757545,10.290752,33.66691,7.1260967,-5.888666,-14.966679,-20.759377
525,8.75,0.0011903308,0.0,7590.014555421565,1126.942398857398,2270.314840201685,3653.375627009165,0.013784124859780618,0.05834675697843983,14.685872752144657,-538.0652,14.409727,11.669597,10.494347,-16.149212,7.6690516,9.138442,5.367983,22.418348,1.3652315,-4.8784122,-4.189589,-17.865946
526,8.766666666666667,0.0006063657,0.0,5142.535730415633,1171.5431412443434,2025.4339262609494,3517.3102808301405,0.013784124859780618,0.05834675697843983,14.685872752144657,-550.0558,24.031376,19.9624,15.303059,11.833172,10.2152195,9.737605,8.941568,6.6469326,2.6825829,-2.0959992,-6.404728,-9.276352
527,8.783333333333333,0.0005584751,0.0,4325.185626129272,693.5282758206741,1536.7216287256983,2644.6740364191214,0.013784124859780618,0.05834675697843983,14.685872752144657,-552.92834,20.595194,18.001945,14.746101,11.816103,9.746757,8.403645,7.1584716,5.3249407,2.5861151,-0.824068,-4.2567997,-6.9880333
528,8.8,0.00035388788,0.0,5064.683659488499,141.33306290736684,1446.6057059377608,2334.1811562975686,0.013784124859780618,0.05834675697843983,14.685872752144657,-560.3333,10.952501,10.471791,9.693991,8.652536,7.3911095,5.960906,4.417569,2.8180814,1.2179267,-0.33141676,-1.7842991,-3.102199
529,8.816666666666666,0.0002703717,0.0,4796.484667785506,236.9471561141309,1340.9847423665067,2474.5128883660796,0.013784124859780618,0.05834675697843983,14.685872752144657,-559.0829,12.691631,12.123737,11.202656,9.965151,8.460109,6.746064,4.888384,2.956102,1.0186875,-0.8571186,-2.6102083,-4.1875935
530,8.833333333333334,0.00025184226,0.0,6218.119706369587,265.3083627881652,1374.1808340461666,2561.5648996621912,0.013784124859780618,0.05834675697843983,14.685872752144657,-562.0403,8.5672,8.171028,7.5289946,6.667487,5.62153,4.432965,3.148372,1.8167491,0.4871529,-0.7936168,-1.98309,-3.0449133
531,8.85,0.00014452936,0.0,6201.029383144323,329.6350607980057,1423.1747934309303,2725.727719778946,0.013784124859780618,0.05834675697843983,14.685872752144657,-563.5668,6.4421997,6.146814,5.6700163,5.034064,4.2682114,3.4069371,2.487897,1.549722,0.62982535,-0.23767366,-1.023723,-1.7057235
532,8.866666666666667,9.174974e-05,0.0,8259.49346135736,496.1125080917972,1440.9879505137865,2737.651907466267,0.013784124859780618,0.05834675697843983,14.685872752144657,-568.0928,0.13971962,0.13437317,0.12561582,0.1136649,0.098831914,0.0814859,0.062071566,0.041080534,0.019045472,-0.003473021,-0.025903132,-0.047674913
533,8.883333333333333,4.314019e-05,0.0,8431.93555459522,534.1609935566041,1439.7423978774373,2484.640820361496,0.013784124859780618,0.05834675697843983,14.685872752144657,-567.7189,0.6630345,0.6414218,0.60593307,0.55735934,0.49678212,0.42554492,0.3452275,0.25761238,0.1646342,0.0683494,-0.029122254,-0.12563896
534,8.9,3.9978513e-05,0.0,8884.169242654516,459.1414022251025,1641.8145637642713,2602.3143293110047,0.013784124859780618,0.05834675697843983,14.685872752144657,-568.1929,0.0,0.0,0.0,0.0,0.0,0.0,0.0,0.0,0.0,0.0,0.0,0.0
535,8.916666666666666,1.9850551e-05,0.0,10584.28712996345,574.9450166402914,1766.6779890045711,2820.6942340936985,0.013784124859780618,0.05834675697843983,14.685872752144657,-568.1929,0.0,0.0,0.0,0.0,0.0,0.0,0.0,0.0,0.0,0.0,0.0,0.0
536,8.933333333333334,1.9927596e-05,0.0,11500.866305779029,503.00822556701894,1732.2320380150566,2666.9133419668387,0.013784124859780618,0.05834675697843983,14.685872752144657,-568.1929,0.0,0.0,0.0,0.0,0.0,0.0,0.0,0.0,0.0,0.0,0.0,0.0
537,8.95,1.7160357e-05,0.0,11471.188731252982,620.8354135300472,2015.4073828059422,2561.608625260346,0.013784124859780618,0.05834675697843983,14.685872752144657,-568.1929,0.0,0.0,0.0,0.0,0.0,0.0,0.0,0.0,0.0,0.0,0.0,0.0
538,8.966666666666667,9.958193e-06,0.0,10851.92577307707,881.0217194330031,2006.3347910948821,3077.6759152823047,0.013784124859780618,0.05834675697843983,14.685872752144657,-568.1929,0.0,0.0,0.0,0.0,0.0,0.0,0.0,0.0,0.0,0.0,0.0,0.0
539,8.983333333333333,4.118163e-06,0.0,10844.883814853805,953.2979449426077,2044.911001980793,3097.732999955788,0.013784124859780618,0.05834675697843983,14.685872752144657,-568.1929,0.0,0.0,0.0,0.0,0.0,0.0,0.0,0.0,0.0,0.0,0.0,0.0
540,9.0,4.166472e-06,0.0,10806.539541172018,1117.7194328460191,1961.510141797317,2809.539603174719,0.013784124859780618,0.05834675697843983,14.685872752144657,-568.1929,0.0,0.0,0.0,0.0,0.0,0.0,0.0,0.0,0.0,0.0,0.0,0.0
541,9.016666666666667,4.065151e-06,0.0,10762.561307779735,1172.8913894509767,1886.5062011716002,2825.1480789574553,0.013784124859780618,0.05834675697843983,14.685872752144657,-568.1929,0.0,0.0,0.0,0.0,0.0,0.0,0.0,0.0,0.0,0.0,0.0,0.0
542,9.033333333333333,4.052901e-06,0.0,10687.970327218196,1088.869905618653,1996.8733039084873,2967.7545925348227,0.013784124859780618,0.05834675697843983,14.685872752144657,-568.1929,0.0,0.0,0.0,0.0,0.0,0.0,0.0,0.0,0.0,0.0,0.0,0.0
543,9.05,4.069659e-06,0.0,10697.649941606343,1111.0833308994397,2059.7405426198343,3002.3407182623155,0.013784124859780618,0.05834675697843983,14.685872752144657,-568.1929,0.0,0.0,0.0,0.0,0.0,0.0,0.0,0.0,0.0,0.0,0.0,0.0
544,9.066666666666666,4.0275813e-06,0.0,10783.757992167737,1067.7772463008291,2187.6449058240437,3131.214906474595,0.013784124859780618,0.05834675697843983,14.685872752144657,-568.1929,0.0,0.0,0.0,0.0,0.0,0.0,0.0,0.0,0.0,0.0,0.0,0.0
545,9.083333333333334,4.0092864e-06,0.0,10814.871022096328,987.2509190498761,2100.9231660976106,2930.170190311163,0.013784124859780618,0.05834675697843983,14.685872752144657,-568.1929,0.0,0.0,0.0,0.0,0.0,0.0,0.0,0.0,0.0,0.0,0.0,0.0
546,9.1,3.9111032e-06,0.0,10700.661011550019,1031.3522434499985,1963.5858970069762,2877.9687281302085,0.013784124859780618,0.05834675697843983,14.685872752144657,-568.1929,0.0,0.0,0.0,0.0,0.0,0.0,0.0,0.0,0.0,0.0,0.0,0.0
547,9.116666666666667,3.8973667e-06,0.0,10687.179097430246,1081.252473982944,1940.1871190644026,2943.8777074420036,0.013784124859780618,0.05834675697843983,14.685872752144657,-568.1929,0.0,0.0,0.0,0.0,0.0,0.0,0.0,0.0,0.0,0.0,0.0,0.0
548,9.133333333333333,3.9414344e-06,0.0,10987.329334731741,1092.929306431268,2079.280699460802,2926.284563305305,0.013784124859780618,0.05834675697843983,14.685872752144657,-568.1929,0.0,0.0,0.0,0.0,0.0,0.0,0.0,0.0,0.0,0.0,0.0,0.0
549,9.15,3.9910738e-06,0.0,10703.378356178859,1089.1023620281926,2082.3190314565554,3011.327976215507,0.013784124859780618,0.05834675697843983,14.685872752144657,-568.1929,0.0,0.0,0.0,0.0,0.0,0.0,0.0,0.0,0.0,0.0,0.0,0.0
550,9.166666666666666,4.0598266e-06,0.0,10732.030829411819,1045.5535200079523,1828.401104925816,3059.0743749104086,0.013784124859780618,0.05834675697843983,14.685872752144657,-568.1929,0.0,0.0,0.0,0.0,0.0,0.0,0.0,0.0,0.0,0.0,0.0,0.0
551,9.183333333333334,4.026871e-06,0.0,10506.411985707657,919.3791405504292,1894.1867078631255,3081.8925105111725,0.013784124859780618,0.05834675697843983,14.685872752144657,-568.1929,0.0,0.0,0.0,0.0,0.0,0.0,0.0,0.0,0.0,0.0,0.0,0.0
552,9.2,3.9640413e-06,0.0,10828.017836069417,961.7977992881358,2002.0940965510217,2963.875775422216,0.013784124859780618,0.05834675697843983,14.685872752144657,-568.1929,0.0,0.0,0.0,0.0,0.0,0.0,0.0,0.0,0.0,0.0,0.0,0.0
553,9.216666666666667,3.9335882e-06,0.0,10784.822176709695,1088.7586915221827,1921.151425634017,2892.1107809381015,0.013784124859780618,0.05834675697843983,14.685872752144657,-568.1929,0.0,0.0,0.0,0.0,0.0,0.0,0.0,0.0,0.0,0.0,0.0,0.0
554,9.233333333333333,3.9842935e-06,0.0,10795.577889274704,1217.539404591199,1941.8057208821838,3015.8691793331554,0.013784124859780618,0.05834675697843983,14.685872752144657,-568.1929,0.0,0.0,0.0,0.0,0.0,0.0,0.0,0.0,0.0,0.0,0.0,0.0
555,9.25,4.063126e-06,0.0,10949.599693552613,1201.1422387162486,2098.20996700976,2963.071065069649,0.013784124859780618,0.05834675697843983,14.685872752144657,-568.1929,0.0,0.0,0.0,0.0,0.0,0.0,0.0,0.0,0.0,0.0,0.0,0.0
556,9.266666666666667,3.8915477e-06,0.0,10772.801149514698,1081.1269666590651,2179.1634628062734,2989.71401404468,0.013784124859780618,0.05834675697843983,14.685872752144657,-568.1929,0.0,0.0,0.0,0.0,0.0,0.0,0.0,0.0,0.0,0.0,0.0,0.0
557,9.283333333333333,3.9214533e-06,0.0,10916.219936680107,983.5036587163711,2179.959537818215,2897.8199490541883,0.013784124859780618,0.05834675697843983,14.685872752144657,-568.1929,0.0,0.0,0.0,0.0,0.0,0.0,0.0,0.0,0.0,0.0,0.0,0.0
558,9.3,3.9157435e-06,0.0,10761.593354825924,972.4870195387806,2097.2383853295087,2872.029320508119,0.013784124859780618,0.05834675697843983,14.685872752144657,-568.1929,0.0,0.0,0.0,0.0,0.0,0.0,0.0,0.0,0.0,0.0,0.0,0.0
559,9.316666666666666,3.9691135e-06,0.0,10757.583593970809,1043.4359563752212,2109.379648698736,2953.289948950475,0.013784124859780618,0.05834675697843983,14.685872752144657,-568.1929,0.0,0.0,0.0,0.0,0.0,0.0,0.0,0.0,0.0,0.0,0.0,0.0
560,9.333333333333334,3.90774e-06,0.0,10882.291090442264,1137.6768009492803,2079.6693093367076,2891.2116023384865,0.013784124859780618,0.05834675697843983,14.685872752144657,-568.1929,0.0,0.0,0.0,0.0,0.0,0.0,0.0,0.0,0.0,0.0,0.0,0.0
561,9.35,3.9025817e-06,0.0,10929.654984478433,1037.0734574151204,2044.9938818691767,2983.724710643307,0.013784124859780618,0.05834675697843983,14.685872752144657,-568.1929,0.0,0.0,0.0,0.0,0.0,0.0,0.0,0.0,0.0,0.0,0.0,0.0
562,9.366666666666667,3.927152e-06,0.0,10781.359529502439,1086.9904202453158,2185.989190044342,3163.9512432732954,0.013784124859780618,0.05834675697843983,14.685872752144657,-568.1929,0.0,0.0,0.0,0.0,0.0,0.0,0.0,0.0,0.0,0.0,0.0,0.0
563,9.383333333333333,3.856434e-06,0.0,10851.651875462827,1123.634443595075,2193.649489553405,3316.7941030324396,0.013784124859780618,0.05834675697843983,14.685872752144657,-568.1929,0.0,0.0,0.0,0.0,0.0,0.0,0.0,0.0,0.0,0.0,0.0,0.0
564,9.4,3.884041e-06,0.0,10755.98759893829,1145.1221729513427,2221.047082506231,3137.969608892226,0.013784124859780618,0.05834675697843983,14.685872752144657,-568.1929,0.0,0.0,0.0,0.0,0.0,0.0,0.0,0.0,0.0,0.0,0.0,0.0
565,9.416666666666666,3.9198753e-06,0.0,10920.479715944879,1251.2952581912612,2385.848524072428,3207.7360903810936,0.013784124859780618,0.05834675697843983,14.685872752144657,-568.1929,0.0,0.0,0.0,0.0,0.0,0.0,0.0,0.0,0.0,0.0,0.0,0.0
566,9.433333333333334,4.0443383e-06,0.0,10916.902188775577,1165.1942091396593,2119.644954730412,3186.99784133137,0.013784124859780618,0.05834675697843983,14.685872752144657,-568.1929,0.0,0.0,0.0,0.0,0.0,0.0,0.0,0.0,0.0,0.0,0.0,0.0
567,9.45,3.936146e-06,0.0,10749.907706038115,1048.5123171417931,2100.273332672152,2961.491068462595,0.013784124859780618,0.05834675697843983,14.685872752144657,-568.1929,0.0,0.0,0.0,0.0,0.0,0.0,0.0,0.0,0.0,0.0,0.0,0.0
568,9.466666666666667,5.054289e-06,0.0,10994.830217090495,1070.3065479265542,2413.793216035129,3213.675229567024,0.013784124859780618,0.05834675697843983,14.685872752144657,-568.1929,0.0,0.0,0.0,0.0,0.0,0.0,0.0,0.0,0.0,0.0,0.0,0.0
569,9.483333333333333,1.0744267e-05,0.0,12160.879674729053,1188.6798842735016,2338.2765297321985,3584.8686721802483,0.013784124859780618,0.05834675697843983,14.685872752144657,-568.1929,0.0,0.0,0.0,0.0,0.0,0.0,0.0,0.0,0.0,0.0,0.0,0.0
570,9.5,4.3560067e-05,0.0,12047.537715233748,1155.7005317233213,2177.6347257362613,3252.2113714567104,0.013784124859780618,0.05834675697843983,14.685872752144657,-568.1929,0.0,0.0,0.0,0.0,0.0,0.0,0.0,0.0,0.0,0.0,0.0,0.0
571,9.516666666666667,0.008407975,0.0,5365.730467933354,1078.1081336394213,1999.0294837220401,2717.295571576296,0.013784124859780618,0.05834675697843983,14.685872752144657,-543.4252,14.123345,-21.033524,-26.224186,-0.15142152,18.977676,9.593378,-7.987917,-7.8503494,4.246721,5.9026327,-5.058428,-9.993712
572,9.533333333333333,0.03195481,0.0,5849.355664287321,1163.4995727852474,2071.9134511883776,2586.5803080058204,0.013784124859780618,0.05834675697843983,14.685872752144657,-268.05316,64.15431,-45.247993,-3.4652598,-50.93969,35.476173,-18.314367,-23.358994,-32.19238,3.3233275,-12.370768,-19.247044,-21.847622
573,9.55,0.10618739,293.82698219401794,3390.587572397832,913.955062203245,2052.5620607932287,3044.1467052405455,0.013784124859780618,0.05834675697843983,14.685872752144657,-167.10078,124.189995,-42.743126,20.38542,-28.786087,20.142956,-41.762173,-15.769669,-36.744637,-8.764002,-15.088995,-20.840816,-25.340618
574,9.566666666666666,0.13083069,295.1783052356691,2677.144658045059,699.5253832057238,1997.898882596491,3000.921564348166,0.013784124859780618,0.05834675697843983,14.685872752144657,-164.11024,138.91818,-66.08261,8.647955,-24.27909,2.163937,-52.734818,-11.973459,-32.47227,-15.745447,1.3879201,-22.125374,-22.338697
575,9.583333333333334,0.13276058,290.5760531748709,3042.3509859254914,788.5720872213374,2027.5625717460846,3066.391923649326,0.013784124859780618,0.05834675697843983,14.685872752144657,-198.63899,114.23375,-67.90541,-1.9856281,-37.56847,-1.2639359,-59.87756,-4.560438,-29.097553,-16.797302,9.931921,-20.987398,-23.28174
576,9.6,0.11637954,286.9983809299032,3245.5566692590455,744.0388911274355,2007.7916720258916,3075.9949925161254,0.013784124859780618,0.05834675697843983,14.685872752144657,-202.7119,100.09825,-60.47159,1.8798039,-39.136776,-1.6071231,-65.62349,-5.6090927,-40.022766,-19.680061,0.93074584,-23.13321,-24.911701
577,9.616666666666667,0.1067386,286.4379938355697,2796.1144382544635,558.7019796136942,1946.0754717339585,3000.1873228182676,0.013784124859780618,0.05834675697843983,14.685872752144657,-211.29114,126.96868,-51.45041,0.5475149,-29.798824,5.8723125,-66.2288,-14.061454,-44.881886,-38.249786,-4.204498,-37.204082,-27.166351
578,9.633333333333333,0.09434243,288.409990756642,2094.248195091313,372.3919703422404,1928.7733072135043,2897.450360793303,0.013784124859780618,0.05834675697843983,14.685872752144657,-290.6102,130.68358,-42.787582,11.505495,-6.7141604,-4.8296824,-36.40731,-11.484022,-38.113144,-44.068653,9.655564,-39.514942,-41.67803
579,9.65,0.09855958,289.3544640896277,2120.4225059281166,344.95298854520655,1984.1154206970452,2980.5584384854715,0.013784124859780618,0.05834675697843983,14.685872752144657,-306.10202,117.609985,-45.082138,28.18977,7.5736055,-8.645463,-30.54131,-4.4408646,-34.81169,-46.401035,12.131077,-33.633034,-41.389977
580,9.666666666666666,0.1111747,290.39574809070336,2301.915015994358,416.9675489788061,2100.9301982611173,3235.1988683984355,0.013784124859780618,0.05834675697843983,14.685872752144657,-278.0482,115.85387,-52.943897,32.487675,11.759548,-10.160345,-45.14214,-2.6723495,-22.532646,-39.779427,3.7027092,-36.60597,-44.27489
581,9.683333333333334,0.12145686,292.55766824618496,3283.739836917226,585.4738047828235,2368.45688099224,3182.493477190665,0.013784124859780618,0.05834675697843983,14.685872752144657,-213.94328,102.39535,-46.99233,26.973747,-1.2603652,3.321453,-77.612946,-0.87035966,-20.78183,-25.925472,-8.199295,-39.964714,-49.61345
582,9.7,0.12056059,294.5137049129411,3631.607073899392,688.4990087049562,2431.5689006128523,3130.4483160615714,0.013784124859780618,0.05834675697843983,14.685872752144657,-235.01175,72.743286,-39.332855,31.7985,-3.478942,13.628378,-85.60088,5.287105,-11.272604,-26.823135,-15.563901,-29.212357,-35.05195
583,9.716666666666667,0.11705676,295.3691343409947,4176.489271175041,718.0241385191933,2423.6505772731152,3180.8462087354337,0.013784124859780618,0.05834675697843983,14.685872752144657,-245.97842,63.108143,-30.594967,33.148735,-6.336891,20.784916,-84.48361,4.954575,-5.394119,-26.821575,-17.78844,-29.960148,-43.503883
584,9.733333333333333,0.119241655,296.00068950708106,4073.8696167836933,755.0464722223204,2328.1979571959487,3175.5242829491103,0.013784124859780618,0.05834675697843983,14.685872752144657,-250.33289,65.903336,-22.255062,29.069246,-11.557623,24.61116,-80.70299,3.2681308,0.91641086,-17.32518,-13.762358,-30.32859,-45.799652
585,9.75,0.14468266,293.35882497159423,3022.9183908857735,610.8505053339723,2003.3805288739745,2686.474293473039,0.013784124859780618,0.05834675697843983,14.685872752144657,-271.93192,105.31694,-13.536104,9.4080305,-21.878693,24.11937,-68.91656,0.62914014,3.8289623,-25.581554,-13.465778,-48.877007,-49.834038
586,9.766666666666667,0.16771248,288.73017029661133,1362.2635421858652,324.168043507971,1476.5249788309836,2084.078373081494,0.013784124859780618,0.05834675697843983,14.685872752144657,-316.81406,131.88724,-16.770222,0.8312096,-0.007390797,8.645487,-46.778214,1.6781827,-1.2431304,-29.00007,-19.421165,-58.405598,-41.24946
587,9.783333333333333,0.18157576,287.74785602091714,1154.5881949027582,312.86732144093753,1277.9774567438637,2365.6408159816656,0.013784124859780618,0.05834675697843983,14.685872752144657,-343.8318,121.37113,-11.102484,9.203548,11.759014,11.028366,-41.122204,4.9430933,4.9763713,-19.694895,-16.62888,-55.26479,-36.701622
588,9.8,0.16588013,283.6704948953846,1078.6438735938,303.4679171389512,1209.1192959491639,2407.6543501952247,0.013784124859780618,0.05834675697843983,14.685872752144657,-355.4704,123.535866,-8.004038,-0.52777684,1.8038979,7.3113127,-40.787968,-2.478166,4.5304265,-20.531185,-22.550972,-56.916374,-38.200035
589,9.816666666666666,0.14419581,280.918747337958,1658.4664223320565,338.039923761274,1495.8026358081504,2535.4264850108825,0.013784124859780618,0.05834675697843983,14.685872752144657,-306.1796,133.29282,6.634602,5.2891526,-18.061995,21.802174,-33.362373,-9.148464,-6.480305,-12.711199,-27.538048,-38.081757,-38.555557
590,9.833333333333334,0.14744511,290.00737979588166,2811.3293936400755,490.15332037730343,2026.6600723002755,2938.3086499552855,0.013784124859780618,0.05834675697843983,14.685872752144657,-174.03252,130.22516,-39.415123,3.2184215,-27.689266,22.184841,-52.729317,-11.938963,-38.356133,-24.001812,-17.716297,-29.425446,-43.985558
591,9.85,0.15543932,296.93891049878783,2995.8367159074974,656.8905095731334,2095.09752152259,3073.8196853748886,0.013784124859780618,0.05834675697843983,14.685872752144657,-190.72496,102.40168,-52.716248,8.886153,-18.13271,12.752319,-71.76628,-11.600738,-42.53885,-19.664803,-4.175775,-23.11221,-32.33073
592,9.866666666666667,0.14694738,295.6419570077194,2928.530220510057,706.8684990042567,2125.809868003428,3067.236754588649,0.013784124859780618,0.05834675697843983,14.685872752144657,-224.37006,99.275314,-57.79404,5.568927,-21.787987,-0.62198126,-74.22786,-9.981318,-31.199697,-14.550499,0.12593496,-23.379272,-24.044092
593,9.883333333333333,0.12435598,295.50718828700644,3076.1426655237183,683.2075228678608,2141.9177621480712,2784.2590291766223,0.013784124859780618,0.05834675697843983,14.685872752144657,-221.81949,95.31747,-56.882378,5.7033544,-21.216724,6.4961824,-76.36308,-12.394472,-32.67628,-24.81974,-7.954666,-31.039045,-30.801987
594,9.9,0.11089138,294.0286831303854,2541.725724426444,528.2061950065133,2157.7514582688837,2447.2895252334147,0.013784124859780618,0.05834675697843983,14.685872752144657,-226.34265,126.751816,-46.305008,6.5883904,-13.446232,12.277327,-74.8051,-17.589455,-23.164034,-35.222607,-9.264189,-37.33932,-32.086212
595,9.916666666666666,0.106966175,300.02502911237065,2417.3325315267134,372.42478725182326,2170.9290489812215,2931.655598411533,0.013784124859780618,0.05834675697843983,14.685872752144657,-289.79474,118.98391,-36.534588,6.173967,14.291487,23.149254,-62.83452,-14.474674,-22.145462,-41.66695,-10.0777645,-40.58853,-38.807766
596,9.933333333333334,0.13485064,315.8840707327238,2899.1304244545263,336.9539540544029,2267.443008121765,3088.9953660431806,0.013784124859780618,0.05834675697843983,14.685872752144657,-250.54454,95.23045,-43.825165,21.017147,10.883813,23.643242,-68.51036,0.17616415,-19.740608,-38.948418,-17.11512,-37.422558,-48.52317
597,9.95,0.15900852,318.1108015506779,3265.147951569196,337.1336401872572,2326.001160390561,3084.3777499032803,0.013784124859780618,0.05834675697843983,14.685872752144657,-256.99457,65.581985,-44.121807,35.047142,11.713495,26.03891,-59.535088,7.980402,-15.041,-31.235394,-20.102848,-35.502167,-45.04963
598,9.966666666666667,0.16012548,317.2013651611606,3491.3836579416607,336.9106416788252,2330.8137380495205,3010.96283281619,0.013784124859780618,0.05834675697843983,14.685872752144657,-252.30363,57.552246,-47.235756,37.745354,10.9463,21.875795,-68.7741,4.721257,-19.410872,-26.540009,-18.377502,-41.94834,-45.483566
599,9.983333333333333,0.15827769,315.9195799751026,3626.7515884965105,343.2129209520301,2277.609822979046,2898.498377860506,0.013784124859780618,0.05834675697843983,14.685872752144657,-246.49574,59.528473,-44.868073,35.19343,10.530386,21.508327,-65.145676,6.7059574,-21.563707,-23.276852,-15.00896,-37.994293,-46.479202
600,10.0,0.15689585,314.4766375632376,3636.3271439992322,348.4412942178277,2186.281723425875,2853.1529476746873,0.013784124859780618,0.05834675697843983,14.685872752144657,-239.48434,65.59018,-49.789276,23.65849,7.4090605,23.505936,-64.51585,0.41063488,-25.976786,-23.484016,-17.596632,-40.057373,-44.699284
601,10.016666666666667,0.1695419,312.3903119632938,3577.696837131629,341.9151050382965,2186.9408548653573,2850.129439675675,0.013784124859780618,0.05834675697843983,14.685872752144657,-239.28618,64.00847,-52.858078,25.652905,8.799871,25.567543,-59.271683,4.8319497,-20.687845,-19.185987,-15.089899,-38.51629,-44.473927
602,10.033333333333333,0.18792862,308.3134441059236,3612.1486865809975,322.564147844359,2276.623564610582,2882.38785674636,0.013784124859780618,0.05834675697843983,14.685872752144657,-246.35197,51.909805,-55.467163,32.746956,14.043423,24.860203,-66.51062,6.237775,-18.105904,-26.531311,-15.432184,-44.724365,-52.21693
603,10.05,0.19320579,298.91430624790775,3450.4809602195373,303.2986920956619,2433.9400735207523,3072.400298229393,0.013784124859780618,0.05834675697843983,14.685872752144657,-242.19945,60.31901,-53.79074,44.77269,25.39028,32.5481,-61.200775,16.590977,-9.327229,-29.077606,-11.80925,-36.808487,-44.59612
604,10.066666666666666,0.18082389,286.7579231663943,3652.2700998452256,289.672577541685,2448.2624581124005,3143.501532158332,0.013784124859780618,0.05834675697843983,14.685872752144657,-260.59222,54.4533,-50.944984,42.84481,19.62293,27.548433,-64.73668,24.244528,-7.277847,-33.664116,-8.912955,-33.54524,-44.4125
605,10.083333333333334,0.16594042,282.93877299185476,3687.4565103413606,287.70972900914927,2431.695037290725,3095.6158110742213,0.013784124859780618,0.05834675697843983,14.685872752144657,-289.511,43.080826,-43.638367,52.88801,25.69402,28.109028,-66.41374,17.968903,-12.337967,-35.031166,-7.1633925,-30.371693,-39.85672
606,10.1,0.16746444,290.95644350845265,3386.5705984996102,298.72741960050416,2381.4300355674236,2948.6014928076825,0.013784124859780618,0.05834675697843983,14.685872752144657,-265.9759,59.592834,-52.152557,45.33408,26.531113,34.311394,-62.433426,16.350145,-3.009981,-27.871145,-11.345228,-37.55155,-42.042183
607,10.116666666666667,0.17013304,302.78695187127363,3488.1773741179727,320.0552045896242,2236.6637130657714,2865.36206496853,0.013784124859780618,0.05834675697843983,14.685872752144657,-260.3809,59.55787,-62.793766,25.569109,12.217381,40.327858,-60.63872,9.133855,-7.193584,-21.817467,-4.8576946,-42.882156,-45.761234
608,10.133333333333333,0.15588786,309.99900349591167,3590.770709420474,357.2452251120137,1999.1174786447777,2898.434384663729,0.013784124859780618,0.05834675697843983,14.685872752144657,-254.33376,75.02406,-53.031708,19.761139,-7.8083982,39.065968,-54.201958,2.7717764,-24.244518,-33.02092,5.5614796,-41.635998,-40.21324
609,10.15,0.13856228,314.6377388292787,3375.1025129831837,456.28202836158914,1771.784661611037,3092.460252773324,0.013784124859780618,0.05834675697843983,14.685872752144657,-245.44122,92.068924,-41.446854,11.363772,-21.968452,24.629766,-50.33363,7.261919,-34.716995,-37.26746,6.0667944,-29.540424,-31.563026
610,10.166666666666666,0.13120338,318.54502229729667,3217.968457064368,554.5595842512486,1629.108211892321,3156.3987905905506,0.013784124859780618,0.05834675697843983,14.685872752144657,-255.462,81.86449,-34.571472,17.424385,-30.338684,14.900598,-42.83277,9.794523,-42.370842,-41.55954,2.1489937,-24.975555,-31.171078
611,10.183333333333334,0.14043976,316.60329888460257,2580.865646690232,470.14608146356267,1583.2518663932592,3077.9826762319835,0.013784124859780618,0.05834675697843983,14.685872752144657,-259.35986,110.537445,-26.329693,0.54463595,-31.195332,12.496726,-34.859863,16.286274,-44.221413,-41.264183,-1.3218343,-28.954575,-27.216024
612,10.2,0.15384479,312.0747871045633,1325.5113172877905,334.02933112789697,1562.2393059165672,2878.006165723018,0.013784124859780618,0.05834675697843983,14.685872752144657,-305.18997,145.5057,-26.457754,-9.710959,1.3029737,10.70907,-20.693558,14.530713,-27.94242,-52.41597,-13.972553,-25.962687,-23.520466
613,10.216666666666667,0.16909578,312.85593536743585,1193.9838162699202,321.73941147741556,1522.1541018690536,2706.6373198619576,0.013784124859780618,0.05834675697843983,14.685872752144657,-331.3769,131.14755,-29.600304,-9.044376,10.53207,15.635588,-12.566404,18.5161,-20.425152,-47.105053,-21.93316,-26.793049,-22.231813
614,10.233333333333333,0.16795272,314.78082010874675,1295.4797366924524,332.50431928067275,1445.1562489164735,2647.735952799577,0.013784124859780618,0.05834675697843983,14.685872752144657,-309.25378,140.8237,-22.703205,-3.5847144,4.09218,13.591902,-22.434114,11.77393,-22.897501,-51.243,-25.281834,-28.676388,-23.693033
615,10.25,0.15735976,319.6549982686773,2213.3945271749963,459.2976188075442,1396.0982537220766,2482.6796545823954,0.013784124859780618,0.05834675697843983,14.685872752144657,-219.32826,139.37967,-23.02203,4.9231715,-34.01893,2.9973161,-33.694824,13.40294,-42.63809,-43.631134,-18.081451,-36.725533,-31.93547
616,10.266666666666667,0.14723012,319.1575328454412,2772.002331039503,639.5742703511892,1355.1153233327634,2025.2667487514977,0.013784124859780618,0.05834675697843983,14.685872752144657,-245.76921,112.06549,-15.398317,3.633251,-53.63302,-2.3140957,-32.075138,23.552269,-38.99603,-39.133408,-2.1357794,-28.084656,-28.247032
617,10.283333333333333,0.14268884,311.20236760343386,2460.1956001492827,592.687876178398,1242.197848840089,2278.246300068679,0.013784124859780618,0.05834675697843983,14.685872752144657,-259.17117,113.416466,-13.798313,-6.131067,-68.29417,-10.804438,-34.690445,29.471016,-33.08713,-41.12156,-3.145096,-44.67758,-37.181908
618,10.3,0.123610035,301.5324589592318,2342.446713843983,500.7640228942976,1205.5173884988399,2406.1602156334434,0.013784124859780618,0.05834675697843983,14.685872752144657,-270.33594,123.39276,-6.1024466,-3.6652985,-62.897453,-8.257908,-33.661568,25.405746,-25.99408,-35.961227,0.9142004,-43.672653,-36.402367
619,10.316666666666666,0.0814767,278.2069764090587,1879.063899009287,353.80029613404105,1224.874051257565,2596.6398419454054,0.013784124859780618,0.05834675697843983,14.685872752144657,-313.6938,147.24869,19.791264,-0.27498788,-49.135925,-5.7296615,-23.34814,19.88174,-12.736954,-36.909836,-3.4263058,-46.132572,-34.283913
620,10.333333333333334,0.04242533,252.51504119460702,1072.0003386848425,304.98075673189646,1256.0150238383433,2233.9825186149887,0.013784124859780618,0.05834675697843983,14.685872752144657,-423.45087,142.62384,52.16701,-2.406076,-33.97106,-17.677528,12.321714,11.534241,-14.708759,-24.243982,-16.99308,-28.588703,-23.789633
621,10.35,0.018653912,258.0042543369868,1408.659216929842,352.68283509945894,1195.9480257996333,2244.178996761181,0.013784124859780618,0.05834675697843983,14.685872752144657,-472.5734,107.71367,50.481354,2.4546964,-19.911549,-13.786386,4.926018,7.6424203,-6.488536,-16.55796,-19.00145,-18.063385,-11.759628
622,10.366666666666667,0.004167835,0.0,1954.6140350931682,376.42426697850226,1255.319675312226,3010.736719388596,0.013784124859780618,0.05834675697843983,14.685872752144657,-508.63815,72.62445,44.541653,15.156238,-2.6392186,-6.131773,-2.1641035,0.19298023,-3.1746497,-9.835602,-14.655642,-14.641639,-10.781658
623,10.383333333333333,0.002227889,0.0,5000.444813521804,572.8292798501586,1550.3132732076942,2897.821222720513,0.013784124859780618,0.05834675697843983,14.685872752144657,-538.42255,38.26776,28.630508,17.532799,8.990498,4.399392,2.3160305,0.21110259,-3.3436613,-7.716342,-11.004537,-11.72096,-9.98177
624,10.4,0.029754022,0.0,4892.805344957252,1049.8804647566421,1922.4361700140075,2811.5558893684974,0.013784124859780618,0.05834675697843983,14.685872752144657,-301.3469,81.644806,-41.505905,-25.808716,-58.346554,39.45632,1.6112316,-17.270588,-22.140976,0.8720218,-1.2604011,-15.413689,-17.041529
625,10.416666666666666,0.082626574,0.0,6108.317121598953,926.2901931803071,1922.3373175935897,2518.997088648827,0.013784124859780618,0.05834675697843983,14.685872752144657,-167.13235,80.84575,-27.878473,-3.3127887,-67.70039,50.69126,-13.394161,-7.0061693,-31.114521,-0.5025275,-18.620075,-24.707832,-31.117237
626,10.433333333333334,0.13194901,250.40520376632216,2805.5917079312294,538.1134756387419,1893.9094572812132,2898.313977693356,0.013784124859780618,0.05834675697843983,14.685872752144657,-141.53677,138.68604,-45.591206,26.400675,-24.729107,17.294235,-40.994576,-6.9690695,-32.637093,-14.238127,-11.113557,-29.03323,-33.390915
627,10.45,0.14715473,259.8472242812763,2267.075244873282,686.1776400726092,1898.3478805420784,2978.180200970575,0.013784124859780618,0.05834675697843983,14.685872752144657,-181.9854,151.89978,-57.366806,-0.811799,-26.872206,-7.5963793,-52.764664,-7.638344,-33.124672,-16.929626,2.3354192,-23.180634,-19.28479
628,10.466666666666667,0.116012305,266.3613934363877,2453.5594292964715,837.9973704597995,1917.7248859270612,3048.6975277003153,0.013784124859780618,0.05834675697843983,14.685872752144657,-223.63145,121.85617,-67.530235,-3.4670742,-19.605175,-4.0205097,-44.307144,-4.9471,-22.581688,-19.455061,6.4991245,-17.306921,-28.083303
629,10.483333333333333,0.106084876,272.27737048553934,2596.170243637935,887.3216165678748,1876.5159426147186,3097.483843541626,0.013784124859780618,0.05834675697843983,14.685872752144657,-229.79515,118.88192,-68.760864,-10.433091,-20.789314,-3.2578015,-46.658596,-1.7403848,-20.295454,-30.401789,8.521714,-17.278461,-28.50256
630,10.5,0.098565795,278.95316483772154,2663.699687064309,945.2240601086559,1828.3503611463286,3103.542685849868,0.013784124859780618,0.05834675697843983,14.685872752144657,-238.30952,115.710266,-70.786095,-25.74371,-29.791523,-4.995846,-46.976387,2.8289533,-22.84071,-33.401985,8.233398,-17.633251,-29.97416
631,10.516666666666667,0.09800572,284.53354747044784,2703.76310208329,968.0292233193463,1724.241328926977,3100.6247382366173,0.013784124859780618,0.05834675697843983,14.685872752144657,-241.68356,112.09826,-60.654327,-27.918777,-34.785355,0.8141092,-44.887177,5.6659036,-27.760014,-31.444023,8.105722,-10.176456,-27.368254
632,10.533333333333333,0.09890014,287.5948268111408,2215.8170932492535,844.6082508295328,1523.5915211278377,2935.028774637832,0.013784124859780618,0.05834675697843983,14.685872752144657,-254.71266,136.02008,-46.453228,-34.585533,-32.612022,4.2450476,-37.311104,8.513377,-30.00027,-39.99842,-3.5339906,-18.956175,-20.401125
633,10.55,0.10509089,288.5088341515963,1416.1463247725933,551.087426728213,1420.5494041915517,2603.087489708157,0.013784124859780618,0.05834675697843983,14.685872752144657,-293.28104,173.7391,-28.917023,-33.582966,-16.26095,-4.686851,-24.35791,11.978693,-11.698128,-36.516815,-9.883429,-33.33807,-32.56703
634,10.566666666666666,0.11267941,289.1744200696776,1288.9481687655004,314.1268965156823,1413.3272089463187,2497.7436516969424,0.013784124859780618,0.05834675697843983,14.685872752144657,-329.2762,154.50677,-33.650368,-25.962612,4.5890255,4.8273425,-7.2802787,14.376253,-13.221122,-38.956352,-20.600582,-33.09877,-28.456087
635,10.583333333333334,0.11735863,288.3974759559608,1105.1372000515996,310.8495677133161,1414.1644219052744,2444.6393559261637,0.013784124859780618,0.05834675697843983,14.685872752144657,-355.9941,142.22546,-24.887478,-21.401093,4.43489,0.8902546,-6.016347,17.871555,-12.913449,-38.831326,-22.89915,-36.574158,-28.737167
636,10.6,0.12545066,283.82807288215946,981.7469335986596,301.94005997891753,1370.724286442806,2364.9340505030436,0.013784124859780618,0.05834675697843983,14.685872752144657,-378.93896,133.90341,-13.341282,-10.162313,10.625816,-1.3420256,-6.515703,13.587516,-15.589592,-41.804893,-29.108402,-40.512535,-36.399822
637,10.616666666666667,0.12932059,276.81827048134653,804.3958886823605,293.9839077615499,1268.6201817929766,2361.1711967644555,0.013784124859780618,0.05834675697843983,14.685872752144657,-383.8428,141.76633,-5.683337,-10.46792,13.394779,0.95805234,-6.048468,6.8419495,-11.908584,-35.901115,-26.063732,-34.15552,-36.61918
638,10.633333333333333,0.11998609,266.2677341979422,1223.7027535732775,285.5229915333336,1719.6971103811711,2628.693162028099,0.013784124859780618,0.05834675697843983,14.685872752144657,-339.13672,150.9111,-33.51892,4.512202,47.28585,-7.861897,-35.134262,13.44134,-1.7195287,-32.676132,-25.380993,-40.956245,-36.774963
639,10.65,0.099091,249.02183610684995,1881.679461456727,270.1092526164906,2599.6186521739382,3109.214587131031,0.013784124859780618,0.05834675697843983,14.685872752144657,-337.52393,122.98474,-35.826202,31.108355,49.419167,-14.177671,-45.32984,28.154015,2.247881,-36.293396,-4.165444,-30.7046,-34.183693
640,10.666666666666666,0.0860924,235.22170759223386,2399.907092142905,249.49006267332805,2547.5625978049325,3506.5668429030625,0.013784124859780618,0.05834675697843983,14.685872752144657,-350.50848,91.35614,-31.294731,56.803123,39.99696,-11.5900755,-42.52183,22.20264,-0.23893392,-40.73307,2.17644,-31.374456,-35.04853
641,10.683333333333334,0.09560487,233.78998257371816,2421.9440553900126,250.6809363594476,2532.2030430866757,3299.338281237327,0.013784124859780618,0.05834675697843983,14.685872752144657,-348.5342,72.491486,-39.422935,76.2767,55.644386,-2.5175421,-43.29338,18.23032,1.8930391,-36.466713,-0.033952177,-36.87938,-33.14241
642,10.7,0.11266103,230.68462571275765,2500.814577448746,280.509902626682,2480.4651699103474,3065.9054904547334,0.013784124859780618,0.05834675697843983,14.685872752144657,-301.58597,81.87779,-52.86183,60.880905,54.762676,10.355478,-55.36478,8.395948,-7.0977116,-23.577662,-9.597557,-48.297806,-31.073393
643,10.716666666666667,0.12933792,221.29092696981542,2176.285160214964,350.3102875365732,2334.7692354564433,2812.7821124591032,0.013784124859780618,0.05834675697843983,14.685872752144657,-269.8422,113.47704,-44.58071,39.24306,46.437157,32.668507,-49.552914,-0.9339323,-10.447821,-10.191871,-9.86818,-53.46579,-28.081156
644,10.733333333333333,0.1288671,210.25340524383992,1998.3381650425813,416.3618407192119,2072.906757678458,2726.7849726890295,0.013784124859780618,0.05834675697843983,14.685872752144657,-236.18842,148.70914,-29.65814,5.10341,9.179014,30.755592,-52.969715,-13.22826,-31.930378,-15.104332,-4.471715,-51.882404,-29.10993
645,10.75,0.11768064,194.90442604665972,1662.5153174848656,445.8197083325316,1798.4574391204594,2746.387752723368,0.013784124859780618,0.05834675697843983,14.685872752144657,-251.49475,180.41315,-19.333885,-12.176157,6.739332,19.218903,-39.606888,-0.97851264,-42.112064,-25.189419,13.85054,-34.22596,-8.248264
646,10.766666666666667,0.09029367,183.62180908594524,1404.5292228045848,465.0164521481711,1520.323081516948,2717.6477576019956,0.013784124859780618,0.05834675697843983,14.685872752144657,-280.74344,178.51715,-11.239338,-17.394833,-8.743117,-0.5422296,-21.256554,8.223466,-40.675285,-30.56617,-0.46815848,-29.046726,-7.8419905
647,10.783333333333333,0.08243712,183.81847768828388,1295.7446618842469,449.9180626312822,1321.1298228695323,2493.794799582974,0.013784124859780618,0.05834675697843983,14.685872752144657,-301.7806,189.30731,8.292796,-21.159134,-25.665134,-11.900851,-7.753089,13.549498,-29.311714,-23.652157,-7.1852975,-37.239635,-13.350397
648,10.8,0.07361797,192.62709199885282,954.1005638299259,411.51750332519174,1224.0820766832965,2417.3639786601816,0.013784124859780618,0.05834675697843983,14.685872752144657,-325.56982,208.6724,43.06462,-18.258862,-29.69588,-13.870802,0.5703395,10.869692,-20.836739,-12.395811,-13.83102,-38.92027,-13.280594
649,10.816666666666666,0.07222658,207.57743940599818,706.1253494629559,321.92511312064164,1209.82877295397,2610.636250620332,0.013784124859780618,0.05834675697843983,14.685872752144657,-377.71982,198.82935,73.96192,-3.4071112,-24.553051,-14.550987,5.9622397,10.7373,-5.9804688,-14.609689,-24.386063,-29.237095,-14.076524
650,10.833333333333334,0.060159482,216.35696107020598,602.3539929412465,254.88640908150978,1212.7884312917533,2809.69458260828,0.013784124859780618,0.05834675697843983,14.685872752144657,-425.38565,166.78923,85.36896,9.292564,-23.530334,-13.157177,10.98617,19.310528,5.7312727,-13.989292,-23.25038,-19.833092,-12.617135
651,10.85,0.038835898,214.9183744896527,655.9777452215276,232.2304844769456,1212.6620428509843,2471.5112981269876,0.013784124859780618,0.05834675697843983,14.685872752144657,-465.5023,122.622536,69.10404,16.49712,-9.584213,-6.444949,8.542564,15.439877,7.4879966,-7.319087,-17.124043,-17.505943,-13.261338
652,10.866666666666667,0.017109761,215.31469197812973,1049.37635925021,230.5804455645312,1227.5078582551316,1949.4909561263278,0.013784124859780618,0.05834675697843983,14.685872752144657,-496.23215,85.949104,48.833138,13.374237,-2.239954,3.1029735,15.559055,19.555958,10.032762,-5.981953,-17.766106,-20.31185,-16.622084
653,10.883333333333333,0.00555903,0.0,2186.391734691643,223.03156415146168,1369.5509541922247,2362.439482082802,0.013784124859780618,0.05834675697843983,14.685872752144657,-529.66876,46.402756,27.99578,11.866745,7.1235075,12.709773,19.702427,19.686462,11.341003,-0.05256313,-8.44749,-12.017126,-13.037024
654,10.9,0.0017764096,0.0,4099.501510262695,521.20140823836,1570.790448680659,2692.5493691251904,0.013784124859780618,0.05834675697843983,14.685872752144657,-538.39014,33.299744,14.423513,1.1066959,2.1775393,12.450428,19.430891,16.089268,6.438627,-0.6722459,-1.5507958,-0.48673445,-3.3895092
655,10.916666666666666,0.000820416,0.0,4276.635166155956,938.6576439445778,1543.2677195377894,2986.151096483049,0.013784124859780618,0.05834675697843983,14.685872752144657,-523.91785,45.105373,8.537081,-15.273488,-9.757639,12.612112,26.356773,19.463192,2.1634197,-8.187378,-6.4352417,-2.0366774,-5.013239
656,10.933333333333334,0.0008520403,0.0,4196.068709405471,806.6006849589544,1501.7209714795606,2382.2322811434424,0.013784124859780618,0.05834675697843983,14.685872752144657,-516.96625,51.107536,8.59578,-18.298035,-15.963843,3.453258,18.121948,14.403608,-0.66785085,-10.447564,-9.939677,-6.7774587,-8.240415
657,10.95,0.00083314575,0.0,4108.204136819083,976.8009338074788,1568.4189584122178,2492.6212710791924,0.013784124859780618,0.05834675697843983,14.685872752144657,-514.25995,52.978672,9.367399,-14.360899,-12.132511,-0.12674761,9.017151,6.7992487,-5.418917,-11.061253,-3.1510785,1.4935619,-7.292505
658,10.966666666666667,0.00083576655,0.0,4211.824528890456,1016.6998639446449,1603.4389381725814,2987.868214302024,0.013784124859780618,0.05834675697843983,14.685872752144657,-519.9342,49.379303,13.580746,-7.3602405,-7.9292727,1.3749703,11.9710045,14.009047,3.322332,-7.382435,-7.431548,-6.1722007,-12.157197
659,10.983333333333333,0.00080494926,0.0,3874.289124491418,1140.0478173454521,1689.0254749676176,3609.032833656601,0.013784124859780618,0.05834675697843983,14.685872752144657,-526.2408,45.40293,16.325048,-3.6348252,-2.9362142,9.563641,17.14671,11.811388,-0.052158237,-6.902826,-6.12108,-5.7014904,-11.496318
660,11.0,0.0007830889,0.0,4209.244022923209,1282.8471281012692,1693.7819927782093,3439.6826355402186,0.013784124859780618,0.05834675697843983,14.685872752144657,-536.56757,34.81531,14.540823,2.1156478,5.487534,15.448726,17.460045,7.689942,-4.5845976,-9.117302,-5.977763,-3.4749758,-7.009507
661,11.016666666666667,0.00062912994,0.0,4744.825584695192,1149.0822535698987,1648.0803686474865,3325.6992065192035,0.013784124859780618,0.05834675697843983,14.685872752144657,-545.1769,28.024689,18.114998,10.310904,8.961189,11.756243,12.786906,8.571946,0.89023817,-5.8155804,-8.963209,-9.42789,-9.290361
662,11.033333333333333,0.0005322155,0.0,4868.3916101420255,849.1008562281372,1549.3922622801358,2933.4756587247357,0.013784124859780618,0.05834675697843983,14.685872752144657,-552.7508,20.97041,18.704826,15.847687,13.180683,11.009691,9.045664,6.687439,3.5103505,-0.36824483,-4.288398,-7.408956,-9.190072
663,11.05,0.0005994857,0.0,4024.6185714280064,306.207136696005,1455.8447391118934,2478.5332342047654,0.013784124859780618,0.05834675697843983,14.685872752144657,-549.7672,25.173403,22.73589,19.283031,15.416935,11.558809,7.857038,4.2775264,0.7830148,-2.537386,-5.47176,-7.7987013,-9.410301
664,11.066666666666666,0.00058256014,0.0,3826.235840887933,317.9009422599037,1486.445291889585,2450.158128291295,0.013784124859780618,0.05834675697843983,14.685872752144657,-550.41614,24.399893,22.320477,19.267365,15.6875725,11.954704,8.277941,4.711698,1.2466238,-2.07968,-5.1188893,-7.6305113,-9.370105
665,11.083333333333334,0.00040129604,0.0,3922.8584422534277,322.7587661750996,1502.1917403747227,2353.784262049595,0.013784124859780618,0.05834675697843983,14.685872752144657,-555.85297,16.99527,15.665579,13.5721,10.884779,7.8152876,4.5947647,1.4503231,-1.4168553,-3.8493047,-5.744938,-7.0616713,-7.81476
666,11.1,0.0002836752,0.0,4599.885741816901,480.7097332534595,1623.522273593988,2737.6216056909875,0.013784124859780618,0.05834675697843983,14.685872752144657,-560.9463,10.054826,9.484353,8.565493,7.3441386,5.8807106,4.2465687,2.5199018,0.78120387,-0.89123344,-2.4256768,-3.7607107,-4.8483515
667,11.116666666666667,0.0002092717,0.0,4045.589252536491,546.8876619555317,1590.0229030715948,2993.477075874324,0.013784124859780618,0.05834675697843983,14.685872752144657,-558.75867,13.103359,12.399609,11.266306,9.760329,7.9563417,5.942321,3.814221,1.6703315,-0.39441007,-2.2937841,-3.9548874,-5.3218036
668,11.133333333333333,0.00018480983,0.0,4395.1331360036265,483.05815506114095,1689.8759226733052,2897.0325641512495,0.013784124859780618,0.05834675697843983,14.685872752144657,-562.5445,7.869175,7.517709,6.948652,6.1861343,5.262018,4.2142506,3.084758,1.9172759,0.7551552,-0.3608653,-1.394452,-2.3152995
669,11.15,5.3207394e-05,0.0,8795.363051866612,976.3449016659326,2069.9247623575247,3502.094408126457,0.013784124859780618,0.05834675697843983,14.685872752144657,-568.1929,0.0,0.0,0.0,0.0,0.0,0.0,0.0,0.0,0.0,0.0,0.0,0.0
670,11.166666666666666,4.541804e-06,0.0,10270.599942189705,1074.5868982765712,2051.988702697373,3095.0900469346434,0.013784124859780618,0.05834675697843983,14.685872752144657,-568.1929,0.0,0.0,0.0,0.0,0.0,0.0,0.0,0.0,0.0,0.0,0.0,0.0
671,11.183333333333334,4.2871716e-06,0.0,10126.702308458505,1026.304725542368,2059.3288028956126,2964.542079931286,0.013784124859780618,0.05834675697843983,14.685872752144657,-568.1929,0.0,0.0,0.0,0.0,0.0,0.0,0.0,0.0,0.0,0.0,0.0,0.0
672,11.2,4.1313824e-06,0.0,10329.584441277702,1137.4818283252057,2082.9432889725335,3211.239894233943,0.013784124859780618,0.05834675697843983,14.685872752144657,-568.1929,0.0,0.0,0.0,0.0,0.0,0.0,0.0,0.0,0.0,0.0,0.0,0.0
673,11.216666666666667,3.87963e-06,0.0,10523.77777189805,1174.204200936268,2093.240078913353,3247.626539092486,0.013784124859780618,0.05834675697843983,14.685872752144657,-568.1929,0.0,0.0,0.0,0.0,0.0,0.0,0.0,0.0,0.0,0.0,0.0,0.0
674,11.233333333333333,3.863092e-06,0.0,10801.388409112995,1123.1622517202643,2210.5267376275942,3330.672395835087,0.013784124859780618,0.05834675697843983,14.685872752144657,-568.1929,0.0,0.0,0.0,0.0,0.0,0.0,0.0,0.0,0.0,0.0,0.0,0.0
675,11.25,3.9249067e-06,0.0,10657.918623225456,1084.2485451383923,2068.8062153874685,3213.511540292194,0.013784124859780618,0.05834675697843983,14.685872752144657,-568.1929,0.0,0.0,0.0,0.0,0.0,0.0,0.0,0.0,0.0,0.0,0.0,0.0
676,11.266666666666667,3.88601e-06,0.0,10799.052483064863,1058.9365829032947,2102.9780360080276,3313.319097455779,0.013784124859780618,0.05834675697843983,14.685872752144657,-568.1929,0.0,0.0,0.0,0.0,0.0,0.0,0.0,0.0,0.0,0.0,0.0,0.0
677,11.283333333333333,3.8360454e-06,0.0,10926.36946820791,1058.8483576414767,2018.5373172582063,3098.3347243158546,0.013784124859780618,0.05834675697843983,14.685872752144657,-568.1929,0.0,0.0,0.0,0.0,0.0,0.0,0.0,0.0,0.0,0.0,0.0,0.0
678,11.3,3.8090434e-06,0.0,10782.08882041588,1136.861131313759,1866.3467542109192,2994.581671196068,0.013784124859780618,0.05834675697843983,14.685872752144657,-568.1929,0.0,0.0,0.0,0.0,0.0,0.0,0.0,0.0,0.0,0.0,0.0,0.0
679,11.316666666666666,4.0009913e-06,0.0,10558.333859765526,1087.1490031205983,2028.8378998546889,3079.068497837233,0.013784124859780618,0.05834675697843983,14.685872752144657,-568.1929,0.0,0.0,0.0,0.0,0.0,0.0,0.0,0.0,0.0,0.0,0.0,0.0
680,11.333333333333334,3.9838624e-06,0.0,10500.825947174015,994.8444974246125,2339.5954236816488,3254.0901209089543,0.013784124859780618,0.05834675697843983,14.685872752144657,-568.1929,0.0,0.0,0.0,0.0,0.0,0.0,0.0,0.0,0.0,0.0,0.0,0.0
681,11.35,3.9867027e-06,0.0,10789.587421136162,1110.3616818068067,2302.6621988693237,3207.759954392366,0.013784124859780618,0.05834675697843983,14.685872752144657,-568.1929,0.0,0.0,0.0,0.0,0.0,0.0,0.0,0.0,0.0,0.0,0.0,0.0
682,11.366666666666667,3.973239e-06,0.0,10641.511573685826,1120.2154801949162,2003.072448962234,2978.244477878576,0.013784124859780618,0.05834675697843983,14.685872752144657,-568.1929,0.0,0.0,0.0,0.0,0.0,0.0,0.0,0.0,0.0,0.0,0.0,0.0
683,11.383333333333333,3.9691863e-06,0.0,10521.094898948875,1112.4293322986825,2149.714684715136,2897.3205924030485,0.013784124859780618,0.05834675697843983,14.685872752144657,-568.1929,0.0,0.0,0.0,0.0,0.0,0.0,0.0,0.0,0.0,0.0,0.0,0.0
684,11.4,3.9360234e-06,0.0,10440.946706843875,1151.5891916389119,2045.2924078375327,2967.3145092550817,0.013784124859780618,0.05834675697843983,14.685872752144657,-568.1929,0.0,0.0,0.0,0.0,0.0,0.0,0.0,0.0,0.0,0.0,0.0,0.0
685,11.416666666666666,3.991448e-06,0.0,10823.121961357643,1155.3768470407622,2112.4709489851793,2823.3827070223756,0.013784124859780618,0.05834675697843983,14.685872752144657,-568.1929,0.0,0.0,0.0,0.0,0.0,0.0,0.0,0.0,0.0,0.0,0.0,0.0
686,11.433333333333334,4.0259256e-06,0.0,10785.865756468156,936.164562074512,2031.2057905994468,2944.385472595181,0.013784124859780618,0.05834675697843983,14.685872752144657,-568.1929,0.0,0.0,0.0,0.0,0.0,0.0,0.0,0.0,0.0,0.0,0.0,0.0
687,11.45,4.046972e-06,0.0,10921.987938497658,992.459412547342,2013.2386002082314,3075.186528200935,0.013784124859780618,0.05834675697843983,14.685872752144657,-568.1929,0.0,0.0,0.0,0.0,0.0,0.0,0.0,0.0,0.0,0.0,0.0,0.0
688,11.466666666666667,4.0165705e-06,0.0,10825.007224217772,1053.9697555671887,2006.5267990578034,3193.923184643236,0.013784124859780618,0.05834675697843983,14.685872752144657,-568.1929,0.0,0.0,0.0,0.0,0.0,0.0,0.0,0.0,0.0,0.0,0.0,0.0
689,11.483333333333333,3.951686e-06,0.0,10976.538736495357,1093.798165739548,1969.1853927814805,3016.4447947773783,0.013784124859780618,0.05834675697843983,14.685872752144657,-568.1929,0.0,0.0,0.0,0.0,0.0,0.0,0.0,0.0,0.0,0.0,0.0,0.0
690,11.5,3.895062e-06,0.0,10733.507815418214,1022.6660516435619,2064.4106322232615,2952.51202272705,0.013784124859780618,0.05834675697843983,14.685872752144657,-568.1929,0.0,0.0,0.0,0.0,0.0,0.0,0.0,0.0,0.0,0.0,0.0,0.0
691,11.516666666666667,3.827436e-06,0.0,10659.58154240925,1128.818937042962,2119.247686445831,3086.5096912998233,0.013784124859780618,0.05834675697843983,14.685872752144657,-568.1929,0.0,0.0,0.0,0.0,0.0,0.0,0.0,0.0,0.0,0.0,0.0,0.0
692,11.533333333333333,4.2816173e-06,0.0,10803.617910187932,1169.5833744835747,2036.2624496816381,3203.8508492789074,0.013784124859780618,0.05834675697843983,14.685872752144657,-568.1929,0.0,0.0,0.0,0.0,0.0,0.0,0.0,0.0,0.0,0.0,0.0,0.0
693,11.55,6.795704e-06,0.0,11394.339108784323,1247.053482049488,1713.8550298019425,3007.0566259356888,0.013784124859780618,0.05834675697843983,14.685872752144657,-568.1929,0.0,0.0,0.0,0.0,0.0,0.0,0.0,0.0,0.0,0.0,0.0,0.0
694,11.566666666666666,1.0641338e-05,0.0,11792.098156756032,1236.9461438570227,1822.7601179586013,2906.9042381243066,0.013784124859780618,0.05834675697843983,14.685872752144657,-568.1929,0.0,0.0,0.0,0.0,0.0,0.0,0.0,0.0,0.0,0.0,0.0,0.0
695,11.583333333333334,2.8516966e-05,0.0,11323.554322968363,1104.0311866405227,2147.192111550942,3246.2243290917345,0.013784124859780618,0.05834675697843983,14.685872752144657,-568.1929,0.0,0.0,0.0,0.0,0.0,0.0,0.0,0.0,0.0,0.0,0.0,0.0
696,11.6,0.01710822,0.0,3384.6319008224255,1098.4754474468252,1826.341572066735,2894.180212948559,0.013784124859780618,0.05834675697843983,14.685872752144657,-479.67355,75.2449,-8.770759,-49.26385,-37.93769,0.12867539,10.0168495,-12.866453,-20.398888,-9.273998,1.793954,1.1478645,-8.960571
697,11.616666666666667,0.053973246,0.0,3297.230961974722,1199.4755401406167,1762.6490256666666,1998.070434262723,0.013784124859780618,0.05834675697843983,14.685872752144657,-254.002,130.88315,-37.59962,-30.188843,-71.40173,28.109741,13.524092,-23.750425,-27.431734,-3.3898625,-1.4069934,-15.120872,-19.93925
698,11.633333333333333,0.115068935,0.0,1887.1518734555116,1115.997002527984,1844.759875152779,2165.4170131701826,0.013784124859780618,0.05834675697843983,14.685872752144657,-185.10445,180.60323,-37.11195,5.4156127,-27.406715,17.030273,-25.328062,-25.894672,-31.862343,-22.817066,-5.033474,-21.032059,-19.225685
699,11.65,0.14945778,250.43433547090592,1918.003372532068,695.940378097824,1908.847090120845,2645.323337044821,0.013784124859780618,0.05834675697843983,14.685872752144657,-184.96265,173.77151,-60.114494,-1.3014668,-14.93762,8.700349,-40.36597,-15.126375,-32.139503,-19.979687,15.574837,-26.213652,-16.633625
700,11.666666666666666,0.14953895,247.99887507976445,2106.9766874631705,740.8167467421994,1955.9838641254398,2602.0118969209443,0.013784124859780618,0.05834675697843983,14.685872752144657,-202.82982,153.62053,-73.67291,-10.145051,-19.253937,-0.45914435,-45.86499,-14.121884,-29.845764,-15.192425,15.72713,-26.816647,-21.438545
701,11.683333333333334,0.1273783,247.04564761530173,2292.2795222820437,739.6758409778016,2034.2696260498906,2706.295391671761,0.013784124859780618,0.05834675697843983,14.685872752144657,-217.68054,135.97743,-64.25459,-4.0553575,-21.836246,-2.7388518,-52.53302,-12.045796,-30.96308,-7.3451157,11.372978,-24.137642,-12.246336
702,11.7,0.10519731,248.22552210875605,1776.5937405806155,708.368868255351,2090.810206295257,2834.396852104492,0.013784124859780618,0.05834675697843983,14.685872752144657,-255.77417,157.56143,-47.86065,-5.4892025,-6.326438,-8.202211,-54.845745,-20.853577,-28.019989,-14.223772,12.936422,-33.118294,-17.712013
703,11.716666666666667,0.09650178,249.96935112054487,1616.5073243528175,658.3574264309443,2043.786624568176,2862.4794793884994,0.013784124859780618,0.05834675697843983,14.685872752144657,-289.07477,152.64131,-39.71218,-2.23709,3.5123699,-0.2801925,-42.55235,-24.589794,-27.792446,-16.365238,9.078839,-45.468277,-24.607388
704,11.733333333333333,0.098696865,251.28286439335096,1617.3340336860833,688.8687146645941,2029.5233287238013,2878.3128012057036,0.013784124859780618,0.05834675697843983,14.685872752144657,-285.7874,157.5398,-37.217037,-3.3032274,5.5057025,2.4235263,-38.40965,-16.889154,-26.435183,-15.105338,14.580974,-46.652023,-30.661585
705,11.75,0.10812504,251.1948373729081,2089.264468026232,748.4155098068879,2119.9232136497462,2967.655511652009,0.013784124859780618,0.05834675697843983,14.685872752144657,-248.30292,152.43697,-44.748337,5.2990227,0.9552753,9.502523,-54.98568,-10.8532715,-19.225918,-22.785473,14.772379,-44.987534,-31.878223
706,11.766666666666667,0.11762783,251.57207928876605,2481.342736585223,775.103748016565,2298.4039322005506,3005.138672571819,0.013784124859780618,0.05834675697843983,14.685872752144657,-226.56302,137.59238,-52.53087,14.188281,-1.9753276,11.517136,-70.47804,-5.32635,-7.2991858,-23.388947,8.609018,-50.01884,-28.093174
707,11.783333333333333,0.12367834,252.83855571468052,2489.1046186680414,764.2631349283105,2404.806903318574,3022.2721808508895,0.013784124859780618,0.05834675697843983,14.685872752144657,-245.84856,118.95419,-45.885834,20.51147,1.2641444,9.859192,-79.46365,4.011941,0.18460906,-28.11972,8.387969,-42.389732,-19.840979
708,11.8,0.12844123,253.16669870553176,2493.8891017173655,772.986245140758,2447.128734625308,3023.789023736841,0.013784124859780618,0.05834675697843983,14.685872752144657,-255.32849,111.420944,-38.12416,18.858795,1.3889636,6.5893946,-81.80235,6.9082136,1.0438989,-26.9958,-3.1009889,-41.08574,-28.296314
709,11.816666666666666,0.12675796,252.6664232388223,2580.120218708184,784.4813376106617,2360.793948550322,2977.868459652217,0.013784124859780618,0.05834675697843983,14.685872752144657,-256.81757,114.10306,-31.614374,13.400341,2.217105,15.034048,-81.55475,7.591466,1.8584352,-24.90535,-6.7083473,-44.980553,-32.0233
710,11.833333333333334,0.13071197,250.15717537558592,2178.5506012240853,921.0959707343768,2309.704974745283,2910.726075266899,0.013784124859780618,0.05834675697843983,14.685872752144657,-270.38165,136.25262,-17.143404,3.7579,4.5105324,29.886433,-68.44937,0.98104703,1.4518013,-25.178276,-5.939719,-49.980686,-31.882858
711,11.85,0.13895379,247.46540560618405,1176.237386051474,815.1315113866519,1994.144503546292,2589.7020895687747,0.013784124859780618,0.05834675697843983,14.685872752144657,-313.16553,162.72626,-9.695251,-1.398063,14.458736,15.649815,-40.175076,-4.123355,6.4756956,-22.73364,-15.713875,-53.401455,-33.697308
712,11.866666666666667,0.15141866,245.84718144871866,982.5255785671263,299.33079615874567,1389.0892595112944,2155.599876929036,0.013784124859780618,0.05834675697843983,14.685872752144657,-332.29663,161.9913,-9.180986,-0.3398181,28.295763,12.736159,-35.042732,-1.978967,7.401878,-15.089209,-18.80493,-53.43463,-33.311356
713,11.883333333333333,0.15462928,244.20395530694788,900.8477131367479,297.21289440529927,1419.3512682815376,2130.5081852986123,0.013784124859780618,0.05834675697843983,14.685872752144657,-340.3836,161.47382,-5.780939,1.36925,33.05011,16.960064,-29.381538,0.24999164,8.610034,-19.17278,-23.188877,-48.960896,-32.256866
714,11.9,0.15568937,243.35208700344032,759.4919886455293,291.9503893086826,1436.6714730253254,2085.0301553889744,0.013784124859780618,0.05834675697843983,14.685872752144657,-364.11282,156.99826,4.9611278,6.4600697,38.090797,15.585986,-25.091812,-1.7902727,11.276502,-12.470915,-27.662453,-46.60089,-33.897476
715,11.916666666666666,0.14383912,238.88868406554138,717.2363691145672,268.36152193052226,1466.9789602068413,2309.1845121802726,0.013784124859780618,0.05834675697843983,14.685872752144657,-377.94485,155.246,10.060581,-1.370986,29.161217,11.204228,-28.799671,-12.461977,10.503351,-4.398555,-24.256563,-40.924152,-36.662663
716,11.933333333333334,0.14123781,239.30789171436575,1784.9094175036937,350.67840973771115,1752.9774314399938,2662.294879479422,0.013784124859780618,0.05834675697843983,14.685872752144657,-249.61176,157.83553,-13.783667,7.622179,-0.32050076,29.231455,-35.98369,-12.526424,-20.491383,-12.632938,-13.212975,-27.446194,-29.307695
717,11.95,0.14271705,249.4008786450325,1933.10132169486,597.5567650264954,2077.6642918638127,2886.4318219227653,0.013784124859780618,0.05834675697843983,14.685872752144657,-198.6208,166.19476,-51.88249,-2.6711206,-7.0623274,4.696521,-62.325478,-20.709084,-25.233097,-14.216482,-4.5910444,-24.986141,-23.494198
718,11.966666666666667,0.1631137,247.54496423942382,2034.625592945184,725.1244373638383,2158.106136345138,2816.95619957574,0.013784124859780618,0.05834675697843983,14.685872752144657,-218.09885,152.4613,-64.1921,-6.126418,-1.6377921,3.520198,-64.88695,-19.7396,-19.002033,-17.804993,3.6058702,-23.555634,-24.696474
719,11.983333333333333,0.16165403,249.14739696853925,1949.3535381086876,744.9111909389292,2043.1052112829823,2500.5267509076366,0.013784124859780618,0.05834675697843983,14.685872752144657,-225.78839,154.63083,-60.004955,-11.735424,-6.3302145,2.3137197,-68.83938,-17.919548,-16.171444,-19.638573,4.663133,-24.195267,-20.390018
720,12.0,0.14390439,250.43163881154598,2033.536996232677,733.2114855779266,2029.1668396737314,2551.5354386283307,0.013784124859780618,0.05834675697843983,14.685872752144657,-234.11073,152.64227,-55.317966,-14.566128,-8.803921,0.14630774,-75.07163,-18.352001,-16.777447,-21.31985,-1.1467271,-26.719753,-20.598404
721,12.016666666666667,0.109626025,251.72763567437627,2025.4987634264135,654.7011677231322,2284.331976093857,3100.2771252586667,0.013784124859780618,0.05834675697843983,14.685872752144657,-255.87067,145.16216,-46.538704,-6.310038,4.0032773,1.6554388,-78.955444,-12.111177,-18.008173,-31.406109,-4.1757097,-34.20922,-26.124454
722,12.033333333333333,0.09432082,255.58200538391515,2105.2210668572134,493.7349943532101,2295.26869978156,3104.63171841409,0.013784124859780618,0.05834675697843983,14.685872752144657,-275.79416,143.05553,-41.45543,-0.60093117,22.468834,8.918587,-74.96572,-7.5156956,-21.936916,-42.340454,-3.2565641,-40.767815,-31.763847
723,12.05,0.094210885,261.92356021762544,2671.8377837817297,395.959298426915,2345.185002748369,3131.310209602411,0.013784124859780618,0.05834675697843983,14.685872752144657,-269.19162,109.18921,-49.115074,26.853748,19.803696,15.028976,-71.11574,-9.02067,-12.869012,-40.544586,-4.736515,-35.742836,-34.961483
724,12.066666666666666,0.10199514,262.8368853158096,3095.729080967135,359.9101840888696,2396.4752981639517,3193.5623647985303,0.013784124859780618,0.05834675697843983,14.685872752144657,-266.78152,88.396355,-55.17663,45.22304,21.658978,16.30661,-67.10457,-1.9857041,-12.167373,-45.52636,-7.0761933,-35.495052,-35.874886
725,12.083333333333334,0.10646491,263.86070527723575,3306.551911272701,338.42703266312907,2409.8602123983437,3195.7860880028184,0.013784124859780618,0.05834675697843983,14.685872752144657,-265.6903,81.53358,-50.661003,56.02655,24.704632,15.191008,-73.12312,-2.0643547,-11.894738,-39.56261,-0.8272022,-32.15134,-32.199654
726,12.1,0.107180215,265.6648074490904,3331.7075564595657,342.8343738170969,2403.778333852348,3129.44158249209,0.013784124859780618,0.05834675697843983,14.685872752144657,-268.3863,76.73183,-50.675694,54.661247,23.983147,20.982018,-66.0679,2.8965056,-9.311484,-36.279472,-0.8598967,-29.208557,-26.608938
727,12.116666666666667,0.10931891,268.4563118903011,3275.4754157565094,347.18460668249656,2406.9657067433295,3112.0310836457043,0.013784124859780618,0.05834675697843983,14.685872752144657,-260.95154,82.13638,-48.13665,49.701965,25.188807,21.545193,-67.367584,0.9173346,-11.190979,-28.182903,-3.0759425,-33.464485,-33.47906
728,12.133333333333333,0.11754532,272.7133899735787,2965.0762326679423,339.0222694323309,2375.814877092332,3095.261840509616,0.013784124859780618,0.05834675697843983,14.685872752144657,-261.40793,94.66986,-49.317837,33.982265,17.388723,18.816652,-69.02086,-0.6948377,-10.732564,-24.192284,0.36199534,-35.15004,-28.100191
729,12.15,0.11576363,273.5900652166838,2885.105001003617,320.1395635877551,2304.3359377384377,3055.347098029332,0.013784124859780618,0.05834675697843983,14.685872752144657,-270.2679,96.802826,-32.19887,39.52608,11.923853,25.48457,-59.916668,-3.6932974,-9.372026,-15.997914,-2.3939214,-42.844215,-30.41397
730,12.166666666666666,0.09104512,264.8020053910434,3803.4407038435493,291.3707794043849,2228.6338748603093,3101.4614516575293,0.013784124859780618,0.05834675697843983,14.685872752144657,-287.84525,66.41672,-11.600045,60.619843,-13.910943,26.655325,-27.299133,-24.451824,-9.658861,6.6494045,-20.464987,-24.78358,-31.942577
731,12.183333333333334,0.05478457,257.85684215295703,7805.649211199636,353.6996624246049,2180.782858077481,3172.239952902905,0.013784124859780618,0.05834675697843983,14.685872752144657,-251.10126,0.24335922,-16.982594,67.32201,-37.11003,40.07553,-17.490652,-10.208335,-15.357624,11.082931,-39.360126,-24.84346,-34.919075
732,12.2,0.032733615,0.0,8624.150381707334,496.44802833913826,2183.9180040034644,3192.428684682922,0.013784124859780618,0.05834675697843983,14.685872752144657,-259.31552,-22.867462,-23.430603,65.40153,-44.264496,32.66707,-25.484043,-11.505152,-21.283306,17.546074,-24.33514,-16.24714,-24.635582
733,12.216666666666667,0.02266121,0.0,8608.782784066945,554.9859610626005,2108.052048660047,3076.0085123160716,0.013784124859780618,0.05834675697843983,14.685872752144657,-282.532,-17.138689,-28.818676,60.03466,-24.262844,38.6193,-24.500252,-5.893725,-22.318268,14.019241,-11.400435,-12.408105,-24.602768
734,12.233333333333333,0.019877296,0.0,6502.633669258192,451.4806424415628,2133.048504408686,3101.0926427390737,0.013784124859780618,0.05834675697843983,14.685872752144657,-361.1789,47.7565,-16.426128,44.97151,-12.7532425,24.32805,-6.6557474,-1.139148,-0.61117005,7.097379,-0.5869179,-14.211021,-22.082884
735,12.25,0.11479327,283.84715864244936,1408.3122422128283,303.5244070510334,1886.728968729592,3000.382688713519,0.013784124859780618,0.05834675697843983,14.685872752144657,-354.50314,124.34689,28.27475,47.422287,-6.1489983,17.784325,2.113925,-8.965012,-9.387539,-25.640903,-37.700413,-36.487686,-22.815311
736,12.266666666666667,0.16368283,269.58115266029637,894.9157968794077,286.4053195036145,1281.1064070885777,2483.953010327811,0.013784124859780618,0.05834675697843983,14.685872752144657,-326.75586,154.96376,13.509437,24.77516,2.6481752,21.528229,-0.57472557,-2.307306,-1.3931456,-25.88913,-32.581726,-40.674007,-33.03186
737,12.283333333333333,0.1889981,263.03073443453377,830.3628518291135,290.6057565654632,1230.0476840300794,2475.735519563778,0.013784124859780618,0.05834675697843983,14.685872752144657,-348.26144,146.68248,7.2013893,15.917899,5.385253,11.230286,-6.7176185,0.21236837,0.41171646,-21.671003,-25.924818,-41.200153,-36.868145
738,12.3,0.18891616,264.1197920432462,1297.4671920872795,314.1852179813451,1740.442669628215,2631.5339026948427,0.013784124859780618,0.05834675697843983,14.685872752144657,-288.85294,153.15582,-36.067215,23.45749,30.469614,2.4288366,-36.087563,1.5907373,7.949532,-28.680393,-23.771751,-44.58467,-40.585266
739,12.316666666666666,0.18113309,265.9976897000523,1714.1046114541714,337.76213861319764,2626.800747314773,2888.4912562998857,0.013784124859780618,0.05834675697843983,14.685872752144657,-283.04376,125.29083,-45.521065,53.81713,40.316643,-8.349097,-60.019928,-0.82922286,15.326765,-28.093258,-19.860538,-45.90177,-43.04148
740,12.333333333333334,0.17871179,265.73621896002896,1997.299289897127,328.7107624118344,2534.5971558677015,2979.174951854563,0.013784124859780618,0.05834675697843983,14.685872752144657,-273.59586,107.19145,-49.976456,59.97626,36.652065,4.738044,-61.51664,-7.2018375,13.391838,-26.330452,-21.659225,-38.47733,-41.649208
741,12.35,0.17524861,264.7757785955113,2173.5065938342177,314.7496865288495,2377.805881726935,2970.355068037301,0.013784124859780618,0.05834675697843983,14.685872752144657,-260.23196,108.70598,-52.351578,46.220455,34.32369,28.001968,-61.60135,-14.143633,2.8938088,-27.022099,-10.592834,-35.1354,-43.712654
742,12.366666666666667,0.15999041,259.15592543502265,1881.1176127292028,294.26061019448304,2190.934629131488,2878.0376780266142,0.013784124859780618,0.05834675697843983,14.685872752144657,-278.416,122.81239,-43.347015,28.742239,30.004951,32.689896,-56.903053,-22.35107,-1.8083009,-29.08305,-1.4027169,-33.914604,-52.801033
743,12.383333333333333,0.13700432,250.83673901128915,2025.9904514069558,280.2563890181669,2011.345810111946,2858.8925143967836,0.013784124859780618,0.05834675697843983,14.685872752144657,-300.38986,114.601944,-31.194174,26.753689,22.221935,38.160843,-35.97538,-20.121925,-6.094304,-14.032915,-8.042106,-30.091862,-43.04538
744,12.4,0.1343403,249.57003320152418,2022.2301140175744,304.3846576984264,2018.8227236266487,2854.0353133673116,0.013784124859780618,0.05834675697843983,14.685872752144657,-277.66025,118.43915,-41.261814,31.89044,23.763168,37.799675,-37.076664,-29.60013,-14.212618,-18.751225,-3.334447,-31.902487,-41.72308
745,12.416666666666666,0.1562718,246.23764608471419,2100.789018567552,398.4357836764621,2115.031065904265,2866.54315257463,0.013784124859780618,0.05834675697843983,14.685872752144657,-227.33034,131.07347,-50.842106,31.647015,21.41518,32.527454,-52.456215,-29.640244,-18.020592,-17.07476,-6.184943,-37.031128,-43.795464
746,12.433333333333334,0.15979216,236.66558273201937,2339.5242198717256,455.37754409948906,2234.0395819102887,2895.5630617665097,0.013784124859780618,0.05834675697843983,14.685872752144657,-219.42938,130.51138,-51.55077,27.663029,8.672654,32.325638,-70.32907,-29.679667,-13.488818,-27.927057,-3.0862918,-41.86522,-39.75642
747,12.45,0.15096013,224.0584710296265,2317.034573060078,443.4266903294593,2311.7469347388264,2936.2537692614737,0.013784124859780618,0.05834675697843983,14.685872752144657,-226.3105,139.89532,-47.002247,26.1725,24.588451,26.137926,-77.42361,-12.251483,-13.884369,-30.586542,7.28822,-46.30558,-31.960045
748,12.466666666666667,0.13528736,211.62566610419378,2261.5448866270353,410.5364060237119,2327.8905228914455,2934.3480971860067,0.013784124859780618,0.05834675697843983,14.685872752144657,-242.61302,132.33281,-48.10835,27.053104,31.36541,19.636389,-72.53052,-8.78357,-19.895424,-29.06453,-2.2414057,-50.397766,-35.341396
749,12.483333333333333,0.117497124,208.07754893971466,2060.1784300184245,345.7471277093835,2306.9635405448266,2900.1358104328865,0.013784124859780618,0.05834675697843983,14.685872752144657,-265.23373,134.63152,-33.033638,28.913063,35.69056,34.127003,-63.313408,-10.636311,-16.089794,-30.757702,-2.4897633,-54.989357,-36.14937
750,12.5,0.09143555,209.08807286203398,1518.9895167605143,280.96016223752673,2291.878522017119,2952.683707840553,0.013784124859780618,0.05834675697843983,14.685872752144657,-336.81995,133.91624,-19.864319,26.552067,57.228184,32.591026,-39.51652,-19.07119,-3.4004679,-15.890129,-15.89385,-37.7519,-29.714642
751,12.516666666666667,0.09759514,211.68237357832885,1508.4161367289014,295.556992093788,2274.6683312404443,3038.2983931146964,0.013784124859780618,0.05834675697843983,14.685872752144657,-329.9227,130.01393,-25.601322,39.409748,48.35705,27.744759,-27.335712,-18.785156,3.4458323,-20.14973,-8.995177,-32.663826,-42.372093
752,12.533333333333333,0.11827683,218.0443184911848,1314.344570479305,260.83522301174634,2281.1180584408576,3197.2394557917987,0.013784124859780618,0.05834675697843983,14.685872752144657,-351.61914,117.28357,-20.419968,54.131397,64.015526,21.127453,-35.09795,-9.725907,-2.6627502,-30.096588,13.376905,-23.242607,-52.566925
753,12.55,0.13169326,218.2602875176678,1619.479888741906,246.63445325344628,2369.0340811087954,3250.8582537109937,0.013784124859780618,0.05834675697843983,14.685872752144657,-335.56204,106.15585,-18.811659,64.597244,55.245655,26.608292,-34.00965,-5.339694,9.364481,-25.560894,-6.594816,-23.278591,-46.168716
754,12.566666666666666,0.14262426,223.62994539924415,1990.0001940617872,245.59449071051938,2480.5912339808942,3106.8149287904153,0.013784124859780618,0.05834675697843983,14.685872752144657,-308.8089,105.552765,-23.35188,69.36023,49.734535,32.431858,-51.370018,-8.882493,23.71801,-28.425674,-8.327141,-26.009335,-44.046623
755,12.583333333333334,0.14386095,231.5724703560229,2056.9100555406167,246.48534212499362,2554.1549708081006,3235.0321877999636,0.013784124859780618,0.05834675697843983,14.685872752144657,-323.03415,89.08707,-27.322098,73.88208,55.850464,28.555138,-58.199387,-0.9753789,19.844616,-41.165558,-9.011454,-31.03011,-49.324646
756,12.6,0.14156201,235.84656418066254,2337.094586627216,250.54746744114263,2595.501837404901,3283.3898693407245,0.013784124859780618,0.05834675697843983,14.685872752144657,-326.63403,76.14135,-33.314747,71.95285,54.73329,25.588255,-59.674164,5.894042,17.701094,-41.344646,-10.747388,-25.307594,-44.431713
757,12.616666666666667,0.14183189,239.760515451902,2231.065142397137,253.60350628030386,2596.390804213978,3274.5545469571703,0.013784124859780618,0.05834675697843983,14.685872752144657,-324.5319,77.12453,-32.223335,75.6838,60.802177,26.237747,-62.600075,7.5073323,17.575409,-40.48518,-12.948511,-30.252205,-45.86795
758,12.633333333333333,0.14117675,244.36587101266176,2260.941990651672,263.8321239352352,2635.0948851019725,3272.6210720538083,0.013784124859780618,0.05834675697843983,14.685872752144657,-316.96613,85.72304,-27.043793,70.19226,57.436783,22.881744,-69.418655,10.371204,21.630095,-37.059956,-14.546268,-27.557037,-42.349174
759,12.65,0.14006212,248.97071091342687,2383.4972222765673,275.19157343204375,2639.5119534676846,3113.828108177423,0.013784124859780618,0.05834675697843983,14.685872752144657,-312.18475,89.53458,-28.619356,62.75184,51.78135,22.019024,-80.40145,0.5700594,26.926752,-38.972607,-13.546645,-24.322258,-47.51071
760,12.666666666666666,0.13609275,250.92824940494762,2413.4357082563897,273.4735828351481,2571.0293955047982,2936.993769906899,0.013784124859780618,0.05834675697843983,14.685872752144657,-316.00278,87.08505,-28.559353,62.173393,49.667336,25.953842,-82.745255,-4.9434605,30.50059,-37.911903,-9.442105,-24.621408,-45.53145
761,12.683333333333334,0.109968245,241.22417395689857,1876.8610028139492,253.14778834341718,2477.830917226297,3030.9739474245475,0.013784124859780618,0.05834675697843983,14.685872752144657,-337.03345,106.936905,-10.866024,57.0206,53.516945,35.00821,-66.71039,-11.156088,31.289032,-28.138306,-3.4951825,-34.397854,-43.26056
762,12.7,0.073275946,235.5669056527693,4230.368077321778,262.8921943281167,2433.4024386013734,3073.6788299069344,0.013784124859780618,0.05834675697843983,14.685872752144657,-304.47787,62.50314,1.353607,93.43038,3.2725854,17.778744,-34.486153,3.5469856,20.201283,13.4852295,-27.221716,-31.01255,-20.666142
763,12.716666666666667,0.12568709,254.70728056790452,4016.047974013396,298.7125343506736,2473.4122976496064,3049.1101834292417,0.013784124859780618,0.05834675697843983,14.685872752144657,-270.38043,63.933952,-6.7378335,98.718315,2.8443797,23.890621,-32.904587,2.3826625,12.736071,7.8616867,-34.05725,-36.261192,-24.430826
764,12.733333333333333,0.16353066,252.1397632281933,1938.1144168116098,261.00446351249644,2599.0553081757403,3138.776088111804,0.013784124859780618,0.05834675697843983,14.685872752144657,-294.3254,93.90705,-5.598744,79.498825,41.817753,25.53017,-61.89283,4.242691,20.700344,-16.519318,-23.721321,-33.327488,-37.56784
765,12.75,0.17619713,238.47692743719807,2144.7099401547857,248.38993506579484,2589.2678050661525,3249.2447063329832,0.013784124859780618,0.05834675697843983,14.685872752144657,-315.2032,81.40233,-15.958484,74.37254,50.799217,19.423513,-68.5981,13.2426815,20.718021,-24.866835,-19.151527,-29.814398,-40.54841
766,12.766666666666667,0.1602983,228.19675085224807,1955.0079091485525,246.9944116710729,2603.751209933259,3259.2064787536597,0.013784124859780618,0.05834675697843983,14.685872752144657,-323.12854,85.43416,-11.493504,81.29091,64.64087,22.393671,-67.530365,8.411236,17.205189,-21.674637,-15.467791,-31.347141,-40.770287
767,12.783333333333333,0.15136507,180.8298182578799,1768.345484296613,284.0458687186642,2614.6920041060703,3149.2630814038275,0.013784124859780618,0.05834675697843983,14.685872752144657,-317.22626,98.18325,-3.4096997,86.12121,69.15297,18.89808,-70.68353,2.336269,6.0752625,-17.993977,-18.189735,-43.048805,-32.22735
768,12.8,0.14098394,108.70036279135864,1709.874154155866,353.4954798372526,2506.14151215226,2992.2500021286073,0.013784124859780618,0.05834675697843983,14.685872752144657,-304.99924,119.86803,-1.2655504,70.50776,68.33496,31.05819,-69.99994,-3.5665607,-4.2916584,-15.7957325,-14.236917,-61.007797,-26.775023
769,12.816666666666666,0.12400478,108.87088197632555,1576.3705864070575,411.4028924601127,2227.8700012451145,2830.2463449158095,0.013784124859780618,0.05834675697843983,14.685872752144657,-266.55847,158.888,0.3921348,37.454453,37.01626,31.401438,-56.376904,-7.784709,-22.278835,-15.048098,0.6759224,-52.30757,-19.008026
770,12.833333333333334,0.10047238,106.01915168949574,1260.9269921632415,463.5085561063413,1869.649277440812,2727.3412198281535,0.013784124859780618,0.05834675697843983,14.685872752144657,-270.40585,190.8299,19.138916,13.637543,17.594067,33.493248,-32.841095,-8.81279,-32.38301,-18.362553,7.2770643,-36.164207,-10.905634
771,12.85,0.07703425,0.0,1254.0943983083969,479.6551174479405,1572.1911637504559,2696.649364735129,0.013784124859780618,0.05834675697843983,14.685872752144657,-289.83224,194.97964,19.403376,1.0632805,5.2313833,15.439571,-15.128916,4.1331024,-30.227043,-20.979824,0.8090875,-21.752998,-2.5202017
772,12.866666666666667,0.053304363,0.0,1102.8212422001138,453.9784887897227,1445.4427251187892,2672.4835975177198,0.013784124859780618,0.05834675697843983,14.685872752144657,-327.68292,193.00996,42.658653,0.53591436,-6.3021374,11.271438,-2.1172857,4.1439114,-21.794292,-17.789711,-7.5512624,-21.106491,-3.3807492
773,12.883333333333333,0.04140541,222.91819205103877,960.8844617602316,352.330932702609,1404.806372154466,2723.8630956519683,0.013784124859780618,0.05834675697843983,14.685872752144657,-390.12363,175.81464,59.555313,3.3623478,-5.3722258,8.498737,10.849487,2.2791672,-10.098606,-13.445259,-13.2300415,-16.019247,-3.6424673
774,12.9,0.027744997,215.8602172993763,955.5165411923288,681.5169552660946,1824.1074472881685,3126.725628737951,0.013784124859780618,0.05834675697843983,14.685872752144657,-432.33957,145.96301,55.865665,2.2025476,2.2832923,15.798759,13.401699,0.15909871,-11.852821,-19.730988,-21.788038,-16.197542,-9.336272
775,12.916666666666666,0.016632447,209.8399968365631,2468.73187061376,1357.6020864342488,2306.7881704042316,3453.79952024872,0.013784124859780618,0.05834675697843983,14.685872752144657,-387.00867,130.20448,-8.541026,-19.592175,-5.919629,7.878521,15.703304,14.831323,-7.3825593,-10.093785,-19.51915,-25.072422,-5.426635
776,12.933333333333334,0.005950864,0.0,2212.4753907518207,1267.190880966254,1896.325491966216,2634.735765273679,0.013784124859780618,0.05834675697843983,14.685872752144657,-439.77875,118.30359,9.35648,-34.777477,-15.195875,13.534222,21.177559,10.907782,0.13646787,-9.7813015,-19.882938,-16.940386,-6.0493894
777,12.95,0.0034312322,0.0,1995.7546211777144,1246.4999780670282,1739.2705184064107,2761.5517263028187,0.013784124859780618,0.05834675697843983,14.685872752144657,-465.5511,103.7136,20.579472,-28.783556,-17.284874,17.297407,29.37518,14.209145,-4.2666235,-11.579063,-12.529469,-13.537834,-13.039267
778,12.966666666666667,0.002355833,0.0,2758.9012811842385,1157.9574758162614,1749.8846346067141,3043.372453338264,0.013784124859780618,0.05834675697843983,14.685872752144657,-506.0136,68.3595,25.575932,-7.7702665,-12.09908,4.640704,19.709322,18.915451,6.3273907,-5.4754915,-9.783677,-9.294975,-8.98253
779,12.983333333333333,0.00080208713,0.0,3955.462354225696,1152.6405209857571,1913.6227481520018,2991.9248759551992,0.013784124859780618,0.05834675697843983,14.685872752144657,-533.1264,40.80574,20.821983,3.4583178,-1.2512397,5.52775,13.805393,14.069948,4.9671,-6.873725,-13.576841,-12.58577,-7.551708
780,13.0,0.00045423178,0.0,5115.175411612471,847.0850216891552,2204.073220467545,2827.056361227088,0.013784124859780618,0.05834675697843983,14.685872752144657,-555.98157,16.696209,15.135365,12.970224,10.591602,8.200461,5.7588644,3.1154215,0.21255499,-2.7723808,-5.4545355,-7.424118,-8.464956
781,13.016666666666667,0.00043499717,0.0,4261.03125475282,358.59182542728604,1923.1445215353435,2710.3136354963967,0.013784124859780618,0.05834675697843983,14.685872752144657,-553.14264,20.76258,19.235657,16.81393,13.669936,10.022278,6.1160955,2.2021003,-1.4836129,-4.7370296,-7.399671,-9.367125,-10.592621
782,13.033333333333333,0.00037527492,0.0,4033.053947244354,356.7102463495832,1805.856104679738,2653.164193731764,0.013784124859780618,0.05834675697843983,14.685872752144657,-555.20154,17.972645,16.797077,14.915678,12.439497,9.512825,6.303219,2.9898636,-0.24850282,-3.24547,-5.8574133,-7.9722314,-9.515293
783,13.05,0.00028278818,0.0,4159.1265860766425,322.8287163691568,1683.4096681309568,2513.9998000079845,0.013784124859780618,0.05834675697843983,14.685872752144657,-558.67615,13.201789,12.445818,11.23366,9.633548,7.734353,5.6395726,3.4603415,1.3080657,-0.7127894,-2.5112684,-4.0153546,-5.175921
784,13.066666666666666,0.00015316517,0.0,4493.993633453305,463.5276632354065,1823.3110491300745,2750.9041179957103,0.013784124859780618,0.05834675697843983,14.685872752144657,-562.7202,7.6080666,7.2203255,6.5955405,5.7645097,4.767722,3.6529121,2.4722528,1.2792718,0.12579766,-0.9409294,-1.8807949,-2.6628327
785,13.083333333333334,7.63178e-05,0.0,5369.459095333234,623.094940410819,1909.0563425900148,2818.6080315193126,0.013784124859780618,0.05834675697843983,14.685872752144657,-567.291,1.2510755,1.179369,1.0642339,0.9119119,0.7305351,0.529575,0.31920254,0.10961115,-0.08961714,-0.27015045,-0.42535663,-0.55067
786,13.1,7.8303055e-05,0.0,4736.147465605605,427.71424049573744,1709.480563506346,2755.6025346794377,0.013784124859780618,0.05834675697843983,14.685872752144657,-567.0514,1.5871911,1.5074583,1.379437,1.210075,1.008389,0.7848693,0.5507261,0.317139,0.094529256,-0.10814625,-0.2839006,-0.42811817
787,13.116666666666667,9.2065464e-05,0.0,4920.403791531765,329.39229066394194,1846.4758923323639,3010.056030996698,0.013784124859780618,0.05834675697843983,14.685872752144657,-566.2187,2.763341,2.678084,2.5381742,2.346828,2.1084301,1.8284335,1.5132091,1.1698923,0.80619866,0.43024346,0.050326675,-0.3252529
788,13.133333333333333,9.2567236e-05,0.0,4635.984546390889,230.4281998456214,1883.5925131245485,3141.9887154069133,0.013784124859780618,0.05834675697843983,14.685872752144657,-565.0174,4.448324,4.3219953,4.1145678,3.830636,3.4764767,3.0598865,2.5899985,2.0770464,1.5321153,0.9668885,0.39334717,-0.1765174
789,13.15,7.1529816e-05,0.0,4984.057090913858,622.5559954534898,2094.935686888671,3122.056994171726,0.013784124859780618,0.05834675697843983,14.685872752144657,-567.8869,0.42810667,0.4146172,0.39245993,0.36210945,0.3242166,0.27959687,0.22920847,0.17413083,0.115537204,0.05468355,-0.0071357824,-0.06860857
790,13.166666666666666,5.604727e-06,0.0,10396.392531144955,1125.0999359448265,2224.99940728242,3279.5083574094615,0.013784124859780618,0.05834675697843983,14.685872752144657,-568.1929,0.0,0.0,0.0,0.0,0.0,0.0,0.0,0.0,0.0,0.0,0.0,0.0
791,13.183333333333334,5.5767173e-06,0.0,9378.475914031398,891.6612964449146,2070.1033721251333,3393.978541956497,0.013784124859780618,0.05834675697843983,14.685872752144657,-568.1929,0.0,0.0,0.0,0.0,0.0,0.0,0.0,0.0,0.0,0.0,0.0,0.0
792,13.2,5.492013e-06,0.0,9196.651375553074,800.9615100228409,2219.381733407755,3495.706137913421,0.013784124859780618,0.05834675697843983,14.685872752144657,-568.1929,0.0,0.0,0.0,0.0,0.0,0.0,0.0,0.0,0.0,0.0,0.0,0.0
793,13.216666666666667,3.881394e-06,0.0,10793.732368721301,1048.8146131038518,2318.124794117589,3228.8486444071223,0.013784124859780618,0.05834675697843983,14.685872752144657,-568.1929,0.0,0.0,0.0,0.0,0.0,0.0,0.0,0.0,0.0,0.0,0.0,0.0
794,13.233333333333333,5.079823e-06,0.0,10905.179953900544,1056.7113721592598,2418.674743859632,3017.8656762033606,0.013784124859780618,0.05834675697843983,14.685872752144657,-568.1929,0.0,0.0,0.0,0.0,0.0,0.0,0.0,0.0,0.0,0.0,0.0,0.0
795,13.25,5.095095e-06,0.0,10116.289380167018,971.9690794067542,2255.477574261995,3370.8507110173905,0.013784124859780618,0.05834675697843983,14.685872752144657,-568.1929,0.0,0.0,0.0,0.0,0.0,0.0,0.0,0.0,0.0,0.0,0.0,0.0
796,13.266666666666667,5.069635e-06,0.0,10595.662924611162,1126.0860451669448,2251.0318128097188,3320.473699655655,0.013784124859780618,0.05834675697843983,14.685872752144657,-568.1929,0.0,0.0,0.0,0.0,0.0,0.0,0.0,0.0,0.0,0.0,0.0,0.0
797,13.283333333333333,3.931047e-06,0.0,10721.546496535155,1211.052762045472,2221.458131157467,3257.8309920940637,0.013784124859780618,0.05834675697843983,14.685872752144657,-568.1929,0.0,0.0,0.0,0.0,0.0,0.0,0.0,0.0,0.0,0.0,0.0,0.0
798,13.3,4.025766e-06,0.0,10748.685257852685,1240.9379896412315,2269.959886818304,3262.020897562515,0.013784124859780618,0.05834675697843983,14.685872752144657,-568.1929,0.0,0.0,0.0,0.0,0.0,0.0,0.0,0.0,0.0,0.0,0.0,0.0
799,13.316666666666666,3.987179e-06,0.0,10746.010602100683,1143.1129052153738,2092.2190411076917,3233.547784923764,0.013784124859780618,0.05834675697843983,14.685872752144657,-568.1929,0.0,0.0,0.0,0.0,0.0,0.0,0.0,0.0,0.0,0.0,0.0,0.0
800,13.333333333333334,3.9731594e-06,0.0,10669.518766059937,1028.1667591055093,2002.631827751364,3193.166479163603,0.013784124859780618,0.05834675697843983,14.685872752144657,-568.1929,0.0,0.0,0.0,0.0,0.0,0.0,0.0,0.0,0.0,0.0,0.0,0.0
801,13.35,3.874555e-06,0.0,10643.780707336608,1107.744734064355,2225.7126358489677,3326.7854280963193,0.013784124859780618,0.05834675697843983,14.685872752144657,-568.1929,0.0,0.0,0.0,0.0,0.0,0.0,0.0,0.0,0.0,0.0,0.0,0.0
802,13.366666666666667,3.8702415e-06,0.0,10575.955050674465,1062.7368929042527,2345.0323654416325,3345.1033048907216,0.013784124859780618,0.05834675697843983,14.685872752144657,-568.1929,0.0,0.0,0.0,0.0,0.0,0.0,0.0,0.0,0.0,0.0,0.0,0.0
803,13.383333333333333,3.7893344e-06,0.0,10789.595595608333,1257.990572736286,2498.750075844368,3476.436343258028,0.013784124859780618,0.05834675697843983,14.685872752144657,-568.1929,0.0,0.0,0.0,0.0,0.0,0.0,0.0,0.0,0.0,0.0,0.0,0.0
804,13.4,3.7710051e-06,0.0,10684.13290834399,1245.502994627869,2244.0758778015274,3286.354643491213,0.013784124859780618,0.05834675697843983,14.685872752144657,-568.1929,0.0,0.0,0.0,0.0,0.0,0.0,0.0,0.0,0.0,0.0,0.0,0.0
805,13.416666666666666,3.8909093e-06,0.0,10806.54932109367,1093.812426094756,2072.0873715825674,3048.5405928389923,0.013784124859780618,0.05834675697843983,14.685872752144657,-568.1929,0.0,0.0,0.0,0.0,0.0,0.0,0.0,0.0,0.0,0.0,0.0,0.0
806,13.433333333333334,3.9879874e-06,0.0,10681.508921244813,1065.5532048187836,2170.9239090528586,3112.96804001005,0.013784124859780618,0.05834675697843983,14.685872752144657,-568.1929,0.0,0.0,0.0,0.0,0.0,0.0,0.0,0.0,0.0,0.0,0.0,0.0
807,13.45,3.963364e-06,0.0,10915.743000979595,1164.1277595588242,2253.26902614764,3269.4119075190115,0.013784124859780618,0.05834675697843983,14.685872752144657,-568.1929,0.0,0.0,0.0,0.0,0.0,0.0,0.0,0.0,0.0,0.0,0.0,0.0
808,13.466666666666667,3.905388e-06,0.0,10682.452719969555,1203.470534581531,2197.4505754296897,3223.3363583213973,0.013784124859780618,0.05834675697843983,14.685872752144657,-568.1929,0.0,0.0,0.0,0.0,0.0,0.0,0.0,0.0,0.0,0.0,0.0,0.0
809,13.483333333333333,3.97834e-06,0.0,10768.443725600464,1103.3310866665945,2055.2868913319294,3025.2041447850543,0.013784124859780618,0.05834675697843983,14.685872752144657,-568.1929,0.0,0.0,0.0,0.0,0.0,0.0,0.0,0.0,0.0,0.0,0.0,0.0
810,13.5,3.951166e-06,0.0,10636.764982829163,988.1680507343036,1989.740042314433,2861.300978854928,0.013784124859780618,0.05834675697843983,14.685872752144657,-568.1929,0.0,0.0,0.0,0.0,0.0,0.0,0.0,0.0,0.0,0.0,0.0,0.0
811,13.516666666666667,3.9371066e-06,0.0,10688.086015290566,1020.0645116719537,1966.5068332073324,2955.6806432989556,0.013784124859780618,0.05834675697843983,14.685872752144657,-568.1929,0.0,0.0,0.0,0.0,0.0,0.0,0.0,0.0,0.0,0.0,0.0,0.0
812,13.533333333333333,3.845675e-06,0.0,10816.465002734603,1047.2506851162827,2066.549769256144,3078.302164522431,0.013784124859780618,0.05834675697843983,14.685872752144657,-568.1929,0.0,0.0,0.0,0.0,0.0,0.0,0.0,0.0,0.0,0.0,0.0,0.0
813,13.55,3.9707297e-06,0.0,11072.690227342755,1077.4482643082586,2206.0487479593426,3242.358991952256,0.013784124859780618,0.05834675697843983,14.685872752144657,-568.1929,0.0,0.0,0.0,0.0,0.0,0.0,0.0,0.0,0.0,0.0,0.0,0.0
814,13.566666666666666,3.9063893e-06,0.0,10767.657414189227,1146.0224950696227,2223.1897496011957,3160.3338059812277,0.013784124859780618,0.05834675697843983,14.685872752144657,-568.1929,0.0,0.0,0.0,0.0,0.0,0.0,0.0,0.0,0.0,0.0,0.0,0.0
815,13.583333333333334,3.8461662e-06,0.0,10806.909086185584,1133.4559539216286,2348.829730365149,3163.155646998889,0.013784124859780618,0.05834675697843983,14.685872752144657,-568.1929,0.0,0.0,0.0,0.0,0.0,0.0,0.0,0.0,0.0,0.0,0.0,0.0
816,13.6,3.862878e-06,0.0,10863.02498914162,1186.2596491374181,2423.8970141963764,3381.349575554346,0.013784124859780618,0.05834675697843983,14.685872752144657,-568.1929,0.0,0.0,0.0,0.0,0.0,0.0,0.0,0.0,0.0,0.0,0.0,0.0
817,13.616666666666667,3.8297344e-06,0.0,10930.22123970448,1211.4023673435133,2246.457699569917,3218.53845496671,0.013784124859780618,0.05834675697843983,14.685872752144657,-568.1929,0.0,0.0,0.0,0.0,0.0,0.0,0.0,0.0,0.0,0.0,0.0,0.0
818,13.633333333333333,3.899563e-06,0.0,10974.86388670837,1056.347441145282,2134.982590331306,3098.0804512593945,0.013784124859780618,0.05834675697843983,14.685872752144657,-568.1929,0.0,0.0,0.0,0.0,0.0,0.0,0.0,0.0,0.0,0.0,0.0,0.0
819,13.65,4.363083e-06,0.0,10656.201466302819,1113.378791544921,2185.7394633255317,3191.3798195349696,0.013784124859780618,0.05834675697843983,14.685872752144657,-568.1929,0.0,0.0,0.0,0.0,0.0,0.0,0.0,0.0,0.0,0.0,0.0,0.0
820,13.666666666666666,7.6700935e-06,0.0,11246.6066602165,1272.32673764697,2204.300594346414,3529.9902986643283,0.013784124859780618,0.05834675697843983,14.685872752144657,-568.1929,0.0,0.0,0.0,0.0,0.0,0.0,0.0,0.0,0.0,0.0,0.0,0.0
821,13.683333333333334,1.2687716e-05,0.0,11537.180043970879,1132.1377919675394,2061.9312409994714,3557.95057482107,0.013784124859780618,0.05834675697843983,14.685872752144657,-568.1929,0.0,0.0,0.0,0.0,0.0,0.0,0.0,0.0,0.0,0.0,0.0,0.0
822,13.7,0.00013635281,0.0,10744.200774364448,1025.2567284756947,1894.3065427133138,2854.5931983199653,0.013784124859780618,0.05834675697843983,14.685872752144657,-568.1929,0.0,0.0,0.0,0.0,0.0,0.0,0.0,0.0,0.0,0.0,0.0,0.0
823,13.716666666666667,0.020028058,0.0,3322.919110741824,1048.1882191387874,1952.7207027864258,2486.294979403523,0.013784124859780618,0.05834675697843983,14.685872752144657,-343.07004,114.420746,-36.035126,-35.286907,-38.74674,28.278948,-6.183317,-37.68267,-21.596561,-9.527033,-5.9712496,-13.197802,-19.256018
824,13.733333333333333,0.042515293,0.0,4930.120403982961,1027.8476616350463,1946.9522565084,2871.790880098887,0.013784124859780618,0.05834675697843983,14.685872752144657,-228.01276,88.16695,-50.32148,3.8603015,-61.701317,30.14775,-4.9735813,-28.166012,-32.347916,-3.7981892,-8.467342,-8.60993,-22.446438
825,13.75,0.10531237,303.3026290118978,2315.7000485670333,713.1588521705162,1952.7775007254675,3101.4174853931477,0.013784124859780618,0.05834675697843983,14.685872752144657,-200.53244,154.59322,-37.46782,15.515523,-43.853607,7.8729987,-20.23022,-26.954517,-24.87436,-2.0741484,-4.976684,-17.375725,-20.820328
826,13.766666666666667,0.13373898,292.24717269444847,2267.9119007885365,776.4421603169415,1989.757645332549,3004.4515645427327,0.013784124859780618,0.05834675697843983,14.685872752144657,-188.00327,148.56583,-61.709435,13.0380745,-30.90264,2.6393661,-35.229362,-13.768139,-24.938393,-9.352753,7.367536,-23.02903,-22.400414
827,13.783333333333333,0.13530265,290.3591133513765,2566.713759340502,859.9712499966237,2019.3343164048654,2983.0830699325693,0.013784124859780618,0.05834675697843983,14.685872752144657,-206.59015,122.86746,-66.636955,13.107973,-32.21158,3.565547,-38.210556,-11.645708,-21.438314,-6.8411837,6.3137455,-28.525501,-24.791927
828,13.8,0.1282111,289.1835658759069,2666.0046956196434,801.6323862427591,2071.95902749875,2939.801328148371,0.013784124859780618,0.05834675697843983,14.685872752144657,-218.79694,110.135376,-65.63133,13.233547,-25.005613,3.3172078,-51.739822,-9.338987,-23.813658,-9.510365,8.235844,-33.04815,-22.265327
829,13.816666666666666,0.12446619,287.5150405178705,2456.2083053305405,648.6315664805721,2085.204497923727,2687.4251039868277,0.013784124859780618,0.05834675697843983,14.685872752144657,-221.99353,121.43733,-53.691444,16.73807,-21.779898,3.333604,-62.457474,-16.54336,-27.099064,-20.126528,2.4689217,-41.506832,-19.909477
830,13.833333333333334,0.12852396,286.6939474327444,2013.299305703753,439.9400207232591,2006.0281625312994,2247.0211277712674,0.013784124859780618,0.05834675697843983,14.685872752144657,-259.6421,135.45735,-44.02253,17.314407,-11.541149,5.4961195,-46.080772,-23.321632,-29.170458,-36.971622,-0.5685093,-41.129387,-33.240696
831,13.85,0.14018996,287.42882116999186,1943.490552260922,327.0847204990616,1980.1100538954454,2478.387824267901,0.013784124859780618,0.05834675697843983,14.685872752144657,-298.3766,111.378456,-42.860207,35.365532,5.20201,9.157849,-26.003515,-12.384126,-32.062733,-37.034805,15.842807,-31.480091,-37.139908
832,13.866666666666667,0.14857444,285.3269321637381,1986.1052175957793,311.20852984629084,2008.3899700720385,3050.1366781668326,0.013784124859780618,0.05834675697843983,14.685872752144657,-288.05215,117.09793,-44.595997,31.378944,0.48044586,7.2744293,-21.155247,-0.74761057,-24.766678,-38.543507,8.7246685,-35.10646,-45.945183
833,13.883333333333333,0.15028425,285.9433420084307,2532.1594217144043,398.58166828531444,2182.514738393262,3156.7229572605024,0.013784124859780618,0.05834675697843983,14.685872752144657,-216.4159,129.37486,-47.387154,29.065845,-16.717813,16.459879,-53.226738,-10.470198,-15.913902,-31.46408,-5.6989384,-48.7119,-38.903046
834,13.9,0.14477617,288.7255706425306,2804.606179051045,545.9782446826048,2359.483105654464,3116.6246339544946,0.013784124859780618,0.05834675697843983,14.685872752144657,-250.21858,90.334595,-44.561363,38.476757,5.1994734,20.178776,-69.42836,-5.841728,-14.059521,-23.565945,-3.1804605,-41.279987,-31.055258
835,13.916666666666666,0.13844396,289.029247003078,2894.9262727264163,586.3917747650515,2410.5753302131707,3113.276847622273,0.013784124859780618,0.05834675697843983,14.685872752144657,-257.32214,88.42984,-36.006916,33.029865,-4.9718714,9.948181,-76.4303,-1.2532629,-4.9500675,-16.846348,-7.7851686,-42.153133,-31.376484
836,13.933333333333334,0.13589306,289.22862043344674,3003.514756439864,611.5522137679267,2371.1243802514455,3109.1576168030106,0.013784124859780618,0.05834675697843983,14.685872752144657,-257.43625,87.19073,-31.764439,28.058332,-7.8480697,15.662579,-76.488495,-2.8517356,-0.43075252,-10.317685,-6.0924892,-38.287186,-31.073784
837,13.95,0.13382018,289.3502657504075,2993.110461537926,594.910452066223,2300.420359262733,3126.0004001594693,0.013784124859780618,0.05834675697843983,14.685872752144657,-260.01144,91.0338,-31.103985,18.63305,-9.182478,23.994423,-72.6756,-6.7282515,-6.465856,-13.259809,-5.660334,-39.99259,-37.72784
838,13.966666666666667,0.15405801,287.3904838963649,2533.1112976693066,463.9491068677923,2157.1534129077163,3057.2653457188685,0.013784124859780618,0.05834675697843983,14.685872752144657,-275.22958,111.29039,-18.51559,12.818187,-6.548197,32.334305,-61.804447,-11.500374,-6.8292813,-17.756256,1.0492816,-36.357765,-42.458168
839,13.983333333333333,0.18342206,283.02109406118194,1255.9993570901395,326.4622974048601,1880.4392244858227,2619.988407378546,0.013784124859780618,0.05834675697843983,14.685872752144657,-328.57098,127.70049,-11.411597,10.394966,6.066991,25.95134,-37.68086,-9.643498,1.9276378,-22.672188,-7.283412,-46.561672,-37.97033
840,14.0,0.20738956,281.29518731977225,1139.7187155117854,297.85234757617724,1627.0294570649808,2062.421172712799,0.013784124859780618,0.05834675697843983,14.685872752144657,-345.7037,119.57364,-21.120758,5.4754367,13.30081,32.302025,-32.46346,-9.677525,10.591804,-23.043287,-9.929112,-50.631287,-37.78969
841,14.016666666666667,0.20119359,277.28074099569,1084.8332562673268,293.8921693207135,1468.2604659366182,2135.331387283627,0.013784124859780618,0.05834675697843983,14.685872752144657,-347.4965,125.30559,-11.30662,6.4237757,13.852812,34.106003,-32.57563,-10.119686,14.93701,-15.486474,-10.959244,-51.376663,-41.902763
842,14.033333333333333,0.17994043,273.32236814132153,937.1043786145112,286.8910110856821,1577.007070922066,2474.7741130090117,0.013784124859780618,0.05834675697843983,14.685872752144657,-350.37988,146.52713,1.4161348,1.8415183,18.853235,33.402817,-29.352114,-17.929504,9.807342,-14.531457,-13.221141,-41.495415,-35.49462
843,14.05,0.16324489,278.8238975213292,1794.04070669119,404.5567596220993,1914.250486081856,2925.6136681096336,0.013784124859780618,0.05834675697843983,14.685872752144657,-217.45561,161.55536,-36.664974,2.2607617,-10.66117,20.496624,-37.893562,-9.96363,-20.882607,-17.689064,-4.2233067,-30.807398,-29.458813
844,14.066666666666666,0.15022056,290.00532298661403,2533.3150123265204,665.1288566764348,2095.8498112860702,2989.2581205695974,0.013784124859780618,0.05834675697843983,14.685872752144657,-198.3686,120.049545,-55.950813,14.273408,-9.499989,18.207424,-58.85368,-13.655565,-26.95488,-12.9202175,6.864524,-23.55672,-24.83127
845,14.083333333333334,0.1413606,287.70191749080686,2610.7092333640476,764.7510612009595,2152.507049652805,2940.3608060126876,0.013784124859780618,0.05834675697843983,14.685872752144657,-211.04858,112.63066,-66.55354,5.0496674,-18.689545,5.098189,-60.9246,-12.412712,-23.219948,-10.003767,5.1851506,-27.749687,-22.725056
846,14.1,0.13084666,287.5600679596781,2596.422579972578,755.0339603019501,2166.5779297935487,2987.675035780642,0.013784124859780618,0.05834675697843983,14.685872752144657,-214.38063,114.972275,-71.54474,-5.675321,-22.753616,-0.15767431,-66.3601,-10.405353,-22.180775,-5.3793836,6.2493706,-27.103485,-18.713211
847,14.116666666666667,0.12997255,288.90613055519367,2627.6632528086543,670.6691215067901,1993.3361100247173,2757.195009382963,0.013784124859780618,0.05834675697843983,14.685872752144657,-228.4589,111.099014,-57.552002,5.9857483,-13.407444,3.5775313,-68.663895,-5.6819043,-20.351051,-13.565111,-7.3146834,-30.067474,-20.25681
848,14.133333333333333,0.107959054,288.60955709352845,2292.986379259089,547.3823715007878,1403.3315429116565,2273.9149443928586,0.013784124859780618,0.05834675697843983,14.685872752144657,-239.34407,131.43822,-35.4778,8.815833,5.882561,11.14073,-77.03971,-8.496195,-21.723465,-23.224562,-5.1816673,-31.689247,-26.538376
849,14.15,0.09981704,292.4084395369158,1977.481480936571,424.63868038519894,1512.236389893194,2566.3509752238415,0.013784124859780618,0.05834675697843983,14.685872752144657,-307.8621,135.28064,-20.104473,13.666889,11.384351,11.027592,-43.844025,-19.945213,-13.197673,-16.393837,-6.9812965,-27.532673,-26.143194
850,14.166666666666666,0.12927619,302.2089991726592,2696.2618605904636,331.91198334438644,2367.561631464615,3163.07377054958,0.013784124859780618,0.05834675697843983,14.685872752144657,-264.69904,98.728134,-29.096235,39.383278,3.9251614,21.619652,-58.262802,-16.221317,-8.447084,-26.497978,-22.126396,-31.740458,-45.39436
851,14.183333333333334,0.16211249,302.892542510774,3305.12013990717,332.07329793306695,2461.269179448669,3234.7022806366576,0.013784124859780618,0.05834675697843983,14.685872752144657,-257.80948,60.90309,-46.08219,49.17931,2.050385,23.221504,-68.08292,-7.449401,-2.3502843,-29.276573,-21.924511,-29.142704,-45.366196
852,14.2,0.15748139,302.86377622927154,3544.3319764304374,344.45594700260835,2484.8984155975277,3225.2605548835995,0.013784124859780618,0.05834675697843983,14.685872752144657,-264.64276,45.92552,-52.414917,50.69874,5.04661,20.060432,-73.215775,-8.969774,-8.033609,-27.085442,-15.036428,-22.910706,-46.45701
853,14.216666666666667,0.13780469,303.8360085103648,3559.9555754222365,406.7330880581814,2421.217133339145,3139.4282078066253,0.013784124859780618,0.05834675697843983,14.685872752144657,-261.7477,50.963463,-54.346268,46.84951,3.2820234,19.162819,-73.69135,-15.443169,-8.372058,-20.318415,-11.421059,-26.52863,-44.74179
854,14.233333333333333,0.1208268,304.271892754003,3191.2274159523354,530.8157922183782,2274.761876903069,3078.993507095444,0.013784124859780618,0.05834675697843983,14.685872752144657,-270.53888,61.717205,-50.99297,34.121117,-11.460865,16.938345,-68.19455,-25.140203,-13.730358,-18.360802,-2.1058989,-29.816452,-46.398964
855,14.25,0.11033366,303.2361795687196,3073.77305462539,607.0449084380501,2078.3331194577995,3146.493914547793,0.013784124859780618,0.05834675697843983,14.685872752144657,-266.73962,77.13187,-47.844208,15.160105,-20.982004,23.295834,-56.03491,-21.023228,-28.486485,-27.79652,0.2581632,-25.568913,-43.584965
856,14.266666666666667,0.115814574,298.65719642662646,2348.7850652366687,488.28197321481554,1864.0793058327667,2886.752764953279,0.013784124859780618,0.05834675697843983,14.685872752144657,-290.03137,110.60066,-22.1325,5.54603,-16.069942,25.343575,-43.15399,-10.274181,-29.623001,-33.425232,0.23698235,-27.46281,-38.737732
857,14.283333333333333,0.12965919,292.61647106875444,1180.740047988916,312.9367093324494,1558.9640089401232,2332.7011473486327,0.013784124859780618,0.05834675697843983,14.685872752144657,-340.48563,140.1977,-20.01654,-8.781818,19.76495,17.73637,-31.697218,-4.6897,-14.980795,-36.621136,-13.688588,-34.05552,-39.863216
858,14.3,0.14650159,293.9453435469009,1117.998317166494,304.94348976215093,1510.444130507027,2511.74257044246,0.013784124859780618,0.05834675697843983,14.685872752144657,-353.18558,120.82997,-27.771643,15.997699,19.095884,13.988798,-3.8158116,-10.3181,-9.805119,-26.178673,-28.958477,-31.838097,-30.680676
859,14.316666666666666,0.14460944,297.98433076902245,1053.765858007569,307.5572741668364,1532.0367313717368,2720.4104347715293,0.013784124859780618,0.05834675697843983,14.685872752144657,-349.59106,135.16977,-22.128181,-1.0038404,14.742545,15.492025,-15.947727,-8.654335,-10.53982,-37.6986,-25.398136,-30.90334,-28.010735
860,14.333333333333334,0.13457644,307.1497309477463,1956.2004366119756,429.61310257795407,1564.431370598013,3217.993186660249,0.013784124859780618,0.05834675697843983,14.685872752144657,-257.6511,138.53668,-22.87416,6.7107534,-25.303705,14.001738,-30.123417,1.4062786,-36.66873,-45.263603,-2.696138,-26.59954,-27.71054
861,14.35,0.1250908,311.74049454008986,2567.6479625697425,645.8097050947769,1623.7160432991734,3437.5576027796437,0.013784124859780618,0.05834675697843983,14.685872752144657,-256.9878,106.48457,-36.52829,11.0782795,-38.96501,9.649688,-31.383854,4.455102,-36.553745,-45.471367,10.870408,-11.180316,-26.83945
862,14.366666666666667,0.12686022,312.0690602332085,2329.8333849345204,680.9950672002902,1587.1234007075525,3419.4767521868534,0.013784124859780618,0.05834675697843983,14.685872752144657,-262.9306,115.46109,-36.105637,-2.574762,-43.08371,2.6046462,-36.067413,15.07563,-31.031097,-54.495132,5.08585,-15.222731,-25.005188
863,14.383333333333333,0.122881755,311.6860991951852,2053.637201300631,569.0492536134269,1417.4819536339483,3024.3407931884376,0.013784124859780618,0.05834675697843983,14.685872752144657,-277.78674,135.4971,-13.076568,-14.094667,-51.13389,-1.6184447,-35.84446,14.638903,-27.460918,-55.252144,-3.18643,-26.146923,-31.184391
864,14.4,0.13879596,308.39684510188835,1291.3119076256262,360.53365170142337,1256.1698964354691,2465.555945091553,0.013784124859780618,0.05834675697843983,14.685872752144657,-326.70276,151.31013,0.67875445,-21.787569,-30.07645,-0.15863168,-27.101406,8.325838,-11.030264,-40.93239,-18.036871,-37.108387,-32.772903
865,14.416666666666666,0.1635702,304.53859374837344,822.3974365062753,314.35885950630177,1270.8022318202136,2708.786624261793,0.013784124859780618,0.05834675697843983,14.685872752144657,-359.5996,156.32559,-8.724683,-25.581898,-4.5842285,0.28502434,-5.3993406,7.291789,0.5978271,-31.77718,-36.795082,-37.596455,-40.571808
866,14.433333333333334,0.1846351,305.4370627534242,796.0754202077811,312.7012466093181,1242.4278415451035,2621.657298898265,0.013784124859780618,0.05834675697843983,14.685872752144657,-368.72968,147.5862,-8.318108,-21.815212,-10.829227,-4.7218256,-8.518558,2.5558453,-0.39192107,-34.973106,-30.046247,-34.87003,-44.146637
867,14.45,0.17810991,309.2554388526158,974.7365570607031,320.40014612382663,1303.3779525166333,2493.7850730805317,0.013784124859780618,0.05834675697843983,14.685872752144657,-336.59567,152.17365,-15.253981,-17.936,-9.121338,2.223381,-16.747156,-2.2975693,-9.599876,-43.99694,-22.663492,-22.65969,-45.67547
868,14.466666666666667,0.16523233,314.8245996442731,1469.5059370629074,341.6912906451996,1559.4117657052243,2444.999468597666,0.013784124859780618,0.05834675697843983,14.685872752144657,-310.2476,131.19673,-35.545135,-6.11788,-6.7653255,17.254736,-25.50782,4.4141903,-5.0938363,-53.990356,0.8638668,-16.99947,-47.932236
869,14.483333333333333,0.15505162,313.96436897346604,2322.3769949852954,367.98648886753176,1929.6230652765976,2763.413097707907,0.013784124859780618,0.05834675697843983,14.685872752144657,-287.16934,102.630905,-47.86384,15.231946,4.2125196,20.551249,-53.54561,-2.9675624,-2.238547,-38.37127,5.8914022,-28.000538,-53.685116
870,14.5,0.14385042,310.86724462523927,2731.758989285172,420.61259552966493,2161.3798910581195,3111.2148658853707,0.013784124859780618,0.05834675697843983,14.685872752144657,-271.91498,91.102905,-53.892067,25.492966,-3.4144764,18.82416,-63.49957,-9.32932,-4.926818,-41.43373,2.0276852,-33.417088,-53.952522
871,14.516666666666667,0.13825218,305.505904909272,2923.4203509241643,514.9111284056503,2008.113742075357,3043.663977414752,0.013784124859780618,0.05834675697843983,14.685872752144657,-236.35666,93.17116,-73.944305,11.020468,-29.805223,18.089958,-48.596085,-16.222397,-23.490189,-39.538452,-0.48196507,-23.59887,-33.307796
872,14.533333333333333,0.13153782,295.079492884288,2511.484819290828,598.0361084182329,1781.2220683219966,2999.562873916817,0.013784124859780618,0.05834675697843983,14.685872752144657,-222.54576,117.88597,-69.57637,4.491776,-29.54067,13.609232,-51.261093,-10.556811,-21.112417,-44.474834,1.6086239,-22.182215,-25.469572
873,14.55,0.124925375,281.73845552754796,2246.5282929902937,626.7314870810989,1748.0691732017135,2972.2677890067216,0.013784124859780618,0.05834675697843983,14.685872752144657,-230.89601,129.1311,-68.708725,-6.7508097,-31.459946,2.779583,-52.45664,-6.8598413,-19.71333,-43.881332,0.7292904,-25.154652,-23.167442
874,14.566666666666666,0.119387574,270.32081112972935,2184.582241905127,566.0588330567945,1862.8974738363333,2791.687468214815,0.013784124859780618,0.05834675697843983,14.685872752144657,-228.42441,139.01122,-48.025486,-0.9581502,-20.728756,7.2792516,-53.19255,-9.621989,-33.628433,-30.44711,-8.020462,-27.138248,-15.5255575
875,14.583333333333334,0.11944191,262.4632945318578,1437.6396302464534,423.64548251126314,1857.8150917965568,2394.6113319681435,0.013784124859780618,0.05834675697843983,14.685872752144657,-294.73456,152.2432,-38.45442,-16.529089,12.3126545,18.62582,-49.967518,-26.249153,-14.901596,-28.898918,-15.334957,-25.078722,-23.238638
876,14.6,0.11969954,256.6658226315403,1123.8003856451787,359.5803432868326,1862.9208599274075,2236.5121634276124,0.013784124859780618,0.05834675697843983,14.685872752144657,-331.1547,164.38086,-30.625736,-19.07856,30.308979,13.591829,-41.42102,-32.862984,-10.190908,-21.77422,-13.8097925,-21.469845,-24.728167
877,14.616666666666667,0.1110511,250.29028300375703,883.8929672449564,290.0600875537487,1956.3983361593598,2323.944225013456,0.013784124859780618,0.05834675697843983,14.685872752144657,-362.1403,162.738,-13.488781,-17.170456,37.908215,17.040348,-30.008652,-31.562801,-10.714787,-5.331053,-11.264046,-19.984276,-18.96453
878,14.633333333333333,0.08959523,243.08688602325117,832.7431840911648,254.58144913291795,1942.3272297403462,2756.971160508652,0.013784124859780618,0.05834675697843983,14.685872752144657,-380.67355,155.20892,0.14025187,-8.203497,39.345497,24.725374,-12.527027,-21.528797,-17.830841,-12.519899,-8.293289,-18.461884,-27.155247
879,14.65,0.06152994,240.17218316807643,937.2254489423981,247.6262839670543,1875.9772127309252,2802.1380222069392,0.013784124859780618,0.05834675697843983,14.685872752144657,-407.79587,138.72751,13.969515,-0.77062595,29.869007,24.08263,-1.7104884,-10.790262,-10.023077,-11.959915,-8.223225,-10.948858,-22.729137
880,14.666666666666666,0.03337607,245.65307166443313,1077.4397441418373,257.8212160252577,1861.736177769053,2795.500671527239,0.013784124859780618,0.05834675697843983,14.685872752144657,-469.0795,99.156586,32.41643,16.425293,35.285004,30.945831,0.97761256,-17.093052,-13.133089,-6.9872737,-9.372492,-13.917434,-16.368176
881,14.683333333333334,0.0688494,256.5477267436051,1622.9203435787151,274.74285902110836,1940.0461146984592,2880.173140740724,0.013784124859780618,0.05834675697843983,14.685872752144657,-438.27197,105.62352,11.174076,13.13302,36.366386,35.832237,8.065197,-17.1778,-10.714536,-9.023522,-17.96783,-15.776595,-17.111168
882,14.7,0.14905532,273.11532304833037,1132.8134332122243,280.8884637679029,2109.935925812782,2670.9664121043197,0.013784124859780618,0.05834675697843983,14.685872752144657,-341.29196,138.99341,-29.29673,21.171225,52.012844,12.439317,-34.17826,-11.875225,-4.4822927,-18.705105,-3.769361,-37.14724,-40.39093
883,14.716666666666667,0.20399801,270.9733748827564,1633.8417086752202,275.7627389617861,2401.1314692330616,2747.6746944100946,0.013784124859780618,0.05834675697843983,14.685872752144657,-303.28067,107.67258,-45.834618,46.411476,60.420086,20.416454,-54.30448,4.0344257,-2.23016,-26.476498,-8.03932,-45.98002,-42.962753
884,14.733333333333333,0.21669446,277.036398126006,2227.934144953905,281.92371841723957,2514.6229053529237,2934.4705422907596,0.013784124859780618,0.05834675697843983,14.685872752144657,-281.40454,77.10996,-53.87525,68.22334,41.087715,20.592049,-51.04068,0.4999156,-2.3968894,-23.812756,-20.984537,-43.82923,-29.626953
885,14.75,0.2049756,285.5343978178908,2260.9757835923097,292.3995262083856,2544.2825963537107,3079.6064805815013,0.013784124859780618,0.05834675697843983,14.685872752144657,-282.14258,80.481415,-54.54776,65.29837,41.840443,16.21376,-58.218224,0.015140533,1.0116489,-35.78675,-25.13982,-38.892845,-38.157356
886,14.766666666666667,0.19478996,293.698119311186,2306.575390774653,304.49165489380573,2564.9900460755593,3045.104182586199,0.013784124859780618,0.05834675697843983,14.685872752144657,-281.84122,83.17743,-56.756634,59.64527,35.326515,14.026841,-56.050335,3.482851,8.019182,-30.522371,-20.785097,-35.204685,-35.586586
887,14.783333333333333,0.18189359,299.1779452620044,2434.7906111815187,315.5907623480689,2456.927134811732,2915.000111701159,0.013784124859780618,0.05834675697843983,14.685872752144657,-279.78867,77.52719,-60.729782,44.430595,19.191044,22.988136,-57.129513,-6.387968,5.0670614,-26.147905,-17.781172,-37.139996,-36.76677
888,14.8,0.15385768,297.8139925360473,2094.150139405193,319.4914437781896,2220.953828653469,2928.6888552887885,0.013784124859780618,0.05834675697843983,14.685872752144657,-288.08856,100.444885,-50.46659,28.085936,16.864084,27.137608,-50.63037,-16.033884,-2.8598866,-25.457024,-11.031845,-40.617287,-44.189255
889,14.816666666666666,0.11831246,291.74003023584635,1755.5848249861015,312.086823491752,2011.184437614888,2921.43269940584,0.013784124859780618,0.05834675697843983,14.685872752144657,-326.88077,119.18591,-33.85061,5.3008347,12.891336,25.062292,-37.138622,-16.2111,-6.4106293,-26.840206,0.39078104,-29.297688,-42.29821
890,14.833333333333334,0.10403804,291.6213246438966,1982.8395536880041,316.2389171947914,1973.7234013374753,2734.5644049481166,0.013784124859780618,0.05834675697843983,14.685872752144657,-330.44937,110.53045,-26.981712,11.323391,10.876383,31.868692,-36.27971,-15.380011,-8.04976,-26.550291,2.121358,-29.422606,-36.95701
891,14.85,0.11978428,294.4566730386858,2210.803889942845,347.75190449170753,1850.5936957381737,2369.9570883914544,0.013784124859780618,0.05834675697843983,14.685872752144657,-289.98856,115.41992,-36.098007,5.300958,2.983446,33.32935,-45.667213,-18.152994,-20.664427,-20.541052,3.635361,-33.90019,-29.433842
892,14.866666666666667,0.13349001,292.38145467896476,2635.8447972527756,402.34723407889135,1787.1675530396092,2424.700866405905,0.013784124859780618,0.05834675697843983,14.685872752144657,-256.60864,107.985245,-44.282795,11.147542,-1.5804168,29.604641,-54.929085,-13.493031,-24.85254,-16.084116,-0.13788915,-38.796158,-25.482342
893,14.883333333333333,0.13441485,286.6089435574305,2840.2458956577366,437.61857024013557,2238.3417661483704,3039.667888262738,0.013784124859780618,0.05834675697843983,14.685872752144657,-257.26163,85.69702,-49.593575,24.50516,-4.7644234,19.696737,-56.85398,-12.595591,-24.312351,-13.774372,-11.159014,-36.228172,-22.441257
894,14.9,0.12924948,279.929344471694,3164.1598332730428,411.43728292565123,2325.7024367499926,3056.4556741274764,0.013784124859780618,0.05834675697843983,14.685872752144657,-255.65065,75.647064,-47.263153,33.82038,1.970925,23.695343,-59.561684,-17.983078,-27.25809,-8.170567,-19.080225,-36.45498,-18.068977
895,14.916666666666666,0.11945909,272.5296844958094,3074.2473994375478,352.8434818740364,2386.1371220556834,3036.292454108832,0.013784124859780618,0.05834675697843983,14.685872752144657,-258.84802,82.538895,-40.797127,41.32276,5.68909,22.542656,-50.704754,-15.046707,-19.357632,-1.2480179,-19.951035,-31.113892,-16.941822
896,14.933333333333334,0.10716798,266.8522227439912,3385.4548043374084,303.65474586128806,2344.8519140701983,3033.9172773323107,0.013784124859780618,0.05834675697843983,14.685872752144657,-269.49316,73.51743,-38.37325,42.430702,1.1978554,27.74025,-46.656647,-13.940229,-11.814243,3.6957545,-19.286648,-28.21196,-20.038198
897,14.95,0.08854508,261.0122197129745,3748.118799550534,282.53520842278533,2328.6946624071975,2965.2980687947734,0.013784124859780618,0.05834675697843983,14.685872752144657,-279.3121,66.08754,-36.93007,48.116768,-0.5799566,29.880167,-51.011578,-17.458244,2.0603743,7.166289,-28.51754,-40.159874,-22.933556
898,14.966666666666667,0.06571768,253.82650099552833,4017.94115664972,282.85258948820723,2328.7074065169904,3012.4000306607604,0.013784124859780618,0.05834675697843983,14.685872752144657,-289.64215,66.05426,-35.93849,44.659645,0.88803375,32.736515,-42.29911,-19.072634,1.0938519,19.55775,-18.248085,-35.348404,-21.871284
899,14.983333333333333,0.041811872,250.16350925965693,4613.870436723848,335.12280809914034,2325.5630256095546,2963.007682810405,0.013784124859780618,0.05834675697843983,14.685872752144657,-294.1215,62.833366,-37.377533,41.908043,-8.049551,32.588707,-38.876328,-24.982002,-5.096605,17.470709,-10.295714,-29.50998,-18.890131
900,15.0,0.027260799,248.31596992002042,6095.670511318638,1076.782764020245,2603.742984154939,3403.581736908336,0.013784124859780618,0.05834675697843983,14.685872752144657,-304.5843,42.16205,-37.183426,35.53835,-21.22448,29.292635,-30.960503,-17.296339,0.3752514,21.841827,-12.744263,-22.508286,-25.320953
901,15.016666666666667,0.030474907,0.0,8904.271527566512,1798.166092388367,2759.226608950252,3981.502046047787,0.013784124859780618,0.05834675697843983,14.685872752144657,-258.3731,-22.998466,-36.058216,46.752518,-32.18107,43.185616,-40.81892,-7.120517,-0.3935517,26.500298,-23.517122,-15.219386,-34.96727
902,15.033333333333333,0.032270014,0.0,10356.042115513428,1086.4940578261676,2220.6989723233723,3161.611807912307,0.013784124859780618,0.05834675697843983,14.685872752144657,-296.32306,-59.321297,-19.957367,43.52024,-37.000732,52.771515,-41.02397,1.2762074,-5.1382747,23.12932,-25.453205,-12.871532,-33.693825
903,15.05,0.024616648,0.0,11490.986929556297,1089.1940359577322,2160.283391699677,3106.8164116072107,0.013784124859780618,0.05834675697843983,14.685872752144657,-399.8659,-81.577705,-0.46627927,25.519928,-39.68902,56.894127,-43.7555,11.529848,-5.010164,18.597603,-19.958033,-9.219138,-25.356735
904,15.066666666666666,0.01704189,0.0,11211.150783020255,1358.8048186745714,2233.0821417130596,3146.918654279918,0.013784124859780618,0.05834675697843983,14.685872752144657,-436.51163,-88.613235,4.711602,25.93747,-40.890804,62.78867,-38.80216,5.8610926,-4.1356783,10.401426,-8.422773,-0.54101646,-17.18518
905,15.083333333333334,0.0119187785,0.0,10445.163314806508,1672.230394231048,2153.4098485583577,3154.9041269208556,0.013784124859780618,0.05834675697843983,14.685872752144657,-420.31433,-77.83083,-23.35562,16.88995,-38.36278,59.480095,-27.702888,-0.93679196,1.3918147,15.427801,-5.6534996,5.776479,-21.020197
906,15.1,0.009224787,0.0,9940.433228124999,1521.042745812838,2075.8995167605026,3002.0441262235963,0.013784124859780618,0.05834675697843983,14.685872752144657,-423.11163,-69.54817,-26.090767,28.765114,-30.016823,50.65719,-30.059467,-10.968712,1.3644019,14.870351,-11.965797,0.68217486,-21.50503
907,15.116666666666667,0.008018092,0.0,10038.1727918211,1638.7317092286664,2221.0953806924012,3177.528495563512,0.013784124859780618,0.05834675697843983,14.685872752144657,-444.3059,-70.58198,-20.987885,26.214468,-35.833393,52.571808,-17.188221,-5.505187,-4.50124,10.312474,-3.8609388,6.86744,-20.999077
908,15.133333333333333,0.00682736,0.0,10091.792392765848,1665.451014359613,2320.7624186072994,3265.934832837664,0.013784124859780618,0.05834675697843983,14.685872752144657,-459.5343,-70.70954,-15.649769,29.494267,-35.419624,50.527554,-23.207806,-8.930277,-2.6807337,9.545603,-1.9554766,10.934118,-16.721947
909,15.15,0.005523956,0.0,9930.209260600648,1170.9635244062638,2121.6946953481533,3150.5600297548353,0.013784124859780618,0.05834675697843983,14.685872752144657,-463.01575,-57.996,-15.551355,25.490316,-41.435135,38.963844,-22.433083,-1.7618791,7.966918,16.019392,3.171195,7.1421885,-19.140705
910,15.166666666666666,0.0036139665,0.0,9617.921656199764,1144.7640660937677,2141.4668395703343,3167.696957756649,0.013784124859780618,0.05834675697843983,14.685872752144657,-480.79626,-41.751015,-12.885114,27.416986,-26.27124,38.502556,-14.391451,-0.78028935,7.1038084,5.171489,-4.542739,0.7102947,-13.721071
911,15.183333333333334,0.001873401,0.0,8978.314544623223,1118.0093631849286,2093.884308719037,3069.366067259471,0.013784124859780618,0.05834675697843983,14.685872752144657,-519.1357,-19.702257,-7.3108606,11.0097275,-23.877354,25.56387,-5.18832,-0.30591393,12.214605,-2.1998377,0.39507285,-0.64788306,-13.034902
912,15.2,0.0007234172,0.0,7078.69637491763,939.802558512912,1900.340663148023,2893.3606766357534,0.013784124859780618,0.05834675697843983,14.685872752144657,-555.79144,6.039509,4.7426023,6.969343,-1.7737985,5.782677,3.0305114,-0.5356513,7.2391768,-2.3089314,-2.9983234,-1.7528887,-11.75861
913,15.216666666666667,0.00023132746,0.0,7120.057187237218,641.1819005354808,1801.2318180904147,3023.429154682711,0.013784124859780618,0.05834675697843983,14.685872752144657,-566.7627,1.9770017,1.842829,1.6277599,1.3440316,1.007601,0.6371249,0.25270295,-0.1253984,-0.4780415,-0.78840023,-1.0429509,-1.2322127
914,15.233333333333333,7.217333e-05,0.0,8010.164238466384,475.296651397579,1887.4157334038393,3331.382580303418,0.013784124859780618,0.05834675697843983,14.685872752144657,-568.0876,0.14610714,0.13775827,0.12428364,0.10631192,0.08467783,0.06037168,0.034486517,0.008159742,-0.017495438,-0.041429687,-0.06273171,-0.080652855
915,15.25,2.9682333e-05,0.0,10189.47183085439,720.9440723188538,1920.326638134449,3152.86281267908,0.013784124859780618,0.05834675697843983,14.685872752144657,-568.1929,0.0,0.0,0.0,0.0,0.0,0.0,0.0,0.0,0.0,0.0,0.0,0.0
916,15.266666666666667,8.477202e-06,0.0,11004.690730777362,1018.1748955632128,2191.771968647016,3087.596381257856,0.013784124859780618,0.05834675697843983,14.685872752144657,-568.1929,0.0,0.0,0.0,0.0,0.0,0.0,0.0,0.0,0.0,0.0,0.0,0.0
917,15.283333333333333,7.3829287e-06,0.0,10617.690852441989,1214.5675904663062,2373.533274881378,3481.3495020339315,0.013784124859780618,0.05834675697843983,14.685872752144657,-568.1929,0.0,0.0,0.0,0.0,0.0,0.0,0.0,0.0,0.0,0.0,0.0,0.0
918,15.3,5.7409684e-06,0.0,10671.219065778025,1247.2274610790603,2370.7459173494663,3620.2220018684598,0.013784124859780618,0.05834675697843983,14.685872752144657,-568.1929,0.0,0.0,0.0,0.0,0.0,0.0,0.0,0.0,0.0,0.0,0.0,0.0
919,15.316666666666666,5.156656e-06,0.0,10582.417583507628,1040.3693237229536,2078.1389958735067,3129.272749772189,0.013784124859780618,0.05834675697843983,14.685872752144657,-568.1929,0.0,0.0,0.0,0.0,0.0,0.0,0.0,0.0,0.0,0.0,0.0,0.0
920,15.333333333333334,4.901084e-06,0.0,10629.932454732241,1113.3912141544881,2127.2709517707835,3059.381614580936,0.013784124859780618,0.05834675697843983,14.685872752144657,-568.1929,0.0,0.0,0.0,0.0,0.0,0.0,0.0,0.0,0.0,0.0,0.0,0.0
921,15.35,4.8184056e-06,0.0,10963.270175840698,1159.4618671393155,2202.5834992809705,2900.3135456574105,0.013784124859780618,0.05834675697843983,14.685872752144657,-568.1929,0.0,0.0,0.0,0.0,0.0,0.0,0.0,0.0,0.0,0.0,0.0,0.0
922,15.366666666666667,4.794898e-06,0.0,10821.810169872819,1108.0977224328572,2025.2519399325029,2945.1724468898806,0.013784124859780618,0.05834675697843983,14.685872752144657,-568.1929,0.0,0.0,0.0,0.0,0.0,0.0,0.0,0.0,0.0,0.0,0.0,0.0
923,15.383333333333333,4.7646695e-06,0.0,10932.957517096753,1058.8999634540237,2049.241115547672,2954.938561658717,0.013784124859780618,0.05834675697843983,14.685872752144657,-568.1929,0.0,0.0,0.0,0.0,0.0,0.0,0.0,0.0,0.0,0.0,0.0,0.0
924,15.4,4.8333845e-06,0.0,10757.399040222994,1212.512753636152,1936.1703654131836,2891.441379349352,0.013784124859780618,0.05834675697843983,14.685872752144657,-568.1929,0.0,0.0,0.0,0.0,0.0,0.0,0.0,0.0,0.0,0.0,0.0,0.0
925,15.416666666666666,4.9527134e-06,0.0,10779.855249984294,1105.5434641158788,1987.33455308285,3102.242403715601,0.013784124859780618,0.05834675697843983,14.685872752144657,-568.1929,0.0,0.0,0.0,0.0,0.0,0.0,0.0,0.0,0.0,0.0,0.0,0.0
926,15.433333333333334,5.0849585e-06,0.0,10934.608747620929,1136.1048102685122,2043.4396233022826,3203.4544133511326,0.013784124859780618,0.05834675697843983,14.685872752144657,-568.1929,0.0,0.0,0.0,0.0,0.0,0.0,0.0,0.0,0.0,0.0,0.0,0.0
927,15.45,5.153337e-06,0.0,10665.555835727375,1182.4434336600639,2051.962116586589,2894.122238093731,0.013784124859780618,0.05834675697843983,14.685872752144657,-568.1929,0.0,0.0,0.0,0.0,0.0,0.0,0.0,0.0,0.0,0.0,0.0,0.0
928,15.466666666666667,5.2146156e-06,0.0,10618.801763473912,1206.229458398807,2176.985486608361,2855.4348980649647,0.013784124859780618,0.05834675697843983,14.685872752144657,-568.1929,0.0,0.0,0.0,0.0,0.0,0.0,0.0,0.0,0.0,0.0,0.0,0.0
929,15.483333333333333,5.117007e-06,0.0,10941.575735001705,1246.4209551976048,2156.164030923061,3003.376616845109,0.013784124859780618,0.05834675697843983,14.685872752144657,-568.1929,0.0,0.0,0.0,0.0,0.0,0.0,0.0,0.0,0.0,0.0,0.0,0.0
930,15.5,4.5253937e-06,0.0,11005.599568317819,1155.1838011583695,2152.327231029051,3003.413310951435,0.013784124859780618,0.05834675697843983,14.685872752144657,-568.1929,0.0,0.0,0.0,0.0,0.0,0.0,0.0,0.0,0.0,0.0,0.0,0.0
931,15.516666666666667,4.093416e-06,0.0,10791.346436682823,1201.0464456284076,2241.037148738413,3048.0133640169697,0.013784124859780618,0.05834675697843983,14.685872752144657,-568.1929,0.0,0.0,0.0,0.0,0.0,0.0,0.0,0.0,0.0,0.0,0.0,0.0
932,15.533333333333333,3.925468e-06,0.0,10695.167778905132,1191.4401392669213,2351.827239108622,3245.6274827306156,0.013784124859780618,0.05834675697843983,14.685872752144657,-568.1929,0.0,0.0,0.0,0.0,0.0,0.0,0.0,0.0,0.0,0.0,0.0,0.0
933,15.55,3.9048846e-06,0.0,10706.112346357999,1293.3186025432003,2045.0123366571845,2967.3216594053656,0.013784124859780618,0.05834675697843983,14.685872752144657,-568.1929,0.0,0.0,0.0,0.0,0.0,0.0,0.0,0.0,0.0,0.0,0.0,0.0
934,15.566666666666666,3.9476977e-06,0.0,10721.984345815166,1345.2776742637839,1979.7763688155824,2891.9893734614498,0.013784124859780618,0.05834675697843983,14.685872752144657,-568.1929,0.0,0.0,0.0,0.0,0.0,0.0,0.0,0.0,0.0,0.0,0.0,0.0
935,15.583333333333334,3.9201223e-06,0.0,10610.968595596514,1110.1754422042175,2162.7444123208966,3057.88629071878,0.013784124859780618,0.05834675697843983,14.685872752144657,-568.1929,0.0,0.0,0.0,0.0,0.0,0.0,0.0,0.0,0.0,0.0,0.0,0.0
936,15.6,3.9807364e-06,0.0,10810.403065222634,1066.6392580797408,2221.334712877447,3179.1281881252976,0.013784124859780618,0.05834675697843983,14.685872752144657,-568.1929,0.0,0.0,0.0,0.0,0.0,0.0,0.0,0.0,0.0,0.0,0.0,0.0
937,15.616666666666667,3.997851e-06,0.0,10720.08578182249,1020.5603684550138,1965.0499984725413,2982.58950818645,0.013784124859780618,0.05834675697843983,14.685872752144657,-568.1929,0.0,0.0,0.0,0.0,0.0,0.0,0.0,0.0,0.0,0.0,0.0,0.0
938,15.633333333333333,3.9067136e-06,0.0,10831.305571657438,1035.7027616214752,1999.570472059762,2920.8054269562513,0.013784124859780618,0.05834675697843983,14.685872752144657,-568.1929,0.0,0.0,0.0,0.0,0.0,0.0,0.0,0.0,0.0,0.0,0.0,0.0
939,15.65,3.9244896e-06,0.0,10875.600322715272,1028.8673804929126,1987.21738220047,2950.8791158686768,0.013784124859780618,0.05834675697843983,14.685872752144657,-568.1929,0.0,0.0,0.0,0.0,0.0,0.0,0.0,0.0,0.0,0.0,0.0,0.0
940,15.666666666666666,3.9158144e-06,0.0,10680.074240715512,1076.6124082420365,2007.775573423155,2960.2974690692927,0.013784124859780618,0.05834675697843983,14.685872752144657,-568.1929,0.0,0.0,0.0,0.0,0.0,0.0,0.0,0.0,0.0,0.0,0.0,0.0
941,15.683333333333334,3.9220117e-06,0.0,10571.463073277624,1110.7294666690223,2072.4151672451703,3089.665497514933,0.013784124859780618,0.05834675697843983,14.685872752144657,-568.1929,0.0,0.0,0.0,0.0,0.0,0.0,0.0,0.0,0.0,0.0,0.0,0.0
942,15.7,3.877009e-06,0.0,10749.924032680554,977.1232372055249,2105.7294723277832,3200.339081974585,0.013784124859780618,0.05834675697843983,14.685872752144657,-568.1929,0.0,0.0,0.0,0.0,0.0,0.0,0.0,0.0,0.0,0.0,0.0,0.0
943,15.716666666666667,3.9890606e-06,0.0,10731.190879326205,1003.9230059177781,1983.9172048487894,2910.3937189190506,0.013784124859780618,0.05834675697843983,14.685872752144657,-568.1929,0.0,0.0,0.0,0.0,0.0,0.0,0.0,0.0,0.0,0.0,0.0,0.0
944,15.733333333333333,3.9278216e-06,0.0,10734.129991375348,1124.2316119598634,2025.8451178652429,2866.6593495445236,0.013784124859780618,0.05834675697843983,14.685872752144657,-568.1929,0.0,0.0,0.0,0.0,0.0,0.0,0.0,0.0,0.0,0.0,0.0,0.0
945,15.75,3.9041497e-06,0.0,10926.245254864383,1227.9685967301546,2127.1951496655433,2923.9868554982027,0.013784124859780618,0.05834675697843983,14.685872752144657,-568.1929,0.0,0.0,0.0,0.0,0.0,0.0,0.0,0.0,0.0,0.0,0.0,0.0
946,15.766666666666667,3.878828e-06,0.0,10783.943583286156,1152.2834207716123,2047.7432019097105,2864.9562101205515,0.013784124859780618,0.05834675697843983,14.685872752144657,-568.1929,0.0,0.0,0.0,0.0,0.0,0.0,0.0,0.0,0.0,0.0,0.0,0.0
947,15.783333333333333,3.8820867e-06,0.0,10766.344025925193,1122.6713821557232,2093.149715050804,2957.3479102372826,0.013784124859780618,0.05834675697843983,14.685872752144657,-568.1929,0.0,0.0,0.0,0.0,0.0,0.0,0.0,0.0,0.0,0.0,0.0,0.0
948,15.8,3.9079478e-06,0.0,10971.580263895888,1130.974386105712,2003.8453014381196,3158.318371478971,0.013784124859780618,0.05834675697843983,14.685872752144657,-568.1929,0.0,0.0,0.0,0.0,0.0,0.0,0.0,0.0,0.0,0.0,0.0,0.0
949,15.816666666666666,3.8905873e-06,0.0,10522.980388995273,1070.6398436128557,2019.5235532453592,3147.697570398047,0.013784124859780618,0.05834675697843983,14.685872752144657,-568.1929,0.0,0.0,0.0,0.0,0.0,0.0,0.0,0.0,0.0,0.0,0.0,0.0
950,15.833333333333334,3.825563e-06,0.0,10870.407938641825,1127.002460435995,2078.1619557587205,3101.450415345422,0.013784124859780618,0.05834675697843983,14.685872752144657,-568.1929,0.0,0.0,0.0,0.0,0.0,0.0,0.0,0.0,0.0,0.0,0.0,0.0
951,15.85,3.968256e-06,0.0,10981.03855950356,1011.7345913671661,2126.8872584528985,2993.551265166939,0.013784124859780618,0.05834675697843983,14.685872752144657,-568.1929,0.0,0.0,0.0,0.0,0.0,0.0,0.0,0.0,0.0,0.0,0.0,0.0
952,15.866666666666667,6.928872e-06,0.0,10926.160206886358,1111.6375246759214,1882.6292204310612,2900.7914498480645,0.013784124859780618,0.05834675697843983,14.685872752144657,-568.1929,0.0,0.0,0.0,0.0,0.0,0.0,0.0,0.0,0.0,0.0,0.0,0.0
953,15.883333333333333,2.1547407e-05,0.0,12205.425748758493,1147.538731544087,1597.9504930637227,2966.8067204970807,0.013784124859780618,0.05834675697843983,14.685872752144657,-568.1929,0.0,0.0,0.0,0.0,0.0,0.0,0.0,0.0,0.0,0.0,0.0,0.0
954,15.9,0.000116678944,0.0,10957.47528355199,732.7530492568922,1987.6594340358758,3296.7051603794575,0.013784124859780618,0.05834675697843983,14.685872752144657,-568.1929,0.0,0.0,0.0,0.0,0.0,0.0,0.0,0.0,0.0,0.0,0.0,0.0
955,15.916666666666666,0.015997399,0.0,3972.20819045591,726.3685703106014,2085.0076784071784,2903.7579907351824,0.013784124859780618,0.05834675697843983,14.685872752144657,-390.70755,109.488815,0.14124864,-22.607956,-38.193512,24.213451,6.468194,-29.387665,-23.186466,2.359014,4.298766,-19.760159,-18.206745
956,15.933333333333334,0.096519046,0.0,4460.81667903048,834.6442699502431,1983.291945486578,2501.83860359973,0.013784124859780618,0.05834675697843983,14.685872752144657,-204.68127,113.22926,-15.164346,15.084497,-54.97735,36.01492,-13.00782,-21.488668,-30.49041,1.88423,-10.79983,-16.501722,-16.797226
957,15.95,0.14852525,274.9893136753385,2342.293214207223,621.9811100496664,1936.420155717482,3002.897302414622,0.013784124859780618,0.05834675697843983,14.685872752144657,-140.44257,156.69843,-46.17417,24.596003,-34.33831,7.8547316,-29.95496,-14.215013,-34.19026,-5.104517,-4.799432,-15.577946,-20.089504
958,15.966666666666667,0.19103882,267.49970567834146,2176.013578060329,714.7544054841695,1992.1938511057097,2768.384959138298,0.013784124859780618,0.05834675697843983,14.685872752144657,-185.28903,145.30653,-66.17346,9.826036,-24.119942,-1.7865852,-43.834183,-16.02344,-34.205666,-13.047554,15.055663,-19.097397,-22.866022
959,15.983333333333333,0.18510778,261.2878295108875,2002.258299270347,762.916255851953,2089.707932625981,2637.49162939684,0.013784124859780618,0.05834675697843983,14.685872752144657,-213.4102,134.47827,-62.389507,7.9800673,-25.321135,-5.157875,-47.06368,-23.412912,-34.453953,-10.998724,13.504742,-22.075565,-25.602383
960,16.0,0.16319704,256.68793842186193,1941.2061154763496,731.7132124500478,2070.135327088869,2916.727286766862,0.013784124859780618,0.05834675697843983,14.685872752144657,-223.08284,139.19897,-49.157295,5.913214,-25.9495,-4.7798386,-59.54094,-24.069307,-33.69082,-13.898726,9.742161,-26.955738,-24.75465
961,16.016666666666666,0.12627532,253.55256605822882,1706.4510396278997,636.8007881705278,2021.6179859836056,3048.468466472066,0.013784124859780618,0.05834675697843983,14.685872752144657,-264.8335,149.81555,-40.19912,5.501416,-11.6158695,-6.9753532,-43.790413,-21.637117,-32.71652,-23.807907,9.695898,-34.125664,-30.009258
962,16.033333333333335,0.10893711,253.49970644476187,1563.060440660724,550.2030399147611,2030.5047169701854,3279.407038068336,0.013784124859780618,0.05834675697843983,14.685872752144657,-292.09076,141.79602,-40.840736,19.334866,7.4029484,-8.688795,-28.523401,-13.283041,-34.080704,-30.105373,16.358578,-27.500559,-31.735052
963,16.05,0.11858738,252.11806811488447,1838.5229972879606,475.2839192641223,2052.295573062241,3261.5968720009078,0.013784124859780618,0.05834675697843983,14.685872752144657,-283.441,138.91812,-37.170372,24.472794,14.095036,-8.76996,-42.634468,-8.501205,-31.788439,-30.146778,9.183453,-25.436802,-28.497837
964,16.066666666666666,0.14852095,253.7996402598929,2407.856152539021,420.8158439939121,2184.625622482002,3105.235615581854,0.013784124859780618,0.05834675697843983,14.685872752144657,-215.11829,132.41156,-30.557278,32.026535,-0.835951,6.7580814,-63.75997,-7.9891357,-34.272034,-27.694246,-4.654315,-37.952766,-31.527184
965,16.083333333333332,0.16515088,257.88626790855153,2335.403529207254,541.4593470230834,2357.9769951091403,3037.204324013651,0.013784124859780618,0.05834675697843983,14.685872752144657,-223.55176,124.46811,-39.2247,32.243053,-11.408405,2.3947532,-69.07597,-15.197332,-25.498123,-27.995062,1.7407416,-45.40944,-24.089651
966,16.1,0.16222757,258.098342270724,2609.4384892088747,610.435406099306,2361.1166803936226,2957.2773995403595,0.013784124859780618,0.05834675697843983,14.685872752144657,-241.31198,104.62166,-38.932793,29.936817,-12.966876,7.3545094,-71.90073,-8.354133,-13.980858,-19.32653,0.68383694,-43.487175,-22.334156
967,16.116666666666667,0.1532549,258.75871020952917,2554.6889476684823,678.9447685078549,2349.811304554572,2975.5784467252374,0.013784124859780618,0.05834675697843983,14.685872752144657,-236.36745,111.41768,-40.913136,23.662584,-10.648024,7.2690406,-74.440544,-3.4785526,-3.3351736,-18.332067,-5.6816616,-44.823135,-26.118565
968,16.133333333333333,0.15684845,258.9503162538309,2423.787526011285,694.7652024162942,2333.3965033933337,2943.332627438629,0.013784124859780618,0.05834675697843983,14.685872752144657,-259.2584,112.69846,-26.713629,16.305664,-13.317747,19.74571,-69.18884,-0.89896214,4.631781,-14.49682,-2.7971094,-50.582157,-34.066635
969,16.15,0.17780693,258.6569215416407,1436.4249881456772,533.0984355602416,2285.038957735757,2899.7215324945146,0.013784124859780618,0.05834675697843983,14.685872752144657,-304.1183,135.8775,-12.60651,7.840086,-1.8664699,23.133213,-46.266296,-8.193851,0.92638946,-20.448084,-4.472424,-56.96006,-34.91221
970,16.166666666666668,0.19880094,259.2075690926647,924.1736013445544,311.89439592238534,1768.7434116130582,2671.190606649514,0.013784124859780618,0.05834675697843983,14.685872752144657,-338.40808,140.56471,-16.250334,5.794807,10.627795,9.276138,-26.647732,-6.1204042,4.522267,-15.111621,-14.24239,-53.970604,-31.105623
971,16.183333333333334,0.20994283,258.7936359589899,879.1659281894206,302.8206828851677,1069.6298458340602,2305.905646073909,0.013784124859780618,0.05834675697843983,14.685872752144657,-346.11206,137.669,-10.496566,7.44304,12.48122,11.555208,-28.428123,-3.1597667,9.530664,-13.670174,-14.680164,-52.58847,-30.422853
972,16.2,0.21897927,257.908384794331,771.4290078160608,296.8103309635976,1076.0805800029852,2342.700823510266,0.013784124859780618,0.05834675697843983,14.685872752144657,-361.31155,138.13547,2.4722724,10.970423,11.537519,8.961122,-28.310211,-6.800676,9.527853,-11.675907,-18.291357,-55.626728,-31.136637
973,16.216666666666665,0.2085848,255.2187062220239,659.8909962787837,282.1246158996849,1055.4316555582889,2376.496418822931,0.013784124859780618,0.05834675697843983,14.685872752144657,-377.6286,145.61725,19.239697,14.6532135,20.554491,12.891082,-25.876442,-9.735851,12.745689,-11.985094,-29.01683,-56.091034,-39.233177
974,16.233333333333334,0.16794677,249.95231205077832,1419.6880186575158,269.56392918227493,1194.5672673310319,2457.2894913420378,0.013784124859780618,0.05834675697843983,14.685872752144657,-338.2402,132.11969,40.996758,21.564114,-6.489851,30.520115,-30.58421,2.6723747,2.1023989,-1.876023,-30.674236,-47.25882,-23.576298
975,16.25,0.16158709,253.38653561246952,2010.597893095549,377.5987318237236,1696.2780840052942,2674.4935079190695,0.013784124859780618,0.05834675697843983,14.685872752144657,-229.60962,150.65543,-3.3805184,12.574284,-16.315605,23.074436,-36.543365,-15.4267,-32.746063,-3.9741356,-8.824598,-21.029604,-25.7832
976,16.266666666666666,0.17778622,262.6568956068199,1816.2115537982945,623.1573728199187,2103.4330947941426,2820.8325560975236,0.013784124859780618,0.05834675697843983,14.685872752144657,-199.42857,152.37717,-34.79773,8.667936,-12.0679,1.2794701,-56.292236,-26.83926,-33.79325,-1.3455126,3.5385237,-23.025534,-28.737242
977,16.283333333333335,0.19154073,258.486180829428,1881.6804686221653,723.7856831002501,2139.57357942132,2755.2051181110464,0.013784124859780618,0.05834675697843983,14.685872752144657,-214.28136,142.78629,-50.840343,2.4554198,-13.935211,-3.0995111,-55.60856,-23.18994,-27.20969,-4.335545,6.990859,-27.97628,-31.077862
978,16.3,0.18283704,257.7213193540764,1864.5256183167476,731.4084032377527,2165.895250009532,2887.8088105303373,0.013784124859780618,0.05834675697843983,14.685872752144657,-220.21678,139.62915,-51.119286,-7.721095,-18.317596,-7.5534,-59.243317,-19.351702,-24.974346,-5.8518486,8.358754,-24.128181,-25.20539
979,16.316666666666666,0.16929637,256.70580347799,1974.366107584554,648.2620775490333,2228.451835802466,3011.1247031045514,0.013784124859780618,0.05834675697843983,14.685872752144657,-217.22977,146.11108,-41.220375,-5.7910137,-10.543703,0.6067815,-67.26588,-15.716363,-25.132893,-10.108963,2.8546298,-29.186377,-26.718538
980,16.333333333333332,0.1339288,252.26887714714985,1630.7031618753504,453.1115036989549,1767.506028484408,2743.384299520312,0.013784124859780618,0.05834675697843983,14.685872752144657,-262.52386,158.37216,-20.835428,2.4522595,17.89748,12.317677,-65.94237,-13.229221,-24.040802,-21.834427,-6.536746,-40.89568,-28.50116
981,16.35,0.12856326,252.7644444908908,1784.1406841595478,351.64003291752533,1443.4481812070353,2529.519723852049,0.013784124859780618,0.05834675697843983,14.685872752144657,-302.36835,139.15852,-11.247934,16.167263,17.755413,20.36631,-50.611824,-13.089331,-8.423523,-14.119076,0.11379671,-35.461056,-31.161842
982,16.366666666666667,0.15134107,263.89524073434404,2235.5756888188844,395.868614736366,2373.108555700628,3139.218228215103,0.013784124859780618,0.05834675697843983,14.685872752144657,-274.62512,103.94765,-29.217247,38.934837,20.967472,17.422997,-66.40341,-4.9315295,-6.329135,-18.084848,-3.1276028,-37.56833,-34.067406
983,16.383333333333333,0.17719515,265.15881332225763,2420.6812611902733,357.9267888042244,2413.155732810838,3177.6577853361387,0.013784124859780618,0.05834675697843983,14.685872752144657,-274.2021,83.55635,-25.045898,63.333717,27.733223,18.80521,-66.34127,1.5662938,-15.015533,-26.220673,-1.6491774,-29.87054,-24.629627
984,16.4,0.17851779,266.9177485838987,2758.728825428344,352.96357730910194,2415.0491777320913,3165.459952519334,0.013784124859780618,0.05834675697843983,14.685872752144657,-258.33392,87.22954,-29.861282,56.713074,25.626364,22.267105,-67.30356,3.3900845,-14.406376,-21.017027,0.46073055,-34.98597,-28.91426
985,16.416666666666668,0.17038368,268.420350195098,2810.1946549370423,419.10026113878376,2369.083670015159,3149.159949574924,0.013784124859780618,0.05834675697843983,14.685872752144657,-232.01738,102.78404,-30.04007,38.937874,12.215086,15.187864,-73.2708,-3.7800844,-15.160847,-12.172457,2.1974838,-36.159054,-35.231266
986,16.433333333333334,0.15951124,269.0915738009403,2563.416220883628,574.3995348425221,2213.627744397737,3138.217029997581,0.013784124859780618,0.05834675697843983,14.685872752144657,-232.23018,114.63965,-32.62815,28.243948,1.5583318,19.406301,-62.80323,-3.829963,-16.266354,-12.291817,7.833064,-34.79365,-35.53037
987,16.45,0.16013584,269.1750116769952,2433.763970945921,648.6771395676938,2000.2162613127464,3131.5208974356788,0.013784124859780618,0.05834675697843983,14.685872752144657,-241.56897,121.40765,-29.124586,13.655671,-9.94697,24.1613,-48.160957,3.2663968,-21.706955,-14.697201,17.536938,-25.796684,-33.9747
988,16.466666666666665,0.1907054,267.82572664581943,1493.925115771671,511.98015010771957,1724.0032844553632,2869.6866756843588,0.013784124859780618,0.05834675697843983,14.685872752144657,-287.1761,146.13667,-7.5424566,2.1276262,2.8182933,24.440647,-39.216724,1.6016006,-21.880526,-24.244682,5.3260484,-32.662697,-35.69072
989,16.483333333333334,0.22458835,268.7026785828766,742.5509696763409,286.014480876146,1462.7900361002016,2473.6426666556567,0.013784124859780618,0.05834675697843983,14.685872752144657,-350.09058,152.49132,-7.4171867,8.30095,34.434372,19.144825,-19.421675,-7.568881,-5.3799133,-20.547062,-3.7727616,-25.311611,-32.418564
990,16.5,0.24045639,270.2256289967821,726.8271726747732,280.55876725020937,1516.26559400705,2510.412988847365,0.013784124859780618,0.05834675697843983,14.685872752144657,-350.57745,153.24731,-15.857671,3.2262864,39.787323,17.568386,-8.254932,5.531816,-6.725073,-22.556847,-10.418395,-25.093346,-26.930655
991,16.516666666666666,0.23812209,272.93603303555244,718.7153871071496,281.2543189899295,1552.431120367049,2707.353665961555,0.013784124859780618,0.05834675697843983,14.685872752144657,-355.38693,151.32242,-10.761597,0.0665468,35.33029,19.250858,-10.300549,8.125429,-6.7898154,-27.282589,-16.0811,-28.894741,-25.655428
992,16.533333333333335,0.20553313,279.5317139399577,1624.6291896855196,409.79923193447274,1585.815685821104,3080.317965355508,0.013784124859780618,0.05834675697843983,14.685872752144657,-236.88075,146.7463,-10.372965,24.085571,-19.677624,6.890192,-24.492558,4.273756,-41.137352,-28.723186,-15.974462,-29.69498,-16.03564
993,16.55,0.16828516,286.4913499380097,2477.815105379331,637.4828196086024,1667.0955077758103,3169.0359820035806,0.013784124859780618,0.05834675697843983,14.685872752144657,-216.51385,132.26138,-26.138538,8.069155,-28.919653,10.006419,-36.361824,14.614683,-39.00604,-34.487946,6.082693,-19.017784,-23.826357
994,16.566666666666666,0.1576541,286.8247636987545,2389.4958892086415,620.3098355232887,1563.5311917607885,3111.5676307733074,0.013784124859780618,0.05834675697843983,14.685872752144657,-232.44057,123.15227,-34.041122,-2.2653356,-33.45555,7.454317,-40.176796,20.170956,-35.782986,-39.40692,6.7696037,-19.613705,-13.876366
995,16.583333333333332,0.1520024,286.89548564236804,2069.63132682507,529.2920486251742,1390.0497992517198,2835.496061769427,0.013784124859780618,0.05834675697843983,14.685872752144657,-258.32172,127.94295,-19.893368,-9.992834,-35.97742,6.97369,-38.23418,26.134907,-35.912724,-43.62335,-0.40282583,-27.439785,-9.781965
996,16.6,0.17749444,284.7315503318641,1317.3108542706036,406.6686868811634,1286.7559398074127,2649.339771691702,0.013784124859780618,0.05834675697843983,14.685872752144657,-302.4479,157.34302,-0.9974124,-17.746109,-18.449368,5.5187845,-27.167778,23.023499,-22.534231,-41.43888,-14.529589,-46.207817,-20.066238
997,16.616666666666667,0.2079788,280.293834158703,816.5152796467294,295.72224197418916,1200.8091530283898,2824.6363895720788,0.013784124859780618,0.05834675697843983,14.685872752144657,-333.13223,169.55461,-12.690143,-18.778675,4.2136827,-0.45212626,-12.155037,15.454598,0.5389751,-32.196968,-23.452011,-42.0064,-32.555008
998,16.633333333333333,0.23283184,277.7512912562491,782.1886797830924,290.5043694907387,1209.9484516161983,2682.314619477444,0.013784124859780618,0.05834675697843983,14.685872752144657,-344.17398,157.53772,-18.263943,-21.49987,7.4238915,6.4876895,-10.443322,15.319038,1.4150693,-29.06373,-22.795141,-42.979332,-30.688068
999,16.65,0.2286342,277.72174999626054,797.2416571077393,293.7992605461128,1299.8590657967827,2661.2061971470557,0.013784124859780618,0.05834675697843983,14.685872752144657,-340.55768,159.20456,-11.373918,-15.465462,4.9242268,7.8214555,-10.141731,11.626387,-6.994681,-32.95323,-17.425182,-44.115234,-33.462746
1000,16.666666666666668,0.20415753,279.34344769262236,1520.60711015249,354.85114746028773,1636.4287230597188,2696.113300971856,0.013784124859780618,0.05834675697843983,14.685872752144657,-245.7345,162.71703,-27.010298,-1.6387621,4.4930987,18.361168,-44.06477,4.5262446,-21.7927,-32.377842,0.45408952,-43.938267,-41.139774
1001,16.683333333333334,0.18002757,279.4779600019999,2597.2330245944163,469.3286423888995,2304.7354524149346,2790.7147231846784,0.013784124859780618,0.05834675697843983,14.685872752144657,-226.67476,115.42575,-47.619186,18.503723,9.275652,21.072792,-67.811,-1.0066594,-15.144232,-16.721853,-5.116574,-46.16509,-45.728508
1002,16.7,0.1775564,275.83473013770384,2612.7264495284307,445.92241731442607,2508.351805514172,2881.8860264973478,0.013784124859780618,0.05834675697843983,14.685872752144657,-248.97733,97.55577,-38.796837,39.901794,20.620777,18.292213,-70.056305,3.4246366,-6.2011023,-20.805098,-10.633499,-41.206173,-36.665928
1003,16.716666666666665,0.18554778,270.0740760780053,2146.9273426697514,346.2343252465447,2494.273558922021,2935.2001801623646,0.013784124859780618,0.05834675697843983,14.685872752144657,-272.93372,102.285995,-25.797977,42.5866,20.67867,18.01211,-64.57046,1.8937101,5.478055,-11.670485,-10.36174,-43.64123,-32.947365
1004,16.733333333333334,0.15150641,258.4385710768432,1835.7639623498776,300.6202528113634,2350.4062090579387,2866.0296659031524,0.013784124859780618,0.05834675697843983,14.685872752144657,-294.3843,111.39285,-2.5562794,48.005867,6.8924522,20.230839,-44.93699,-9.533066,10.466902,-4.9275646,-20.460468,-38.890762,-27.84307
1005,16.75,0.08842114,248.02955122421912,5849.875810242453,296.2350134356699,2186.5922454159922,2685.925291774198,0.013784124859780618,0.05834675697843983,14.685872752144657,-243.90778,74.44117,-5.6370115,26.417679,-17.453869,50.35849,-27.062752,-4.4073296,-12.625755,6.101189,-36.391922,-20.161064,-14.364565
1006,16.766666666666666,0.03046169,0.0,8472.614597715885,531.0656373368693,2218.3765393694352,2493.612534426512,0.013784124859780618,0.05834675697843983,14.685872752144657,-237.72223,13.944984,-23.34416,32.895805,-29.896486,59.72117,-18.88546,-10.735834,-22.82875,14.373671,-29.06525,-15.267818,-11.428568
1007,16.783333333333335,0.065053746,0.0,8299.43770794625,1039.3326543750907,2104.3871524947067,2659.208102963542,0.013784124859780618,0.05834675697843983,14.685872752144657,-196.85326,3.7208986,-38.62875,31.163342,-41.227783,52.57364,-24.487091,-15.160897,-17.777702,18.295269,-31.607702,-10.369901,-28.152721
1008,16.8,0.08822906,0.0,9610.50514382818,1223.2725700280293,2124.795076012494,3091.0466437633327,0.013784124859780618,0.05834675697843983,14.685872752144657,-167.36668,-26.904728,-28.225912,32.986637,-49.387325,53.888153,-38.8704,-11.474567,-16.326284,29.808857,-25.61666,-0.028500572,-24.906292
1009,16.816666666666666,0.096646175,0.0,10216.245933985338,1162.9168531021428,2213.4434520981513,3073.4558235489085,0.013784124859780618,0.05834675697843983,14.685872752144657,-200.5229,-56.621197,-19.397575,36.123238,-49.972137,66.16,-27.180569,0.8141868,-6.5412765,29.912949,-35.615166,-7.061935,-20.35075
1010,16.833333333333332,0.07881102,0.0,10614.591075186401,956.3995508761475,2163.3185179300135,2963.497531989944,0.013784124859780618,0.05834675697843983,14.685872752144657,-218.37386,-69.0004,-15.482241,47.10318,-35.90298,60.215515,-24.536915,8.102105,-8.205891,35.318253,-35.319794,-11.454012,-31.287338
1011,16.85,0.049352862,0.0,9935.070076764518,707.4041806209298,2053.940129958906,3020.722860074028,0.013784124859780618,0.05834675697843983,14.685872752144657,-252.06194,-18.39359,-8.776481,49.90446,-30.401787,45.27738,-15.606827,15.625309,-12.811713,33.004547,-18.582487,-8.619742,-29.57866
1012,16.866666666666667,0.008696962,0.0,8612.399052703786,874.4845145000672,2162.5202393489453,3380.6960506351265,0.013784124859780618,0.05834675697843983,14.685872752144657,-394.696,5.9167767,-7.7509003,39.27735,-22.664825,41.823658,1.1498463,3.091693,-0.88872606,12.117245,-8.369442,-1.9741732,-7.5841837
1013,16.883333333333333,0.0030141415,0.0,8116.393712685883,1781.9837731202826,2606.960664770423,4143.2097372520575,0.013784124859780618,0.05834675697843983,14.685872752144657,-451.83002,6.230025,4.4838066,43.973743,-28.773228,37.28174,11.312667,-13.669971,-2.4581704,2.3275907,-8.494477,-10.813231,-6.7239666
1014,16.9,0.0022712867,0.0,7493.802462996959,1437.469464835278,2643.3131604109917,3884.6957315189097,0.013784124859780618,0.05834675697843983,14.685872752144657,-495.43433,7.1224976,17.436443,52.962486,-12.116316,30.017284,13.693382,-17.58252,4.524473,1.1079037,-9.213694,-11.563159,-14.069939
1015,16.916666666666668,0.0022669206,0.0,6652.534729167437,529.625301911154,2134.154599186702,2976.330204777356,0.013784124859780618,0.05834675697843983,14.685872752144657,-522.0347,23.828865,26.349863,45.581696,1.5305672,16.154028,16.77478,-15.593172,2.8795824,-1.2494904,-14.3901205,-4.114271,-10.369621
1016,16.933333333333334,0.009720059,0.0,4709.877998455829,1193.1675825142433,2330.293989355873,3149.61099540424,0.013784124859780618,0.05834675697843983,14.685872752144657,-346.37683,80.24837,-39.55461,32.49372,5.4124002,22.43583,-3.9048657,-2.592702,13.953484,2.467875,-9.337107,-10.8874445,-8.287909
1017,16.95,0.11469574,0.0,2299.216240285582,1082.250244150078,2352.0753139279823,3109.1377105723127,0.013784124859780618,0.05834675697843983,14.685872752144657,-288.46973,106.82748,-32.596535,69.66544,30.085304,31.435251,3.4233546,-0.5189422,1.6146954,-11.488814,-17.775576,-27.129242,-26.287928
1018,16.966666666666665,0.17894737,227.39705400600135,1369.343020816282,245.57228919309145,2164.379973662578,2903.806266207749,0.013784124859780618,0.05834675697843983,14.685872752144657,-302.9639,114.647964,-22.463959,80.7218,43.590027,39.38247,-4.2440543,-20.345177,-7.1270046,-17.05156,-3.2795894,-35.47741,-40.93107
1019,16.983333333333334,0.20824385,223.926996688687,1330.457512871504,233.694030427491,2204.863074281476,3010.3936062125035,0.013784124859780618,0.05834675697843983,14.685872752144657,-320.60464,103.24738,-23.898968,83.140686,47.58168,34.811066,-7.3451023,-16.194197,2.1357677,-12.195742,-0.44859314,-29.90244,-39.12845
1020,17.0,0.20608172,231.59915941829098,1710.8355064778589,259.9691838400205,2291.599587999896,3024.6155272261603,0.013784124859780618,0.05834675697843983,14.685872752144657,-258.24872,119.20201,-14.744167,68.78648,21.301693,28.777065,-25.090126,-4.8010273,-1.969212,-18.08376,-28.243587,-44.35927,-34.426567
1021,17.016666666666666,0.19684161,251.42356568931243,2696.4847864979556,330.2124369096091,2458.2023692432604,3144.0170161376486,0.013784124859780618,0.05834675697843983,14.685872752144657,-219.8793,112.44522,-30.758327,57.19966,22.408617,29.498169,-62.573322,2.7611785,-0.9378331,-19.7131,-7.308932,-38.506874,-33.191227
1022,17.033333333333335,0.18942998,257.39969275948397,3094.5042058134113,350.1820942705727,2531.3088642287285,3151.2500328870155,0.013784124859780618,0.05834675697843983,14.685872752144657,-235.3533,79.41548,-39.922977,57.83854,17.051033,26.038506,-69.51002,4.0336337,-8.631868,-22.2108,-9.753757,-34.65234,-29.908875
1023,17.05,0.16549419,259.3298258236208,2690.5191229204197,344.05785838605783,2568.4489464497333,3095.5681550846994,0.013784124859780618,0.05834675697843983,14.685872752144657,-254.09796,82.40558,-33.765827,61.10692,22.826565,24.758322,-66.60429,2.7513065,-7.37055,-22.313305,-11.401905,-34.3396,-22.715584
1024,17.066666666666666,0.11960319,253.88244633914178,3129.228109858089,323.6921347731532,2568.518046087138,3092.855316179271,0.013784124859780618,0.05834675697843983,14.685872752144657,-265.254,77.980804,-26.808802,82.2546,14.889906,17.943268,-45.380157,-14.888723,-4.3822355,-5.332695,-35.154545,-33.08039,-11.82658
1025,17.083333333333332,0.05020106,242.88128310321963,5815.826168738931,305.1331392434712,2567.041775657787,3112.150599328426,0.013784124859780618,0.05834675697843983,14.685872752144657,-316.3076,35.25569,-11.6638365,89.26915,4.6833673,24.598448,-37.156742,-9.8747015,-0.11481875,3.7730162,-36.14602,-23.415588,-6.793829
1026,17.1,0.013537561,241.36329390044514,3639.2078378096594,368.6757561593925,2588.10150417548,3080.1533845279687,0.013784124859780618,0.05834675697843983,14.685872752144657,-428.93146,61.036087,15.115199,61.237755,32.46553,14.173883,-29.328232,-16.279333,-3.4699445,-9.421734,-29.386904,-22.772446,-5.2991915
1027,17.116666666666667,0.008658865,250.1072404963541,2716.2794157956805,472.08425548483575,2591.626016503359,3118.8071868778006,0.013784124859780618,0.05834675697843983,14.685872752144657,-482.5665,77.65814,27.5701,39.099308,42.281425,1.2262071,-21.539867,-7.0468216,-2.7247512,-18.040817,-25.185349,-18.861893,-6.711919
1028,17.133333333333333,0.005111076,0.0,2652.367524359636,666.7632538357157,2463.5260209325984,2974.0918161337513,0.013784124859780618,0.05834675697843983,14.685872752144657,-503.12268,72.0996,44.256714,40.840942,36.567444,9.688141,-12.640804,-9.97045,-3.074016,-10.248911,-19.999939,-17.767202,-8.851656
1029,17.15,0.0152942,0.0,5769.515772248747,1110.2715654644417,2341.4772905962704,2713.4038653593716,0.013784124859780618,0.05834675697843983,14.685872752144657,-257.61343,85.99011,-20.236542,-2.7283347,-27.057426,54.48647,-21.892025,-16.97768,-1.3992225,12.381896,-47.26196,-17.426403,-7.867677
1030,17.166666666666668,0.06603872,0.0,5547.526678934908,953.7525635758816,2451.0222794621513,2846.684663658545,0.013784124859780618,0.05834675697843983,14.685872752144657,-244.32736,75.321686,-19.163033,38.20147,-14.126638,47.880264,-11.143076,-7.0733013,-10.111349,10.538002,-46.97868,-29.124098,-15.258034
1031,17.183333333333334,0.12936032,0.0,1999.4899127694994,369.945052312994,2380.4323822371907,2864.59581203975,0.013784124859780618,0.05834675697843983,14.685872752144657,-211.82565,136.20337,-29.119225,61.902817,26.791798,31.47078,-39.807724,-18.42119,-17.758366,-7.30305,-32.606705,-46.91391,-18.713907
1032,17.2,0.14621404,208.8725565238495,1828.5828062320966,406.57722137312015,2366.6659448179125,2848.412213043082,0.013784124859780618,0.05834675697843983,14.685872752144657,-230.1596,150.1757,-30.514515,40.565575,30.02296,24.560904,-51.25228,-13.323736,-22.80447,-7.8189807,-12.943783,-54.396313,-18.856781
1033,17.216666666666665,0.12112132,219.23886624431296,1846.4845077019836,369.53585506754393,2340.8084900929066,2904.0059359989045,0.013784124859780618,0.05834675697843983,14.685872752144657,-274.4796,137.11316,-18.17836,39.064064,27.545387,24.271626,-43.69532,-20.750164,-22.766079,-5.4749002,-10.889831,-44.352417,-11.31955
1034,17.233333333333334,0.109091155,227.58500610242254,1979.8590958755442,288.0162437235084,2334.5219868804447,2901.918671840465,0.013784124859780618,0.05834675697843983,14.685872752144657,-299.66043,113.92711,-17.434479,52.93392,30.161423,26.311607,-34.99214,-17.777224,-14.365937,2.0904229,-8.747072,-43.582436,-12.090578
1035,17.25,0.08922152,224.64825910427646,2268.7497140232704,257.006095488829,2315.578786739127,2878.8234328489684,0.013784124859780618,0.05834675697843983,14.685872752144657,-311.37915,107.05245,-10.467197,53.57676,20.719177,29.399576,-31.30799,-21.230843,-4.822021,10.634254,-10.859995,-44.70248,-19.269852
1036,17.266666666666666,0.05517471,218.21659302375855,2838.7730389010103,298.95041235079714,2227.2778840772608,2939.751121417291,0.013784124859780618,0.05834675697843983,14.685872752144657,-334.04523,98.2601,-10.475824,49.69288,19.673708,33.187157,-31.871052,-26.94367,-0.10986906,9.087601,-7.0038877,-34.39531,-13.624638
1037,17.283333333333335,0.024292951,217.51215805504287,4384.754900913018,524.4104527036116,2192.327742859024,3023.669463944378,0.013784124859780618,0.05834675697843983,14.685872752144657,-332.8451,74.91727,-29.41851,47.058937,11.370422,38.323597,-16.012112,-24.774176,3.9388618,11.150269,-10.833658,-26.057198,-28.132536
1038,17.3,0.019160334,0.0,6858.335853434021,1271.8206606220326,2204.3448083589255,3106.480366027755,0.013784124859780618,0.05834675697843983,14.685872752144657,-283.45602,28.779026,-42.3993,49.286934,-21.120934,35.509186,-23.31739,-13.912188,-5.230358,10.9164715,-18.304024,-17.444998,-30.45575
1039,17.316666666666666,0.030140959,0.0,8529.294933829262,2087.1087716515403,2169.8094213266972,3234.5214791923,0.013784124859780618,0.05834675697843983,14.685872752144657,-270.13986,-15.259327,-31.835266,60.84874,-36.03571,37.968006,-33.2966,-11.927822,-12.64326,17.835365,-16.531033,-12.803503,-30.248451
1040,17.333333333333332,0.03317372,0.0,9338.468597758336,2164.1960521987507,2455.03146977943,3635.077181862405,0.013784124859780618,0.05834675697843983,14.685872752144657,-291.2387,-49.840782,-21.02494,62.4226,-32.80257,57.937492,-31.271435,-16.372986,-17.230497,10.097688,-21.984043,-1.7335396,-32.12121
1041,17.35,0.029065039,0.0,9468.66931042474,2091.6892153378635,3002.544549057982,4209.895410915876,0.013784124859780618,0.05834675697843983,14.685872752144657,-346.3571,-49.54905,-3.8893037,61.924908,-35.46747,58.771523,-28.654633,-15.152452,-5.706604,12.336497,-16.918573,2.0684242,-27.798353
1042,17.366666666666667,0.01754343,0.0,9768.388482300561,2012.2128617557555,3010.4015137781967,4080.0910284613124,0.013784124859780618,0.05834675697843983,14.685872752144657,-409.58508,-59.917755,3.5173025,53.275406,-36.93378,66.26236,-27.888659,-12.1698265,1.5880909,3.6823525,-17.580936,3.2781396,-19.200539
1043,17.383333333333333,0.013573684,0.0,9754.765017359729,1993.788216057938,2662.001931260451,3567.6783763796166,0.013784124859780618,0.05834675697843983,14.685872752144657,-421.72842,-66.136444,-2.1216216,49.711983,-35.35056,58.954826,-25.29782,-15.24308,0.11419821,9.274389,-11.271711,7.8031993,-25.111269
1044,17.4,0.011674388,0.0,9767.951782557688,1939.4484754277523,2485.3573873073005,3375.214038812157,0.013784124859780618,0.05834675697843983,14.685872752144657,-427.77023,-69.09633,-4.102458,50.099403,-36.24282,57.908478,-23.901218,-13.642767,1.2226932,9.33683,-15.093965,8.464836,-21.181831
1045,17.416666666666668,0.009518258,0.0,9802.92268200381,1933.343828483176,2546.266677521896,3291.6194773169073,0.013784124859780618,0.05834675697843983,14.685872752144657,-457.09204,-66.048584,4.877947,47.43718,-37.12887,57.377407,-13.687352,-7.074252,4.9471455,4.851507,-15.1066265,12.090595,-19.467863
1046,17.433333333333334,0.006510121,0.0,9875.735623103727,1932.6830320168692,2474.620835319195,3428.0141145061984,0.013784124859780618,0.05834675697843983,14.685872752144657,-473.119,-59.283516,4.1644535,44.756073,-34.481125,49.22573,-17.989218,-6.898199,5.064131,1.8285114,-10.021858,6.796362,-14.39606
1047,17.45,0.0047073886,0.0,9604.247078889231,1952.0907490011584,2324.6551158645148,3431.57314274861,0.013784124859780618,0.05834675697843983,14.685872752144657,-480.44876,-51.94548,-2.1917138,40.855087,-30.573261,45.42273,-10.925869,-8.095866,1.5196121,-0.0868541,-6.380582,6.897429,-15.310919
1048,17.466666666666665,0.003338331,0.0,9295.047809924317,1534.0572538693511,2315.7802050044365,3479.1144034632002,0.013784124859780618,0.05834675697843983,14.685872752144657,-493.97467,-40.258083,-2.3578944,34.545033,-32.180275,37.961,-6.2708807,-6.6856804,5.5773454,-3.7399125,-4.8671803,3.5003655,-14.295893
1049,17.483333333333334,0.0019158983,0.0,8623.524129158577,897.3658414874394,2085.310716035559,3373.3042584174914,0.013784124859780618,0.05834675697843983,14.685872752144657,-527.978,-15.494999,7.0761995,28.818058,-23.179283,26.053074,3.1868052,-11.494414,13.284127,-7.909583,-6.5167522,3.8534153,-11.026088
1050,17.5,0.000780419,0.0,7371.582811257918,723.2338038063023,2011.535758215343,3334.5007463927077,0.013784124859780618,0.05834675697843983,14.685872752144657,-558.7907,3.5828288,6.1787148,10.80074,-0.010994226,6.383724,4.611627,-2.9990768,3.9411213,-2.1742415,-4.4357305,0.012505412,-6.506088
1051,17.516666666666666,0.00017243916,0.0,6307.696381404247,357.50436117543444,1896.3593764595637,3018.806754591668,0.013784124859780618,0.05834675697843983,14.685872752144657,-562.14746,8.360206,7.8030233,6.9097843,5.7311077,4.333103,2.7930093,1.1941726,-0.3793149,-1.8479218,-3.1415503,-4.2036624,-4.9943533
1052,17.533333333333335,0.000117500356,0.0,5733.336485254179,368.82176644678384,1798.4264543232075,2860.988241735737,0.013784124859780618,0.05834675697843983,14.685872752144657,-564.7356,4.7913604,4.503167,4.0419574,3.4349227,2.7173395,1.9300188,1.1164055,0.31952292,-0.42096743,-1.0714197,-1.6063039,-2.009646
1053,17.55,5.6574245e-05,0.0,6718.973395563282,309.12146536043565,1721.3106480540457,3004.696049374139,0.013784124859780618,0.05834675697843983,14.685872752144657,-567.98206,0.2947718,0.28483358,0.26853257,0.24625555,0.21853198,0.1860179,0.1494838,0.10978983,0.06787817,0.024726897,-0.01865007,-0.06124443
1054,17.566666666666666,3.4841854e-05,0.0,6921.215511566497,339.5917888081119,1678.6707413269405,2661.9229809183385,0.013784124859780618,0.05834675697843983,14.685872752144657,-568.1929,0.0,0.0,0.0,0.0,0.0,0.0,0.0,0.0,0.0,0.0,0.0,0.0
1055,17.583333333333332,1.7164059e-05,0.0,8276.087461291936,439.29893009489996,1904.0352468106007,2863.8064274471444,0.013784124859780618,0.05834675697843983,14.685872752144657,-568.1929,0.0,0.0,0.0,0.0,0.0,0.0,0.0,0.0,0.0,0.0,0.0,0.0
1056,17.6,1.00877505e-05,0.0,8528.430191519685,586.753299933302,1957.0321977844192,3224.408349392965,0.013784124859780618,0.05834675697843983,14.685872752144657,-568.1929,0.0,0.0,0.0,0.0,0.0,0.0,0.0,0.0,0.0,0.0,0.0,0.0
1057,17.616666666666667,6.5479408e-06,0.0,10615.064431735489,997.9724662337912,2088.1823706376385,3113.0863380281776,0.013784124859780618,0.05834675697843983,14.685872752144657,-568.1929,0.0,0.0,0.0,0.0,0.0,0.0,0.0,0.0,0.0,0.0,0.0,0.0
1058,17.633333333333333,4.6087707e-06,0.0,10662.988743841111,1059.5777938884958,2060.178731670646,3089.918017543056,0.013784124859780618,0.05834675697843983,14.685872752144657,-568.1929,0.0,0.0,0.0,0.0,0.0,0.0,0.0,0.0,0.0,0.0,0.0,0.0
1059,17.65,4.620584e-06,0.0,10546.956519343978,1058.9475100832913,2069.808217323622,3103.4060157982562,0.013784124859780618,0.05834675697843983,14.685872752144657,-568.1929,0.0,0.0,0.0,0.0,0.0,0.0,0.0,0.0,0.0,0.0,0.0,0.0
1060,17.666666666666668,4.6127934e-06,0.0,10714.000308317154,1062.1026986394731,2016.5896237646557,3014.0798321861644,0.013784124859780618,0.05834675697843983,14.685872752144657,-568.1929,0.0,0.0,0.0,0.0,0.0,0.0,0.0,0.0,0.0,0.0,0.0,0.0
1061,17.683333333333334,4.4740045e-06,0.0,10879.030119663334,1040.969750513614,2049.48814664331,3036.422414822556,0.013784124859780618,0.05834675697843983,14.685872752144657,-568.1929,0.0,0.0,0.0,0.0,0.0,0.0,0.0,0.0,0.0,0.0,0.0,0.0
1062,17.7,4.522432e-06,0.0,10630.904471588461,1059.557248709268,2142.26982069168,3005.6694261408584,0.013784124859780618,0.05834675697843983,14.685872752144657,-568.1929,0.0,0.0,0.0,0.0,0.0,0.0,0.0,0.0,0.0,0.0,0.0,0.0
1063,17.716666666666665,4.5502566e-06,0.0,10675.812671154446,1171.1059425512503,2082.299528095215,2951.721377737264,0.013784124859780618,0.05834675697843983,14.685872752144657,-568.1929,0.0,0.0,0.0,0.0,0.0,0.0,0.0,0.0,0.0,0.0,0.0,0.0
1064,17.733333333333334,4.5434867e-06,0.0,10805.324164112704,1181.682388982971,2107.2843653057716,2979.8162512874915,0.013784124859780618,0.05834675697843983,14.685872752144657,-568.1929,0.0,0.0,0.0,0.0,0.0,0.0,0.0,0.0,0.0,0.0,0.0,0.0
1065,17.75,4.6337627e-06,0.0,10545.999113466942,1324.9609999459992,2381.168792419376,2846.6569613081447,0.013784124859780618,0.05834675697843983,14.685872752144657,-568.1929,0.0,0.0,0.0,0.0,0.0,0.0,0.0,0.0,0.0,0.0,0.0,0.0
1066,17.766666666666666,4.920272e-06,0.0,10493.339544190036,1273.3965070402055,2302.5521853052487,2853.5078745656083,0.013784124859780618,0.05834675697843983,14.685872752144657,-568.1929,0.0,0.0,0.0,0.0,0.0,0.0,0.0,0.0,0.0,0.0,0.0,0.0
1067,17.783333333333335,5.201851e-06,0.0,10791.105325094506,1152.5758507681926,2117.4856318448446,3057.1644802137826,0.013784124859780618,0.05834675697843983,14.685872752144657,-568.1929,0.0,0.0,0.0,0.0,0.0,0.0,0.0,0.0,0.0,0.0,0.0,0.0
1068,17.8,5.2045552e-06,0.0,10820.668391100042,1072.7649847721882,2110.6546528079593,3048.8357750931623,0.013784124859780618,0.05834675697843983,14.685872752144657,-568.1929,0.0,0.0,0.0,0.0,0.0,0.0,0.0,0.0,0.0,0.0,0.0,0.0
1069,17.816666666666666,5.0740705e-06,0.0,10545.245448478567,1067.3851515119534,1934.203668311184,3020.355195752425,0.013784124859780618,0.05834675697843983,14.685872752144657,-568.1929,0.0,0.0,0.0,0.0,0.0,0.0,0.0,0.0,0.0,0.0,0.0,0.0
1070,17.833333333333332,4.919055e-06,0.0,10487.012631320453,1173.0180364223352,1904.044659227328,3154.018830621163,0.013784124859780618,0.05834675697843983,14.685872752144657,-568.1929,0.0,0.0,0.0,0.0,0.0,0.0,0.0,0.0,0.0,0.0,0.0,0.0
1071,17.85,4.4242333e-06,0.0,10787.482137837493,1181.3953504416006,2002.4708682511784,3149.5641983794044,0.013784124859780618,0.05834675697843983,14.685872752144657,-568.1929,0.0,0.0,0.0,0.0,0.0,0.0,0.0,0.0,0.0,0.0,0.0,0.0
1072,17.866666666666667,3.8949847e-06,0.0,10715.529204557462,1153.3395722608755,2070.098676654869,2905.3152046033506,0.013784124859780618,0.05834675697843983,14.685872752144657,-568.1929,0.0,0.0,0.0,0.0,0.0,0.0,0.0,0.0,0.0,0.0,0.0,0.0
1073,17.883333333333333,3.9395177e-06,0.0,10718.719827111698,1238.0685598131824,2058.136758570612,2967.218721595033,0.013784124859780618,0.05834675697843983,14.685872752144657,-568.1929,0.0,0.0,0.0,0.0,0.0,0.0,0.0,0.0,0.0,0.0,0.0,0.0
1074,17.9,3.9636757e-06,0.0,11086.064538246632,1003.5988561917362,2080.871991596748,3047.6203667899854,0.013784124859780618,0.05834675697843983,14.685872752144657,-568.1929,0.0,0.0,0.0,0.0,0.0,0.0,0.0,0.0,0.0,0.0,0.0,0.0
1075,17.916666666666668,3.9018846e-06,0.0,10888.323456134713,964.8364677983236,2076.7018770190093,3063.6666042702964,0.013784124859780618,0.05834675697843983,14.685872752144657,-568.1929,0.0,0.0,0.0,0.0,0.0,0.0,0.0,0.0,0.0,0.0,0.0,0.0
1076,17.933333333333334,3.821272e-06,0.0,10725.229975617523,1024.1316708281126,1978.3803312792595,3022.515828298344,0.013784124859780618,0.05834675697843983,14.685872752144657,-568.1929,0.0,0.0,0.0,0.0,0.0,0.0,0.0,0.0,0.0,0.0,0.0,0.0
1077,17.95,3.8214625e-06,0.0,10661.24720090778,1063.9392654888354,1977.1055292214025,2987.162662289617,0.013784124859780618,0.05834675697843983,14.685872752144657,-568.1929,0.0,0.0,0.0,0.0,0.0,0.0,0.0,0.0,0.0,0.0,0.0,0.0
1078,17.966666666666665,3.853185e-06,0.0,10722.507680537048,1074.5345921390594,2061.431482631786,2966.3774856639407,0.013784124859780618,0.05834675697843983,14.685872752144657,-568.1929,0.0,0.0,0.0,0.0,0.0,0.0,0.0,0.0,0.0,0.0,0.0,0.0
1079,17.983333333333334,3.864413e-06,0.0,10739.192516853534,1070.7801244970176,2033.13091390689,3106.2589262913007,0.013784124859780618,0.05834675697843983,14.685872752144657,-568.1929,0.0,0.0,0.0,0.0,0.0,0.0,0.0,0.0,0.0,0.0,0.0,0.0
1080,18.0,3.921725e-06,0.0,10751.548242827666,1017.4749477777102,2109.1969010983657,3214.486531206039,0.013784124859780618,0.05834675697843983,14.685872752144657,-568.1929,0.0,0.0,0.0,0.0,0.0,0.0,0.0,0.0,0.0,0.0,0.0,0.0
1081,18.016666666666666,3.859123e-06,0.0,11015.149961371557,956.8226008725684,2148.468815666447,2989.0371000216915,0.013784124859780618,0.05834675697843983,14.685872752144657,-568.1929,0.0,0.0,0.0,0.0,0.0,0.0,0.0,0.0,0.0,0.0,0.0,0.0
1082,18.033333333333335,3.9048855e-06,0.0,10661.469430940471,1133.3707052093253,2034.3140307085816,3032.8496821332556,0.013784124859780618,0.05834675697843983,14.685872752144657,-568.1929,0.0,0.0,0.0,0.0,0.0,0.0,0.0,0.0,0.0,0.0,0.0,0.0
1083,18.05,3.876632e-06,0.0,10476.288649812886,1194.9213924768144,2029.1915469362605,2951.4963288293943,0.013784124859780618,0.05834675697843983,14.685872752144657,-568.1929,0.0,0.0,0.0,0.0,0.0,0.0,0.0,0.0,0.0,0.0,0.0,0.0
1084,18.066666666666666,3.884365e-06,0.0,10741.88709872352,1136.1638623006802,1992.6053873998692,3127.295133209346,0.013784124859780618,0.05834675697843983,14.685872752144657,-568.1929,0.0,0.0,0.0,0.0,0.0,0.0,0.0,0.0,0.0,0.0,0.0,0.0
1085,18.083333333333332,3.9215442e-06,0.0,10815.21994018211,1069.916945373255,2084.3130320707355,3014.562329405678,0.013784124859780618,0.05834675697843983,14.685872752144657,-568.1929,0.0,0.0,0.0,0.0,0.0,0.0,0.0,0.0,0.0,0.0,0.0,0.0
1086,18.1,4.0786445e-06,0.0,10930.518726201059,1092.9084039074612,1998.561813548488,2981.1115138555897,0.013784124859780618,0.05834675697843983,14.685872752144657,-568.1929,0.0,0.0,0.0,0.0,0.0,0.0,0.0,0.0,0.0,0.0,0.0,0.0
1087,18.116666666666667,4.282769e-06,0.0,10650.513545801225,1149.0098609059028,1842.2181579798478,2931.8482676507683,0.013784124859780618,0.05834675697843983,14.685872752144657,-568.1929,0.0,0.0,0.0,0.0,0.0,0.0,0.0,0.0,0.0,0.0,0.0,0.0
1088,18.133333333333333,7.718522e-06,0.0,10127.373250206041,949.8345171427362,1916.7926179090612,2890.5052115288636,0.013784124859780618,0.05834675697843983,14.685872752144657,-568.1929,0.0,0.0,0.0,0.0,0.0,0.0,0.0,0.0,0.0,0.0,0.0,0.0
1089,18.15,4.9245085e-05,0.0,8093.942122989063,1050.2775796023777,2210.7371623560716,3198.092170464437,0.013784124859780618,0.05834675697843983,14.685872752144657,-568.1929,0.0,0.0,0.0,0.0,0.0,0.0,0.0,0.0,0.0,0.0,0.0,0.0
1090,18.166666666666668,0.02509162,0.0,4237.833823267894,1333.775139739638,2579.157239878951,3665.5295522315855,0.013784124859780618,0.05834675697843983,14.685872752144657,-485.82904,89.46124,39.869446,11.913783,9.841993,11.416747,5.276984,-0.16987216,-2.207287,-3.6719718,-5.212365,-6.8060274,-6.9536333
1091,18.183333333333334,0.08248446,282.6517287433529,2270.036639889466,599.3999877251945,1932.0748271953341,3051.182261077938,0.013784124859780618,0.05834675697843983,14.685872752144657,-212.85754,164.72528,-15.417244,1.7252185,-16.871208,12.582468,-27.348606,-9.508064,-30.376625,-7.9593635,4.6999426,-11.907055,-15.220655
1092,18.2,0.109552845,265.4819056400308,2442.137842626082,722.9370154842572,1981.5397300305754,2895.253385872451,0.013784124859780618,0.05834675697843983,14.685872752144657,-196.17569,144.30391,-53.74108,3.1204891,-16.135908,13.442861,-39.128178,-7.3934717,-37.24602,-11.243702,11.51351,-12.09692,-19.50188
1093,18.216666666666665,0.11537009,265.0550229874335,2590.805499225123,735.5005747453029,2076.5066116751445,2873.8275174746473,0.013784124859780618,0.05834675697843983,14.685872752144657,-234.09552,111.21736,-58.33139,5.2520733,-8.846928,17.027042,-46.08152,-10.6483965,-36.17283,-10.908184,9.603426,-14.292046,-20.471643
1094,18.233333333333334,0.10445917,263.6971748668656,2472.893481383807,643.4227678414975,2087.074525415139,3069.476436929381,0.013784124859780618,0.05834675697843983,14.685872752144657,-242.11655,118.75102,-45.16441,12.643795,-10.963576,13.640341,-48.4756,-28.361622,-38.211933,-12.579952,0.5610862,-17.049355,-28.03403
1095,18.25,0.10910871,263.33401273806913,1839.8623729167016,480.19749834890945,2021.669140524431,3278.21947373901,0.013784124859780618,0.05834675697843983,14.685872752144657,-283.77838,131.20927,-33.141,26.978487,4.0770597,3.4449513,-39.53512,-22.564964,-32.568016,-35.70063,4.733794,-15.920427,-31.876797
1096,18.266666666666666,0.12817931,265.4779422903176,1804.4985036330547,402.390070173507,1989.296333147915,3264.822695743107,0.013784124859780618,0.05834675697843983,14.685872752144657,-294.7996,124.93292,-36.549286,27.8475,8.955881,-4.8280077,-38.16513,4.202266,-22.542027,-35.700108,10.357737,-29.919296,-29.249775
1097,18.283333333333335,0.140344,264.68270476519876,1711.5456663500547,371.0814618359384,1989.8849623740107,3087.8335099559986,0.013784124859780618,0.05834675697843983,14.685872752144657,-308.6655,118.06008,-33.828533,41.547665,25.391281,-3.6642816,-45.539696,-0.8615496,-25.325253,-42.165176,9.464161,-24.14469,-19.748463
1098,18.3,0.14319356,265.0308206937786,1589.3398738723752,355.74152246873297,2006.0856121121194,3100.354908748029,0.013784124859780618,0.05834675697843983,14.685872752144657,-303.3306,122.07288,-35.93962,38.99893,29.457113,-3.821625,-47.77147,-7.1954985,-18.716467,-29.77819,3.1801388,-21.455786,-28.314259
1099,18.316666666666666,0.13895859,265.83052277989566,2459.637732575259,463.6535621643717,2235.639958936544,3168.9278774715067,0.013784124859780618,0.05834675697843983,14.685872752144657,-237.72699,122.89987,-35.701286,29.205872,6.349905,7.76836,-70.12309,-11.325212,-10.86638,-11.434566,4.8005695,-29.81674,-31.440128
1100,18.333333333333332,0.13315693,265.42697570355915,2810.816970633265,686.4899172509085,2369.874481733326,3075.7400250518212,0.013784124859780618,0.05834675697843983,14.685872752144657,-254.59825,93.95282,-38.93309,30.783104,2.3244658,17.077705,-67.047295,-2.6075273,-0.7623311,-12.769383,-4.576022,-32.315098,-24.329939
1101,18.35,0.13059573,265.16001794617114,2823.950838961295,698.8284272985397,2358.432047765845,3063.155977871013,0.013784124859780618,0.05834675697843983,14.685872752144657,-267.21036,86.40987,-30.363827,30.503399,-0.6191573,16.706566,-67.66508,-1.0136043,-0.7532562,-16.398922,-16.55563,-36.04496,-27.310215
1102,18.366666666666667,0.13355415,264.73704958342074,2699.5085819742294,570.9141299136999,1914.1755172924536,2755.4472038364106,0.013784124859780618,0.05834675697843983,14.685872752144657,-278.89438,96.059166,-17.41866,15.766513,-6.0218005,28.307213,-62.054604,-0.7669227,4.8998365,-15.484368,-6.201373,-33.71003,-36.947742
1103,18.383333333333333,0.15290782,263.8996584909274,1638.743917236324,320.88139298951427,1231.5513080049836,2240.1833359596285,0.013784124859780618,0.05834675697843983,14.685872752144657,-315.37463,125.62724,-6.538891,11.224396,2.7165756,31.226448,-46.97856,-13.604182,-1.2488611,-21.860947,-4.9691663,-43.34247,-33.651665
1104,18.4,0.17126197,263.64913508820734,993.1465674823135,304.8192877967606,1343.2970265843373,2377.585398949449,0.013784124859780618,0.05834675697843983,14.685872752144657,-354.41318,129.66637,-7.407043,14.286934,17.968132,21.716475,-26.977406,-12.7241,0.20357227,-23.052532,-16.112251,-49.59574,-29.032051
1105,18.416666666666668,0.18249965,263.29511355003393,870.0324791915582,299.35644766824777,1293.1601194453315,2435.864350532699,0.013784124859780618,0.05834675697843983,14.685872752144657,-366.34714,128.02184,-2.818935,15.044378,17.536158,16.33765,-27.20985,-11.156948,3.2396026,-23.556131,-19.878654,-50.05584,-29.677084
1106,18.433333333333334,0.18854418,262.53209144252753,801.3567537094181,293.7693410005233,1201.8467690200698,2381.2771815658534,0.013784124859780618,0.05834675697843983,14.685872752144657,-367.07077,133.41447,-0.65004295,11.277536,20.75514,18.791122,-28.668648,-14.637774,6.3750772,-19.212833,-23.916985,-50.19259,-34.455772
1107,18.45,0.16646826,258.0147785434545,754.7055925517936,285.85454184301955,1184.542789408851,2302.8939259331255,0.013784124859780618,0.05834675697843983,14.685872752144657,-374.69528,140.8475,9.674866,7.543292,23.426048,22.465122,-28.755392,-19.784752,9.616619,-7.7110558,-22.977959,-44.9731,-37.05861
1108,18.466666666666665,0.12920618,258.9368413929727,2464.822426098067,314.58120343332376,1473.7916733444022,2512.8571358221557,0.013784124859780618,0.05834675697843983,14.685872752144657,-313.9469,109.870544,20.689842,28.662647,-21.449747,43.389957,-9.316925,-28.336617,-16.878588,1.3254756,-29.838634,-17.874958,-23.990627
1109,18.483333333333334,0.121112235,272.6384358165841,2725.7746591678533,446.82670197945595,2011.785481545332,2963.241797084781,0.013784124859780618,0.05834675697843983,14.685872752144657,-205.81886,125.4958,-23.139431,16.234024,-17.295677,24.533474,-41.071716,-22.185585,-35.495644,-3.6062844,-18.26447,-11.6079235,-32.21441
1110,18.5,0.13354519,273.5435182751255,2308.4540007534742,615.4735839933118,2103.3541666459746,2927.95804715864,0.013784124859780618,0.05834675697843983,14.685872752144657,-224.58128,117.931885,-46.289997,7.3451185,-5.625293,10.286725,-51.860355,-14.037628,-33.37829,-9.016174,-3.4603164,-14.868933,-29.099323
1111,18.516666666666666,0.12760812,272.7946035059582,2575.382335718712,718.2233966668967,2151.5172606901883,2942.9815643017896,0.013784124859780618,0.05834675697843983,14.685872752144657,-231.58783,114.37696,-58.4943,1.3937947,-9.9424,8.726011,-49.493683,-10.962477,-26.950356,-6.7116528,3.365418,-17.734634,-28.218273
1112,18.533333333333335,0.12261999,274.6765579507926,2490.9169725545526,748.8758956032442,2171.9993840642983,2872.6112233082063,0.013784124859780618,0.05834675697843983,14.685872752144657,-238.02615,112.16246,-58.01019,-0.14535263,-9.342318,8.023475,-53.40628,-15.343418,-30.2469,-4.2473736,-1.2845291,-23.363987,-25.640236
1113,18.55,0.12545763,277.20200058640484,2584.70286403371,675.505756380117,2206.4129207186274,2903.7639555118917,0.013784124859780618,0.05834675697843983,14.685872752144657,-241.35619,103.280464,-53.58116,0.106811136,-5.0377216,12.2736225,-61.169884,-16.1462,-27.202042,-6.6978674,-7.137268,-28.300062,-26.955967
1114,18.566666666666666,0.11023636,278.3326628493164,2431.630778199241,515.1091826531912,2227.584756184376,2977.92110771508,0.013784124859780618,0.05834675697843983,14.685872752144657,-245.95505,116.243774,-40.674583,7.492794,8.38061,22.11142,-63.622353,-13.85857,-24.39881,-21.96494,-11.073163,-35.668648,-36.161896
1115,18.583333333333332,0.09064856,277.0327233991304,1839.434032587401,414.553660965096,2223.0269258516623,3022.2773774153316,0.013784124859780618,0.05834675697843983,14.685872752144657,-302.38748,145.431,-16.427065,9.38147,22.452297,23.038265,-42.13698,-12.7397175,-16.827843,-21.505085,-1.7362225,-34.381718,-30.343983
1116,18.6,0.10441299,278.58877826404546,1997.2241048237365,383.1968139812606,2256.6889846274307,2954.3195000766173,0.013784124859780618,0.05834675697843983,14.685872752144657,-312.69446,114.89867,-13.143049,38.34417,21.506607,16.305782,-48.00284,-22.029215,-8.955396,-10.808071,-4.200734,-23.529514,-29.389164
1117,18.616666666666667,0.13795204,284.62926916660393,2347.506106637278,305.27646845086895,2357.3288088385652,3021.7378999322245,0.013784124859780618,0.05834675697843983,14.685872752144657,-289.03845,85.21846,-31.000177,45.820915,21.477898,18.70149,-53.014084,-4.0084305,-13.085657,-20.989182,-14.243047,-28.08741,-29.046417
1118,18.633333333333333,0.14969401,284.98225564333535,2672.664597704105,303.52091873527536,2430.4573661544187,3235.921715783177,0.013784124859780618,0.05834675697843983,14.685872752144657,-285.60757,68.5739,-40.18193,58.02675,21.767384,12.785821,-52.86473,2.394625,-11.194398,-23.174644,-12.154905,-26.191353,-26.92152
1119,18.65,0.1472119,285.4836028109726,2805.1796693444007,308.6792007490745,2480.7077370974453,3140.3676861196996,0.013784124859780618,0.05834675697843983,14.685872752144657,-280.49747,69.89607,-45.501213,61.977463,23.321877,8.948392,-56.262135,2.7427921,-7.475204,-26.824158,-12.235626,-30.354134,-20.18731
1120,18.666666666666668,0.13553816,286.4254291357258,2807.3861057530667,337.9158022789413,2466.72034785773,3066.806593233711,0.013784124859780618,0.05834675697843983,14.685872752144657,-266.49994,76.712,-47.21104,58.83058,25.75916,13.917781,-63.235428,-5.651129,-12.348126,-25.423504,-10.950444,-32.622818,-22.630882
1121,18.683333333333334,0.12590638,286.68002553883525,2851.9877093313116,387.6224631681389,2371.6007349686934,3020.8019408901214,0.013784124859780618,0.05834675697843983,14.685872752144657,-254.4009,88.47071,-53.30736,41.890343,16.882301,14.168741,-61.156105,-5.5523973,-15.8338585,-17.216133,-8.161154,-32.92573,-14.556744
1122,18.7,0.12524949,287.2669991248141,2735.2431870708447,452.0441190807545,2317.8381654202176,2994.5784265705397,0.013784124859780618,0.05834675697843983,14.685872752144657,-247.05614,93.03842,-55.339638,29.842669,15.022472,10.85614,-58.019012,-5.944096,-19.775356,-13.37496,-14.307707,-34.2394,-18.482576
1123,18.716666666666665,0.12717873,287.3114317831385,2797.034180018345,459.5092654675427,2289.4184942324337,3012.016291892866,0.013784124859780618,0.05834675697843983,14.685872752144657,-247.22687,88.17679,-53.41372,23.995468,12.461985,13.120926,-57.07378,-13.246138,-23.253365,-12.916729,-11.223843,-25.48433,-24.522007
1124,18.733333333333334,0.124073744,285.1244122761361,2825.1707311776936,399.276258051774,2264.3806374960677,3040.846669299751,0.013784124859780618,0.05834675697843983,14.685872752144657,-269.06125,82.64901,-47.9012,23.555676,5.0026793,22.164421,-46.236343,-9.615356,-23.813236,-11.833309,-9.668262,-36.01169,-26.551266
1125,18.75,0.10422012,278.7905768839973,2817.538457109435,324.1658564731533,2228.6073345855953,3037.836578662331,0.013784124859780618,0.05834675697843983,14.685872752144657,-295.5477,78.57689,-30.37194,39.845486,7.968541,32.596924,-33.526005,-21.713137,-26.748596,-10.1057,-13.619943,-27.47655,-14.557468
1126,18.766666666666666,0.0747033,272.50726334383205,5594.853378299055,666.9171652476136,2184.721501456748,3129.963070066538,0.013784124859780618,0.05834675697843983,14.685872752144657,-268.87103,35.564713,-24.016045,53.41518,-26.263462,36.67121,-16.618855,-21.703758,-14.15975,5.079978,-30.852583,-21.155094,-32.01887
1127,18.783333333333335,0.052739292,0.0,8247.353859969438,1538.0590278303482,2207.3015032868643,3350.370108059997,0.013784124859780618,0.05834675697843983,14.685872752144657,-217.4062,-11.046185,-39.368694,43.28137,-43.177387,50.71434,-13.109417,-12.449141,-17.084892,9.184127,-31.820995,-9.704834,-30.183205
1128,18.8,0.049555525,0.0,8473.560043638798,1841.2529300028582,2282.8664748705255,3347.456223163162,0.013784124859780618,0.05834675697843983,14.685872752144657,-221.70961,-26.734978,-52.13909,36.592365,-48.078808,44.067757,-22.8358,-16.423634,-19.877197,11.075372,-28.360321,-0.3733356,-26.345568
1129,18.816666666666666,0.039808203,0.0,8078.530507447541,1789.7125000030055,2375.021125698072,3375.772460188649,0.013784124859780618,0.05834675697843983,14.685872752144657,-231.91963,-12.267845,-56.843773,30.588676,-43.294243,43.893562,-22.5028,-22.423695,-22.50437,12.745453,-30.537426,0.4559065,-23.95521
1130,18.833333333333332,0.027101746,0.0,7973.44546222835,1811.7650534227091,2418.845384675058,3653.16449905387,0.013784124859780618,0.05834675697843983,14.685872752144657,-268.05914,-10.465422,-54.08104,28.301395,-41.970615,46.059406,-10.3810215,-21.962044,-28.524548,16.170832,-11.970911,-3.9972034,-26.324131
1131,18.85,0.070715494,280.0839763326353,3562.5834878732167,1257.6105728968637,2129.9585160037145,3607.5765020588497,0.013784124859780618,0.05834675697843983,14.685872752144657,-304.63123,91.77675,-1.3694025,31.760252,-44.982384,24.91679,-5.145868,-22.858807,-26.965845,-12.495326,-16.148342,-23.578228,-31.735016
1132,18.866666666666667,0.10358661,278.9586377422214,1808.3539691258397,321.58747210940436,1668.539739220024,2584.626693529876,0.013784124859780618,0.05834675697843983,14.685872752144657,-293.3998,138.94794,2.980328,11.567093,-42.191402,24.22578,-9.724897,-22.732843,-19.84739,-18.825745,-15.709528,-31.064217,-17.476978
1133,18.883333333333333,0.12879723,274.3423169431179,1444.7703534396483,295.1746510787682,1541.6891753992531,2500.2106350648833,0.013784124859780618,0.05834675697843983,14.685872752144657,-342.80237,120.71361,0.17387092,13.206438,-18.85901,30.35797,-6.8414516,-22.502775,-5.334486,-18.32734,-21.356815,-24.070751,-10.787042
1134,18.9,0.14564627,272.2318327428301,898.9971024599276,283.2146083025176,1367.7993952620639,2476.1684135867545,0.013784124859780618,0.05834675697843983,14.685872752144657,-375.45798,137.4032,12.439415,2.611751,-7.9700375,20.933437,-0.21454352,-19.059032,5.6183176,-12.996168,-35.960304,-25.501871,-7.829019
1135,18.916666666666668,0.1586663,269.35091960925445,723.8902626056375,276.8488720176054,1348.5744406498063,2495.682073838027,0.013784124859780618,0.05834675697843983,14.685872752144657,-392.08524,143.84363,23.12715,-0.5032909,7.289009,21.25858,-8.697427,-13.05707,3.4440486,-21.742582,-34.44812,-18.863777,-7.815442
1136,18.933333333333334,0.16704509,266.2995971203514,617.4410567256436,273.3314104280807,1218.5157536157117,2474.714731726915,0.013784124859780618,0.05834675697843983,14.685872752144657,-416.76062,137.24231,35.182053,6.8849916,16.73498,23.907234,-2.3351116,-8.493367,-2.0545204,-24.026794,-34.02029,-21.702019,-8.103378
1137,18.95,0.1620178,262.8134760921647,526.4740614764456,272.34933423569794,969.2224072259887,2454.6236263440724,0.013784124859780618,0.05834675697843983,14.685872752144657,-436.4411,134.66008,48.981075,12.782965,16.504604,12.794998,-6.8511295,-9.974923,-6.928731,-24.126328,-39.295643,-30.4001,-12.264715
1138,18.966666666666665,0.12748876,257.066690732918,498.32718473717784,270.321412446276,1036.4068915167024,2590.4634484195017,0.013784124859780618,0.05834675697843983,14.685872752144657,-439.66858,141.40442,64.323296,17.544548,8.643675,5.929198,-0.642418,-1.4785622,-4.896634,-21.317017,-35.070038,-29.690994,-16.121311
1139,18.983333333333334,0.07330049,253.51974372386755,764.6710208373863,269.46267273592304,1585.279370096306,3033.6751358477936,0.013784124859780618,0.05834675697843983,14.685872752144657,-477.43814,110.57501,70.18558,32.236446,11.730643,6.4670944,4.7093434,-1.8164837,-11.730216,-19.055305,-19.848846,-15.5675335,-12.430197
1140,19.0,0.013577004,261.152951457947,4402.637005184294,274.0865806050283,1904.4763736534476,3222.8699026582985,0.013784124859780618,0.05834675697843983,14.685872752144657,-406.15588,61.3498,3.8468678,61.13024,12.359318,15.071651,3.7393947,-5.5654726,-9.32688,-6.647337,-18.12574,-9.523157,-1.8773814
1141,19.016666666666666,0.0130128395,269.29978661982415,5672.095479801568,639.7933393591297,2215.0313251141074,3370.277711017645,0.013784124859780618,0.05834675697843983,14.685872752144657,-433.7132,46.889915,-0.30147108,56.877937,9.577793,6.123037,3.4603746,-3.3483393,-14.170492,-14.08069,-18.027617,-12.292698,-0.1037786
1142,19.033333333333335,0.015274407,0.0,7053.72954339686,1270.6501099267364,2514.72616860626,3479.755288068646,0.013784124859780618,0.05834675697843983,14.685872752144657,-236.92285,45.57289,-36.969086,29.686499,-39.9168,9.947746,-3.847179,33.19261,-10.6470175,4.1151376,-38.839523,-5.577694,-9.236139
1143,19.05,0.01730114,0.0,8484.696227650094,1333.7307399014933,2832.778208544544,3535.6202502997344,0.013784124859780618,0.05834675697843983,14.685872752144657,-277.93033,8.163263,-19.414429,49.660965,-44.153778,19.732908,-0.63784635,41.010994,-5.7035227,-1.5433129,-30.643517,-7.1795945,-8.048412
1144,19.066666666666666,0.014624081,0.0,8697.307339200386,1433.5457740083375,3301.600791822617,3621.703907823933,0.013784124859780618,0.05834675697843983,14.685872752144657,-313.179,-6.3645835,-20.276424,56.60585,-38.177513,16.160347,-6.602085,28.589539,-11.523415,-1.2181574,-29.194786,-3.7898688,-14.406917
1145,19.083333333333332,0.068401895,0.0,6881.645466133847,1020.4619968430009,3024.8237656830775,3733.7545317962936,0.013784124859780618,0.05834675697843983,14.685872752144657,-321.76956,12.403433,7.6133385,77.559784,-12.080511,22.449074,3.7075806,35.5091,-19.190119,-8.182199,-36.16234,-6.282153,-32.720757
1146,19.1,0.12912293,245.8698012563096,2972.7317854552007,269.850408945263,2765.7328258096477,3762.591965183292,0.013784124859780618,0.05834675697843983,14.685872752144657,-313.55,59.23496,18.364994,91.991974,4.4744263,15.621965,-21.693111,20.614777,-12.325868,-26.591541,-41.139366,-27.215464,-28.84634
1147,19.116666666666667,0.16078676,246.79343285406446,2070.9269499586085,293.02240820141327,2148.0954570790127,3352.6747640147114,0.013784124859780618,0.05834675697843983,14.685872752144657,-314.34897,90.53009,13.475416,73.97621,-2.2708771,-0.65010715,-40.991737,36.159428,16.606506,-33.772182,-25.73976,-38.186756,-14.6020775
1148,19.133333333333333,0.16324504,253.64302718125919,2195.2126841521963,298.21015068362294,1247.2782280261345,2928.3127454892956,0.013784124859780618,0.05834675697843983,14.685872752144657,-304.65274,107.33127,7.403241,54.51803,-8.770603,-3.8659804,-52.08384,32.54769,18.89047,-46.502075,-27.529442,-40.58918,-8.651442
1149,19.15,0.15479463,256.89028196308635,2125.5373354777657,298.1725598268841,1259.789421662185,2967.4946547066816,0.013784124859780618,0.05834675697843983,14.685872752144657,-324.43237,102.02646,10.507122,38.625984,-13.311715,6.166074,-51.242165,25.5005,13.521952,-52.602417,-28.349615,-30.244717,-6.681849
1150,19.166666666666668,0.1584233,259.0629378909768,2074.147239141864,290.9544483687118,1256.8760252397308,2905.467679624996,0.013784124859780618,0.05834675697843983,14.685872752144657,-334.9398,98.46963,15.954344,25.528507,-17.111233,15.367523,-53.26172,21.849586,14.352451,-49.903008,-31.07394,-24.401344,-9.181319
1151,19.183333333333334,0.16387779,260.06223133335175,1863.474916803621,282.5662617498024,1244.1491586643315,2687.8666825224163,0.013784124859780618,0.05834675697843983,14.685872752144657,-341.02545,108.02583,23.046917,19.130844,-12.299283,24.952423,-51.09928,12.930563,13.937685,-39.238873,-28.65342,-30.109097,-19.560606
1152,19.2,0.16751659,260.13068367435835,1522.6885768679936,274.7186032715299,1274.2951149989312,2470.215187482544,0.013784124859780618,0.05834675697843983,14.685872752144657,-363.53946,111.34616,21.33456,7.349577,-9.844543,27.999607,-41.203365,10.39146,8.382953,-29.002954,-19.256508,-39.89308,-25.937113
1153,19.216666666666665,0.17113699,260.21945341814205,1159.5520117861156,271.26993392430575,1323.5881866092786,2455.3874843098724,0.013784124859780618,0.05834675697843983,14.685872752144657,-383.2567,114.55445,29.191679,6.541715,-7.348465,21.000488,-26.134739,8.527891,-7.755782,-22.122965,-22.672697,-46.94294,-22.971933
1154,19.233333333333334,0.17363653,259.7413913684686,923.6741233764448,269.4100926534328,1293.9614526454325,2533.3363948548035,0.013784124859780618,0.05834675697843983,14.685872752144657,-401.08957,118.02309,31.378174,3.064034,-4.730792,26.46288,-13.798812,4.7883167,-8.321723,-28.09685,-27.832912,-51.399773,-24.23164
1155,19.25,0.16021615,257.13720837522965,964.5354571837917,265.433723614535,1265.0472207673317,2547.046571865203,0.013784124859780618,0.05834675697843983,14.685872752144657,-400.1183,125.97066,45.744877,5.3442955,-7.298292,26.134113,-13.622053,11.53046,-5.1562257,-22.089539,-22.166056,-51.273582,-22.311794
1156,19.266666666666666,0.11542894,251.5502515351293,3387.586437322352,255.34782356357948,1275.0908148398717,2606.2151304785375,0.013784124859780618,0.05834675697843983,14.685872752144657,-356.6205,82.503525,69.05569,33.28619,-43.643032,49.902943,-21.474422,12.864996,1.3627734,-16.482033,-26.977692,-30.97669,-18.384693
1157,19.283333333333335,0.07264977,246.83881404552946,10563.299445791352,938.2158279911631,1967.279167617837,3425.681481171244,0.013784124859780618,0.05834675697843983,14.685872752144657,-327.8879,-15.325063,74.32376,53.197575,-48.030006,71.61382,-18.645435,32.735992,-5.026951,7.637785,-32.948864,-23.003899,-21.460873
1158,19.3,0.07174567,0.0,11427.88078365667,1801.4369870505864,2791.4492183519747,4396.447592042755,0.013784124859780618,0.05834675697843983,14.685872752144657,-303.05933,-66.48659,49.840008,49.809914,-52.238083,75.004166,-26.463676,15.913677,-18.29972,11.825384,-29.710371,-11.580694,-18.900337
1159,19.316666666666666,0.08232277,0.0,11232.584799392243,1017.8613960509383,2220.827831347145,3494.5104443256214,0.013784124859780618,0.05834675697843983,14.685872752144657,-280.70813,-77.47206,28.692791,48.122753,-48.798477,68.4527,-34.366035,14.464154,-17.206553,3.753724,-31.902542,-5.9064093,-19.38292
1160,19.333333333333332,0.076615594,0.0,10671.206510002872,746.6774103203659,2195.0514306216883,3209.1530332027296,0.013784124859780618,0.05834675697843983,14.685872752144657,-249.03964,-67.95034,-2.7532225,41.19792,-42.91092,68.38966,-33.295235,7.78962,-8.985971,12.5008545,-30.437857,-6.9423885,-27.75448
1161,19.35,0.054924365,0.0,9558.276953387209,1052.681395944637,2217.3658944424014,3115.92007410009,0.013784124859780618,0.05834675697843983,14.685872752144657,-248.69402,-45.75843,-26.017912,50.29875,-35.97998,54.038116,-29.991512,5.6708465,-0.73356926,15.251828,-28.629894,-5.0845423,-26.228828
1162,19.366666666666667,0.04609872,0.0,8019.206503942232,978.640619694446,2181.9151523106693,3172.9901209722957,0.013784124859780618,0.05834675697843983,14.685872752144657,-291.68823,10.069254,-22.206842,48.091682,-18.00905,55.48238,-16.822247,1.7381394,-1.716253,13.589087,-31.087954,-15.891285,-32.65177
1163,19.383333333333333,0.076472074,238.85692285356774,2893.953598122475,267.9787682039545,2180.8938571040135,3050.4620583852043,0.013784124859780618,0.05834675697843983,14.685872752144657,-323.11908,81.854836,8.919075,58.920677,8.593329,53.256912,-16.447021,-17.023212,-9.111462,-2.9452443,-26.646336,-35.576717,-30.293228
1164,19.4,0.1043134,231.39058042180756,2506.1184397581756,271.0773380611256,2280.6645151409894,3073.4683262569697,0.013784124859780618,0.05834675697843983,14.685872752144657,-323.07416,81.11647,0.5002668,61.42077,20.36141,42.173573,-24.707325,-11.252781,-10.991265,-3.0038085,-24.37822,-36.143898,-24.114529
1165,19.416666666666668,0.11061624,230.96142050928142,2610.5442365708077,249.72703803495054,2362.9150596860786,3040.0424947474326,0.013784124859780618,0.05834675697843983,14.685872752144657,-320.48334,76.72481,-8.25955,60.67225,23.813011,40.378735,-28.349804,-2.0256968,-5.123147,-3.439342,-29.191011,-47.606445,-26.84124
1166,19.433333333333334,0.10220315,229.99084206966563,2750.490858542748,241.65738501222887,2334.5521426956366,3006.133268723407,0.013784124859780618,0.05834675697843983,14.685872752144657,-322.3699,77.21826,-7.2567644,59.110367,24.226019,42.239853,-29.215275,-4.4294643,1.074696,7.442435,-27.48925,-44.315285,-20.008804
1167,19.45,0.0757214,223.14245348721008,2971.2468902671844,238.99842007133574,2356.6845765554604,3009.5048875374137,0.013784124859780618,0.05834675697843983,14.685872752144657,-330.09717,74.618,-10.321497,57.194862,13.067583,29.953096,-28.74971,-4.795335,15.315683,19.943521,-23.148851,-37.768745,-21.030348
1168,19.466666666666665,0.04365668,220.8467385484921,4085.837394986702,450.52533298895594,2377.3888508038985,2998.358729345254,0.013784124859780618,0.05834675697843983,14.685872752144657,-337.847,67.59858,-20.22218,60.268417,12.692516,21.076248,-34.829556,-15.134493,16.488533,24.080353,-17.358475,-32.57873,-16.934187
1169,19.483333333333334,0.015243189,222.95222943492755,4706.738693309351,893.3761421015865,2360.7376359965183,2994.5702778552277,0.013784124859780618,0.05834675697843983,14.685872752144657,-348.29858,67.61153,-33.488617,40.812035,3.474393,18.77304,-25.30251,-7.6090274,24.888838,21.48428,-17.256727,-34.903603,-19.382374
1170,19.5,0.009290085,212.27455690634957,4087.6035766956693,952.4978254767179,2374.8920858310744,3017.910413106531,0.013784124859780618,0.05834675697843983,14.685872752144657,-360.11874,78.333206,-40.616447,25.713688,1.9585402,9.824114,-20.88419,-7.98907,30.308844,19.064137,-20.81232,-37.10991,-17.642433
1171,19.516666666666666,0.0066555017,0.0,4290.5070086212645,911.131815715649,2398.12148344117,3055.5798284750795,0.013784124859780618,0.05834675697843983,14.685872752144657,-393.4009,72.33026,-37.263412,23.002815,11.787016,5.1041927,-26.389877,-21.647099,23.531609,17.88327,-18.526283,-31.224674,-18.760742
1172,19.533333333333335,0.0047670654,0.0,3944.408323850502,938.2810303318665,2449.945981145197,3020.9960965238106,0.013784124859780618,0.05834675697843983,14.685872752144657,-408.94745,83.57262,-25.841402,15.800558,13.099691,6.495763,-13.549143,-14.49403,26.12479,21.931545,-14.047426,-23.337158,-13.453286
1173,19.55,0.0042738146,0.0,3817.613644030665,759.7656701598768,2392.9657836574806,2936.5587001321364,0.013784124859780618,0.05834675697843983,14.685872752144657,-426.25775,79.887665,-24.041035,16.774464,23.707272,0.45290846,-20.318188,-11.8180485,27.14827,21.396473,-17.686321,-27.825832,-15.212541
1174,19.566666666666666,0.0033594477,0.0,3534.758648081451,908.7120081336299,2406.8000173702562,2957.2454961236303,0.013784124859780618,0.05834675697843983,14.685872752144657,-448.3726,79.86782,-13.451582,10.1182995,23.790634,-3.484089,-22.588722,-10.9502535,24.207218,18.609241,-25.332512,-33.874023,-18.579483
1175,19.583333333333332,0.0026039837,0.0,3567.586784640588,963.4356019156382,2422.097022612781,3015.3632377876243,0.013784124859780618,0.05834675697843983,14.685872752144657,-466.48935,72.59676,-11.695665,3.3599923,24.272846,-1.7076035,-19.257832,-0.6935689,27.105228,17.45045,-22.029102,-33.828888,-19.999584
1176,19.6,0.0018536969,0.0,3461.499000884006,977.4824114557285,2411.959061370219,3010.60257653527,0.013784124859780618,0.05834675697843983,14.685872752144657,-484.56702,70.04554,3.7293487,0.43416357,14.966934,0.9739188,-14.119205,-0.6477931,22.87532,15.625054,-18.088856,-32.289207,-19.865074
1177,19.616666666666667,0.0013170213,0.0,4271.373479984536,922.0526775202061,2410.197980221709,3050.4830216880255,0.013784124859780618,0.05834675697843983,14.685872752144657,-518.90186,49.843967,16.999651,6.397475,9.299322,1.2329859,-10.679913,-4.1136804,13.079733,11.001919,-12.006231,-26.284306,-20.021349
1178,19.633333333333333,0.0007455721,0.0,4686.23154236335,948.7448317109272,2372.2095353292275,3102.9095415791453,0.013784124859780618,0.05834675697843983,14.685872752144657,-538.26263,37.644707,26.835892,16.159868,9.221418,5.976268,5.469222,6.6222763,6.705555,2.3335228,-6.490121,-15.1551,-18.874794
1179,19.65,0.0005299559,0.0,6335.288988702847,894.695704843484,2329.0528189422885,3073.2846664374842,0.013784124859780618,0.05834675697843983,14.685872752144657,-551.9698,21.642254,18.212368,13.839331,9.852337,7.1044297,5.6195965,4.678054,3.281899,0.74706376,-2.8923674,-6.8761396,-10.101733
1180,19.666666666666668,0.0002982898,0.0,8154.705285362764,660.8010648796557,2011.0819075655145,2932.099246173227,0.013784124859780618,0.05834675697843983,14.685872752144657,-558.8304,12.994149,12.267934,11.101088,9.555851,7.7136326,5.669634,3.5268497,1.3895183,-0.64321727,-2.4833004,-4.0586243,-5.316786
1181,19.683333333333334,0.00019475252,0.0,8401.141959260087,510.1932637052905,1402.5694028081243,2706.329314535832,0.013784124859780618,0.05834675697843983,14.685872752144657,-562.72894,7.5654926,7.0888386,6.3219,5.30418,4.087648,2.7336915,1.3094977,-0.115816414,-1.475154,-2.7071586,-3.7595377,-4.5917134
1182,19.7,5.7138175e-05,0.0,10297.867056161607,899.0669196937998,1340.2791708664747,2748.016756636957,0.013784124859780618,0.05834675697843983,14.685872752144657,-568.1929,0.0,0.0,0.0,0.0,0.0,0.0,0.0,0.0,0.0,0.0,0.0,0.0
1183,19.716666666666665,5.839149e-06,0.0,11131.477334905632,1218.1680171107832,2199.5586512544187,3061.6560031204926,0.013784124859780618,0.05834675697843983,14.685872752144657,-568.1929,0.0,0.0,0.0,0.0,0.0,0.0,0.0,0.0,0.0,0.0,0.0,0.0
1184,19.733333333333334,5.384688e-06,0.0,11142.204176142848,1230.7139663000546,2331.197206101078,3348.335041240201,0.013784124859780618,0.05834675697843983,14.685872752144657,-568.1929,0.0,0.0,0.0,0.0,0.0,0.0,0.0,0.0,0.0,0.0,0.0,0.0
1185,19.75,4.909816e-06,0.0,11372.853162107062,1095.3760253954158,2334.403363888333,3284.036386359751,0.013784124859780618,0.05834675697843983,14.685872752144657,-568.1929,0.0,0.0,0.0,0.0,0.0,0.0,0.0,0.0,0.0,0.0,0.0,0.0
1186,19.766666666666666,4.435718e-06,0.0,11140.526400776722,1116.713074362551,2345.1148000102944,3262.23758250955,0.013784124859780618,0.05834675697843983,14.685872752144657,-568.1929,0.0,0.0,0.0,0.0,0.0,0.0,0.0,0.0,0.0,0.0,0.0,0.0
1187,19.783333333333335,4.0622604e-06,0.0,10833.842861692134,1033.875341968058,2217.798223789655,3273.8514735655776,0.013784124859780618,0.05834675697843983,14.685872752144657,-568.1929,0.0,0.0,0.0,0.0,0.0,0.0,0.0,0.0,0.0,0.0,0.0,0.0
1188,19.8,3.939182e-06,0.0,10562.331864656642,1177.133782783827,2240.7957955188253,3257.765985125562,0.013784124859780618,0.05834675697843983,14.685872752144657,-568.1929,0.0,0.0,0.0,0.0,0.0,0.0,0.0,0.0,0.0,0.0,0.0,0.0
1189,19.816666666666666,3.990004e-06,0.0,10951.206920716984,1274.6183191004434,2005.3075113186333,2973.842872280998,0.013784124859780618,0.05834675697843983,14.685872752144657,-568.1929,0.0,0.0,0.0,0.0,0.0,0.0,0.0,0.0,0.0,0.0,0.0,0.0
1190,19.833333333333332,3.8778153e-06,0.0,10906.084904032055,1245.4285781120498,1921.498643846889,2970.810644414292,0.013784124859780618,0.05834675697843983,14.685872752144657,-568.1929,0.0,0.0,0.0,0.0,0.0,0.0,0.0,0.0,0.0,0.0,0.0,0.0
1191,19.85,3.854201e-06,0.0,10854.462124961217,1099.8793278935116,2132.879155051114,3087.7390044607127,0.013784124859780618,0.05834675697843983,14.685872752144657,-568.1929,0.0,0.0,0.0,0.0,0.0,0.0,0.0,0.0,0.0,0.0,0.0,0.0
1192,19.866666666666667,3.865246e-06,0.0,10770.782664904758,1304.5947139703244,2322.71294024185,3245.812732048164,0.013784124859780618,0.05834675697843983,14.685872752144657,-568.1929,0.0,0.0,0.0,0.0,0.0,0.0,0.0,0.0,0.0,0.0,0.0,0.0
1193,19.883333333333333,3.936121e-06,0.0,10563.28302997676,1168.0167744010619,2146.511038177848,3165.441705459949,0.013784124859780618,0.05834675697843983,14.685872752144657,-568.1929,0.0,0.0,0.0,0.0,0.0,0.0,0.0,0.0,0.0,0.0,0.0,0.0
1194,19.9,3.9299157e-06,0.0,10756.969942034417,1046.810243670341,2115.283558385293,3193.264449288576,0.013784124859780618,0.05834675697843983,14.685872752144657,-568.1929,0.0,0.0,0.0,0.0,0.0,0.0,0.0,0.0,0.0,0.0,0.0,0.0
1195,19.916666666666668,3.9553147e-06,0.0,10698.015399498643,1127.157555441287,2285.4948084581797,3249.4613668368374,0.013784124859780618,0.05834675697843983,14.685872752144657,-568.1929,0.0,0.0,0.0,0.0,0.0,0.0,0.0,0.0,0.0,0.0,0.0,0.0
1196,19.933333333333334,3.8576904e-06,0.0,10791.656389556876,1039.4768245855403,2150.2932211717552,3080.642334558009,0.013784124859780618,0.05834675697843983,14.685872752144657,-568.1929,0.0,0.0,0.0,0.0,0.0,0.0,0.0,0.0,0.0,0.0,0.0,0.0
1197,19.95,3.914432e-06,0.0,10994.465064005468,1147.3683321023482,2017.1020395841924,3032.54080968997,0.013784124859780618,0.05834675697843983,14.685872752144657,-568.1929,0.0,0.0,0.0,0.0,0.0,0.0,0.0,0.0,0.0,0.0,0.0,0.0
1198,19.966666666666665,3.801713e-06,0.0,10861.687750861107,1129.2813458932433,2186.6161347050916,3162.648831553836,0.013784124859780618,0.05834675697843983,14.685872752144657,-568.1929,0.0,0.0,0.0,0.0,0.0,0.0,0.0,0.0,0.0,0.0,0.0,0.0
1199,19.983333333333334,3.9181705e-06,0.0,10832.005966061502,1123.165576221033,2224.739710452912,3278.713758638599,0.013784124859780618,0.05834675697843983,14.685872752144657,-568.1929,0.0,0.0,0.0,0.0,0.0,0.0,0.0,0.0,0.0,0.0,0.0,0.0
1200,20.0,3.898249e-06,0.0,10733.832777219874,1154.2619912901937,2274.02540669457,3238.339399675719,0.013784124859780618,0.05834675697843983,14.685872752144657,-568.1929,0.0,0.0,0.0,0.0,0.0,0.0,0.0,0.0,0.0,0.0,0.0,0.0
1201,20.016666666666666,3.9957017e-06,0.0,10670.748238227938,1136.760841799034,2439.151531058062,3311.6163223971266,0.013784124859780618,0.05834675697843983,14.685872752144657,-568.1929,0.0,0.0,0.0,0.0,0.0,0.0,0.0,0.0,0.0,0.0,0.0,0.0
1202,20.033333333333335,6.0723232e-06,0.0,11043.620460768281,1022.944411950386,2155.5133452368273,3158.0845340964906,0.013784124859780618,0.05834675697843983,14.685872752144657,-568.1929,0.0,0.0,0.0,0.0,0.0,0.0,0.0,0.0,0.0,0.0,0.0,0.0
1203,20.05,1.2162256e-05,0.0,11721.077159131937,1036.1282798133807,2105.7326916080046,3432.237274637237,0.013784124859780618,0.05834675697843983,14.685872752144657,-568.1929,0.0,0.0,0.0,0.0,0.0,0.0,0.0,0.0,0.0,0.0,0.0,0.0
1204,20.066666666666666,2.1018928e-05,0.0,11550.592654085427,1106.316188747344,2063.532530036034,3204.4972112229607,0.013784124859780618,0.05834675697843983,14.685872752144657,-568.1929,0.0,0.0,0.0,0.0,0.0,0.0,0.0,0.0,0.0,0.0,0.0,0.0
1205,20.083333333333332,0.0019846337,0.0,8479.823889863948,914.1382939125444,1916.4190364385363,2768.3384800785834,0.013784124859780618,0.05834675697843983,14.685872752144657,-568.1929,0.0,0.0,0.0,0.0,0.0,0.0,0.0,0.0,0.0,0.0,0.0,0.0
1206,20.1,0.004704542,0.0,4181.260747051996,810.0585401760859,1724.93867339795,2016.8197008958068,0.013784124859780618,0.05834675697843983,14.685872752144657,-420.95554,88.57467,-8.288484,-16.960457,-37.998596,24.058895,25.09642,-31.167267,-28.756912,-13.024238,3.2166352,-8.915861,-14.87368
1207,20.116666666666667,0.03912617,0.0,2938.0455602872757,589.2318998157205,1796.4635719410376,2355.1667584789393,0.013784124859780618,0.05834675697843983,14.685872752144657,-367.1133,119.48988,-4.1449075,2.5577323,-31.688879,26.804592,31.029396,-27.128017,-26.459229,-13.937122,0.289523,-13.328496,-22.938877
1208,20.133333333333333,0.090592064,258.16258600695386,1669.0301122596475,521.2768506663745,1884.2027797678008,3123.0494564876594,0.013784124859780618,0.05834675697843983,14.685872752144657,-275.06345,164.11807,-22.056042,-3.5361052,-14.203706,-5.3966894,-21.591213,-5.4073086,-36.85916,-9.810225,11.425353,-25.403599,-18.60381
1209,20.15,0.12546104,252.36742791057023,2052.020706211988,906.8659717368871,1999.073261527453,3220.15056377763,0.013784124859780618,0.05834675697843983,14.685872752144657,-240.37627,141.78166,-44.48263,1.7603602,-15.962933,4.0600524,-28.650692,4.915436,-30.983894,-1.5717006,14.524094,-26.47498,-20.269238
1210,20.166666666666668,0.14001872,250.57107614807987,2208.2451266145154,925.9243992341411,2089.586485815312,3064.3788736148176,0.013784124859780618,0.05834675697843983,14.685872752144657,-241.76993,129.34204,-52.41656,-1.29865,-13.566864,5.7531533,-34.990067,9.4309025,-19.681286,11.382013,19.484241,-19.165997,-25.896492
1211,20.183333333333334,0.14744307,249.15258059377257,2233.191163349212,884.3458333226303,2251.1881196431336,3135.159115440558,0.013784124859780618,0.05834675697843983,14.685872752144657,-230.57858,136.2129,-40.06098,7.7887225,-26.067078,-3.8934188,-50.213623,3.9720585,-9.772657,14.422419,11.935923,-30.385242,-21.296337
1212,20.2,0.1610309,247.09918969613574,1619.3790032593638,641.3180387895013,1896.2897417749514,2766.0680777025464,0.013784124859780618,0.05834675697843983,14.685872752144657,-261.7695,151.60568,-20.001347,20.909946,-14.0311775,-8.991863,-36.992775,0.9384657,-15.479811,-1.1403738,10.929691,-38.649403,-20.08548
1213,20.216666666666665,0.17405125,246.67240125739937,1272.0507415658626,303.99903092249093,1240.4291802133287,2247.318711008773,0.013784124859780618,0.05834675697843983,14.685872752144657,-305.17657,140.61862,-9.537093,30.946602,-1.9028256,0.8121931,-15.310034,4.565649,-18.629751,-20.334337,11.804595,-35.472145,-26.18705
1214,20.233333333333334,0.181943,246.57334072870756,1167.8100551556722,306.7526894956079,1623.7563084231642,2685.0071508208116,0.013784124859780618,0.05834675697843983,14.685872752144657,-317.0751,138.20326,-9.61529,36.29957,8.007444,-3.9196749,-22.345306,6.6712637,-8.295647,-21.92154,8.454205,-39.782578,-29.050804
1215,20.25,0.17320925,248.0879899986291,1204.8598397798075,400.1199594672307,2090.9799282299223,3058.2468850617825,0.013784124859780618,0.05834675697843983,14.685872752144657,-291.34427,157.03476,-9.1448145,31.93422,10.058765,-9.86533,-45.5355,-6.4827876,-16.697231,-27.5308,3.7516687,-45.174908,-32.20652
1216,20.266666666666666,0.15301438,249.06970144131205,1726.168843478876,603.2325109220848,2316.8887448560813,2909.4449862843435,0.013784124859780618,0.05834675697843983,14.685872752144657,-272.54306,146.36835,-15.403536,26.378445,2.7677736,6.335574,-55.251648,-6.0903225,-10.160908,-25.346363,6.1712055,-46.93051,-28.652306
1217,20.283333333333335,0.13514379,248.3543999844381,1903.641538799025,674.6627143230609,2318.7809626024655,3038.94884928683,0.013784124859780618,0.05834675697843983,14.685872752144657,-285.0558,128.34235,-12.326862,26.178223,4.9488926,9.0284815,-59.591545,0.5524788,-3.4078114,-18.452923,1.1670314,-41.000282,-22.144085
1218,20.3,0.13076805,248.00607599177403,1895.8889709544549,667.3856307567889,2350.482253593463,3039.520491158312,0.013784124859780618,0.05834675697843983,14.685872752144657,-292.33817,120.42718,-12.945888,21.216572,1.2491609,8.476566,-55.116768,2.7677007,-5.4068937,-15.960676,-0.22700292,-38.213326,-19.986216
1219,20.316666666666666,0.12831534,247.4734418851599,1910.9919021587334,633.3904903951149,2282.430926645605,2963.7479624741954,0.013784124859780618,0.05834675697843983,14.685872752144657,-306.14676,119.250374,-4.1937575,20.743887,1.2317191,17.316267,-55.6615,-5.396036,-6.6720233,-13.107632,7.587218,-39.642685,-25.888615
1220,20.333333333333332,0.13914864,245.86420789766328,1614.4937536754621,495.44762690911267,2166.5987128661277,2888.4886860385905,0.013784124859780618,0.05834675697843983,14.685872752144657,-331.74493,132.25986,20.88838,19.499554,2.4835005,27.150894,-47.477627,-9.868464,-6.0830994,-10.24625,8.213798,-49.027626,-32.872498
1221,20.35,0.16100687,244.70551538648533,717.6139788919438,288.02032448520055,1770.926589670994,2639.289170307524,0.013784124859780618,0.05834675697843983,14.685872752144657,-378.07864,148.27768,33.02618,22.505535,18.98605,17.865906,-27.528107,-19.636913,3.5893188,-9.335365,-14.953502,-44.114044,-27.651476
1222,20.366666666666667,0.17966872,244.4372027201729,591.288328362473,269.58088290442623,1235.7710875495761,2052.016507598367,0.013784124859780618,0.05834675697843983,14.685872752144657,-400.02145,141.02773,33.538044,20.200447,26.492874,19.8964,-21.499878,-14.54591,11.419775,-4.522777,-17.60889,-35.965775,-28.171192
1223,20.383333333333333,0.17507443,242.49583209105353,536.0000487338897,260.0600197659236,1178.7099201496824,2099.348785330331,0.013784124859780618,0.05834675697843983,14.685872752144657,-415.89963,138.15604,43.289116,20.916346,26.637117,19.905464,-21.023445,-13.641031,13.782146,-1.7499919,-19.884806,-37.593773,-32.402176
1224,20.4,0.14842314,238.75455956301278,845.2345409877653,252.42237702071108,1231.585952736605,2244.7412089436757,0.013784124859780618,0.05834675697843983,14.685872752144657,-395.3369,140.59358,51.257816,9.382585,4.4605384,20.462856,-17.815823,3.1763206,0.047965765,-1.8006591,-14.276488,-37.75583,-25.962374
1225,20.416666666666668,0.13066591,241.71544199062004,1692.569789460689,382.8202574445428,1651.3146534690818,2636.0684040778992,0.013784124859780618,0.05834675697843983,14.685872752144657,-269.15958,158.6618,14.749811,9.210346,-17.081985,19.016472,-38.459892,-10.452349,-27.008167,-7.293678,-4.319185,-29.3582,-20.895308
1226,20.433333333333334,0.13332139,249.90649666666758,1655.3338479164354,657.0280549772289,2065.33386207327,2843.19624461323,0.013784124859780618,0.05834675697843983,14.685872752144657,-241.22923,164.00206,-24.166592,4.6591463,-6.953682,2.9723678,-55.458115,-20.877758,-27.146069,-10.711444,10.919006,-21.959944,-22.54451
1227,20.45,0.1397438,247.2124682958538,1856.7925282568533,730.7588238623604,2138.8257561458436,2820.039106927094,0.013784124859780618,0.05834675697843983,14.685872752144657,-247.16582,144.62468,-44.98989,-4.2159867,-4.4256554,3.4025633,-55.561974,-11.636404,-23.482973,-4.718588,10.69042,-28.037006,-23.582104
1228,20.466666666666665,0.13247448,248.14810678168232,2007.8792237979776,722.2869190372205,2189.69351037823,2839.3825757689447,0.013784124859780618,0.05834675697843983,14.685872752144657,-242.63298,139.84274,-44.766144,-5.598611,-4.642196,2.8645768,-59.615128,-11.407881,-29.923603,-3.4436593,7.1440916,-28.876282,-15.436609
1229,20.483333333333334,0.11090625,249.16465829126506,1969.4100723466008,668.8515151341529,2257.8406716365853,2959.4325834430942,0.013784124859780618,0.05834675697843983,14.685872752144657,-250.16058,144.57321,-27.202435,5.469396,-0.3840922,10.329233,-66.5718,-12.616954,-21.754772,-15.428884,-3.221984,-38.204163,-23.324463
1230,20.5,0.09481576,244.27814167804016,1466.1489514540694,471.6677453616328,2220.4986597530697,2989.7719213738965,0.013784124859780618,0.05834675697843983,14.685872752144657,-306.4125,164.88995,1.903738,10.129261,16.765472,9.3322525,-55.48939,-19.672596,-17.791416,-20.29594,1.940044,-40.579628,-28.865189
1231,20.516666666666666,0.10373837,245.48381656759696,1480.7359936833484,271.61928084934726,2254.6157256104075,2999.7437661157237,0.013784124859780618,0.05834675697843983,14.685872752144657,-333.1738,125.86836,-5.3773913,42.86068,25.976515,9.942373,-36.051735,-17.518732,-9.918438,-7.825141,-1.1142737,-36.148533,-20.702248
1232,20.533333333333335,0.13394617,260.7820480789299,1876.9423535964293,312.27586375128675,2476.7922275760156,3106.3116366757226,0.013784124859780618,0.05834675697843983,14.685872752144657,-300.90646,112.88626,-30.334686,37.266388,26.891685,12.429799,-59.427147,-0.96101266,0.031396866,-28.275124,-3.4210076,-39.352962,-28.930021
1233,20.55,0.14659324,258.75263248559594,2059.6720247955527,319.1511646151039,2543.310535651351,3147.496422362647,0.013784124859780618,0.05834675697843983,14.685872752144657,-309.95847,92.82024,-39.425232,43.7322,30.330986,9.670415,-59.63688,1.283239,-6.286598,-33.231586,-4.097739,-40.57627,-26.53154
1234,20.566666666666666,0.14066896,255.8031966333377,1959.222899718517,347.03826735101603,2516.9444763230226,3124.5935683330013,0.013784124859780618,0.05834675697843983,14.685872752144657,-318.0446,91.21249,-35.48225,41.547993,29.783009,2.0417778,-61.553795,2.380202,-13.594624,-29.987421,-8.350571,-45.329666,-24.345345
1235,20.583333333333332,0.12786205,253.14927314148022,1943.0628098196603,400.16066017630845,2487.581284310852,3063.256197359601,0.013784124859780618,0.05834675697843983,14.685872752144657,-315.24518,102.46765,-23.924828,44.273804,31.587942,7.2231226,-61.40782,-4.699351,-16.840443,-23.441261,-2.003218,-47.86486,-19.54535
1236,20.6,0.11532221,249.65028721707276,1769.1017665227919,428.94314426710696,2449.973375940013,3014.1434417727755,0.013784124859780618,0.05834675697843983,14.685872752144657,-328.139,108.82091,-16.675276,43.795227,32.723965,13.892719,-53.241005,-12.040961,-19.361343,-23.325157,2.1536927,-48.74079,-16.789162
1237,20.616666666666667,0.090889245,244.33978924768292,1591.8195716807295,360.3038682779991,2365.907964047493,3022.0300103174773,0.013784124859780618,0.05834675697843983,14.685872752144657,-345.3175,116.71002,-10.225023,32.960495,26.683754,12.177906,-39.966698,-9.02911,-13.785502,-14.818667,1.8171148,-46.7781,-22.569153
1238,20.633333333333333,0.061169576,236.87871534242913,2642.3550771118075,272.3036317633521,2227.8628720789015,3009.4027322694155,0.013784124859780618,0.05834675697843983,14.685872752144657,-349.38586,87.477165,-5.838768,61.703857,6.7632103,15.229845,-19.822956,-24.544561,0.15854436,9.358719,-8.389029,-37.961983,-28.860678
1239,20.65,0.034118924,231.94418824319231,6503.188800827773,330.83957251494786,2182.05783633025,3052.3021545538622,0.013784124859780618,0.05834675697843983,14.685872752144657,-292.52618,25.01192,-25.94897,74.26468,-16.623013,35.206078,-13.745405,-20.81691,-12.767798,20.079962,-17.485119,-18.654503,-23.585453
1240,20.666666666666668,0.027526872,0.0,8323.566072220045,734.3335646054721,2261.485544497539,3185.4711133210762,0.013784124859780618,0.05834675697843983,14.685872752144657,-280.26212,-25.073406,-37.62138,58.293144,-44.42459,36.063843,-15.216185,-10.1371355,-15.41705,12.778267,-30.850613,-13.488768,-20.976177
1241,20.683333333333334,0.028019136,0.0,8622.807715064559,1186.2825374222894,2290.497352798156,3272.0399549497383,0.013784124859780618,0.05834675697843983,14.685872752144657,-292.9076,-41.606323,-48.505196,50.20813,-49.74843,33.532463,-24.029758,-10.037659,-9.787777,17.707973,-27.589184,-14.972741,-22.539003
1242,20.7,0.020920746,0.0,8043.411135151581,1206.1672438436685,2265.5195878221552,3142.3488808775455,0.013784124859780618,0.05834675697843983,14.685872752144657,-305.58032,-28.52362,-60.008972,42.55449,-44.240242,25.468704,-29.799969,-16.01989,-6.2236724,19.892054,-24.929077,-14.754608,-21.485584
1243,20.716666666666665,0.03426442,0.0,6453.180011998493,912.3693967930017,2325.0684313139172,3071.4583506942995,0.013784124859780618,0.05834675697843983,14.685872752144657,-338.5638,16.233992,-51.641205,56.85333,-5.0838966,35.75383,-13.253843,-16.09639,6.679777,11.591236,-25.151474,-20.597807,-12.937421
1244,20.733333333333334,0.0998692,262.2113769242807,2092.1771380149376,276.14494102546456,2396.1102265385907,3007.6245264354425,0.013784124859780618,0.05834675697843983,14.685872752144657,-342.43478,85.120415,-6.6628118,69.65192,15.179314,30.472004,-25.501041,-34.79025,-3.4701703,-13.235022,-27.710083,-40.045563,-23.045689
1245,20.75,0.13124137,255.20114310900428,1714.9071382071068,289.2521360700943,2433.809809417645,2980.4907057861715,0.013784124859780618,0.05834675697843983,14.685872752144657,-326.1957,96.38805,-7.5984716,65.135605,24.806082,29.585766,-47.81604,-28.431953,-7.882119,-22.737677,-15.509731,-42.896217,-16.610674
1246,20.766666666666666,0.11358385,243.20622688297013,1977.098236502088,302.4798134284921,2381.132362190729,2969.043251341371,0.013784124859780618,0.05834675697843983,14.685872752144657,-330.4181,93.35098,3.361727,64.02312,21.37634,45.087795,-43.955757,-31.890324,-4.000809,-17.268452,-15.539549,-35.932156,-11.141405
1247,20.783333333333335,0.06357536,231.88195843944894,2371.893362984606,288.7630086261905,2449.823964085688,2921.6561211946287,0.013784124859780618,0.05834675697843983,14.685872752144657,-418.66763,86.48364,44.733795,56.072334,18.117275,38.810642,-29.757736,-29.894072,-0.3590445,-5.3331933,-5.8295574,-22.820126,-6.3202143
1248,20.8,0.01676704,239.10251928366776,4023.481517759457,293.59934338490706,2488.776125492328,2935.4582961967503,0.013784124859780618,0.05834675697843983,14.685872752144657,-506.15875,59.779877,55.151398,42.14936,21.62796,19.267906,-14.21797,-7.6985617,-7.434681,-11.098278,-5.9420276,-13.948967,-1.8433547
1249,20.816666666666666,0.004567623,0.0,4911.400581969374,673.9337735396828,2310.1943597367954,3162.403319898008,0.013784124859780618,0.05834675697843983,14.685872752144657,-541.3041,36.030716,31.203453,25.16338,18.062046,10.160528,3.244216,-1.4065148,-4.6282225,-7.410415,-9.281585,-10.034397,-10.893814
1250,20.833333333333332,0.043241184,0.0,8361.30609749973,1242.6114469665854,2416.141846960251,3419.5767658560326,0.013784124859780618,0.05834675697843983,14.685872752144657,-252.49089,34.584076,-31.115368,14.397146,-42.352283,29.466671,-29.630447,17.944534,-9.256344,9.890236,-22.386044,0.43421805,-15.306986
1251,20.85,0.11651583,265.3213504317389,3895.2073101550895,876.6655928156524,2339.9943214545174,3244.409392067549,0.013784124859780618,0.05834675697843983,14.685872752144657,-178.74936,107.06407,-11.468651,41.011578,-12.710255,36.213524,-47.675438,-9.0937195,-24.766705,-0.8591651,-37.899784,-25.909348,-30.648474
1252,20.866666666666667,0.13184723,250.22002762375206,2095.4171629447073,462.56140803169785,2357.1479892865605,2996.8079604529653,0.013784124859780618,0.05834675697843983,14.685872752144657,-217.14578,140.68414,-32.417656,30.583633,11.98983,26.291368,-56.838852,-10.720758,-17.792702,-14.179306,-19.296371,-42.287716,-18.280699
1253,20.883333333333333,0.10599227,244.39623467397578,2627.6376293108606,428.74790857358596,2502.6253818759756,2985.470774789995,0.013784124859780618,0.05834675697843983,14.685872752144657,-270.56082,98.46933,-34.411148,48.883102,17.67384,19.438019,-58.357834,-17.518108,-9.310642,-17.323328,-28.458221,-35.301586,-12.294739
1254,20.9,0.057925884,232.31407474023442,2384.436336950414,320.83372696903905,2527.4488289243163,2929.1181317371374,0.013784124859780618,0.05834675697843983,14.685872752144657,-337.59143,103.22453,-9.713619,47.410164,24.852303,18.719967,-45.381783,-19.573183,1.694682,-6.057763,-21.105003,-35.74009,-6.5067844
1255,20.916666666666668,0.030166823,220.52839499277133,1887.9334264593263,335.22029756234446,2467.741040535625,2956.7562325700605,0.013784124859780618,0.05834675697843983,14.685872752144657,-435.09824,101.77414,20.377329,34.75158,37.472977,10.433786,-22.60485,-15.937007,4.381265,-1.8063579,-23.362312,-27.811802,-6.3031178
1256,20.933333333333334,0.007725292,0.0,4839.911108408691,402.4531583091757,2502.464149550469,3095.3304355859614,0.013784124859780618,0.05834675697843983,14.685872752144657,-496.40234,59.033024,26.241262,31.849468,29.755518,5.343542,-28.21941,-10.482378,3.8515332,-9.369995,-19.80318,-18.71532,-1.8427889
1257,20.95,0.0026382033,0.0,5437.016836064794,256.7976633015159,2460.09948967569,3121.2107840661433,0.013784124859780618,0.05834675697843983,14.685872752144657,-521.37024,37.999825,25.825912,30.360962,28.585571,17.451643,-13.402443,-4.4607134,0.09546833,-10.077795,-17.568768,-18.898197,-1.3264236
1258,20.966666666666665,0.0020415827,0.0,4414.115760524581,1035.0200473704353,2543.413350415539,3483.539064975014,0.013784124859780618,0.05834675697843983,14.685872752144657,-547.4816,25.518501,20.093147,19.748325,19.907803,13.937208,5.8629293,2.911625,2.7341661,-1.0676496,-6.8423724,-8.740775,-7.604066
1259,20.983333333333334,0.0005998707,0.0,8844.589414508951,1951.853288502446,2569.2719598088424,4071.0394793295827,0.013784124859780618,0.05834675697843983,14.685872752144657,-562.9989,7.0908556,6.640948,6.3082104,5.7903986,4.8136144,3.7289705,2.853333,1.8870374,0.5853818,-0.67784965,-1.5979954,-2.488574
1260,21.0,0.011535263,0.0,6739.566717587597,1169.076446045676,2025.2712385186205,3449.369474079316,0.013784124859780618,0.05834675697843983,14.685872752144657,-294.7446,45.267647,-54.154182,17.153849,-19.540325,-2.40242,-26.370565,23.78061,-28.024475,-5.3427906,-23.423904,-8.603834,-5.420428
1261,21.016666666666666,0.0135577945,0.0,8345.926354472387,1220.252050771597,2143.3990638649107,3469.4176345205437,0.013784124859780618,0.05834675697843983,14.685872752144657,-273.47318,11.2366085,-59.174244,13.638132,-20.758415,10.569973,-30.774254,30.457737,-28.402256,4.241788,-27.713818,-4.5408897,-12.0328865
1262,21.033333333333335,0.011277444,0.0,8832.077720959025,1164.0810653387448,1974.9638808570194,3489.714044776403,0.013784124859780618,0.05834675697843983,14.685872752144657,-358.13504,-41.089775,-32.16752,57.1467,-39.092407,4.8518763,-18.08236,15.08926,-25.012539,-0.9169129,-12.3190365,10.556034,-6.0729814
1263,21.05,0.012453575,0.0,8262.699246653634,1382.3512724060774,2039.1424498346514,3491.6697038504576,0.013784124859780618,0.05834675697843983,14.685872752144657,-369.24872,-31.790083,-37.954605,62.205368,-28.657127,7.163356,-8.969777,16.584324,-22.549826,-2.736291,-16.237307,2.3035989,-6.387615
1264,21.066666666666666,0.05375885,0.0,4272.224677597379,1252.67834611225,2441.899295859056,3503.9319606150684,0.013784124859780618,0.05834675697843983,14.685872752144657,-301.2229,67.17821,-13.414181,72.42349,7.111385,19.192024,-9.632597,18.786343,-16.6349,-14.468975,-33.378513,-28.52385,-19.949642
1265,21.083333333333332,0.0860108,225.21358409248356,2366.737786764829,293.4316925406586,2740.0080282612735,3451.842820026386,0.013784124859780618,0.05834675697843983,14.685872752144657,-316.36765,86.1265,-11.841651,86.57498,32.650566,10.611401,-31.423584,13.986714,-7.775506,-27.64922,-21.1064,-44.47187,-21.00769
1266,21.1,0.10625463,229.33201697328352,2220.473036750621,284.0042952785979,2685.1922055388527,3337.212482124075,0.013784124859780618,0.05834675697843983,14.685872752144657,-343.06573,73.49106,-15.634716,86.176956,50.03743,10.378242,-47.087635,13.33882,-0.8711571,-20.681692,-11.294764,-47.45487,-16.741652
1267,21.116666666666667,0.11058408,232.2983384218515,2119.9503354414114,282.4345630741746,2644.3793152180615,3175.1055206792375,0.013784124859780618,0.05834675697843983,14.685872752144657,-349.30466,73.2438,-16.681416,72.439735,47.18458,11.697973,-51.914406,4.288169,-5.334076,-13.487986,-18.149574,-53.24118,-13.163998
1268,21.133333333333333,0.108158074,235.36039988526872,1986.54092073213,283.23477920018786,2548.7841463905224,3068.8322246209905,0.013784124859780618,0.05834675697843983,14.685872752144657,-354.319,79.93751,-14.422127,62.411716,46.249687,18.725828,-50.858036,-7.555515,-10.232975,-8.653183,-20.610508,-57.12622,-8.488096
1269,21.15,0.10015788,237.0605056557244,1929.9842269792582,269.96492580084987,2449.6922986840673,3036.540924540999,0.013784124859780618,0.05834675697843983,14.685872752144657,-361.65292,78.78382,-4.317514,67.27455,36.572945,24.344324,-39.02648,-21.867521,-12.6853075,-4.331206,-21.26817,-44.49771,-6.3719735
1270,21.166666666666668,0.07967658,235.92252445989845,2593.3311914123706,251.35777841147961,2330.1124733720762,2945.3803745738555,0.013784124859780618,0.05834675697843983,14.685872752144657,-351.2708,69.384995,-9.3117,68.7192,24.547451,38.722225,-31.451015,-39.039463,-5.491229,-0.5929212,-24.98819,-33.49352,-17.925789
1271,21.183333333333334,0.052340094,230.38206132707043,5174.450845246985,188.93166176642183,2218.5771674226926,2923.448890240145,0.013784124859780618,0.05834675697843983,14.685872752144657,-301.11423,40.802177,-21.28276,64.84413,-1.8561413,52.81785,-9.7398,-12.259361,-0.15688278,16.247303,-28.722122,-30.80748,-26.405922
1272,21.2,0.033844125,226.6128799184909,7529.137299574214,671.7273845297633,2186.447879976949,3118.462456973592,0.013784124859780618,0.05834675697843983,14.685872752144657,-275.5642,4.3020525,-33.861893,59.808853,-22.45689,56.320442,-14.840067,-1.0366211,-3.5534897,12.678846,-35.60703,-27.583073,-22.862877
1273,21.216666666666665,0.029058222,0.0,8917.667897798683,1450.9456915198027,2194.0124562131214,3103.4177012816344,0.013784124859780618,0.05834675697843983,14.685872752144657,-271.47952,-26.622742,-33.07643,49.648144,-39.270134,50.550377,-20.593733,6.963704,2.4422324,23.99543,-29.234999,-14.668183,-27.190002
1274,21.233333333333334,0.03038088,0.0,9388.790102917472,1110.9235701682553,2217.26436027665,3092.3812074472776,0.013784124859780618,0.05834675697843983,14.685872752144657,-280.28677,-35.864975,-39.24288,40.820248,-41.915543,47.62594,-29.804192,2.8756766,-5.81,19.96921,-31.656834,-12.946972,-24.504543
1275,21.25,0.026858319,0.0,9218.525202386983,1157.8047750727592,2238.70569269222,3272.0127834045893,0.013784124859780618,0.05834675697843983,14.685872752144657,-282.91733,-35.531425,-41.311577,40.153446,-54.829628,34.796585,-30.595272,8.16169,-2.3771188,20.983452,-28.606205,-16.167135,-27.877588
1276,21.266666666666666,0.020889014,0.0,8265.244321878927,1121.835190152909,2206.865698640535,3154.565229959742,0.013784124859780618,0.05834675697843983,14.685872752144657,-290.5244,-17.15844,-58.38132,34.05449,-48.157566,35.78572,-29.578648,-2.6341128,-2.98,16.37841,-22.439823,-20.168564,-19.100285
1277,21.283333333333335,0.012715695,0.0,7072.562097683323,824.4055777288424,2141.4127613339538,3019.3592957140336,0.013784124859780618,0.05834675697843983,14.685872752144657,-347.8878,16.101372,-47.406494,40.749855,-30.81652,22.285885,-23.930584,-14.411692,8.573986,9.501598,-20.510506,-24.92732,-16.16956
1278,21.3,0.049414776,0.0,3003.8315298712187,337.39792553430567,2216.31465832125,2882.6276669815647,0.013784124859780618,0.05834675697843983,14.685872752144657,-377.2136,77.8859,-0.1990746,46.841415,16.230972,40.75145,-15.634108,-26.576641,-2.3440888,1.5122545,-28.187428,-39.924324,-19.67319
1279,21.316666666666666,0.07738481,232.53932461908119,1503.2234852150377,294.13666619225637,2298.0005040519727,2895.86709354115,0.013784124859780618,0.05834675697843983,14.685872752144657,-354.08228,111.4467,13.137365,52.223495,32.80265,31.717579,-25.029762,-26.390205,-12.925293,7.3905277,-26.741604,-54.643814,-24.318386
1280,21.333333333333332,0.089041814,226.71017774820365,1478.0039312156232,276.974252648362,2334.228763449684,2911.153914663517,0.013784124859780618,0.05834675697843983,14.685872752144657,-380.45865,102.17721,8.158951,48.43078,47.73181,27.933083,-23.735378,-9.983277,-9.150311,9.955158,-23.449705,-62.106915,-15.324967
1281,21.35,0.07597555,226.71056169679008,1547.5895558713519,242.42610489039086,2331.0055114215575,2881.132534436664,0.013784124859780618,0.05834675697843983,14.685872752144657,-392.60257,102.3631,4.357544,42.28356,52.19455,27.488152,-24.892103,-14.321775,-6.5057244,8.131015,-24.84452,-53.819252,-9.733507
1282,21.366666666666667,0.052664027,221.30049214653218,1714.2877298968965,234.11904482631078,2357.8451641253923,2930.297475667818,0.013784124859780618,0.05834675697843983,14.685872752144657,-408.58255,98.246796,4.3460793,41.46095,51.33155,23.267256,-22.311665,-17.10628,-3.4671488,10.90476,-21.012058,-46.30529,-9.505222
1283,21.383333333333333,0.028075764,215.28146749729186,2428.3567292998414,238.62748762488837,2427.1549934632917,2943.0919216839197,0.013784124859780618,0.05834675697843983,14.685872752144657,-427.94766,89.71124,3.5748587,34.557953,36.3114,8.446997,-22.510183,-16.153448,6.9609585,15.793869,-23.273304,-41.906162,-7.304923
1284,21.4,0.010270555,213.35252708636693,3238.1889484006815,425.08471148618105,2387.2608208490465,2921.3845083841047,0.013784124859780618,0.05834675697843983,14.685872752144657,-459.53662,71.17457,-8.900627,20.925175,36.690662,11.117213,-10.342685,-11.133764,12.877663,16.512285,-23.474197,-34.102943,-12.299711
1285,21.416666666666668,0.0033407921,0.0,3337.2752134847947,719.2171923536771,2363.798714255638,2977.8009241136115,0.013784124859780618,0.05834675697843983,14.685872752144657,-472.89673,70.11389,-0.09673926,20.455015,34.641144,1.2622048,-28.80658,-24.43753,10.639229,19.148407,-16.529224,-29.57626,-15.301342
1286,21.433333333333334,0.0019681368,0.0,3473.119705273478,730.8451950790392,2392.1777035028044,2994.779186915738,0.013784124859780618,0.05834675697843983,14.685872752144657,-503.40802,54.38255,7.237733,13.824833,28.575027,7.341024,-21.194073,-17.50102,8.493519,10.399502,-16.9925,-27.7836,-14.00111
1287,21.45,0.001135736,0.0,3776.550318942104,718.7621992448885,2386.1653171420235,2951.000333002977,0.013784124859780618,0.05834675697843983,14.685872752144657,-523.15765,43.572636,14.410475,12.684347,20.182125,7.1686106,-13.339214,-11.696575,5.880934,6.864726,-12.080565,-21.809479,-13.883146
1288,21.466666666666665,0.0006923917,0.0,4410.577366631482,612.1645876569061,2312.9910296191597,2908.0345254964723,0.013784124859780618,0.05834675697843983,14.685872752144657,-540.1979,29.52485,13.7475395,10.648575,12.6320715,3.6499748,-9.757359,-10.236816,-1.1731642,-0.8913115,-11.575948,-17.94532,-14.414078
1289,21.483333333333334,0.00045877154,0.0,6227.351449109949,818.0894762812671,2321.981517812095,2881.7954227832956,0.013784124859780618,0.05834675697843983,14.685872752144657,-557.4116,13.776497,11.035199,9.379614,8.272133,5.630134,1.7167656,-1.0057986,-1.8257082,-2.9041095,-5.6429267,-8.297114,-8.765007
1290,21.5,0.00018873831,0.0,7808.589026739612,590.9615216299551,1908.2549985078467,2803.4800899696097,0.013784124859780618,0.05834675697843983,14.685872752144657,-561.933,8.652899,8.063204,7.113898,5.853243,4.344991,2.664773,0.89593095,-0.8750907,-2.563391,-4.0902166,-5.386986,-6.3987436
1291,21.516666666666666,0.00013878997,0.0,9667.693851393706,464.4638058359754,1691.9740991508513,3058.2917311269266,0.013784124859780618,0.05834675697843983,14.685872752144657,-566.8369,1.8808628,1.7722117,1.5962393,1.3603647,1.0744947,0.75057995,0.4020657,0.043286063,-0.31117794,-0.6471375,-0.9514271,-1.212466
1292,21.533333333333335,5.37525e-05,0.0,8913.658442367856,648.1052507026786,2231.5343754887745,3415.8392168749715,0.013784124859780618,0.05834675697843983,14.685872752144657,-567.9996,0.26891404,0.2557209,0.234222,0.20513454,0.16942652,0.12828743,0.083083,0.03531244,-0.013443455,-0.061577786,-0.10751073,-0.14973867
1293,21.55,7.85946e-05,0.0,10264.528312171344,533.9478920166437,1725.5303827197836,2912.3835417313926,0.013784124859780618,0.05834675697843983,14.685872752144657,-568.0759,0.16322106,0.15697545,0.1467449,0.13278419,0.11545581,0.0951922,0.07251218,0.047990296,0.022248887,-0.0040573105,-0.03026028,-0.05569429
1294,21.566666666666666,7.8419034e-05,0.0,6170.233314587085,355.44338389066013,1636.7135738171298,2815.939747214614,0.013784124859780618,0.05834675697843983,14.685872752144657,-564.55493,5.0825586,4.897571,4.595599,4.1859035,3.6809669,3.0960445,2.448608,1.7577139,1.0433316,0.32566363,-0.3755543,-1.0417004
1295,21.583333333333332,7.165037e-05,0.0,8015.2790502842345,632.1667649222843,1987.4870687213509,2694.8740604274126,0.013784124859780618,0.05834675697843983,14.685872752144657,-568.1929,0.0,0.0,0.0,0.0,0.0,0.0,0.0,0.0,0.0,0.0,0.0,0.0
1296,21.6,4.6338555e-06,0.0,10922.97229521207,897.8218362547816,2238.154732729923,2651.611673285582,0.013784124859780618,0.05834675697843983,14.685872752144657,-568.1929,0.0,0.0,0.0,0.0,0.0,0.0,0.0,0.0,0.0,0.0,0.0,0.0
1297,21.616666666666667,4.4047893e-06,0.0,10744.216947894422,931.1158427133233,2004.2851812858423,2954.7163480947365,0.013784124859780618,0.05834675697843983,14.685872752144657,-568.1929,0.0,0.0,0.0,0.0,0.0,0.0,0.0,0.0,0.0,0.0,0.0,0.0
1298,21.633333333333333,4.20251e-06,0.0,10673.581225211223,1022.6899707356329,2111.4981149241717,3004.327468270844,0.013784124859780618,0.05834675697843983,14.685872752144657,-568.1929,0.0,0.0,0.0,0.0,0.0,0.0,0.0,0.0,0.0,0.0,0.0,0.0
1299,21.65,4.074962e-06,0.0,10629.641676644425,1023.0492544343823,2075.029131214743,2999.135776595967,0.013784124859780618,0.05834675697843983,14.685872752144657,-568.1929,0.0,0.0,0.0,0.0,0.0,0.0,0.0,0.0,0.0,0.0,0.0,0.0
1300,21.666666666666668,3.9928746e-06,0.0,10533.131298454442,1062.7880808654436,2001.2140621885028,2987.623595427581,0.013784124859780618,0.05834675697843983,14.685872752144657,-568.1929,0.0,0.0,0.0,0.0,0.0,0.0,0.0,0.0,0.0,0.0,0.0,0.0
1301,21.683333333333334,3.8995995e-06,0.0,10669.326404015095,1159.9049249986022,2043.30016883318,2916.946088244323,0.013784124859780618,0.05834675697843983,14.685872752144657,-568.1929,0.0,0.0,0.0,0.0,0.0,0.0,0.0,0.0,0.0,0.0,0.0,0.0
1302,21.7,3.858122e-06,0.0,10680.464026476684,1044.3047990860503,2006.8456553603382,2942.253038890649,0.013784124859780618,0.05834675697843983,14.685872752144657,-568.1929,0.0,0.0,0.0,0.0,0.0,0.0,0.0,0.0,0.0,0.0,0.0,0.0
1303,21.716666666666665,3.887413e-06,0.0,10849.65427850361,1032.9663897159035,1939.501843606465,2968.4204846310963,0.013784124859780618,0.05834675697843983,14.685872752144657,-568.1929,0.0,0.0,0.0,0.0,0.0,0.0,0.0,0.0,0.0,0.0,0.0,0.0
1304,21.733333333333334,3.932825e-06,0.0,10787.82673455192,1029.9430100824407,2048.8411840677973,3346.476522781197,0.013784124859780618,0.05834675697843983,14.685872752144657,-568.1929,0.0,0.0,0.0,0.0,0.0,0.0,0.0,0.0,0.0,0.0,0.0,0.0
1305,21.75,3.942503e-06,0.0,10660.677252922727,1081.0608109574837,2171.1213843650476,3547.1441264539076,0.013784124859780618,0.05834675697843983,14.685872752144657,-568.1929,0.0,0.0,0.0,0.0,0.0,0.0,0.0,0.0,0.0,0.0,0.0,0.0
1306,21.766666666666666,3.8996923e-06,0.0,10654.830228564975,1232.3555948133082,1933.7171302397553,3072.7357321746235,0.013784124859780618,0.05834675697843983,14.685872752144657,-568.1929,0.0,0.0,0.0,0.0,0.0,0.0,0.0,0.0,0.0,0.0,0.0,0.0
1307,21.783333333333335,3.9630277e-06,0.0,10757.251661756229,1200.8020596300746,1991.583248583505,3014.404841170711,0.013784124859780618,0.05834675697843983,14.685872752144657,-568.1929,0.0,0.0,0.0,0.0,0.0,0.0,0.0,0.0,0.0,0.0,0.0,0.0
1308,21.8,4.0191835e-06,0.0,10594.172471677226,1116.2163528334854,2028.7512309809563,3004.738154646638,0.013784124859780618,0.05834675697843983,14.685872752144657,-568.1929,0.0,0.0,0.0,0.0,0.0,0.0,0.0,0.0,0.0,0.0,0.0,0.0
1309,21.816666666666666,4.0359096e-06,0.0,10689.192034961296,1069.2216162064544,2112.3186845487426,3046.374830889218,0.013784124859780618,0.05834675697843983,14.685872752144657,-568.1929,0.0,0.0,0.0,0.0,0.0,0.0,0.0,0.0,0.0,0.0,0.0,0.0
1310,21.833333333333332,3.9404026e-06,0.0,10952.342839357158,1159.011309229005,2036.8447518733483,3281.809774318537,0.013784124859780618,0.05834675697843983,14.685872752144657,-568.1929,0.0,0.0,0.0,0.0,0.0,0.0,0.0,0.0,0.0,0.0,0.0,0.0
1311,21.85,3.924091e-06,0.0,10664.988737439504,1181.7287401562091,1985.2020415779298,3162.3480071345257,0.013784124859780618,0.05834675697843983,14.685872752144657,-568.1929,0.0,0.0,0.0,0.0,0.0,0.0,0.0,0.0,0.0,0.0,0.0,0.0
1312,21.866666666666667,3.940835e-06,0.0,10731.880605220493,1087.574899471718,2102.3527591466645,3096.456438371092,0.013784124859780618,0.05834675697843983,14.685872752144657,-568.1929,0.0,0.0,0.0,0.0,0.0,0.0,0.0,0.0,0.0,0.0,0.0,0.0
1313,21.883333333333333,3.946192e-06,0.0,10947.447084162377,1227.959390197799,2097.3055234823,3080.6667878302505,0.013784124859780618,0.05834675697843983,14.685872752144657,-568.1929,0.0,0.0,0.0,0.0,0.0,0.0,0.0,0.0,0.0,0.0,0.0,0.0
1314,21.9,3.9001707e-06,0.0,10769.582865287959,1137.7439402163207,1929.4201184973028,3017.6181805101446,0.013784124859780618,0.05834675697843983,14.685872752144657,-568.1929,0.0,0.0,0.0,0.0,0.0,0.0,0.0,0.0,0.0,0.0,0.0,0.0
1315,21.916666666666668,3.939194e-06,0.0,10561.350790259752,1193.728554179465,1976.7123278210718,3160.8142848839325,0.013784124859780618,0.05834675697843983,14.685872752144657,-568.1929,0.0,0.0,0.0,0.0,0.0,0.0,0.0,0.0,0.0,0.0,0.0,0.0
1316,21.933333333333334,3.904489e-06,0.0,10795.998827595555,1277.2278597836832,2168.2045063830283,3230.974519115435,0.013784124859780618,0.05834675697843983,14.685872752144657,-568.1929,0.0,0.0,0.0,0.0,0.0,0.0,0.0,0.0,0.0,0.0,0.0,0.0
1317,21.95,3.889795e-06,0.0,10658.340039888844,1303.2085454686307,2252.755288758188,3343.2811413337076,0.013784124859780618,0.05834675697843983,14.685872752144657,-568.1929,0.0,0.0,0.0,0.0,0.0,0.0,0.0,0.0,0.0,0.0,0.0,0.0
1318,21.966666666666665,3.915412e-06,0.0,10851.538872357694,1198.0515356207761,2138.935319444238,3361.0680713497604,0.013784124859780618,0.05834675697843983,14.685872752144657,-568.1929,0.0,0.0,0.0,0.0,0.0,0.0,0.0,0.0,0.0,0.0,0.0,0.0
1319,21.983333333333334,3.9192296e-06,0.0,10862.165098069567,1144.0600523934838,2263.9078305733733,3283.117885779299,0.013784124859780618,0.05834675697843983,14.685872752144657,-568.1929,0.0,0.0,0.0,0.0,0.0,0.0,0.0,0.0,0.0,0.0,0.0,0.0
1320,22.0,3.902444e-06,0.0,10645.232807055208,1227.3303246301464,2338.813734575045,3503.9782180215043,0.013784124859780618,0.05834675697843983,14.685872752144657,-568.1929,0.0,0.0,0.0,0.0,0.0,0.0,0.0,0.0,0.0,0.0,0.0,0.0
1321,22.016666666666666,3.834204e-06,0.0,10890.711426645048,1148.234499589685,2127.7258416733316,3146.4724576587523,0.013784124859780618,0.05834675697843983,14.685872752144657,-568.1929,0.0,0.0,0.0,0.0,0.0,0.0,0.0,0.0,0.0,0.0,0.0,0.0
1322,22.033333333333335,3.901769e-06,0.0,10391.75620203936,1039.2603403892242,1987.476334543961,2985.580843849808,0.013784124859780618,0.05834675697843983,14.685872752144657,-568.1929,0.0,0.0,0.0,0.0,0.0,0.0,0.0,0.0,0.0,0.0,0.0,0.0
1323,22.05,3.9667125e-06,0.0,10520.962811204654,1110.9590796127384,2037.127646288858,3273.6891551500803,0.013784124859780618,0.05834675697843983,14.685872752144657,-568.1929,0.0,0.0,0.0,0.0,0.0,0.0,0.0,0.0,0.0,0.0,0.0,0.0
1324,22.066666666666666,4.051908e-06,0.0,10727.456234616839,1242.1257075716271,2146.9095196281505,3236.204443994263,0.013784124859780618,0.05834675697843983,14.685872752144657,-568.1929,0.0,0.0,0.0,0.0,0.0,0.0,0.0,0.0,0.0,0.0,0.0,0.0
1325,22.083333333333332,4.036489e-06,0.0,10760.915456685198,1296.5223667930034,2211.1879112832576,3156.072616719115,0.013784124859780618,0.05834675697843983,14.685872752144657,-568.1929,0.0,0.0,0.0,0.0,0.0,0.0,0.0,0.0,0.0,0.0,0.0,0.0
1326,22.1,6.2819595e-06,0.0,11069.543342405865,998.4629980623712,1916.6991186093944,3096.3349943924,0.013784124859780618,0.05834675697843983,14.685872752144657,-568.1929,0.0,0.0,0.0,0.0,0.0,0.0,0.0,0.0,0.0,0.0,0.0,0.0
1327,22.116666666666667,6.6302177e-06,0.0,10243.739971893418,949.5581706483006,2016.509018808541,3146.524324404732,0.013784124859780618,0.05834675697843983,14.685872752144657,-568.1929,0.0,0.0,0.0,0.0,0.0,0.0,0.0,0.0,0.0,0.0,0.0,0.0
1328,22.133333333333333,6.876272e-06,0.0,11472.164556328962,1429.4212275443192,2264.0103188975245,3310.7348752920375,0.013784124859780618,0.05834675697843983,14.685872752144657,-568.1929,0.0,0.0,0.0,0.0,0.0,0.0,0.0,0.0,0.0,0.0,0.0,0.0
1329,22.15,6.0399148e-06,0.0,11962.732718664894,1182.82341330642,2182.476192979669,3227.89953662001,0.013784124859780618,0.05834675697843983,14.685872752144657,-568.1929,0.0,0.0,0.0,0.0,0.0,0.0,0.0,0.0,0.0,0.0,0.0,0.0
1330,22.166666666666668,6.4043284e-06,0.0,12039.809011701378,1189.8171285572816,2119.524122273076,3135.6904958055743,0.013784124859780618,0.05834675697843983,14.685872752144657,-568.1929,0.0,0.0,0.0,0.0,0.0,0.0,0.0,0.0,0.0,0.0,0.0,0.0
1331,22.183333333333334,1.023407e-05,0.0,11562.89468468738,1117.8637392354292,2317.180809687058,3192.3848535224183,0.013784124859780618,0.05834675697843983,14.685872752144657,-568.1929,0.0,0.0,0.0,0.0,0.0,0.0,0.0,0.0,0.0,0.0,0.0,0.0
1332,22.2,6.0524515e-05,0.0,9964.577447932325,1185.5473477006035,2344.4277334359813,3181.4412451539,0.013784124859780618,0.05834675697843983,14.685872752144657,-568.1929,0.0,0.0,0.0,0.0,0.0,0.0,0.0,0.0,0.0,0.0,0.0,0.0
1333,22.216666666666665,0.012336249,0.0,3858.993574975995,1232.5308686616825,1739.4924158331771,2621.9299966216117,0.013784124859780618,0.05834675697843983,14.685872752144657,-393.14093,110.595146,0.2619831,-36.39084,-43.821175,32.75421,18.678183,-10.897485,-23.084316,-19.711912,-0.98193574,0.68196636,-10.978836
1334,22.233333333333334,0.051235486,0.0,3901.37772992321,995.8238464505083,1605.4121259577187,2184.3883483279506,0.013784124859780618,0.05834675697843983,14.685872752144657,-275.16824,123.717735,-10.747591,-13.007967,-49.125526,46.22342,13.052608,-4.9909215,-25.148705,-17.339497,-7.983075,-0.9666914,-12.315569
1335,22.25,0.11989507,284.7375370489704,1829.2854402772998,711.4333164797622,1747.9905087871666,2800.1851700469197,0.013784124859780618,0.05834675697843983,14.685872752144657,-193.7301,180.90753,-29.439323,-3.5256834,-31.632034,8.878526,-22.418238,-9.478901,-36.57132,-16.488256,-5.7519417,-17.597944,-15.142977
1336,22.266666666666666,0.1556142,277.1151836429513,2049.3423783171534,604.6689967708293,1833.4577954672438,2667.224837947052,0.013784124859780618,0.05834675697843983,14.685872752144657,-190.74721,152.65567,-57.707863,-2.3317885,-23.641441,10.237635,-35.977,-13.641012,-36.19912,-17.132534,2.0054688,-21.879646,-23.394474
1337,22.283333333333335,0.15688694,276.16268915419136,2311.6149845792593,614.1565915325895,2003.5131648864854,2740.5081562880077,0.013784124859780618,0.05834675697843983,14.685872752144657,-203.24779,124.77556,-68.819916,7.0553064,-17.185072,12.8641815,-41.50152,-15.048224,-30.904806,-13.658289,-3.7404258,-31.1701,-30.442886
1338,22.3,0.14542,275.02158127248555,1832.313460024146,515.7826384612486,2070.87405936399,2857.5730795806276,0.013784124859780618,0.05834675697843983,14.685872752144657,-221.91988,156.35114,-53.948395,2.0390618,-6.963209,7.4553814,-53.217724,-19.652775,-20.377062,-22.508596,-2.400258,-33.254066,-30.797386
1339,22.316666666666666,0.14057522,275.733935367799,1643.2744363063262,348.9395056530414,1982.4845017275413,3015.4863274701447,0.013784124859780618,0.05834675697843983,14.685872752144657,-277.72842,145.66711,-46.93776,10.524487,14.086306,10.282836,-32.208157,-7.720396,-20.06081,-28.473854,5.5981035,-35.491158,-37.910484
1340,22.333333333333332,0.15366465,276.84254008239714,1736.4178415605847,317.51012092175716,1965.4804436339762,3139.836944906877,0.013784124859780618,0.05834675697843983,14.685872752144657,-293.806,122.11615,-44.956306,30.924706,16.497364,5.5062437,-31.830801,3.8260295,-13.370363,-33.88292,8.989121,-30.95599,-34.96873
1341,22.35,0.1611709,279.53351059408317,1918.3224966266944,349.60546267881074,2046.2109084494214,3090.8865252526925,0.013784124859780618,0.05834675697843983,14.685872752144657,-265.16742,127.71942,-38.274208,36.703053,14.5559635,4.589078,-55.608494,-5.354229,-15.352052,-25.915094,4.3282423,-36.662548,-32.365532
1342,22.366666666666667,0.15743577,284.19603883904165,2831.9217640927473,488.55162203319566,2258.2788586931383,3022.6487996299406,0.013784124859780618,0.05834675697843983,14.685872752144657,-198.55333,126.07822,-38.65555,29.868557,-0.7656654,20.735085,-72.51381,-11.4492445,-20.141323,-18.28908,-1.1488132,-41.83999,-34.771004
1343,22.383333333333333,0.1437794,286.40641770995893,3188.1500230639117,685.705289843399,2301.0608167755236,3012.4967859041685,0.013784124859780618,0.05834675697843983,14.685872752144657,-220.15436,89.964325,-39.87046,29.357912,-9.180351,20.260513,-68.19853,-5.1851554,-15.411125,-9.518979,-7.8953633,-35.09137,-27.631695
1344,22.4,0.13610335,286.2836038909753,3227.442229037199,756.8237642276599,2284.9971134877674,3088.5191312426346,0.013784124859780618,0.05834675697843983,14.685872752144657,-236.86816,84.912506,-32.687817,28.519634,-7.9562683,21.722221,-69.59672,-6.372621,-14.656914,-7.847619,-9.471726,-33.774628,-30.41708
1345,22.416666666666668,0.13976093,284.5582398037173,2906.3132467935948,593.236634860162,1892.1505690079136,2773.6709707460677,0.013784124859780618,0.05834675697843983,14.685872752144657,-266.45306,96.50816,-16.75265,22.666998,-10.687422,28.718132,-65.83534,-5.446625,-10.234224,-11.522303,-4.1948595,-38.33162,-33.59172
1346,22.433333333333334,0.16265209,280.7586362430703,1597.4462285631776,317.2241189908187,1274.5631876029904,2111.5772220081194,0.013784124859780618,0.05834675697843983,14.685872752144657,-312.9365,126.43135,-2.8895903,5.507394,-7.596439,24.549889,-40.433468,-3.0256276,-1.7860327,-19.585419,-12.947033,-42.843124,-35.235138
1347,22.45,0.18342914,279.5317647912765,1074.8467266763505,304.8801330001925,1335.781783776345,2033.6538685150517,0.013784124859780618,0.05834675697843983,14.685872752144657,-348.42633,127.14166,-14.157305,8.7282915,5.9702125,15.275179,-27.028683,-9.92321,8.94832,-18.264036,-17.532028,-50.031765,-37.609653
1348,22.466666666666665,0.18428731,276.8999317926948,1026.1045898057082,298.14111240482174,1290.090847288725,2200.6710847519203,0.013784124859780618,0.05834675697843983,14.685872752144657,-355.57193,126.89946,-14.797022,8.675459,12.295958,18.914896,-22.115725,-5.846023,17.233015,-13.214578,-16.609968,-49.028534,-38.814327
1349,22.483333333333334,0.16026789,269.61347400359057,874.1666815475945,286.7715430841533,1264.3188049955202,2315.066549576906,0.013784124859780618,0.05834675697843983,14.685872752144657,-362.4025,142.11655,0.6626118,7.108185,15.352957,15.707041,-23.479374,-12.048821,13.887168,-9.667421,-20.430275,-47.76209,-41.944702
1350,22.5,0.13568076,269.86516841059824,2446.5710204628754,337.6768177574625,1551.965354103877,2554.739053803301,0.013784124859780618,0.05834675697843983,14.685872752144657,-272.81528,126.00634,5.878831,29.301424,-24.792961,25.792028,-25.526846,-14.941998,-11.004734,2.3684323,-20.413237,-23.472326,-30.022438
1351,22.516666666666666,0.13742582,283.73954062044197,2422.7066378284035,502.25067488569374,2035.0134344573173,2972.101336110825,0.013784124859780618,0.05834675697843983,14.685872752144657,-181.15973,144.76434,-34.684757,17.96371,-18.599361,23.54704,-40.807945,-19.088312,-24.589558,-4.2898326,-16.875,-19.845337,-26.812103
1352,22.533333333333335,0.15585867,281.21486166969805,2326.462242733479,608.9432194555831,2080.229651367183,2819.44090897792,0.013784124859780618,0.05834675697843983,14.685872752144657,-195.35835,129.42941,-58.824577,10.297089,-10.568247,12.35141,-52.87899,-19.749098,-23.817917,-4.9267225,-10.047134,-26.347519,-27.95142
1353,22.55,0.1519637,275.6956011957234,2454.4931763455743,627.4783476815644,2139.449562731933,2903.2176454690525,0.013784124859780618,0.05834675697843983,14.685872752144657,-213.35622,117.07088,-61.362022,4.7526517,-7.098955,12.826372,-59.277763,-20.305893,-31.35614,-9.679295,-9.982393,-24.905912,-23.454243
1354,22.566666666666666,0.14201632,274.1219052927016,2249.270055402308,587.3644674486039,2201.003863047403,2932.3799619882107,0.013784124859780618,0.05834675697843983,14.685872752144657,-224.86461,121.648224,-47.17408,9.256952,-9.9046,11.687318,-58.254066,-18.12009,-24.33498,-7.656,-10.745876,-34.09503,-23.528126
1355,22.583333333333332,0.1355687,274.41870443280243,1949.0756654815646,442.7441472635266,2225.1929908124625,2912.448257123063,0.013784124859780618,0.05834675697843983,14.685872752144657,-257.2613,136.08621,-31.644264,12.724511,7.4132214,17.29634,-59.504726,-20.98915,-18.348703,-22.828033,-15.634453,-34.543594,-31.116951
1356,22.6,0.12975374,277.1550623066721,2375.8063790969,320.99950174382406,2237.8269733325,2858.7559421133624,0.013784124859780618,0.05834675697843983,14.685872752144657,-271.89853,107.30188,-38.66415,28.688656,17.904362,24.305382,-58.00013,-9.034225,-14.278321,-28.390198,-9.994706,-35.966267,-31.71407
1357,22.616666666666667,0.14397903,280.18195428811237,2979.804193998092,317.9530181604032,2370.9175696052275,3089.7731641069395,0.013784124859780618,0.05834675697843983,14.685872752144657,-259.58514,74.78904,-50.550217,47.84037,17.360336,21.012001,-64.31287,-3.9803424,-17.866495,-21.695412,-5.8983274,-35.629417,-29.691877
1358,22.633333333333333,0.14460672,280.2277344181007,3191.2980482522735,311.5177553819433,2453.6312099483926,3104.08652746074,0.013784124859780618,0.05834675697843983,14.685872752144657,-267.303,63.521492,-48.676456,52.825535,19.162262,16.680223,-65.32816,3.6399074,-14.658705,-23.865337,-8.174233,-38.238297,-31.45371
1359,22.65,0.1415145,280.49206485737335,2960.329757824084,324.68737465550504,2419.197352522325,2875.343085202322,0.013784124859780618,0.05834675697843983,14.685872752144657,-272.36868,70.16499,-51.453476,47.008926,23.402306,15.757822,-70.21235,-4.5622034,-17.458824,-22.879608,-11.016883,-41.798294,-23.511599
1360,22.666666666666668,0.13997318,280.7072665573359,2580.507388053672,356.5420114080898,2253.9088194488877,2672.9828567731547,0.013784124859780618,0.05834675697843983,14.685872752144657,-268.7464,92.43787,-52.970535,22.467716,20.837425,33.08207,-59.098217,-14.821611,-28.169724,-13.756599,-3.616175,-47.48146,-24.061972
1361,22.683333333333334,0.12605026,278.7161937193347,2192.153691748376,366.75880484382617,1841.01759859312,2664.523526856304,0.013784124859780618,0.05834675697843983,14.685872752144657,-264.72015,127.5957,-30.976707,-9.350332,1.271189,36.412388,-34.255203,-0.65527874,-44.636147,-27.18076,-3.6999302,-40.75959,-19.337063
1362,22.7,0.093949564,268.795928553921,1377.9746959454656,325.5646054670521,1673.9631757424074,2752.9473866232024,0.013784124859780618,0.05834675697843983,14.685872752144657,-329.1827,156.83322,6.3629475,-17.260296,-8.477926,13.130285,-9.107313,7.661889,-29.13306,-26.842571,-17.291563,-39.478706,-17.986244
1363,22.716666666666665,0.04042758,258.11465598007294,1168.780042294999,351.20122632089266,1845.2410583887136,2626.4416331089797,0.013784124859780618,0.05834675697843983,14.685872752144657,-437.6971,125.83603,30.560408,1.3609581,16.503029,16.240288,-2.7502627,-19.120384,-20.256634,-11.2225485,-12.695089,-22.15129,-16.90588
1364,22.733333333333334,0.008354112,0.0,2278.429568188823,389.3506441260817,1695.4967774366235,2578.813004893319,0.013784124859780618,0.05834675697843983,14.685872752144657,-496.6992,79.35339,38.00359,14.135092,11.477831,9.513263,-2.0229092,-15.526119,-20.120619,-14.155188,-5.7751837,-2.182652,-2.7625623
1365,22.75,0.0041033635,0.0,2196.0801295826122,262.3646874193849,1756.8451173772357,2641.443980144055,0.013784124859780618,0.05834675697843983,14.685872752144657,-525.10944,55.498398,42.840797,30.002865,20.536594,12.608878,3.534902,-5.715881,-11.643294,-12.837231,-11.775086,-11.7746,-13.433622
1366,22.766666666666666,0.0038635645,0.0,3010.983839010177,841.828485074675,2121.370813811106,3174.244967720103,0.013784124859780618,0.05834675697843983,14.685872752144657,-533.1996,45.870663,37.14064,27.641335,20.064693,13.816802,7.0208955,-0.5164974,-6.848915,-10.232707,-11.281572,-12.337395,-14.839861
1367,22.783333333333335,0.011729353,0.0,6557.267565217169,1667.6805723464895,2611.912332365954,3599.3331523938173,0.013784124859780618,0.05834675697843983,14.685872752144657,-284.54272,60.863037,-32.57857,-2.5639892,-32.432182,35.356094,-11.078089,-1.253205,-11.218113,-8.194342,-34.441853,-8.766542,-14.588741
1368,22.8,0.13219671,0.0,2437.246286861033,1006.8999567030755,1832.5382186465936,2925.7252786026897,0.013784124859780618,0.05834675697843983,14.685872752144657,-222.36758,148.04033,1.5960397,8.684168,-36.332703,12.410688,-21.255959,-5.5874834,-12.409734,-13.335705,-42.15404,-18.487946,-20.461252
1369,22.816666666666666,0.17343229,259.39824291913726,1089.2101957512841,502.0060842628805,1241.573062977302,2667.7328644860972,0.013784124859780618,0.05834675697843983,14.685872752144657,-233.2033,216.31177,5.0378675,-29.234001,-39.90776,5.0095854,-42.670647,-7.8619413,13.097885,-35.030766,-47.05217,-26.97866,-15.959991
1370,22.833333333333332,0.18051423,260.01269709842023,1177.065808193517,513.6606602597029,1369.0961649702529,2514.4467708140855,0.013784124859780618,0.05834675697843983,14.685872752144657,-294.69724,180.73813,3.9677467,-41.396576,-31.066433,31.07917,-37.790886,-23.566326,12.068813,-30.226078,-42.892677,-24.565731,-11.213774
1371,22.85,0.1142663,258.12398449779255,1225.8412202318525,485.3580079655406,1489.6859360741037,2209.6452184894756,0.013784124859780618,0.05834675697843983,14.685872752144657,-310.28638,180.142,4.73367,-37.41384,-25.514202,39.293888,-12.149088,-31.51158,-10.906904,-30.59195,-34.07199,-15.689312,-13.60836
1372,22.866666666666667,0.07338961,258.7394017147477,2718.6529501411433,431.9143459364467,1615.7343371055192,2101.6131508928465,0.013784124859780618,0.05834675697843983,14.685872752144657,-283.79984,132.93042,0.22706746,6.0942807,-35.791607,35.6877,-15.7025795,-28.872007,-17.558422,-9.8408575,-17.175842,-14.141489,-16.471811
1373,22.883333333333333,0.059536066,256.3228900922157,2945.179498562439,357.13256343202113,1807.6909070285683,2555.906087245859,0.013784124859780618,0.05834675697843983,14.685872752144657,-279.8906,110.56187,15.539389,33.846024,-27.51513,33.354393,-20.803589,-21.085686,-24.909811,-5.397038,-23.632725,-19.567505,-22.287506
1374,22.9,0.04488853,245.6440927068397,4012.255776258621,383.5252573122275,1874.2018324247435,2928.3018553535094,0.013784124859780618,0.05834675697843983,14.685872752144657,-385.18872,90.3445,30.295609,28.279446,-21.451141,24.813843,-1.4396341,-8.800701,-17.165213,-5.434739,-15.352097,-18.58803,-13.647606
1375,22.916666666666668,0.006139459,0.0,2533.324543849571,410.79474706004015,1851.5347004061523,2795.531966718662,0.013784124859780618,0.05834675697843983,14.685872752144657,-496.44928,83.95929,46.924152,17.086494,5.8332443,4.4762526,-1.4584594,-12.723849,-19.735085,-18.475807,-13.325802,-11.00322,-12.848867
1376,22.933333333333334,0.0031758647,0.0,6546.110634172991,369.00896280524495,1832.999779903576,2893.295185893827,0.013784124859780618,0.05834675697843983,14.685872752144657,-501.72134,40.430687,36.420578,38.40171,-13.655477,16.808968,5.5801544,-18.958595,4.0677924,-15.665144,-13.934031,-2.4372735,-17.488604
1377,22.95,0.0028557526,0.0,6229.965628716638,510.56969391119674,1927.5910634824318,3067.587512516311,0.013784124859780618,0.05834675697843983,14.685872752144657,-539.4614,38.254555,32.11373,24.334751,16.541819,9.148163,2.1029923,-4.0636816,-8.280638,-9.999517,-9.912775,-9.363673,-9.088335
1378,22.966666666666665,0.02642773,0.0,8651.73937072818,798.3155674036307,2243.4807306407974,3190.7768191205137,0.013784124859780618,0.05834675697843983,14.685872752144657,-230.83328,19.934286,-35.958324,25.371468,-36.6623,28.543816,-41.3465,5.5276103,-11.73107,21.534328,-25.222439,-3.0326226,-20.33569
1379,22.983333333333334,0.10650416,0.0,8164.349044810773,732.1117211259909,2338.174972325982,3078.6095950821973,0.013784124859780618,0.05834675697843983,14.685872752144657,-200.8728,22.414547,-24.308338,52.91737,-20.794748,40.700493,-38.003468,3.5437028,-9.732353,23.902763,-31.020054,-7.0867796,-21.212828
1380,23.0,0.19681811,277.8865523535866,2383.7151500393857,282.7443666544072,2446.580587907193,3066.751258450339,0.013784124859780618,0.05834675697843983,14.685872752144657,-251.1972,78.82545,-24.49667,78.96396,23.43899,37.545944,-35.80786,-7.86955,4.605168,-5.161411,-33.25567,-26.98553,-31.861814
1381,23.016666666666666,0.25088027,273.1109690791956,2340.522227698752,274.51287150293916,2584.0704582532953,3228.2992893126534,0.013784124859780618,0.05834675697843983,14.685872752144657,-272.75818,70.27412,-34.710052,85.50018,35.39465,27.888674,-43.822605,3.2878377,1.4074755,-25.323162,-18.772898,-26.312176,-32.872643
1382,23.033333333333335,0.24694756,272.0599345611152,2251.0995711957444,273.6092357971309,2562.541821165909,3281.654628118222,0.013784124859780618,0.05834675697843983,14.685872752144657,-298.99063,52.446083,-40.740616,94.00224,44.73932,29.039776,-38.303932,9.522596,-0.123099566,-28.81875,-9.301607,-26.592335,-31.658928
1383,23.05,0.23017639,270.6471891891695,2461.783076078851,272.4533769693075,2579.2258795563466,3352.5906479262067,0.013784124859780618,0.05834675697843983,14.685872752144657,-299.09955,46.253754,-40.24533,93.867325,39.98684,25.3917,-37.689857,15.312639,3.1511922,-19.811218,-7.592429,-23.132166,-35.474785
1384,23.066666666666666,0.20487128,266.9569541429776,2561.5714296364804,268.44478982451494,2581.34578311215,3410.985976508654,0.013784124859780618,0.05834675697843983,14.685872752144657,-305.8169,44.96126,-28.932764,99.86575,37.32597,21.227158,-39.98397,11.524973,-4.653971,-14.379942,-8.23447,-24.29902,-31.895283
1385,23.083333333333332,0.16297664,260.764718128191,3167.6531621684335,262.1372889762915,2586.1074001632073,3427.7639665130155,0.013784124859780618,0.05834675697843983,14.685872752144657,-314.2335,25.738287,-27.58708,106.837555,17.313374,20.029324,-29.103355,-2.7694452,-4.07817,-5.577363,-19.589886,-22.68674,-29.429405
1386,23.1,0.10815974,256.3101085243902,5164.988938911267,257.7144873410951,2595.3663508969216,3403.016518118813,0.013784124859780618,0.05834675697843983,14.685872752144657,-311.23346,-0.8760989,-7.0190916,122.70256,5.7437615,20.839918,-18.269154,-7.6601686,-9.485905,8.434882,-30.465107,-13.671092,-30.78086
1387,23.116666666666667,0.05078735,255.14016942343162,6645.016106608278,255.7913242329472,2534.2046789803244,3429.215706112506,0.013784124859780618,0.05834675697843983,14.685872752144657,-351.8914,-19.035107,-1.5523193,116.19849,7.3390627,25.290638,-15.152796,6.175424,-18.34003,8.4831505,-23.501484,-11.588104,-15.394434
1388,23.133333333333333,0.017703213,253.00334046344838,8507.00725470086,1057.1949173895246,2792.356098192592,3760.8203543853983,0.013784124859780618,0.05834675697843983,14.685872752144657,-390.40024,-38.15625,-10.046052,96.39494,3.0012233,22.26772,-7.382246,13.099776,-16.688251,12.074358,-21.452164,-9.444716,-18.456287
1389,23.15,0.021852445,0.0,8290.124122695099,2446.926776752268,3396.7209599583825,4364.945001931495,0.013784124859780618,0.05834675697843983,14.685872752144657,-348.63895,-48.986374,-26.259333,102.341034,-7.726493,13.182636,-17.342001,7.4323635,-18.786194,16.254776,-15.597069,-6.0744953,-22.760174
1390,23.166666666666668,0.10493093,0.0,7175.018455635618,1650.5633795959816,3038.978449661066,3965.2524072823367,0.013784124859780618,0.05834675697843983,14.685872752144657,-254.09218,-15.756137,-34.374817,112.15382,3.2995682,24.320728,-19.828236,7.5372653,-14.134249,3.187471,-35.265625,-19.33789,-30.610714
1391,23.183333333333334,0.16612123,270.7751600855735,3084.8005746033987,303.87662459487575,2399.8858967851247,3125.0429180200285,0.013784124859780618,0.05834675697843983,14.685872752144657,-187.24072,82.01282,-47.374645,90.62793,20.896564,20.145054,-41.544506,-5.4885535,-14.769537,-14.018322,-40.843628,-31.956919,-33.410515
1392,23.2,0.19382648,266.51834297280607,2613.559711356226,323.6096062840064,2241.876695150103,2787.6158924273777,0.013784124859780618,0.05834675697843983,14.685872752144657,-232.32088,93.73807,-58.0815,50.530685,31.264168,32.61228,-57.79751,-3.206333,-11.292599,-19.591965,-4.8740597,-38.800972,-35.105797
1393,23.216666666666665,0.17036416,267.92771913185607,2220.793953956153,382.6226858525898,1898.075398320718,2615.7019918430806,0.013784124859780618,0.05834675697843983,14.685872752144657,-245.1668,116.14603,-48.99683,15.797001,6.691641,34.24401,-42.76678,-3.4943533,-28.14526,-27.382301,10.510404,-32.54735,-29.943884
1394,23.233333333333334,0.16024987,271.10300945514047,1914.8662335653455,450.88388335786146,1545.0613790503864,2659.5774461274077,0.013784124859780618,0.05834675697843983,14.685872752144657,-250.20113,130.22163,-38.28706,-7.8877854,-3.2025228,20.35198,-32.402622,14.160631,-39.665924,-33.89373,-8.02734,-24.152086,-19.328468
1395,23.25,0.16170195,274.4749805538877,1592.2986058198164,502.0188154253583,1330.4595903501836,2741.4626855132124,0.013784124859780618,0.05834675697843983,14.685872752144657,-270.41733,143.6312,-27.413578,-11.720128,-14.697243,8.536341,-30.623737,19.930496,-27.830612,-41.556534,-15.324095,-29.311478,-15.7798395
1396,23.266666666666666,0.1633854,276.8754199298317,1369.3067997799158,546.1076698892712,1288.0006467029766,2875.6018725610147,0.013784124859780618,0.05834675697843983,14.685872752144657,-280.57672,158.51985,-13.969829,-22.524158,-35.00238,-5.9780216,-33.00325,16.759155,-13.470183,-41.47219,-22.298664,-26.591549,-21.14249
1397,23.283333333333335,0.16272135,278.93116874801467,1297.268820617173,557.6506094600745,1218.9883676619722,2871.7567174635747,0.013784124859780618,0.05834675697843983,14.685872752144657,-292.93536,158.67773,-15.185146,-23.124557,-37.72476,-13.43733,-31.699715,11.5811405,-9.960909,-41.333447,-21.75271,-28.550735,-27.86368
1398,23.3,0.16339384,280.9280247244509,1270.6402281630499,564.3254419307063,1207.1736855856966,2678.934611451884,0.013784124859780618,0.05834675697843983,14.685872752144657,-305.69577,151.38824,-15.79435,-24.453217,-34.23938,-9.49291,-25.850739,11.543415,-6.07054,-34.572365,-16.143269,-18.757475,-24.382305
1399,23.316666666666666,0.1609169,281.41129505626014,1336.6380807545738,567.560349964886,1301.983183844661,2603.052166547438,0.013784124859780618,0.05834675697843983,14.685872752144657,-291.18146,159.73547,-9.347918,-23.76932,-51.803764,-13.501518,-26.780972,6.0551386,-12.650978,-45.21214,-27.75232,-24.005959,-14.874842
1400,23.333333333333332,0.14909221,281.1114171068556,1383.5549040392411,547.3100286242687,1396.4210133132576,2700.679552755926,0.013784124859780618,0.05834675697843983,14.685872752144657,-294.71863,149.23224,-21.69968,-30.209843,-41.669716,4.124179,-23.726627,-1.1657816,-17.368162,-42.511166,-25.955454,-16.645086,-4.272773
1401,23.35,0.12110496,277.86016479030957,1311.1317405079933,502.23410717234975,1499.3018382319156,2384.651069869588,0.013784124859780618,0.05834675697843983,14.685872752144657,-293.0996,172.435,-15.078647,-31.893759,-15.528254,29.086693,-22.348526,-26.166834,-20.84808,-34.107155,-30.372452,-28.401764,-8.4003315
1402,23.366666666666667,0.07810895,271.8904484695731,1208.8127723966813,491.6900563502645,1681.8206579755708,2331.663855456716,0.013784124859780618,0.05834675697843983,14.685872752144657,-330.68942,185.73941,6.169591,-30.950878,-4.0439286,35.322914,-5.898035,-40.379616,-24.410969,-20.815147,-22.378494,-17.530241,-14.859245
1403,23.383333333333333,0.06383483,268.98710318757406,2307.8175025794367,496.8579608551106,1741.7121857606858,2242.3857807660906,0.013784124859780618,0.05834675697843983,14.685872752144657,-270.71924,154.9739,-12.752539,-16.280937,-27.10478,40.48645,-10.635191,-35.47905,-21.178116,-2.4740605,-23.079113,-26.754599,-19.43988
1404,23.4,0.09495088,266.28707760994513,1328.8609109727095,439.148194397661,1688.9378126801216,2685.7368186590493,0.013784124859780618,0.05834675697843983,14.685872752144657,-288.57108,177.65862,-1.0623208,-5.137637,-13.843013,22.69891,-12.510382,-24.865608,-31.37275,-22.57269,-6.5014944,-32.510414,-13.571912
1405,23.416666666666668,0.1142706,258.6457600103401,1231.929432035874,500.56648830878544,1586.855593930009,2947.4026154164917,0.013784124859780618,0.05834675697843983,14.685872752144657,-312.88226,159.30865,-7.2489853,-5.3467255,-17.502888,2.9382133,-10.967514,-7.3982377,-37.138206,-37.51712,-2.0859718,-25.41949,-12.475531
1406,23.433333333333334,0.102902845,250.92259774576513,1213.765062737301,517.6551281097393,1526.2300480861463,2976.7924734769567,0.013784124859780618,0.05834675697843983,14.685872752144657,-324.5314,161.78299,3.6324093,-1.2799556,-15.636905,-1.7329911,-14.105534,-10.747276,-34.10457,-35.87553,-0.91606057,-17.468204,-11.227864
1407,23.45,0.0809614,243.91537565254305,1143.9530173526914,462.6427349436836,1466.9986285285354,2846.269004404914,0.013784124859780618,0.05834675697843983,14.685872752144657,-355.9314,162.34833,15.665968,-11.390734,-26.377861,-5.0337424,8.408086,-1.5514519,-27.3844,-31.511528,-8.769747,-20.123758,-16.969517
1408,23.466666666666665,0.07192832,241.274789226089,967.2681934863472,289.3156538674484,1307.323340997642,2744.6527737571705,0.013784124859780618,0.05834675697843983,14.685872752144657,-392.86945,156.5877,40.187416,-13.438893,-36.29796,-6.8731017,20.143538,10.561082,-18.02893,-27.380697,-20.260555,-25.888145,-19.222637
1409,23.483333333333334,0.06097721,236.48641348026288,855.9119791401017,261.8885143554852,1276.534996496416,3035.4491382833576,0.013784124859780618,0.05834675697843983,14.685872752144657,-415.03796,155.97348,51.246853,-17.099586,-35.288612,-13.821625,12.414558,15.616278,-2.6353917,-17.689272,-25.301796,-21.348606,-15.471922
1410,23.5,0.04126848,231.55796679331377,967.7356643192318,442.7973779633752,1379.5141339420975,3222.841052235906,0.013784124859780618,0.05834675697843983,14.685872752144657,-422.8786,150.83382,51.851547,-13.970908,-35.368465,-10.690542,24.24395,20.090729,-3.8445594,-16.907936,-21.670073,-14.709755,-6.553556
1411,23.516666666666666,0.020993145,233.99037378517133,1501.5580279528986,887.247303123438,1506.0045398845098,3297.4555680142184,0.013784124859780618,0.05834675697843983,14.685872752144657,-448.06848,126.49959,39.31767,-23.20362,-33.27767,-3.2323468,23.686321,17.010868,-3.742244,-13.342115,-11.243247,-4.257903,-6.105946
1412,23.533333333333335,0.005379212,0.0,2200.48820742238,1053.297665322145,1603.9333083782028,3423.422857009143,0.013784124859780618,0.05834675697843983,14.685872752144657,-462.68866,109.03118,24.418278,-36.744095,-39.63365,-3.1998868,26.547205,23.45103,2.2301302,-10.39334,-7.9346848,-2.3135135,-6.7803335
1413,23.55,0.0029995185,0.0,2433.0363215479097,1094.9546026821952,1632.788768136616,3528.2042548000195,0.013784124859780618,0.05834675697843983,14.685872752144657,-477.47064,94.07519,22.002663,-29.497839,-30.842335,0.6551957,26.253159,23.621443,2.98435,-11.633367,-10.928855,-6.4156837,-11.780361
1414,23.566666666666666,0.0022395155,0.0,2850.070061232746,1149.4100101410406,1635.5646236224654,3441.385327225361,0.013784124859780618,0.05834675697843983,14.685872752144657,-493.87216,76.43828,15.772565,-26.777754,-24.71779,5.255451,27.012903,21.68071,0.6974285,-12.850057,-10.940053,-5.693382,-10.110203
1415,23.583333333333332,0.001600873,0.0,3544.2878458170226,1160.9855036994798,1644.1094671611322,3422.5519908302103,0.013784124859780618,0.05834675697843983,14.685872752144657,-505.87003,64.261826,14.303928,-20.911491,-21.665226,0.12636906,19.095299,18.350094,1.7571592,-12.042303,-12.144735,-7.2247,-9.390804
1416,23.6,0.0014110298,0.0,3183.623519222946,1121.9466109886139,1639.92218545848,3509.0308804970705,0.013784124859780618,0.05834675697843983,14.685872752144657,-509.46213,62.781326,18.669155,-15.144861,-17.760204,3.7312644,25.386543,28.926144,15.168609,-1.6211268,-10.599508,-13.335054,-16.39011
1417,23.616666666666667,0.0014403675,0.0,3344.779520442079,1078.4294379815076,1595.827925221101,3498.321970255666,0.013784124859780618,0.05834675697843983,14.685872752144657,-517.0317,57.99546,25.696335,-1.6075498,-8.102394,3.4485214,17.346558,20.356123,11.608337,-0.6333972,-9.217507,-13.805689,-17.614548
1418,23.633333333333333,0.0012559218,0.0,3475.837618595766,1182.7225857004692,1758.7653314018685,3716.6650618857243,0.013784124859780618,0.05834675697843983,14.685872752144657,-526.0087,48.72666,24.40515,4.454012,0.4213948,9.007402,17.488056,16.393358,6.668536,-4.187523,-10.864841,-14.115965,-17.028736
1419,23.65,0.001092872,0.0,3985.2533763918655,948.6029931175325,1903.9147396500823,3447.7299350634835,0.013784124859780618,0.05834675697843983,14.685872752144657,-537.4213,38.546722,27.049988,16.419027,11.998766,13.172533,14.740885,11.940771,4.412117,-4.164892,-9.810751,-11.519587,-11.215561
1420,23.666666666666668,0.00087173755,0.0,3666.895359948378,313.808040274061,1645.7804679586725,2852.352873276758,0.013784124859780618,0.05834675697843983,14.685872752144657,-544.15094,32.53961,28.538868,22.988062,17.09177,11.81988,7.603662,4.3007903,1.418931,-1.533606,-4.751224,-8.02635,-10.867815
1421,23.683333333333334,0.0007584598,0.0,3547.295485744876,264.7444906451481,1527.295982888234,2662.745264930989,0.013784124859780618,0.05834675697843983,14.685872752144657,-549.3685,25.65392,22.976017,19.175362,14.975404,10.972889,7.453685,4.3631053,1.4340317,-1.5970504,-4.7942343,-7.9415817,-10.614785
1422,23.7,0.00046300967,0.0,3088.530244682571,300.46520990280095,1515.861458547598,2974.4990220882046,0.013784124859780618,0.05834675697843983,14.685872752144657,-553.7435,20.066319,18.989246,17.281237,15.060986,12.473183,9.672366,6.80807,4.0136433,1.3997338,-0.9477258,-2.9663115,-4.6145945
1423,23.716666666666665,0.00024873434,0.0,6868.372127048371,835.4169712519051,1944.2606986325147,3182.8480329801137,0.013784124859780618,0.05834675697843983,14.685872752144657,-568.1929,0.0,0.0,0.0,0.0,0.0,0.0,0.0,0.0,0.0,0.0,0.0,0.0
1424,23.733333333333334,5.5392943e-06,0.0,10634.566811389232,1333.5375038961922,2256.921150247157,3266.573041394124,0.013784124859780618,0.05834675697843983,14.685872752144657,-568.1929,0.0,0.0,0.0,0.0,0.0,0.0,0.0,0.0,0.0,0.0,0.0,0.0
1425,23.75,4.8171532e-06,0.0,10577.182571023,1162.8725005039455,2278.4834113486163,3263.7482921038277,0.013784124859780618,0.05834675697843983,14.685872752144657,-568.1929,0.0,0.0,0.0,0.0,0.0,0.0,0.0,0.0,0.0,0.0,0.0,0.0
1426,23.766666666666666,4.5148768e-06,0.0,10937.332706685851,1005.2423829121079,2132.9450228606966,3297.040934494439,0.013784124859780618,0.05834675697843983,14.685872752144657,-568.1929,0.0,0.0,0.0,0.0,0.0,0.0,0.0,0.0,0.0,0.0,0.0,0.0
1427,23.783333333333335,4.307668e-06,0.0,10714.72113193105,1121.2395541034034,2118.32419656307,3254.03632612164,0.013784124859780618,0.05834675697843983,14.685872752144657,-568.1929,0.0,0.0,0.0,0.0,0.0,0.0,0.0,0.0,0.0,0.0,0.0,0.0
1428,23.8,4.1498934e-06,0.0,10704.21342478715,1218.706021003545,2201.5579685712546,3112.634038946965,0.013784124859780618,0.05834675697843983,14.685872752144657,-568.1929,0.0,0.0,0.0,0.0,0.0,0.0,0.0,0.0,0.0,0.0,0.0,0.0
1429,23.816666666666666,3.9865854e-06,0.0,10886.1004718717,1255.3231456563242,2310.316005495883,3325.0629720783977,0.013784124859780618,0.05834675697843983,14.685872752144657,-568.1929,0.0,0.0,0.0,0.0,0.0,0.0,0.0,0.0,0.0,0.0,0.0,0.0
1430,23.833333333333332,3.9626866e-06,0.0,10782.225953669069,1235.781630259221,2190.4536553924477,3415.7040932892337,0.013784124859780618,0.05834675697843983,14.685872752144657,-568.1929,0.0,0.0,0.0,0.0,0.0,0.0,0.0,0.0,0.0,0.0,0.0,0.0
1431,23.85,3.9884458e-06,0.0,10805.615377049606,1134.1727907869983,2115.021690732044,3223.080148931637,0.013784124859780618,0.05834675697843983,14.685872752144657,-568.1929,0.0,0.0,0.0,0.0,0.0,0.0,0.0,0.0,0.0,0.0,0.0,0.0
1432,23.866666666666667,3.9200277e-06,0.0,10883.225518580246,1103.5213801503157,2123.4755661232825,3061.0488720932713,0.013784124859780618,0.05834675697843983,14.685872752144657,-568.1929,0.0,0.0,0.0,0.0,0.0,0.0,0.0,0.0,0.0,0.0,0.0,0.0
1433,23.883333333333333,3.934454e-06,0.0,10860.171001476843,1102.800436816341,2188.6153591608604,3075.027789404359,0.013784124859780618,0.05834675697843983,14.685872752144657,-568.1929,0.0,0.0,0.0,0.0,0.0,0.0,0.0,0.0,0.0,0.0,0.0,0.0
1434,23.9,3.9475703e-06,0.0,10675.309876316107,1120.6026433057873,2217.522913376991,3208.8209965099472,0.013784124859780618,0.05834675697843983,14.685872752144657,-568.1929,0.0,0.0,0.0,0.0,0.0,0.0,0.0,0.0,0.0,0.0,0.0,0.0
1435,23.916666666666668,3.831435e-06,0.0,10665.891641249898,1141.365392322122,2192.350609088439,3337.9436825716875,0.013784124859780618,0.05834675697843983,14.685872752144657,-568.1929,0.0,0.0,0.0,0.0,0.0,0.0,0.0,0.0,0.0,0.0,0.0,0.0
1436,23.933333333333334,3.9099205e-06,0.0,10612.608347204727,1155.7523341383064,2205.2950394055997,3451.8263184894254,0.013784124859780618,0.05834675697843983,14.685872752144657,-568.1929,0.0,0.0,0.0,0.0,0.0,0.0,0.0,0.0,0.0,0.0,0.0,0.0
1437,23.95,3.9616416e-06,0.0,10648.28387514141,1212.468290929854,2144.856023993807,3197.2391201875653,0.013784124859780618,0.05834675697843983,14.685872752144657,-568.1929,0.0,0.0,0.0,0.0,0.0,0.0,0.0,0.0,0.0,0.0,0.0,0.0
1438,23.966666666666665,4.0293908e-06,0.0,10875.856615858738,1455.6222196507358,2220.5783021959232,3031.7361190511047,0.013784124859780618,0.05834675697843983,14.685872752144657,-568.1929,0.0,0.0,0.0,0.0,0.0,0.0,0.0,0.0,0.0,0.0,0.0,0.0
1439,23.983333333333334,3.958407e-06,0.0,10662.912610425636,1271.9806850256405,2314.2069569557325,3143.274858129976,0.013784124859780618,0.05834675697843983,14.685872752144657,-568.1929,0.0,0.0,0.0,0.0,0.0,0.0,0.0,0.0,0.0,0.0,0.0,0.0
1440,24.0,3.865499e-06,0.0,10801.392431385793,1220.4374390945682,2367.0773268038665,3311.863205219246,0.013784124859780618,0.05834675697843983,14.685872752144657,-568.1929,0.0,0.0,0.0,0.0,0.0,0.0,0.0,0.0,0.0,0.0,0.0,0.0
1441,24.016666666666666,3.8631465e-06,0.0,10819.876476783478,1125.1799639625403,2288.197932070197,3141.568942692532,0.013784124859780618,0.05834675697843983,14.685872752144657,-568.1929,0.0,0.0,0.0,0.0,0.0,0.0,0.0,0.0,0.0,0.0,0.0,0.0
1442,24.033333333333335,3.924866e-06,0.0,10889.324323352233,1170.2090653139735,2305.7836846580376,3538.9861716268056,0.013784124859780618,0.05834675697843983,14.685872752144657,-568.1929,0.0,0.0,0.0,0.0,0.0,0.0,0.0,0.0,0.0,0.0,0.0,0.0
1443,24.05,3.926888e-06,0.0,10582.87879359051,1310.9012061302126,2139.6613323983315,3420.887166184023,0.013784124859780618,0.05834675697843983,14.685872752144657,-568.1929,0.0,0.0,0.0,0.0,0.0,0.0,0.0,0.0,0.0,0.0,0.0,0.0
1444,24.066666666666666,3.913455e-06,0.0,10852.951946597606,1178.7694072558013,1797.7897897192051,3049.5082155465516,0.013784124859780618,0.05834675697843983,14.685872752144657,-568.1929,0.0,0.0,0.0,0.0,0.0,0.0,0.0,0.0,0.0,0.0,0.0,0.0
1445,24.083333333333332,3.9541364e-06,0.0,10625.50750847737,1009.2146409255579,1944.3313104302895,3019.5466033612947,0.013784124859780618,0.05834675697843983,14.685872752144657,-568.1929,0.0,0.0,0.0,0.0,0.0,0.0,0.0,0.0,0.0,0.0,0.0,0.0
1446,24.1,4.2628244e-06,0.0,10853.578086416064,1133.209205698033,1784.3179749225787,2825.660884518536,0.013784124859780618,0.05834675697843983,14.685872752144657,-568.1929,0.0,0.0,0.0,0.0,0.0,0.0,0.0,0.0,0.0,0.0,0.0,0.0
1447,24.116666666666667,8.045805e-06,0.0,11051.821173291373,973.9771025032026,1922.9298123079527,2873.951308245696,0.013784124859780618,0.05834675697843983,14.685872752144657,-568.1929,0.0,0.0,0.0,0.0,0.0,0.0,0.0,0.0,0.0,0.0,0.0,0.0
1448,24.133333333333333,2.6236941e-05,0.0,9676.141353944597,572.0327672618561,1797.5958474653678,2960.986863838549,0.013784124859780618,0.05834675697843983,14.685872752144657,-568.1929,0.0,0.0,0.0,0.0,0.0,0.0,0.0,0.0,0.0,0.0,0.0,0.0
1449,24.15,2.8516952e-05,0.0,8629.759392503918,621.1581666606095,1606.7517453666344,2923.272520091709,0.013784124859780618,0.05834675697843983,14.685872752144657,-568.1929,0.0,0.0,0.0,0.0,0.0,0.0,0.0,0.0,0.0,0.0,0.0,0.0
1450,24.166666666666668,0.0007008351,0.0,9308.888361845635,965.0773349504459,1865.7819174654553,2957.0259471227123,0.013784124859780618,0.05834675697843983,14.685872752144657,-568.1929,0.0,0.0,0.0,0.0,0.0,0.0,0.0,0.0,0.0,0.0,0.0,0.0
1451,24.183333333333334,0.0018359369,0.0,4342.381140403435,1272.3686605582348,1985.2267174576982,3008.5475949738097,0.013784124859780618,0.05834675697843983,14.685872752144657,-485.42743,59.658607,-16.511452,-35.36225,-17.765171,17.254108,17.602549,-9.726933,-15.080462,0.028527498,8.319782,-4.8650436,-8.115702
1452,24.2,0.03249488,0.0,3966.7293071701306,883.1236261378488,1908.055652342016,2964.323203565709,0.013784124859780618,0.05834675697843983,14.685872752144657,-408.45117,94.62977,9.973951,-0.49524453,-23.619934,32.10228,17.95554,-5.001072,-8.194544,-9.732451,-4.281176,-18.46512,-26.445145
1453,24.216666666666665,0.07656445,247.44049934391785,1376.162461091792,583.0516845282616,1837.69442234181,2742.2415385115505,0.013784124859780618,0.05834675697843983,14.685872752144657,-294.16608,180.16203,-23.275719,-24.693003,-11.482643,1.0676373,-10.706823,-10.350552,-12.170464,2.283237,-3.7162406,-29.74455,-14.092887
1454,24.233333333333334,0.11357349,239.49415372047326,1783.932861437999,1029.9538146668835,1886.7179981525544,2697.8912154385057,0.013784124859780618,0.05834675697843983,14.685872752144657,-233.13115,160.95622,-62.81758,-17.465973,-19.245253,3.6545525,-14.648851,-3.4514005,-11.005297,7.1505065,-3.1860452,-31.075397,-14.388281
1455,24.25,0.1315596,237.02042051822798,1909.1217880619329,950.733249154054,1911.855071082042,2803.596402479611,0.013784124859780618,0.05834675697843983,14.685872752144657,-219.33688,151.57083,-65.16135,-15.282064,-27.482601,8.936123,-17.728037,-6.7026157,-13.845896,9.100905,-0.95501906,-24.297731,-10.950523
1456,24.266666666666666,0.12936702,234.7367326420239,1877.6039425279455,818.8292176583963,2059.0121291057267,2907.934314339674,0.013784124859780618,0.05834675697843983,14.685872752144657,-227.26454,150.19371,-60.292145,-15.289736,-15.77022,1.0048192,-38.257744,-9.290758,-17.098341,8.160181,3.5409503,-24.35951,-15.958392
1457,24.283333333333335,0.12441567,232.81140819438718,1636.976081080605,626.7852478040254,2075.637616445297,2826.0134337811323,0.013784124859780618,0.05834675697843983,14.685872752144657,-260.45523,156.91977,-37.964516,-7.9714317,-6.8294554,0.6708614,-43.780663,-19.816044,-19.781757,-5.3419876,-1.7019964,-28.258825,-13.867668
1458,24.3,0.12631978,232.7462855284153,1496.7722814929443,379.29350360856216,2062.6446832554093,2785.643885505812,0.013784124859780618,0.05834675697843983,14.685872752144657,-295.75497,137.01459,-33.895054,20.534384,12.545552,7.3947196,-21.104889,-18.806133,-29.960785,-22.269745,-2.3809006,-31.820507,-31.206564
1459,24.316666666666666,0.13546446,234.27977608176164,1661.296672933417,347.4585647373649,2019.240678969424,3309.580400072243,0.013784124859780618,0.05834675697843983,14.685872752144657,-293.55228,126.790695,-33.218727,37.236393,20.469662,7.551836,-34.157074,-14.357094,-26.624147,-25.170994,4.0425034,-20.626476,-25.072178
1460,24.333333333333332,0.13641185,236.43721845873134,1798.4211411450221,341.203423767682,2029.9058581489492,2999.317972199628,0.013784124859780618,0.05834675697843983,14.685872752144657,-258.3733,138.20395,-31.259449,32.23386,17.591667,15.191589,-50.19818,-16.690979,-23.299843,-26.162308,-14.923975,-36.921394,-26.678364
1461,24.35,0.134574,237.4847411517529,2311.054693976124,432.7589174430529,2246.994661025808,2795.957800776072,0.013784124859780618,0.05834675697843983,14.685872752144657,-259.63126,116.403496,-38.083767,38.279488,16.010706,26.539999,-52.813732,-18.584797,-24.653452,-21.233986,-5.210311,-44.671425,-13.760574
1462,24.366666666666667,0.12827963,237.21376909415503,2570.62116519162,460.97067696167494,2367.0423502573417,2880.6097179398967,0.013784124859780618,0.05834675697843983,14.685872752144657,-250.17001,117.57771,-31.802326,31.62172,-0.95748883,21.273233,-62.17678,-19.119076,-18.898125,-15.75709,-10.540632,-50.236885,-11.0076275
1463,24.383333333333333,0.12800679,237.4694951602915,2841.5590618645133,517.2581042628009,2367.4664639490134,3013.500114215648,0.013784124859780618,0.05834675697843983,14.685872752144657,-262.28558,104.41745,-30.808483,33.608284,1.4901434,27.930635,-68.11664,-16.568016,-10.105695,-8.7818775,-1.3362441,-44.967953,-10.150443
1464,24.4,0.12840752,237.55266800478464,2495.6251227733032,514.8464477554817,2276.088040006789,2919.082186044502,0.013784124859780618,0.05834675697843983,14.685872752144657,-279.64395,109.98564,-18.719471,25.958418,0.24901223,33.489975,-66.726234,-13.543592,1.7861688,-5.3215218,3.6965637,-48.84276,-21.482433
1465,24.416666666666668,0.1397332,236.9171348491175,1941.5563048650438,387.85933782400485,1830.52229581569,2534.3667803873623,0.013784124859780618,0.05834675697843983,14.685872752144657,-320.77206,121.96464,10.246825,16.216343,1.7035643,47.19326,-54.057365,-20.992088,-6.8762636,-11.409289,2.33246,-53.50615,-29.007973
1466,24.433333333333334,0.15028244,236.90630551486908,828.183075719729,273.6090180942411,1258.3798736720698,2200.0439868088783,0.013784124859780618,0.05834675697843983,14.685872752144657,-375.17557,141.27393,17.245708,5.6128855,21.073502,31.28793,-29.90849,-18.84196,3.1065025,-13.087821,-17.054548,-46.38479,-29.849329
1467,24.45,0.15471543,236.31613596779607,668.7843403228519,264.03974818589063,1249.7551594649412,2247.826209916508,0.013784124859780618,0.05834675697843983,14.685872752144657,-394.12808,146.39877,20.655907,3.1189365,31.06665,24.934696,-25.367107,-20.1611,7.766041,-1.136909,-24.53397,-48.62288,-31.953289
1468,24.466666666666665,0.13471258,231.72066332915503,578.7903896246415,250.77549400220687,1499.5769476010319,2449.8603157483967,0.013784124859780618,0.05834675697843983,14.685872752144657,-413.26343,146.39795,33.08042,2.8282852,26.749432,22.204079,-15.277826,-20.724756,3.1217375,3.1910183,-20.78414,-39.138626,-29.127167
1469,24.483333333333334,0.113753654,235.51632689612575,1976.423834623727,359.2736545120815,1977.0549446559235,2887.5251456004157,0.013784124859780618,0.05834675697843983,14.685872752144657,-326.5637,135.19113,31.277428,19.118011,-18.97315,23.433445,-16.14036,-2.8654046,-15.146388,5.009869,-12.21585,-38.42506,-13.530224
1470,24.5,0.11700159,249.10066015406585,2099.8485365071506,613.5375831504074,2054.9111071658954,2901.4318256532906,0.013784124859780618,0.05834675697843983,14.685872752144657,-221.0615,157.95528,-17.171787,17.807198,-14.299078,23.83545,-44.896286,-20.51535,-24.314217,-7.1293764,1.3559062,-27.34629,-16.070501
1471,24.516666666666666,0.1385751,242.98796553598194,2437.562500074305,714.0653535253965,2104.6582495008274,2897.0666437742125,0.013784124859780618,0.05834675697843983,14.685872752144657,-214.53134,134.7991,-46.082695,13.008631,-11.607862,15.012184,-57.178932,-19.829165,-26.586075,-0.3672547,5.2615223,-27.11065,-14.556945
1472,24.533333333333335,0.14248197,241.21546389198878,2457.5994096267113,778.7782474223984,2123.3071373120683,2867.5525328211847,0.013784124859780618,0.05834675697843983,14.685872752144657,-210.30135,129.41235,-53.58149,7.1423645,-16.96399,12.178118,-51.417763,-4.3108187,-16.81849,2.5032635,3.6259205,-26.476635,-7.1790752
1473,24.55,0.13672565,240.8687191468512,2409.091118790824,797.8299231073648,2192.558228868805,2909.7398159241498,0.013784124859780618,0.05834675697843983,14.685872752144657,-207.66762,132.28955,-55.612206,3.1503723,-20.074612,9.856281,-49.992958,-1.6161838,-11.586311,3.1438656,-1.4131899,-29.219452,-11.25032
1474,24.566666666666666,0.11962645,241.64654293416885,2445.8140986777958,660.2690758586068,1966.419085131785,2713.715198481465,0.013784124859780618,0.05834675697843983,14.685872752144657,-233.07991,132.66556,-39.580517,14.570738,-5.5364933,14.581379,-59.050766,-4.752012,-16.246847,-10.534651,0.19248939,-34.33905,-15.956156
1475,24.583333333333332,0.10049994,240.62013794579266,1957.3338341218941,528.2336531664547,1706.2438104302732,2540.541781656958,0.013784124859780618,0.05834675697843983,14.685872752144657,-281.0574,143.80325,-16.751083,16.465345,12.822495,15.748491,-65.42993,-16.576836,-15.5646305,-16.899746,9.504584,-32.811295,-25.521694
1476,24.6,0.10753458,241.30298631433,2164.0938096736895,527.2990001205306,2251.3046419823486,3066.767633437173,0.013784124859780618,0.05834675697843983,14.685872752144657,-299.4472,127.60582,-9.164196,23.363632,20.300802,29.26076,-61.640606,-7.2359104,-11.887438,-18.526043,8.674211,-32.524647,-13.674491
1477,24.616666666666667,0.11904041,246.75489224543477,2810.74185312611,395.03925697099396,2416.8956985778823,3119.3412078631095,0.013784124859780618,0.05834675697843983,14.685872752144657,-276.9946,102.00935,-14.99252,49.381218,24.549137,32.232567,-75.835205,-7.5696745,-11.961769,-21.140995,3.7515082,-31.478493,-9.615629
1478,24.633333333333333,0.12452247,246.52176645969428,3155.888529475718,401.1751418766608,2455.090939600785,3044.0789987715402,0.013784124859780618,0.05834675697843983,14.685872752144657,-279.74472,84.41018,-18.652592,56.978737,27.56503,33.58045,-69.907074,-6.1500616,-18.479536,-18.070698,0.44826245,-34.035957,-11.868593
1479,24.65,0.122684315,246.0706226760851,3259.681600525711,345.68551136728985,2469.337751166982,2976.9214579662885,0.013784124859780618,0.05834675697843983,14.685872752144657,-288.56198,78.39075,-17.625078,61.81321,30.003838,31.680567,-69.349884,3.9831834,-10.697273,-21.031605,-3.0860348,-37.750565,-13.852841
1480,24.666666666666668,0.12461577,245.83458537118665,3261.065553144621,371.1717643317923,2444.3506180624095,2942.7146848803814,0.013784124859780618,0.05834675697843983,14.685872752144657,-294.14734,76.90439,-17.736103,62.120216,34.423126,34.75556,-71.006035,0.6109946,-14.390745,-20.485659,-1.2306616,-41.906708,-11.665057
1481,24.683333333333334,0.12935753,245.1536980707591,2826.6767243422023,425.09368062305487,2327.562875222614,2926.7157455871643,0.013784124859780618,0.05834675697843983,14.685872752144657,-279.1546,93.600006,-23.065628,47.82901,31.939072,33.976593,-69.929504,-9.956499,-24.976725,-16.828297,3.2673254,-41.60914,-6.0938873
1482,24.7,0.132746,244.25193931758037,2591.529585987343,449.68159257063445,2261.387310095541,2920.84455874944,0.013784124859780618,0.05834675697843983,14.685872752144657,-280.12112,98.049126,-24.434122,40.30032,29.33614,32.21022,-63.172783,-7.7926393,-32.330498,-13.14974,3.3254638,-47.944637,-10.508297
1483,24.716666666666665,0.12813978,242.92298036463703,2403.6062443016262,442.6331306670913,2225.4992084149353,2935.3530870291156,0.013784124859780618,0.05834675697843983,14.685872752144657,-297.569,100.69595,-16.012526,40.56295,30.365707,36.182686,-57.795635,-11.833475,-36.119495,-14.798664,5.8478193,-50.085716,-15.263144
1484,24.733333333333334,0.117152765,241.62720134426553,2439.047639795702,404.0259211098531,2269.0486303895386,3009.58533442334,0.013784124859780618,0.05834675697843983,14.685872752144657,-308.15186,97.50406,-18.564415,41.243843,34.019375,33.95864,-61.81601,-11.009967,-30.537601,-13.1639185,10.7085,-53.743153,-15.302048
1485,24.75,0.11173508,240.08883549223054,2761.545947169375,333.4218693124782,2395.9867062840312,3032.675494902187,0.013784124859780618,0.05834675697843983,14.685872752144657,-318.1638,86.85211,-15.683207,54.016216,43.70005,36.74899,-65.254486,-4.1746593,-23.647549,-13.118595,12.505058,-50.7565,-13.574561
1486,24.766666666666666,0.10973529,237.44311492110512,2803.059048415278,268.7275249460649,2435.664658392611,3061.1210888476558,0.013784124859780618,0.05834675697843983,14.685872752144657,-338.44382,75.23799,-11.662224,61.41573,43.700813,27.990585,-69.89918,3.9437654,-10.585719,-14.118502,14.438318,-43.414944,-10.22487
1487,24.783333333333335,0.1060015,235.45940359013997,2758.1222201296096,249.9481481201804,2464.4721922028893,3034.1296132641924,0.013784124859780618,0.05834675697843983,14.685872752144657,-361.16928,61.619644,-8.775055,64.44411,55.208267,35.43698,-68.08854,4.6117396,-10.923645,-13.728275,9.060693,-41.067726,-11.182997
1488,24.8,0.10369439,236.51591989908076,2759.4735620544984,247.72309264499046,2485.6077490078296,2955.0330272955657,0.013784124859780618,0.05834675697843983,14.685872752144657,-359.33398,60.863792,-6.0537663,73.35805,49.743095,36.389206,-57.207092,0.9422833,-7.2513504,-13.280897,3.4186196,-36.64945,-9.736692
1489,24.816666666666666,0.1058525,241.4009124355694,2787.5216577978636,270.04702572876863,2416.697508268163,2894.15194520673,0.013784124859780618,0.05834675697843983,14.685872752144657,-338.22214,73.40567,-10.040547,66.49734,49.75126,41.419834,-64.89709,-10.977829,-17.612206,-13.987219,6.4793015,-45.309868,-14.268066
1490,24.833333333333332,0.112644725,245.97864378307233,2700.579999251709,347.8222327280034,2223.5322362916963,2925.5362614293676,0.013784124859780618,0.05834675697843983,14.685872752144657,-306.61652,99.89577,-16.902676,48.302757,37.129868,38.597946,-68.21652,-15.996775,-26.148083,-16.135506,21.885937,-45.933372,-11.676754
1491,24.85,0.11897747,248.5057231404557,2389.9066901855754,443.1413073087987,2002.2923084350052,2996.461060518724,0.013784124859780618,0.05834675697843983,14.685872752144657,-282.83514,111.858765,-24.627459,32.864628,21.143803,34.04946,-53.963966,-15.360926,-44.807426,-22.622086,16.210777,-41.6131,-8.898249
1492,24.866666666666667,0.11887595,249.05691969861766,2089.910834440659,479.58921660515836,1940.87503058777,3005.5344907786016,0.013784124859780618,0.05834675697843983,14.685872752144657,-288.55252,117.43377,-27.82409,21.656502,14.100949,26.822212,-42.021286,-8.884748,-45.89493,-25.665081,12.545278,-36.11036,-8.66126
1493,24.883333333333333,0.09774459,248.71949955418143,2029.0676508871652,480.36477969892223,1920.1397444877884,3013.173348254509,0.013784124859780618,0.05834675697843983,14.685872752144657,-286.15005,129.36047,-13.9581375,27.193443,2.9884868,19.247139,-33.9226,-8.259608,-41.688633,-24.893066,9.096456,-33.936283,-12.886504
1494,24.9,0.066322975,244.32599216532034,2605.1235552795133,445.00282950168946,1871.219608718251,3026.4712622645675,0.013784124859780618,0.05834675697843983,14.685872752144657,-312.7191,121.434105,22.42173,51.653656,-16.107494,27.489904,-14.387575,-15.019704,-26.0724,-17.665829,5.239054,-25.562222,-11.59297
1495,24.916666666666668,0.022215921,237.56476826996325,2641.408603702702,429.5096154680491,1854.4691670457835,3007.718611912911,0.013784124859780618,0.05834675697843983,14.685872752144657,-436.7169,95.860306,42.38314,29.73246,0.8316153,29.830467,5.4917865,-23.981262,-32.846855,-16.380901,2.541617,-4.9903603,-2.743395
1496,24.933333333333334,0.007223627,0.0,2255.88222752404,469.8695858761385,1891.8195495059233,2976.6732215090383,0.013784124859780618,0.05834675697843983,14.685872752144657,-495.5348,84.88465,47.479786,19.373358,10.630592,8.359992,-1.8817288,-16.997366,-21.778135,-11.800617,-0.5202124,-0.38301176,-8.12435
1497,24.95,0.0027377498,0.0,3031.3697711807927,366.42900810694897,1806.06894902611,3040.4636795752435,0.013784124859780618,0.05834675697843983,14.685872752144657,-517.2654,64.46487,47.354927,31.31818,21.262674,13.62857,3.7824328,-6.826948,-12.682798,-11.807735,-8.553943,-8.213173,-10.851792
1498,24.966666666666665,0.014773539,0.0,7480.972621474326,591.1495071622442,1945.0584468412508,3160.8295180780565,0.013784124859780618,0.05834675697843983,14.685872752144657,-284.3849,46.12511,-29.345356,32.21914,-38.47372,29.758217,-18.147541,12.071812,-7.8133707,2.7248678,-20.338966,-20.968552,-8.7164
1499,24.983333333333334,0.07126837,0.0,6936.808712023609,829.7875340932228,2244.6130066024907,3183.1766196097014,0.013784124859780618,0.05834675697843983,14.685872752144657,-226.81694,56.24063,-15.172955,52.984985,-29.019444,44.060776,-23.704842,0.32895043,-14.984062,2.1453028,-30.556969,-27.21429,-21.152208
1500,25.0,0.10799276,0.0,2782.9473506400436,412.54568937810535,2304.353622181584,3019.9706454335883,0.013784124859780618,0.05834675697843983,14.685872752144657,-202.62744,120.425964,-25.370314,58.0318,5.3682957,30.664658,-56.64353,-16.64722,-18.461582,-12.850194,-25.530754,-45.98152,-23.659681
1501,25.016666666666666,0.120985426,243.35417489465442,2608.0855874298713,533.5037115611623,2249.908634164957,2991.377804253077,0.013784124859780618,0.05834675697843983,14.685872752144657,-228.19617,127.42586,-23.67456,42.465775,4.149761,17.873497,-64.72639,-16.824574,-25.457413,-8.927179,-10.514421,-43.252205,-9.140938
1502,25.033333333333335,0.100704916,234.56047325880277,2526.6690956942593,683.0398116403618,2145.9572127721517,2983.335352971625,0.013784124859780618,0.05834675697843983,14.685872752144657,-242.18329,129.76672,-30.401459,31.031616,-6.265895,8.694646,-64.03078,-25.250523,-16.970407,-2.248413,-3.959157,-32.385685,-12.67752
1503,25.05,0.09683464,228.49912565435008,2464.057682710122,805.6715685560556,2074.4624513842914,2988.0840917257374,0.013784124859780618,0.05834675697843983,14.685872752144657,-238.14146,134.3227,-32.044704,17.640934,-16.54215,11.857418,-53.97551,-19.132004,-11.242026,6.9787292,4.195319,-23.189207,-13.833408
1504,25.066666666666666,0.09815998,225.75443684167848,2520.1398505070497,845.937922572705,2074.5295806417876,2993.7167877048114,0.013784124859780618,0.05834675697843983,14.685872752144657,-236.53517,136.11319,-30.253973,7.5512505,-22.243732,17.567705,-52.911224,-14.753689,-8.094666,9.64983,2.4431021,-22.088575,-3.2323403
1505,25.083333333333332,0.09807356,226.40462093716397,2534.393915006784,843.4217406631416,2107.847933139695,2996.4191366329023,0.013784124859780618,0.05834675697843983,14.685872752144657,-254.06885,131.06363,-24.899399,9.779098,-17.312115,17.653482,-53.779694,-12.200268,-9.582551,7.9989195,5.6934066,-24.611763,-6.6061554
1506,25.1,0.09794412,227.69804959064524,2638.392025335995,798.9651926815211,2181.1668226832094,3021.0354414468825,0.013784124859780618,0.05834675697843983,14.685872752144657,-262.4214,121.98449,-26.625576,16.093952,-6.1112075,20.660683,-62.510857,-11.997175,-4.8742023,8.682619,13.161093,-26.732912,-12.439753
1507,25.116666666666667,0.09997923,227.18605402001012,2920.9970626537634,585.5415446610207,2361.932757104491,3092.5559706037657,0.013784124859780618,0.05834675697843983,14.685872752144657,-273.71805,107.18565,-21.037453,36.747513,5.429247,20.862179,-66.10629,-4.232294,-4.9558845,0.99179983,14.325966,-38.45961,-14.82774
1508,25.133333333333333,0.10830846,224.66547608300746,2616.022436608604,329.63574348300773,2407.6470055758004,3110.3843655562523,0.013784124859780618,0.05834675697843983,14.685872752144657,-307.28937,102.36081,-5.5570006,49.847107,19.70069,22.531626,-59.27417,5.184145,-8.950239,-11.387501,12.539887,-46.314064,-15.308155
1509,25.15,0.12243001,221.4895666576697,1559.0144983046896,260.0355549905494,2250.9195428837634,3058.797463778926,0.013784124859780618,0.05834675697843983,14.685872752144657,-366.2409,113.3134,30.524387,41.816193,16.6461,17.564692,-34.42965,12.729668,-12.585287,-9.307358,8.883583,-41.503326,-10.0893135
1510,25.166666666666668,0.13677937,219.54451409791596,873.2632738041618,246.01909207010996,2050.7002191523206,3025.735606901324,0.013784124859780618,0.05834675697843983,14.685872752144657,-404.59213,121.53644,46.956474,44.193123,26.163551,12.38946,-19.755554,7.842511,-10.471426,-12.577925,-1.874074,-31.341877,-13.176529
1511,25.183333333333334,0.14572251,218.50400288294827,823.7835177388778,255.3043512325761,2213.797353144366,3293.028762905389,0.013784124859780618,0.05834675697843983,14.685872752144657,-419.14743,114.01683,55.01954,46.153927,26.326828,13.392456,-14.162514,14.918323,-14.436034,-12.165491,-1.2014624,-30.990555,-18.273598
1512,25.2,0.15264764,218.15248378879406,1262.0799437495652,273.79399039844645,2511.274149558247,3487.0626237964884,0.013784124859780618,0.05834675697843983,14.685872752144657,-390.2966,104.36641,43.666332,56.914825,37.405167,11.402512,-40.513153,32.511417,-7.116132,-24.795158,-5.859379,-30.381031,-13.935098
1513,25.216666666666665,0.15435985,218.4912697105089,1955.1775994704453,291.0136335786327,2706.831816971771,3277.003970424302,0.013784124859780618,0.05834675697843983,14.685872752144657,-348.6898,101.18457,22.496746,55.867943,43.013706,20.900412,-67.81517,30.577805,1.8369448,-20.294628,-1.7506574,-43.73461,-5.555273
1514,25.233333333333334,0.14887092,219.33415625000197,2238.785788076867,299.6927424697404,2370.6611674179157,2915.5619150632706,0.013784124859780618,0.05834675697843983,14.685872752144657,-323.3043,109.9906,6.7317476,39.618942,38.920883,38.397366,-69.28908,6.5701256,-11.071902,-4.982129,13.81028,-54.777176,-7.5038524
1515,25.25,0.14405192,220.36584265751253,2208.426519766601,320.88483899912063,1992.450387161565,2340.3665359909764,0.013784124859780618,0.05834675697843983,14.685872752144657,-306.5224,124.091934,7.1998744,13.480328,21.042715,48.480743,-54.782463,-1.665264,-29.164673,-9.456859,21.617924,-33.1605,-5.1358085
1516,25.266666666666666,0.13504982,221.80399977936722,1727.6753786330078,365.8783020602333,1529.553285109029,2062.689181056186,0.013784124859780618,0.05834675697843983,14.685872752144657,-310.42673,145.37808,15.310396,-5.588625,-2.790572,37.88797,-36.45508,7.5647297,-28.741867,-13.853301,19.580833,-23.113323,-0.08110887
1517,25.283333333333335,0.12290033,223.49187226564212,1590.41906303461,399.9413304426103,1072.3787989448033,1885.466615741395,0.013784124859780618,0.05834675697843983,14.685872752144657,-324.63174,149.86014,27.389744,-9.443424,-13.360735,24.441002,-26.898413,12.179071,-34.86921,-10.151828,7.8359866,-30.249311,-0.34951127
1518,25.3,0.1134413,225.01821758426297,1415.5074794929662,424.0223944351978,1073.7461138710046,2094.4847220691686,0.013784124859780618,0.05834675697843983,14.685872752144657,-327.89386,160.1866,35.010635,-16.456442,-26.816952,16.482626,-19.232147,13.913931,-28.31505,-5.778266,5.364386,-31.229492,-4.097361
1519,25.316666666666666,0.113176346,226.07547901516216,1347.5546117648564,550.311733603568,1265.9039487501836,2278.6558192416437,0.013784124859780618,0.05834675697843983,14.685872752144657,-329.336,161.88353,33.62168,-14.065575,-30.55049,11.273399,-15.60602,6.65864,-28.719967,-6.674096,2.019621,-29.859295,-1.434037
1520,25.333333333333332,0.11430735,225.49640487519844,1251.0330361484075,565.2665434071065,1242.0201779790596,2378.5006991336886,0.013784124859780618,0.05834675697843983,14.685872752144657,-324.6134,162.6114,24.103619,-9.486153,-22.474627,11.14879,-17.173796,5.76505,-22.361734,-9.696852,-2.949314,-30.829168,4.440082
1521,25.35,0.11236072,221.9698452660768,1054.609743302236,386.81473652038795,1136.9622108310602,1838.508591586566,0.013784124859780618,0.05834675697843983,14.685872752144657,-326.44043,181.67873,27.198078,-14.286046,-3.7508037,23.22058,-23.997936,-10.511663,-17.61147,-9.811394,-9.438791,-29.39225,6.123395
1522,25.366666666666667,0.10061459,217.018156781709,713.7629939049618,280.2680731319647,1407.074788901175,1838.5177946359127,0.013784124859780618,0.05834675697843983,14.685872752144657,-369.16833,192.3068,48.44767,-19.022266,1.7096703,25.303549,-2.726303,-19.516975,-21.91972,-12.546736,-11.267372,-14.645105,-9.03401
1523,25.383333333333333,0.10101144,218.72200069422664,1827.7954977442314,265.98308232797586,1454.9248799049203,2130.7431351792943,0.013784124859780618,0.05834675697843983,14.685872752144657,-287.91302,178.45657,28.624445,-24.676025,-41.34056,43.84716,1.6233058,-12.487006,-25.555714,14.512128,-8.200949,-31.409504,-1.8167031
1524,25.4,0.10485525,221.69123267290567,1216.5111689097544,300.59031375898394,1692.2382578427798,2614.266603434213,0.013784124859780618,0.05834675697843983,14.685872752144657,-313.0632,172.5307,24.118355,-4.677391,-5.6112328,39.54464,-2.8892891,-6.704687,-32.062084,-6.460026,5.763709,-36.446266,-11.458317
1525,25.416666666666668,0.11015021,218.02408367582146,1277.4608390362948,283.20736435783056,1544.7666204135785,2809.63040949351,0.013784124859780618,0.05834675697843983,14.685872752144657,-340.94446,146.25858,19.511587,7.897336,-1.1390464,26.224749,-4.637551,5.608023,-29.598011,-20.176445,4.5008583,-25.74346,-2.7021484
1526,25.433333333333334,0.10669885,218.38776225910908,1194.1399981469883,249.38060379796957,1441.2122140740937,2615.202436410171,0.013784124859780618,0.05834675697843983,14.685872752144657,-351.41736,149.96417,30.024136,5.4349236,-10.788418,20.85865,3.990168,16.496334,-12.846454,-11.830652,1.994542,-28.735115,-15.727873
1527,25.45,0.10097363,218.1698358206704,862.1447312919763,228.34167445803084,1313.6982745610585,2383.363542407359,0.013784124859780618,0.05834675697843983,14.685872752144657,-395.44885,146.88664,39.878048,-0.49785745,-14.219019,10.74995,24.74042,23.329239,-6.4883814,-6.190951,-1.9965974,-21.325459,-15.770609
1528,25.466666666666665,0.09167404,213.40364927334286,737.4324753731267,220.4530794510299,1268.9767555237374,2305.6232824664053,0.013784124859780618,0.05834675697843983,14.685872752144657,-420.94604,144.51044,50.639038,0.22392759,-12.64905,6.440076,26.234112,20.160156,-4.5936127,-3.0840244,-7.8052464,-23.503307,-13.456232
1529,25.483333333333334,0.075362444,213.25682697483774,788.5362169676306,224.01610107694907,1282.7910836977362,2315.1680215898823,0.013784124859780618,0.05834675697843983,14.685872752144657,-421.21786,148.6903,52.10711,-5.7947803,-16.74707,4.7490177,24.721165,20.834736,0.11050826,-3.9342816,-13.290377,-21.364933,-8.116388
1530,25.5,0.05563424,215.30615078650678,854.1830873493595,224.06508619508799,1351.3997277056346,2569.142401483124,0.013784124859780618,0.05834675697843983,14.685872752144657,-440.07376,128.2058,41.62123,-1.2344699,-3.8722396,13.564083,23.964573,14.216386,3.244563,4.7572317,-4.4752746,-15.428989,-7.7016435
1531,25.516666666666666,0.036957875,216.48861353092758,973.09691959911,223.24519997142025,1429.9738305028218,2759.8717980668575,0.013784124859780618,0.05834675697843983,14.685872752144657,-454.55933,114.72296,38.131027,0.44338673,1.3767443,19.13641,26.995598,16.272491,4.656277,2.6110964,-5.218434,-11.0245905,-3.5667942
1532,25.533333333333335,0.021878287,216.0252683517351,1226.0029883561233,227.237890502198,1513.8825436068867,2673.243917518841,0.013784124859780618,0.05834675697843983,14.685872752144657,-472.15912,103.74447,42.75582,4.535823,-0.025952399,13.700139,22.360401,13.836138,3.866197,3.139772,0.14235544,-6.595,-11.614456
1533,25.55,0.0114666885,215.47535589407136,1426.8405891600223,223.13441513091135,1489.4494275259888,2494.1465450735604,0.013784124859780618,0.05834675697843983,14.685872752144657,-492.07477,86.65017,42.79827,10.95336,6.7387295,18.956985,25.982021,18.146332,4.7322035,-3.3240943,-6.984498,-11.381187,-17.797588
1534,25.566666666666666,0.0066989614,0.0,1834.9418621280793,225.34510708596054,1528.8988839701924,2365.867074429832,0.013784124859780618,0.05834675697843983,14.685872752144657,-499.12964,79.00837,38.893387,8.591223,4.202838,15.127937,20.869707,13.670278,2.1425006,-3.3483949,-3.037342,-4.5969987,-11.686925
1535,25.583333333333332,0.0037659192,0.0,2105.54727896452,459.7854204492621,1609.792163461598,2544.5241697181855,0.013784124859780618,0.05834675697843983,14.685872752144657,-510.65894,65.366646,31.300222,6.815735,6.2017508,19.072777,25.043,16.103401,2.1162817,-3.904582,-1.3634194,-0.6866451,-8.790024
1536,25.6,0.0022835303,0.0,2557.4141663880823,623.9957277295217,1593.238281212024,2866.052775613243,0.013784124859780618,0.05834675697843983,14.685872752144657,-524.15247,53.85209,35.06344,19.178078,14.031069,16.334053,17.31809,12.436169,4.6288843,-0.95989907,-3.3658009,-5.849942,-10.62138
1537,25.616666666666667,0.002072119,0.0,2264.9174351945358,238.2283796910062,1548.1240724753814,2485.9083265381837,0.013784124859780618,0.05834675697843983,14.685872752144657,-535.2536,43.94594,37.12778,28.681515,21.038403,15.306622,11.199589,7.806698,4.3640885,0.51830995,-3.7477908,-8.135521,-11.96859
1538,25.633333333333333,0.0017517597,0.0,2710.6285643484607,254.7424209203857,1682.0461119430465,2858.2555976235285,0.013784124859780618,0.05834675697843983,14.685872752144657,-542.4446,35.35695,32.349743,27.832233,22.397861,16.64001,11.026719,5.844058,1.2174219,-2.813903,-6.213668,-8.900486,-10.756485
1539,25.65,0.0010606068,0.0,2956.408224120244,262.290344989556,1723.211862715777,3000.5996427008204,0.013784124859780618,0.05834675697843983,14.685872752144657,-545.9573,30.515638,27.852024,23.80875,18.891079,13.65329,8.595733,4.086706,0.32657406,-2.642418,-4.8899937,-6.534944,-7.6876554
1540,25.666666666666668,0.00092608936,0.0,3499.694255407488,253.0112202229578,1537.1720480126519,2698.4998945884104,0.013784124859780618,0.05834675697843983,14.685872752144657,-548.49554,27.241026,25.442991,22.599937,18.924625,14.682151,10.162867,5.6546435,1.417665,-2.3353884,-5.452586,-7.848383,-9.502658
1541,25.683333333333334,0.0006176759,0.0,3337.989224577662,259.6543391610864,1509.1739368195213,2608.967617105953,0.013784124859780618,0.05834675697843983,14.685872752144657,-553.2585,20.710676,19.50563,17.57624,15.034721,12.026171,8.717859,5.287111,1.9089134,-1.2559025,-4.0705605,-6.4302206,-8.266622
1542,25.7,0.0002855843,0.0,2935.7276861452,0.0,0.0,0.0,0.013784124859780618,0.05834675697843983,14.685872752144657,-558.36664,13.6202965,12.806772,11.49951,9.768131,7.70374,5.4131975,3.012341,0.6188684,-1.6547688,-3.707921,-5.45732,-6.8413153
