Frame,Time_Seconds,Volumen_RMS,Pitch_F0,Centroide_Espectral,Formante_F1,Formante_F2,Formante_F3,Jitter_Global,Shimmer_Global,HNR_Global,MFCC_1,MFCC_2,MFCC_3,MFCC_4,MFCC_5,MFCC_6,MFCC_7,MFCC_8,MFCC_9,MFCC_10,MFCC_11,MFCC_12,MFCC_13
0,0.0,1.5089105e-06,0.0,15465.86321651909,0.0,0.0,0.0,0.01857034474584411,0.0727455930723943,13.751228996802553,-530.7137,0.0,0.0,0.0,0.0,0.0,0.0,0.0,0.0,0.0,0.0,0.0,0.0
1,0.016666666666666666,6.098745e-05,0.0,9479.166592451747,0.0,0.0,0.0,0.01857034474584411,0.0727455930723943,13.751228996802553,-530.7137,0.0,0.0,0.0,0.0,0.0,0.0,0.0,0.0,0.0,0.0,0.0,0.0
2,0.03333333333333333,0.0002035113,0.0,10642.885399864957,875.3115509119732,1641.3046738649732,2746.324484516285,0.01857034474584411,0.0727455930723943,13.751228996802553,-530.5357,0.25022554,0.24564324,0.2380656,0.22758703,0.21433675,0.19847448,0.18019202,0.15971655,0.13729072,0.11319442,0.08771767,0.061172158
3,0.05,0.00026714845,0.0,10635.24157865441,925.7718942390878,1559.2003293625596,2700.1398090545945,0.01857034474584411,0.0727455930723943,13.751228996802553,-526.2439,6.272914,6.129032,5.8935175,5.5726404,5.174905,4.710699,4.191999,3.6319423,3.0443985,2.4434967,1.8431864,1.2567815
4,0.06666666666666667,0.00028347067,0.0,10494.605643749876,1332.3140129961962,2079.9311799337806,3378.6371239741297,0.01857034474584411,0.0727455930723943,13.751228996802553,-528.22815,3.4877107,3.4062514,3.2732327,3.092648,2.869914,2.6115956,2.325231,2.0190077,1.7014992,1.3813033,1.0667784,0.7657213
5,0.08333333333333333,0.00027507904,0.0,10519.773565849384,1253.5546979774608,2310.053260004564,3184.7271886702165,0.01857034474584411,0.0727455930723943,13.751228996802553,-527.9012,3.9472275,3.857249,3.7105346,3.5118077,3.2674143,2.9850526,2.6734672,2.342093,2.000642,1.6588044,1.3257784,1.0099715
6,0.1,0.00028088072,0.0,10081.924376798408,1336.689912934098,2143.4562907658665,3211.171009540823,0.01857034474584411,0.0727455930723943,13.751228996802553,-527.6977,4.215785,4.0716867,3.8462987,3.5599618,3.237771,2.9066572,2.592365,2.3166032,2.094758,1.9344052,1.8348207,1.787509
7,0.11666666666666667,0.0002720853,0.0,9885.808368843558,741.0126798599092,1815.1168615399483,3223.9315859637018,0.01857034474584411,0.0727455930723943,13.751228996802553,-527.2141,4.8487587,4.564608,4.1413903,3.6345925,3.0912185,2.5364504,1.9722441,1.3877451,0.77620494,0.14994729,-0.4543067,-0.9825382
8,0.13333333333333333,0.00029584128,0.0,10265.605554393336,471.44158342008774,1508.4028541980479,2743.469352545578,0.01857034474584411,0.0727455930723943,13.751228996802553,-526.9223,5.305376,5.137945,4.866249,4.500968,4.0563025,3.5493226,2.9991255,2.4259548,1.8502598,1.2917126,0.76836836,0.29587045
9,0.15,0.00027380176,0.0,10101.756541121356,444.144060190851,1578.9802048456113,2789.1430721670163,0.01857034474584411,0.0727455930723943,13.751228996802553,-526.5345,5.7878036,5.4285226,4.856867,4.1108665,3.2386334,2.293982,1.3316059,0.40243506,-0.4503417,-1.1943152,-1.8094214,-2.2881923
10,0.16666666666666666,0.0002652994,0.0,10090.10539510544,753.6481699702894,1907.3105431754218,2774.5753788366756,0.01857034474584411,0.0727455930723943,13.751228996802553,-529.1133,2.195619,1.998792,1.6910636,1.3005017,0.8618705,0.41276592,-0.010458201,-0.37654513,-0.66245455,-0.8554037,-0.9536263,-0.96577394
11,0.18333333333333332,0.00025801637,0.0,10045.242301145387,916.0963791186002,2009.167608908974,2979.155028647059,0.01857034474584411,0.0727455930723943,13.751228996802553,-528.8286,2.6357098,2.546741,2.404209,2.2162066,1.9930822,1.7465279,1.4886513,1.2309949,0.9836703,0.754696,0.54952455,0.3708853
12,0.2,0.0002929768,0.0,10173.622540462298,1509.5894696375526,2433.3171454658313,3554.788785202432,0.01857034474584411,0.0727455930723943,13.751228996802553,-527.41907,4.595567,4.409883,4.118182,3.7451348,3.3214946,2.8809323,2.456476,2.077204,1.7653805,1.53449,1.3882167,1.3206135
13,0.21666666666666667,0.00031066235,0.0,9722.853301974472,948.8925291307918,2235.4455261473263,3225.9179491539035,0.01857034474584411,0.0727455930723943,13.751228996802553,-526.1286,6.4134417,6.205922,5.876276,5.446974,4.946024,4.4040155,3.8510723,3.3139777,2.8139262,2.365002,1.9737308,1.6395085
14,0.23333333333333334,0.00033044722,0.0,10028.242067583575,1056.0676794547508,2339.373737878966,3238.4026495976377,0.01857034474584411,0.0727455930723943,13.751228996802553,-527.2728,4.842762,4.7737594,4.662374,4.5136576,4.333996,4.1304755,3.910242,3.67985,3.4446678,3.2085257,2.973414,2.7395086
15,0.25,0.00033931763,0.0,10113.69628669397,1247.975861222414,2378.1109164954482,3332.887552228087,0.01857034474584411,0.0727455930723943,13.751228996802553,-526.3274,6.1820703,6.118981,6.014708,5.870554,5.6883125,5.4702215,5.21894,4.9374943,4.6292286,4.2977333,3.946806,3.5803668
16,0.26666666666666666,0.0003251361,0.0,9642.28560681813,719.2900270348649,1850.8476242584766,3062.817185603168,0.01857034474584411,0.0727455930723943,13.751228996802553,-525.03204,7.985363,7.837565,7.5953913,7.26491,6.854375,6.373884,5.8351192,5.250926,4.6349325,4.001094,3.363286,2.7348561
17,0.2833333333333333,0.00033759302,0.0,10273.740783327929,1197.4062947272494,2226.7050445872187,3319.0451987067954,0.01857034474584411,0.0727455930723943,13.751228996802553,-526.8009,5.490094,5.361066,5.1507406,4.865985,4.515949,4.1116414,3.6654358,3.1905203,2.7003174,2.2079115,1.7255344,1.2641127
18,0.3,0.00031987618,0.0,9944.894146342076,891.3772825725101,2083.769675143661,2958.7464629038095,0.01857034474584411,0.0727455930723943,13.751228996802553,-524.8834,8.020065,7.3922024,6.4893856,5.477731,4.511508,3.6933713,3.0587819,2.5873318,2.2318668,1.9498134,1.7214121,1.548187
19,0.31666666666666665,0.000337022,0.0,10641.909179336264,1200.977200461767,2184.057640259174,3408.4891930485587,0.01857034474584411,0.0727455930723943,13.751228996802553,-527.0864,5.0718946,4.900291,4.620778,4.242803,3.7790523,3.2449465,2.6580095,2.0371697,1.4020269,0.77208316,0.16600908,-0.3990499
20,0.3333333333333333,0.00031206047,0.0,9853.556418268867,981.1362259684578,2261.5129339431414,3441.2540012122627,0.01857034474584411,0.0727455930723943,13.751228996802553,-525.4855,7.305311,7.0469227,6.6394367,6.114226,5.509059,4.8631372,4.2122726,3.5848734,2.9994254,2.4636497,1.9755622,1.5259411
21,0.35,0.00031338015,0.0,10727.027059143527,744.1049579093254,1918.1511396135816,2700.029617672973,0.01857034474584411,0.0727455930723943,13.751228996802553,-529.53937,1.6093459,1.463287,1.2452514,0.98740643,0.72439903,0.48612222,0.29195818,0.14784563,0.046732962,-0.02781269,-0.09597653,-0.17553502
22,0.36666666666666664,0.0003414997,0.0,10618.952760514363,821.3945091254911,1878.1027811652152,2920.534884993228,0.01857034474584411,0.0727455930723943,13.751228996802553,-527.38074,4.693039,4.6320124,4.531604,4.393715,4.220957,4.0165124,3.7841094,3.5278654,3.2522078,2.9617147,2.6610265,2.3547015
23,0.38333333333333336,0.00036227892,0.0,10342.148309068134,1356.4169039612366,2548.0731682367186,3473.8217091017696,0.01857034474584411,0.0727455930723943,13.751228996802553,-525.1204,7.730497,7.579814,7.094606,6.6563063,5.952215,5.323341,4.527316,3.8325148,3.0800774,2.4395347,1.8430551,1.3448687
24,0.4,0.00036075173,0.0,10656.411747202277,826.6367046072364,1770.579551722206,2588.0980990015255,0.01857034474584411,0.0727455930723943,13.751228996802553,-527.3574,4.616293,4.541157,4.238318,4.0228534,3.660193,3.419456,3.118611,2.939916,2.7595599,2.65157,2.5642645,2.465527
25,0.4166666666666667,0.00032189736,0.0,11141.00304919825,877.9954445329981,1688.3570569416715,2669.411295934406,0.01857034474584411,0.0727455930723943,13.751228996802553,-528.95325,2.1659474,2.4259377,2.0648487,2.250757,1.8913054,2.0048432,1.6883571,1.7343777,1.4926219,1.4709287,1.3181819,1.2209297
26,0.43333333333333335,0.00031496407,0.0,11052.546171771115,756.9323405433818,1909.0796727452414,2789.7186800740806,0.01857034474584411,0.0727455930723943,13.751228996802553,-528.74384,2.6939788,2.4322357,2.040173,1.5757773,1.1053551,0.6919231,0.38453132,0.21023017,0.1702879,0.24115324,0.37996605,0.53342307
27,0.45,0.00033696042,0.0,10966.254303728676,822.4674155456381,1947.7905068617738,3289.6755854883363,0.01857034474584411,0.0727455930723943,13.751228996802553,-527.16235,4.46389,4.718857,3.9220846,3.8916755,2.9930964,2.7599885,1.9284613,1.5996699,0.98558545,0.6486752,0.34114027,0.035228677
28,0.4666666666666667,0.00036497135,0.0,11464.108607909795,925.4940524838112,2035.1259853855772,3358.1780865263886,0.01857034474584411,0.0727455930723943,13.751228996802553,-527.83386,2.589369,3.941049,2.463216,3.5656376,2.2362795,2.9991667,1.9486375,2.3113604,1.639036,1.5705036,1.331224,0.83010453
29,0.48333333333333334,0.00034855408,0.0,11322.99374083705,847.752968524662,2181.1887638899643,3193.8588109775324,0.01857034474584411,0.0727455930723943,13.751228996802553,-527.3532,4.1794777,4.1317687,3.0500064,2.5656807,1.3395351,0.7864743,-0.14376965,-0.41908455,-0.7526629,-0.61131585,-0.3264718,0.09558246
30,0.5,0.00033213073,0.0,10863.915302180112,782.7053879614759,1728.9425559177837,2873.9057719636457,0.01857034474584411,0.0727455930723943,13.751228996802553,-526.9676,5.251815,5.1154613,4.893218,4.59239,4.222816,3.796465,3.3269982,2.8292332,2.3185737,1.810457,1.3197532,0.86023057
31,0.5166666666666667,0.00031866107,0.0,10424.323227996516,558.1371574039803,1694.6297509881326,2589.9418905417924,0.01857034474584411,0.0727455930723943,13.751228996802553,-526.4516,5.972472,5.811222,5.5547676,5.219853,4.826823,4.3970766,3.9505572,3.503631,3.0675921,2.6482291,2.246119,1.8579376
32,0.5333333333333333,0.00030322457,0.0,10889.73979630816,912.0485927812985,2102.6458549028744,2336.8353381641377,0.01857034474584411,0.0727455930723943,13.751228996802553,-529.69135,1.2821138,1.2773085,0.97386825,0.8493582,0.50149536,0.3544054,0.078156754,0.0003183484,-0.12372352,-0.09469223,-0.058149785,0.043096215
33,0.55,0.00029890196,0.0,10372.4730860739,784.9399525908448,2027.6819597275223,3015.128563230126,0.01857034474584411,0.0727455930723943,13.751228996802553,-529.2296,2.0845728,2.0427775,1.9764407,1.890082,1.7892208,1.6796573,1.5668406,1.4552597,1.3480542,1.2468367,1.1517415,1.0616844
34,0.5666666666666667,0.0003204085,0.0,10506.768122452202,938.0541883630159,1975.6459563034605,3240.7749065431626,0.01857034474584411,0.0727455930723943,13.751228996802553,-528.5896,2.5132723,2.9585004,2.4577029,2.8246927,2.3492234,2.6101744,2.1929247,2.3270197,1.995905,1.9907277,1.7666838,1.619148
35,0.5833333333333334,0.0003396868,0.0,11007.428966288677,1009.3364395370779,1740.0737723144198,3005.7937617254265,0.01857034474584411,0.0727455930723943,13.751228996802553,-528.52905,2.747507,3.0518699,2.6964977,2.940064,2.595461,2.7582278,2.4463556,2.5128965,2.2521117,2.2127895,2.0166118,1.8683878
36,0.6,0.00035111437,0.0,10838.678846290883,1085.14505771272,1673.7447183281097,2860.7308467785815,0.01857034474584411,0.0727455930723943,13.751228996802553,-528.2251,3.501781,3.4504378,3.3696616,3.2647781,3.1405988,3.000639,2.847507,2.6840606,2.5144455,2.3442907,2.179685,2.025526
37,0.6166666666666667,0.00036682497,0.0,10616.934485067692,1205.9557879389458,2405.837846974035,3471.481986149275,0.01857034474584411,0.0727455930723943,13.751228996802553,-527.1505,4.765171,4.137452,3.5782323,3.391574,3.5221014,3.6201203,3.3556473,2.7138033,2.020532,1.675756,1.818681,2.2073135
38,0.6333333333333333,0.00040955623,0.0,9912.434887361276,1115.8853220307892,2267.284711005069,3289.811885207241,0.01857034474584411,0.0727455930723943,13.751228996802553,-524.40015,8.648619,7.9241066,7.032112,6.245969,5.6824007,5.258035,4.7804136,4.1094246,3.2793102,2.4978433,2.0216525,1.9888065
39,0.65,0.0004406515,0.0,11119.556511181732,1102.6549276486599,2009.536039913669,2912.6010897999217,0.01857034474584411,0.0727455930723943,13.751228996802553,-525.5842,6.292815,6.4639707,5.0601435,4.963212,3.9172983,3.9657965,3.4429822,3.336454,2.9675465,2.4114733,2.1766877,1.4604535
40,0.6666666666666666,0.00051860255,0.0,11770.466325083127,1335.4031280794347,2024.905614281897,3076.682269407327,0.01857034474584411,0.0727455930723943,13.751228996802553,-525.1676,5.9950905,7.317642,5.200895,5.9132347,3.910365,4.082143,2.5982637,2.3831515,1.7243674,1.272862,1.5496566,0.9435693
41,0.6833333333333333,0.00080081174,0.0,13432.985876547258,1468.28560244264,2121.4719791602647,3035.530343475729,0.01857034474584411,0.0727455930723943,13.751228996802553,-521.75635,3.1722155,11.893297,3.0419202,9.767773,2.9246814,6.814522,3.0217118,3.7048407,3.4640083,1.0406884,4.2070293,-0.81743085
42,0.7,0.0011007059,0.0,14628.310951251342,1168.4105556907568,2204.071963927066,3218.125605319854,0.01857034474584411,0.0727455930723943,13.751228996802553,-520.91785,-3.8693824,12.935467,-2.709873,10.376213,-0.6042924,6.7088513,2.0556095,2.6672382,4.7668104,-0.99761766,7.0062456,-3.6935768
43,0.7166666666666667,0.0012128474,0.0,14883.86276964874,1059.5209001405065,2170.476645854579,2994.528470401525,0.01857034474584411,0.0727455930723943,13.751228996802553,-521.31213,-5.571699,12.213366,-4.52404,9.201773,-2.644782,4.8747363,-0.27224618,0.069983326,2.174594,-4.287327,4.253745,-7.401498
44,0.7333333333333333,0.0011098608,0.0,14416.879045687518,719.3271888446505,1943.418500410813,2821.944009116478,0.01857034474584411,0.0727455930723943,13.751228996802553,-520.8347,-2.4549625,12.928866,-1.8193936,10.034992,-0.61912596,5.9221144,0.99512446,1.4502645,2.786749,-2.5199442,4.447051,-5.3376427
45,0.75,0.0010158835,0.0,14196.445713680178,719.0957984690768,1649.0450103525782,2726.106591243805,0.01857034474584411,0.0727455930723943,13.751228996802553,-521.142,-1.3493207,12.139512,-1.5205963,8.503744,-1.423036,3.7102928,-0.8722552,-1.210892,0.13543421,-5.1032777,1.7386036,-7.014633
46,0.7666666666666667,0.0009574115,0.0,13667.932701529518,899.4093553929226,2040.1832429441952,3270.6988233760835,0.01857034474584411,0.0727455930723943,13.751228996802553,-519.1482,1.8251178,15.228255,2.064621,12.341242,2.9177985,8.610643,4.36009,4.6078806,5.8104715,0.73309004,6.817791,-2.3549743
47,0.7833333333333333,0.0008875997,0.0,13667.150297355038,850.4050045838767,1893.8717735610203,2939.1970977535907,0.01857034474584411,0.0727455930723943,13.751228996802553,-522.86365,-1.4754148,9.792976,-1.5563743,7.2853594,-0.5623431,4.2226963,0.73257774,0.94281423,2.581256,-1.3580592,4.4656773,-3.1017337
48,0.8,0.0008399183,0.0,13474.349323561051,1014.5689151840916,2061.892776840348,3368.8502739197565,0.01857034474584411,0.0727455930723943,13.751228996802553,-524.0535,-1.4964337,8.6829815,-1.0980988,6.674389,-0.28883803,3.9029977,0.877249,0.9815655,2.2034087,-1.5734916,3.3688333,-3.432089
49,0.8166666666666667,0.00086528563,0.0,13333.640002293456,1278.055056415236,2236.9934428940337,3407.392818575211,0.01857034474584411,0.0727455930723943,13.751228996802553,-520.40234,2.1751366,13.394531,1.8945763,10.369567,1.7739172,6.284362,1.8445778,1.9035428,2.3245716,-1.5665491,3.5054173,-3.484192
50,0.8333333333333334,0.0010154397,0.0,13551.995211728645,1035.9186868099555,2279.274182995672,3365.697576842752,0.01857034474584411,0.0727455930723943,13.751228996802553,-521.6262,-0.29975784,10.715496,-0.7956019,7.253127,-0.28736615,5.492638,1.9010277,3.3840466,4.002945,-0.5339174,4.3208,-3.569699
51,0.85,0.0012860218,0.0,13644.981340863413,1016.3006734381016,2104.057862574428,2999.1771441450505,0.01857034474584411,0.0727455930723943,13.751228996802553,-516.59784,-4.126377,14.269548,-0.08153625,8.097035,-0.6249044,6.764543,-2.6503897,0.5502045,2.5656996,-7.933882,5.4957027,-10.008956
52,0.8666666666666667,0.0015440602,0.0,13757.384853285299,1065.4178412913436,2378.315777991618,3146.1855979231013,0.01857034474584411,0.0727455930723943,13.751228996802553,-512.483,-7.920417,16.44814,0.61939675,7.7520003,-1.4977024,9.487615,-2.921236,1.558482,6.9745884,-10.57737,9.954528,-8.77033
53,0.8833333333333333,0.0016809677,0.0,13666.426700541984,621.9080448365893,1838.581714434831,3021.9097310470133,0.01857034474584411,0.0727455930723943,13.751228996802553,-506.81598,-5.3879538,22.837303,2.879304,10.57386,0.1167579,8.572662,-2.0803185,-0.9932083,7.4717894,-11.863849,10.458718,-10.134825
54,0.9,0.0017774584,0.0,13498.701384699183,623.6933463932165,1789.6935819941357,2864.9552486355797,0.01857034474584411,0.0727455930723943,13.751228996802553,-507.4974,-10.312166,19.911484,1.6013229,8.206158,0.18222892,7.7816067,-1.8532071,-4.0391107,8.739981,-12.800615,10.160623,-7.4633346
55,0.9166666666666666,0.0018544993,0.0,13870.24788142219,785.8867979366013,1679.8512521677833,2976.0498907412816,0.01857034474584411,0.0727455930723943,13.751228996802553,-505.77322,-11.75989,21.943626,0.99096286,8.888406,1.138181,8.433796,2.0631323,-1.6331474,11.407583,-10.496873,10.177956,-8.000959
56,0.9333333333333333,0.0020386495,0.0,14130.236087143749,893.7692855698969,1888.820364176792,2987.043903863364,0.01857034474584411,0.0727455930723943,13.751228996802553,-507.60764,-21.678856,18.712208,-4.7430005,4.855698,-2.2546911,4.960498,-0.14109528,-4.118465,12.029039,-12.501094,12.587,-8.082935
57,0.95,0.002045814,0.0,13427.932653308413,795.2026908525902,1842.1143181878404,2913.9163058543563,0.01857034474584411,0.0727455930723943,13.751228996802553,-496.47305,-16.801418,25.100391,4.809574,3.3611965,-0.85378075,4.4360003,-3.2227955,-7.7912445,12.879782,-14.228925,13.787523,-4.385727
58,0.9666666666666667,0.0018670599,0.0,13728.862129045476,936.3517713822063,1775.3082278034078,2806.7861835989943,0.01857034474584411,0.0727455930723943,13.751228996802553,-506.58218,-18.135933,17.598808,-1.6963403,3.0634217,-1.7594051,4.005087,0.030979382,-5.8026457,10.243986,-10.360193,10.284762,-3.3410568
59,0.9833333333333333,0.0015492565,0.0,13244.782690370892,1014.4426633501561,1765.64605611398,2993.591365232336,0.01857034474584411,0.0727455930723943,13.751228996802553,-510.89682,-15.197815,16.145645,-1.2600183,3.3652012,1.6272575,3.006791,0.48372677,-2.8944619,6.683901,-9.91955,8.269386,-8.143352
60,1.0,0.0013380502,0.0,13369.818288307162,1174.8657353274646,2245.6697935827115,3033.4155429033226,0.01857034474584411,0.0727455930723943,13.751228996802553,-516.8727,-10.136168,13.387396,-2.2615395,5.487362,0.27732092,3.2295496,0.8345585,-1.7965817,5.9493446,-7.592737,7.7429757,-6.4438505
61,1.0166666666666666,0.001213471,0.0,13276.34241509017,684.3827718987392,1690.9032732913047,2782.1269253641326,0.01857034474584411,0.0727455930723943,13.751228996802553,-515.5288,-7.024338,15.932409,-1.3471259,8.097551,0.78425044,4.104544,1.3100915,-1.9866352,5.4513674,-7.7726803,7.709824,-7.045729
62,1.0333333333333334,0.0011995345,0.0,13438.242751482214,1095.0098359278284,1900.1871016169189,2936.5252117358596,0.01857034474584411,0.0727455930723943,13.751228996802553,-518.4667,-7.261564,13.269552,-3.1953306,7.093852,-0.09408203,4.102242,2.4547858,0.057746656,6.188197,-5.377502,7.392703,-6.3865757
63,1.05,0.0010496267,0.0,13649.021649518358,1148.9884973686167,2289.958895721464,3389.1027379274574,0.01857034474584411,0.0727455930723943,13.751228996802553,-521.37866,-6.9543962,10.148043,-2.9652405,6.4604044,-1.5793504,4.9106336,0.0375195,0.27034697,4.676156,-4.7529573,6.1416674,-4.992902
64,1.0666666666666667,0.00091466686,0.0,13367.647204934749,724.4567121936077,1619.4105604697957,2957.995454946038,0.01857034474584411,0.0727455930723943,13.751228996802553,-520.4211,1.9681237,13.539453,2.3867815,10.788939,3.0004048,6.946926,3.6412187,2.7186809,4.165821,-1.1151466,4.332721,-3.8855371
65,1.0833333333333333,0.0007853731,0.0,13465.035664248062,1168.1602549885256,2203.0490669807773,3503.2876807627727,0.01857034474584411,0.0727455930723943,13.751228996802553,-522.43604,0.2564817,10.943871,0.64668584,8.816587,1.3271849,5.72805,2.17061,2.2230906,3.0179036,-1.0728693,3.6810398,-3.5991387
66,1.1,0.0006954919,0.0,13113.97275501971,1131.6502824182473,2376.1818900814064,3404.6954562468854,0.01857034474584411,0.0727455930723943,13.751228996802553,-524.45795,0.69362134,8.330101,1.0230045,6.8850965,1.6350032,4.803029,2.4385943,2.490531,3.3054705,0.37456697,4.083991,-1.1931882
67,1.1166666666666667,0.00059506827,0.0,13088.21799578414,1126.9567063588863,2237.142541978922,3247.7830541306985,0.01857034474584411,0.0727455930723943,13.751228996802553,-525.0889,2.530095,7.425807,2.3308063,5.981966,2.0626166,3.9999113,1.9163187,1.9584237,2.0370705,0.27820635,2.4342303,-0.80297875
68,1.1333333333333333,0.00055972993,0.0,13078.783980056936,871.2165435709105,1879.0892165779474,3132.3129311363923,0.01857034474584411,0.0727455930723943,13.751228996802553,-525.7975,1.2953749,6.3647823,0.96306586,4.794642,0.5350304,2.738707,0.35087764,0.78705615,0.6579542,-0.6112423,1.4591551,-1.298401
69,1.15,0.00054896285,0.0,12849.618728376581,894.6893282723223,1721.2144484321063,2797.7005742649117,0.01857034474584411,0.0727455930723943,13.751228996802553,-526.586,-0.0718373,5.2521343,-0.23304543,3.9156554,-0.10831291,2.326048,0.31830582,0.68961847,1.0063673,-0.5428162,2.022582,-1.2158356
70,1.1666666666666667,0.0006328596,0.0,12085.892613180438,836.6505575408979,1691.7166663081812,2780.393033269553,0.01857034474584411,0.0727455930723943,13.751228996802553,-526.47107,2.0340898,5.318777,2.1001437,4.4359484,2.3761578,3.8548205,2.5962267,2.4956763,2.863761,1.143701,3.3259206,0.79108244
71,1.1833333333333333,0.0014003966,0.0,10927.288971528305,1124.3246235416295,2358.2068203483777,3413.073379697097,0.01857034474584411,0.0727455930723943,13.751228996802553,-507.02075,-12.543044,4.8580513,19.027445,-5.1040015,-1.2126281,21.64886,-12.515768,3.9957218,15.538044,-14.97807,10.4407835,2.4864151
72,1.2,0.0014292822,0.0,10965.12563182331,776.9732944350451,1786.2159170927011,2978.183661940203,0.01857034474584411,0.0727455930723943,13.751228996802553,-511.98877,-3.9947095,7.6107836,15.615313,0.03150025,1.3743974,16.193432,-7.000371,3.5215864,11.527479,-9.635433,8.3190775,3.2346816
73,1.2166666666666666,0.00072062656,0.0,12094.408552592251,1239.3792159195596,2311.8332605233645,3664.868130027917,0.01857034474584411,0.0727455930723943,13.751228996802553,-522.04895,3.3280025,10.030785,5.572524,7.941543,4.6877327,8.042032,3.7313533,5.1256056,5.982351,1.0249335,6.166023,0.629374
74,1.2333333333333334,0.0008215049,0.0,11971.431645805544,905.1200388701353,1320.7277118622549,2789.30100633263,0.01857034474584411,0.0727455930723943,13.751228996802553,-521.4745,3.0361276,10.069316,3.0312169,6.313979,1.5797536,5.8373337,2.029054,4.2343664,5.1625776,0.9779017,5.6783066,-0.1736292
75,1.25,0.0028085955,0.0,7456.5627020055645,834.2048025120157,1940.4704739459635,2945.7253555127295,0.01857034474584411,0.0727455930723943,13.751228996802553,-439.8185,60.667454,-6.336336,-22.546621,4.868027,-9.644209,-13.030472,-0.27261353,9.397206,3.957158,1.4586084,12.87167,0.69947135
76,1.2666666666666666,0.022093961,265.6898395066034,4866.874512803975,689.7498943559654,1810.751166181555,2912.7425983722887,0.01857034474584411,0.0727455930723943,13.751228996802553,-346.14658,101.26445,-9.786577,-8.806385,20.721468,-11.889818,-29.57756,1.2296064,-4.991395,-3.9693844,-0.89132124,-3.397818,-19.773628
77,1.2833333333333334,0.072523296,261.7894357087669,3844.658775954452,420.24458080356,1959.5102106244597,2917.172973406007,0.01857034474584411,0.0727455930723943,13.751228996802553,-251.60887,118.229195,9.595507,18.610027,26.926153,6.5988045,-47.613495,-7.2384415,-7.9858556,1.5036757,-2.5953443,-13.184704,-21.402336
78,1.3,0.12221261,252.48169199073592,3230.9358654976495,332.93156253571857,2474.9190349183245,2934.7635494212705,0.01857034474584411,0.0727455930723943,13.751228996802553,-207.46239,120.259125,1.3797705,33.42716,38.763527,8.0874195,-49.316025,-12.396734,-0.5992155,17.301615,-15.876219,-23.531723,-17.332705
79,1.3166666666666667,0.11672879,247.5801790858985,2477.446568613593,272.76685001905565,2454.417864362554,2874.048425373025,0.01857034474584411,0.0727455930723943,13.751228996802553,-261.58862,111.0712,17.10251,47.144474,46.187737,22.155884,-33.745144,-14.6744175,-3.4463422,11.60792,-22.057339,-15.986585,-9.081629
80,1.3333333333333333,0.07913196,250.27164118708984,3785.542980257825,287.2728658221025,2435.322498131417,2551.114173259392,0.01857034474584411,0.0727455930723943,13.751228996802553,-348.45883,93.78038,25.68908,33.373783,48.02747,21.297958,-17.341986,-13.963596,-8.920004,10.709845,-18.579494,-9.728962,-6.4912586
81,1.35,0.016662044,244.67376290990023,5075.493233404202,287.97665502682815,2431.017607109404,2838.892381833822,0.01857034474584411,0.0727455930723943,13.751228996802553,-390.3392,79.7318,31.251396,25.050148,50.185684,17.68093,-29.991058,-18.05106,-1.9015213,8.329783,-19.502855,-13.335613,-14.08428
82,1.3666666666666667,0.014462281,0.0,7343.075529740521,386.07061585545404,2467.4160175188554,2921.1850281420834,0.01857034474584411,0.0727455930723943,13.751228996802553,-377.3176,50.803345,7.7291927,45.003876,49.235107,-10.79866,-19.824196,-9.257689,-11.988036,11.48541,-19.892021,-10.771759,-8.89891
83,1.3833333333333333,0.016448462,0.0,8941.888807824604,623.1817940233119,2431.3628047242178,3169.141345164527,0.01857034474584411,0.0727455930723943,13.751228996802553,-259.68677,10.230492,-7.550954,64.634796,23.163582,-19.34855,-34.656567,-1.592626,-18.091984,18.6969,-26.840904,-9.440961,-14.802616
84,1.4,0.022151483,0.0,8488.653499836411,457.80979201113195,2596.5119038459966,3440.4586220983065,0.01857034474584411,0.0727455930723943,13.751228996802553,-286.74698,-12.305398,-10.190372,83.5095,20.713448,-14.557232,-20.871637,3.5195723,-13.046402,16.018316,-34.645813,-12.637711,-14.960278
85,1.4166666666666667,0.10715656,280.3502790272406,3810.6289277142714,305.1886519014167,2558.748894859406,3324.116046865988,0.01857034474584411,0.0727455930723943,13.751228996802553,-277.1738,65.79715,20.064877,94.99426,42.23095,-7.5241117,-34.907127,-11.961165,-8.021608,12.5758,-35.76786,-27.037956,-9.606134
86,1.4333333333333333,0.15753677,272.2173606998347,2616.9410995906346,296.9752533659423,2480.9244536603437,3025.761423166211,0.01857034474584411,0.0727455930723943,13.751228996802553,-256.3328,90.76862,19.001328,74.86998,51.742607,1.0191038,-57.57525,-10.485424,3.9106169,15.769613,-26.987509,-29.932362,-25.241425
87,1.45,0.16430221,256.43646264460136,3354.462899889994,289.00372852254054,2408.81860842599,2949.776716062161,0.01857034474584411,0.0727455930723943,13.751228996802553,-236.69005,71.72619,13.078638,79.7352,30.162735,9.460655,-31.92255,-22.979465,-3.6229832,22.61318,-34.83779,-30.349617,-21.01291
88,1.4666666666666666,0.13176182,254.18278779402644,7199.409911537088,298.9812399159695,2214.7849747208234,3116.984167317141,0.01857034474584411,0.0727455930723943,13.751228996802553,-176.84357,13.665802,6.068225,85.28117,-1.8775446,19.280252,-28.791817,-14.448331,-17.695965,29.163914,-31.697884,-20.793049,-32.01011
89,1.4833333333333334,0.09581792,0.0,9441.970517252887,501.93591044394714,2408.5574306382496,3729.058348253787,0.01857034474584411,0.0727455930723943,13.751228996802553,-162.9504,-18.294369,15.558289,80.3551,-39.40452,8.820745,-34.11769,-8.144428,-15.806019,36.38462,-36.687363,-9.430172,-32.519447
90,1.5,0.08323511,0.0,10349.907991260709,738.7343419327646,2409.7345090151316,3544.2561739866273,0.01857034474584411,0.0727455930723943,13.751228996802553,-188.0712,-32.21621,21.778046,73.231384,-39.658543,16.578737,-30.910072,-2.4952803,-11.287479,36.345734,-31.31598,-0.18099952,-25.321554
91,1.5166666666666666,0.060919818,0.0,11169.779120808544,479.9618143668937,2376.5803923753665,3413.2445573423392,0.01857034474584411,0.0727455930723943,13.751228996802553,-226.90247,-48.30418,30.131878,64.58179,-32.24399,25.062061,-33.660316,-2.3369243,-8.981376,24.4644,-27.359758,-3.9123685,-22.690683
92,1.5333333333333334,0.050305825,0.0,12387.596145565287,325.1434244274333,2292.357316727189,3200.579086716258,0.01857034474584411,0.0727455930723943,13.751228996802553,-269.4969,-50.64041,37.899918,44.48646,-18.005756,34.766747,-31.468382,11.7626915,-12.371034,23.401344,-19.925285,4.0684557,-21.112211
93,1.55,0.07596694,0.0,10637.805013640622,741.588876431131,2276.6890541286625,3285.496913673854,0.01857034474584411,0.0727455930723943,13.751228996802553,-163.22362,8.676341,14.712029,33.75793,-25.425755,19.625065,-39.559414,5.977995,-15.217327,23.559155,-31.438435,-4.560866,-27.40208
94,1.5666666666666667,0.17462562,294.6366199781441,4806.707155195998,343.94400696056823,2270.7873338349873,2993.341580892282,0.01857034474584411,0.0727455930723943,13.751228996802553,-167.95363,80.19185,21.760975,47.817646,9.339627,17.791016,-36.828827,-9.0251875,-11.553821,18.91853,-32.59915,-12.918814,-25.725407
95,1.5833333333333333,0.22193514,288.3737048137268,2833.6004721477516,398.53625680660116,2598.17475976882,2883.185759269647,0.01857034474584411,0.0727455930723943,13.751228996802553,-174.02602,111.86461,-3.6441882,35.915264,30.120121,12.7951145,-52.789074,-9.87475,-10.062076,3.0436468,-24.18198,-16.654049,-31.40023
96,1.6,0.21186599,282.31294507262504,2207.9356143146633,372.47106953760357,2554.035940463903,3045.0701964195105,0.01857034474584411,0.0727455930723943,13.751228996802553,-191.61833,126.94427,-11.770847,40.22759,27.341625,-11.088565,-39.325333,-13.319053,-25.341541,4.8878913,-20.753532,-26.361526,-24.782104
97,1.6166666666666667,0.1866715,275.1223934303938,2164.28524851781,451.49293688887644,2413.637137321997,3229.209795576677,0.01857034474584411,0.0727455930723943,13.751228996802553,-242.09944,118.031,-15.949947,29.456924,35.904663,-5.155498,-43.754753,-8.028909,-16.965473,-7.715875,-16.550032,-14.7934475,-20.98257
98,1.6333333333333333,0.14186029,270.538444397524,2281.299342923451,331.3864245124792,2052.7430682064787,2798.3818560779127,0.01857034474584411,0.0727455930723943,13.751228996802553,-233.47989,124.99399,-6.053658,41.451584,43.42849,0.44536862,-29.863598,-15.352836,-26.13113,-4.417005,-24.092075,-7.916547,-17.020239
99,1.65,0.102225155,263.2839749975738,2190.9648373714062,293.8238915159563,1874.230922275091,2726.923100832735,0.01857034474584411,0.0727455930723943,13.751228996802553,-279.4594,122.19286,8.620137,33.664867,44.154037,12.329192,-18.841148,-11.943518,-15.993583,-5.9287615,-16.705482,-2.2036781,-19.08678
100,1.6666666666666667,0.04752875,266.7233232253525,3650.075250420289,292.45562078358114,1821.725250933275,2808.8539197088853,0.01857034474584411,0.0727455930723943,13.751228996802553,-369.2376,98.682495,21.761454,26.382298,45.975906,15.465513,-3.4891222,-7.6335187,-15.434924,-6.477238,-18.005768,2.1412778,-11.660601
101,1.6833333333333333,0.015187886,0.0,3925.8340723077154,357.78609504667406,1820.493694106666,2828.3699317554874,0.01857034474584411,0.0727455930723943,13.751228996802553,-408.7125,94.37785,25.267384,24.085426,44.85507,13.618103,-7.427363,-11.93539,-10.952827,-8.841113,-15.029639,-4.5062065,-14.452874
102,1.7,0.007099801,0.0,4282.9162079870375,340.63902320245074,1777.4223651102104,2862.698806542653,0.01857034474584411,0.0727455930723943,13.751228996802553,-454.5743,74.86969,39.885452,33.63212,38.82875,17.851837,-5.05524,-16.232508,-14.26911,-19.426949,-18.77679,-4.5372057,-5.4804606
103,1.7166666666666666,0.005098146,0.0,5717.870886784392,361.4850769376319,1803.0571793129125,2899.4478486732755,0.01857034474584411,0.0727455930723943,13.751228996802553,-480.908,56.953194,38.394127,27.789696,26.118675,12.960211,-2.0587335,-10.903165,-11.353545,-13.772617,-13.626519,-8.46097,-6.6426
104,1.7333333333333334,0.010496272,0.0,5823.732911835836,386.738732116942,1547.090561568983,2845.0578104426677,0.01857034474584411,0.0727455930723943,13.751228996802553,-472.844,71.2642,55.746616,30.660828,11.408653,-8.215408,-18.850882,-22.978186,-20.083508,-13.095837,-6.8992248,-0.23677108,-0.76393354
105,1.75,0.018441742,0.0,4653.005836429221,577.9018558532164,704.7223699947896,2759.9038794857233,0.01857034474584411,0.0727455930723943,13.751228996802553,-387.93536,101.89079,101.17746,17.86652,-24.572542,-47.078712,-55.10431,-21.564407,-28.704227,-1.1954209,-13.489241,1.1558435,-20.257282
106,1.7666666666666666,0.019479576,0.0,4248.713597703512,606.0266608747748,750.6958199253728,2774.459983296719,0.01857034474584411,0.0727455930723943,13.751228996802553,-408.69727,103.21571,88.779396,20.66177,-19.6972,-44.672264,-48.79747,-22.904575,-23.704346,-6.6602697,-8.517669,-0.05636683,-14.933729
107,1.7833333333333334,0.09959333,275.1752029370473,1901.4637203406169,432.9502172697051,810.5752991173092,2740.2193762253687,0.01857034474584411,0.0727455930723943,13.751228996802553,-377.24957,144.41649,106.20007,29.531872,-16.383728,-45.85946,-42.536827,3.1589108,-8.0133705,5.0611258,3.722279,-6.4695997,-23.72104
108,1.8,0.1820722,272.30785899013244,1476.6917028464936,429.3273530499361,898.8034338288937,2342.546546567508,0.01857034474584411,0.0727455930723943,13.751228996802553,-292.5743,166.92302,83.40697,15.2451725,-21.971485,-56.21775,-42.035393,36.03849,-8.462088,-1.6405568,-5.55939,-35.977356,-31.317932
109,1.8166666666666667,0.23450978,269.1841520580348,1810.8259236152294,506.7282180207262,1089.162946176016,2575.976532215247,0.01857034474584411,0.0727455930723943,13.751228996802553,-245.2948,147.0501,32.902905,-3.9036908,-6.9303946,-31.113087,-25.655231,49.928696,-15.116877,-11.765449,-15.32311,-26.279469,-12.741803
110,1.8333333333333333,0.23832642,264.9258973439728,2292.8813395942816,507.3258494066526,1104.3427650661952,2545.3793213377367,0.01857034474584411,0.0727455930723943,13.751228996802553,-218.69046,129.0392,8.169243,-5.5493574,3.3908253,-8.314122,-38.079365,21.66114,-36.501755,-19.703308,-1.8920059,-8.112411,-5.5954065
111,1.85,0.2189165,262.56740845542095,2649.2957911956382,472.68973294220524,1284.977192528691,2446.0112114312747,0.01857034474584411,0.0727455930723943,13.751228996802553,-209.58914,119.294525,6.055863,-2.8885143,8.3169985,13.96521,-44.638603,0.93121946,-28.162413,-15.529596,-1.6909213,0.53065705,-19.10923
112,1.8666666666666667,0.17289221,258.8409946989793,2530.9314582772886,449.5214038276933,1263.436880531418,2332.8630979680947,0.01857034474584411,0.0727455930723943,13.751228996802553,-206.73956,135.05826,24.76587,8.052209,7.005249,23.123177,-36.314068,-21.904526,-32.314587,-6.2109456,-9.714982,-8.610285,-19.516827
113,1.8833333333333333,0.1592081,262.68419115344574,3307.546787751058,476.0272144500368,1812.7137419690066,2405.065082261437,0.01857034474584411,0.0727455930723943,13.751228996802553,-202.86736,125.60045,17.696142,11.799866,4.443486,17.503494,-29.60278,-18.455563,-36.898483,1.266474,-15.715226,-11.009611,-12.937431
114,1.9,0.143623,262.07738924581656,2308.2711371444293,445.64477614821743,1525.9332888747504,2452.652077042056,0.01857034474584411,0.0727455930723943,13.751228996802553,-220.4039,143.24944,30.873627,-7.517729,6.0332193,20.424362,-33.51142,-20.68899,-36.676926,-14.4089985,-10.322796,-5.4486017,-18.290436
115,1.9166666666666667,0.11862785,261.09377900588055,2709.036350955723,355.6864657407081,1546.2294337496191,2528.0635752517965,0.01857034474584411,0.0727455930723943,13.751228996802553,-290.94772,132.96317,48.07471,-1.8858182,13.428349,20.351894,-18.71658,-13.371311,-36.068413,-18.844315,-14.690481,0.02638042,-15.6924095
116,1.9333333333333333,0.03197286,262.2849948690549,5346.0995858808965,353.20146405050326,1626.0024937423852,2461.3426786424807,0.01857034474584411,0.0727455930723943,13.751228996802553,-365.80304,93.60567,33.56304,-11.526242,21.505154,27.034924,0.19005436,-10.866047,-31.518307,-8.10344,-15.491871,-7.0378513,-16.283142
117,1.95,0.013134796,263.3441537732884,5832.666063846146,388.053421000063,1564.8449136151444,2447.124048294389,0.01857034474584411,0.0727455930723943,13.751228996802553,-393.28842,97.510284,49.47236,-1.9938765,19.629562,22.041426,3.180024,-12.787123,-27.613314,-5.1124105,-15.327572,-1.7196825,-7.940523
118,1.9666666666666666,0.008058093,0.0,6867.543445453011,366.6088042379536,1589.77836013323,2538.1751536676725,0.01857034474584411,0.0727455930723943,13.751228996802553,-423.07138,87.431015,49.80758,-2.3699133,14.936468,7.7880783,-1.6194236,-13.874575,-20.94244,-7.7486134,-16.616314,-0.59672916,-11.248314
119,1.9833333333333334,0.008290808,0.0,7466.98939895418,319.51720185649856,1558.495915837979,2608.193092102809,0.01857034474584411,0.0727455930723943,13.751228996802553,-444.8572,80.98912,55.306576,7.7295647,12.229905,4.195637,6.0855007,-11.697395,-22.81977,-15.143037,-12.438547,3.8844671,-8.217894
120,2.0,0.062982775,275.1832258635994,3099.834969194223,401.59618751507264,1324.3106013214729,2353.8577834868183,0.01857034474584411,0.0727455930723943,13.751228996802553,-386.45743,134.13853,83.68895,18.029621,1.450124,-8.156393,8.516642,-3.4989817,-17.891327,-5.324019,-13.206364,-7.3772893,-9.241972
121,2.0166666666666666,0.1275852,269.01661204462386,1558.523271884265,351.37987978295746,856.1284877184212,2512.478739288619,0.01857034474584411,0.0727455930723943,13.751228996802553,-311.48477,158.8003,70.97134,22.972195,-7.208108,-28.422983,-15.75528,9.909741,-19.497253,-13.251083,-8.926573,-15.722246,-7.240862
122,2.033333333333333,0.17368573,264.1137771168353,1645.6443988264364,447.7384432786203,917.5791446936538,2493.9802836386393,0.01857034474584411,0.0727455930723943,13.751228996802553,-288.33997,133.16684,34.072754,28.3106,2.2287745,1.3328797,-14.38356,3.0486856,-25.643301,-24.875122,-5.45201,-16.498253,-10.727071
123,2.05,0.19554207,263.4879193955295,1705.109752626202,437.530845753981,1376.204235012916,2517.063169706084,0.01857034474584411,0.0727455930723943,13.751228996802553,-273.69656,121.31569,11.065646,29.533583,8.980041,13.560517,-13.293182,-11.4532795,-29.975315,-28.022226,-3.5728683,-14.031525,-14.860865
124,2.066666666666667,0.20803343,263.2353933136015,1813.1370417184212,413.7543414227546,1964.8414946147388,2537.8981372720846,0.01857034474584411,0.0727455930723943,13.751228996802553,-268.6249,112.944534,-0.24638832,30.44706,22.306522,19.140316,-9.527589,-24.446602,-27.40464,-14.374794,-1.2797916,-13.543569,-30.770216
125,2.0833333333333335,0.21992002,261.9829150178173,1868.962463725142,373.1196532750784,2081.490444744166,2545.280909554518,0.01857034474584411,0.0727455930723943,13.751228996802553,-261.37866,109.08151,-10.904272,38.30031,36.28572,20.609325,-15.165457,-32.216164,-19.500744,1.8139678,1.1339893,-17.630949,-37.776245
126,2.1,0.22879931,259.2339029421846,1942.9896063668245,336.9741630059301,2269.275923426826,2530.905937629299,0.01857034474584411,0.0727455930723943,13.751228996802553,-260.3831,105.78237,-19.35091,45.0047,43.282143,14.640167,-26.829227,-34.362385,-10.001788,-2.1640253,-0.5923846,-22.887772,-40.872643
127,2.1166666666666667,0.2386997,256.34696418222757,1868.6590124492166,295.4241103811838,2231.4416615627456,2505.0707503157582,0.01857034474584411,0.0727455930723943,13.751228996802553,-266.83603,108.02492,-20.474207,42.794098,45.65543,11.297731,-27.90577,-25.382805,-5.653123,-6.5582333,-0.98174286,-20.594038,-35.468708
128,2.1333333333333333,0.23983134,254.48965462459523,1678.4171143687786,293.0008442397032,2055.776845571868,2470.544081111496,0.01857034474584411,0.0727455930723943,13.751228996802553,-259.1889,125.41756,-7.067218,38.297268,42.160484,13.173641,-32.92298,-30.341425,-15.67829,-5.038746,7.44779,-13.727787,-44.43329
129,2.15,0.24048895,251.2309534684719,1423.6389569266387,347.4787305434145,1446.7209043766372,2426.780354425395,0.01857034474584411,0.0727455930723943,13.751228996802553,-268.51132,142.01022,10.9368515,25.173775,36.713905,16.201862,-33.45878,-33.036263,-30.61071,-14.590437,7.1742716,-2.2665935,-32.604057
130,2.1666666666666665,0.2275378,245.71711228234753,1163.9079542801437,313.2061669926339,1146.7267135172006,2387.323938889127,0.01857034474584411,0.0727455930723943,13.751228996802553,-287.18948,163.15926,29.026442,7.8323507,26.0811,6.780192,-23.799606,-20.257057,-27.587116,-18.550598,-5.917981,-11.54627,-30.0763
131,2.183333333333333,0.21376391,244.25157209345275,1070.5803871490552,269.4353277877361,1325.5315587729451,2423.619105593586,0.01857034474584411,0.0727455930723943,13.751228996802553,-316.332,161.7851,35.87975,5.6482105,33.524857,11.54464,-15.480319,-9.282767,-17.909784,-9.24568,-9.481769,-16.854027,-27.434258
132,2.2,0.20656663,243.32408835891363,1016.8488679051329,256.0811361848105,1595.5221053389585,2368.8347038417705,0.01857034474584411,0.0727455930723943,13.751228996802553,-339.7784,151.01569,34.458473,4.90518,33.59391,18.024754,-3.555605,-10.129936,-17.25837,-7.0665197,-6.5173416,-13.166634,-27.051498
133,2.216666666666667,0.18742129,241.9253728152405,984.103089977611,250.00516471100204,1615.2250441492686,2380.236151974272,0.01857034474584411,0.0727455930723943,13.751228996802553,-361.70016,144.64629,41.6246,7.81761,33.883785,20.797417,5.871016,-7.57707,-18.426252,-8.536244,-12.954078,-14.629496,-24.316628
134,2.2333333333333334,0.14023462,240.1051448753775,924.4474438366894,246.39487751604045,1552.0747629354757,2423.5863058765935,0.01857034474584411,0.0727455930723943,13.751228996802553,-381.61057,143.42795,54.56584,13.671059,26.659828,19.829218,9.393027,-2.400095,-9.913357,-3.310965,-4.579275,-11.251303,-17.893463
135,2.25,0.08556722,240.82079744624178,1289.8247274386486,246.96532416329006,1759.119613506109,2348.339289525773,0.01857034474584411,0.0727455930723943,13.751228996802553,-420.97055,121.34199,66.34953,30.894882,28.97004,22.800863,10.604712,-4.568063,-8.423248,-6.631682,-6.5810413,-10.690793,-12.825117
136,2.2666666666666666,0.01828033,240.13330153748367,2318.7190338755163,247.30245780079906,2049.0251875677504,2324.8296770342563,0.01857034474584411,0.0727455930723943,13.751228996802553,-463.64832,82.15694,56.824615,36.134758,27.963602,21.720726,11.49491,0.057025045,-5.2463093,-6.720275,-9.6885195,-13.376893,-12.20233
137,2.283333333333333,0.012092717,0.0,3823.0501480913135,251.30521212520011,1844.4384669683523,2908.0512113246023,0.01857034474584411,0.0727455930723943,13.751228996802553,-487.68823,56.749397,47.88349,35.90219,25.356468,15.607298,8.014092,1.2952745,-3.24751,-6.6788406,-9.056949,-11.0943575,-12.34918
138,2.3,0.018633602,0.0,3976.1242698298843,292.4909435142169,1486.8804686232097,2576.4629118458593,0.01857034474584411,0.0727455930723943,13.751228996802553,-474.79428,73.80069,61.54225,43.5903,26.056782,10.178791,-0.91305804,-8.6629715,-12.604538,-14.152254,-13.170474,-10.193623,-6.3465323
139,2.316666666666667,0.07982447,255.14112909992966,1404.6670706520683,498.8970373384626,646.2300465117683,2395.671271745475,0.01857034474584411,0.0727455930723943,13.751228996802553,-330.50317,182.15799,69.786766,11.213696,-1.3262771,-23.65805,-18.311031,-2.779209,-11.933576,-4.6852865,-4.238922,-10.511012,-4.947557
140,2.3333333333333335,0.12425716,251.32673467179475,1814.473492150908,735.8262013457172,1011.7102083735239,2534.7896266037783,0.01857034474584411,0.0727455930723943,13.751228996802553,-246.09325,182.33629,29.392872,-14.382162,10.3283615,-21.755703,-28.894253,15.666768,-25.712019,0.84806645,2.5017695,-5.049952,-4.572215
141,2.35,0.14408384,246.87437906869002,2799.7329752071173,715.893547514891,1669.0092870315834,2827.320699496181,0.01857034474584411,0.0727455930723943,13.751228996802553,-220.63751,144.32654,15.113504,-14.292484,9.387548,-8.676668,-28.921804,24.144547,-22.951925,10.529641,1.6828138,4.642685,-3.2834213
142,2.3666666666666667,0.13707899,243.27522988170028,3429.055560319841,522.6904725838605,1386.9648866111806,2471.9286506648273,0.01857034474584411,0.0727455930723943,13.751228996802553,-208.23384,130.68481,10.174189,-14.383951,0.7909867,-4.846859,-16.716993,18.522343,-26.718735,15.864214,-8.57925,-2.000874,-5.584688
143,2.3833333333333333,0.109320536,237.91291768590932,4379.718193333876,418.7607629925128,1440.324542608637,2658.256363103464,0.01857034474584411,0.0727455930723943,13.751228996802553,-214.42525,116.575676,8.701931,-8.553099,5.91516,-3.3076239,-15.2082615,9.491571,-26.62503,19.20082,-16.008972,6.0948315,1.7381715
144,2.4,0.07190376,224.8588204624071,5072.040187935267,529.8217446423564,1639.4053846901627,2674.7951931683992,0.01857034474584411,0.0727455930723943,13.751228996802553,-219.04483,107.41922,0.37716088,-12.075832,-3.1958904,-9.723326,-20.337376,7.655532,-29.681631,17.5401,-16.288061,8.446152,1.5191834
145,2.4166666666666665,0.04175669,216.78655145693926,5384.29750085647,652.1025723926375,1605.9764699872896,2644.390880721126,0.01857034474584411,0.0727455930723943,13.751228996802553,-221.36583,105.331825,0.77563095,-6.3143225,-10.244738,-10.783579,-16.003769,1.1538037,-27.47673,20.058975,-13.251249,6.5265484,-1.1716778
146,2.433333333333333,0.024737878,0.0,6182.835315497567,831.9728066403169,1654.784725918006,2601.3531421030016,0.01857034474584411,0.0727455930723943,13.751228996802553,-254.29219,94.571465,-2.4403846,-11.468557,-12.9236,-7.2325597,-10.9772625,1.2369032,-31.340513,17.725086,-10.373868,-2.3850193,-10.601716
147,2.45,0.017105753,0.0,6240.373313090306,744.2689527496213,1737.5080749876074,2697.2563983349123,0.01857034474584411,0.0727455930723943,13.751228996802553,-266.15726,93.442345,-1.1010233,-6.416212,-8.458113,-4.8097715,-15.169529,-9.39701,-30.960773,17.054678,-3.900041,4.75759,-8.194014
148,2.466666666666667,0.028715396,228.0854408578389,5778.754608180485,761.7198391524945,1721.9548271824094,2659.7483995776906,0.01857034474584411,0.0727455930723943,13.751228996802553,-257.9505,88.302216,-11.078295,-11.97299,-10.062183,-3.130437,-21.488771,-9.445028,-26.985966,20.23964,2.7052112,10.066057,-3.3964
149,2.4833333333333334,0.07552225,241.73934142747078,4389.4976845739075,540.1150324272332,1646.610274576674,2596.4699549326183,0.01857034474584411,0.0727455930723943,13.751228996802553,-243.22034,111.24826,12.912891,-2.4797974,3.1579442,11.602073,-23.699888,-9.2693,-22.97651,21.848726,5.28528,0.89226204,-7.430416
150,2.5,0.124469206,258.44943321410364,3199.6911637231556,387.94997663429416,1858.7355107914375,2636.848097467843,0.01857034474584411,0.0727455930723943,13.751228996802553,-227.86278,124.06943,11.738966,-2.9915068,13.0813675,20.633213,-34.334045,-2.5875947,-21.734903,16.522617,10.59417,-0.3085093,-13.205157
151,2.5166666666666666,0.1507564,262.9440565786743,2632.272197955045,631.1962964984939,2152.4466489799875,2682.206204473441,0.01857034474584411,0.0727455930723943,13.751228996802553,-226.148,129.01195,11.232036,-3.2726607,21.593481,21.769001,-39.288765,-7.3708887,-25.716873,4.0618634,12.98464,2.3717923,-25.309462
152,2.533333333333333,0.15136315,260.8147675630369,1985.9588137511323,511.34469221406084,1862.1065601435835,2513.480393398934,0.01857034474584411,0.0727455930723943,13.751228996802553,-263.23102,151.685,20.406597,-11.346437,23.34068,14.320312,-30.857288,-18.590597,-32.731236,-2.2195816,5.347729,-1.936944,-26.235867
153,2.55,0.15375492,261.8724881548914,1840.1202461293224,564.8739095498177,1789.0082241861933,2489.887533391539,0.01857034474584411,0.0727455930723943,13.751228996802553,-256.9215,157.17201,24.247982,-13.114679,17.243427,7.3603263,-34.570465,-16.950285,-27.940807,-5.006315,-1.7086537,-5.0487857,-24.000528
154,2.566666666666667,0.16404246,257.8704297259084,1620.8548199181012,527.3247419122999,1560.3121102103119,2599.4133220294357,0.01857034474584411,0.0727455930723943,13.751228996802553,-264.85043,159.15662,21.259018,-11.443174,13.679416,8.614153,-37.3767,-6.609789,-23.354889,-20.689133,-2.6742911,-7.3296833,-19.839165
155,2.5833333333333335,0.16092968,251.53430703208178,1519.348992833733,481.18718654521393,1070.2593470581685,2573.707213783307,0.01857034474584411,0.0727455930723943,13.751228996802553,-287.90067,163.75952,29.157757,-17.359383,9.595936,1.3165092,-24.064709,14.662807,-13.671468,-6.966278,3.193579,-5.1252947,-10.434523
156,2.6,0.1671101,247.0726814726855,1372.3288000122175,461.70918013691556,1272.4470420503346,2558.9019909803405,0.01857034474584411,0.0727455930723943,13.751228996802553,-310.01898,166.16058,48.311943,-7.198535,15.131117,4.5147886,-13.72622,0.22024566,-18.784492,-0.59308314,-5.1501894,-9.013208,-16.849297
157,2.6166666666666667,0.18246181,245.63885975030993,1133.8439087994238,324.60226244341277,1484.4855798844903,2741.0119564237843,0.01857034474584411,0.0727455930723943,13.751228996802553,-325.65683,164.42801,35.99375,-8.8974495,24.82268,12.977064,-3.2854784,2.0963974,-12.24662,-3.2432308,-7.9699287,-11.480936,-13.63246
158,2.6333333333333333,0.18390495,243.7226736707202,910.6583409048583,304.8202078696826,1279.3775763531426,2565.0260163326507,0.01857034474584411,0.0727455930723943,13.751228996802553,-335.6098,169.05154,36.151352,0.54719853,23.150238,2.6851346,-10.477734,-1.9639623,-3.9615984,2.2129362,-0.23226553,-9.495794,-10.78121
159,2.65,0.17509483,239.39756391500796,920.6352317660824,336.7040000411721,1916.2663187765083,2680.4238340593947,0.01857034474584411,0.0727455930723943,13.751228996802553,-341.2675,164.76831,25.196495,-2.9924245,25.503777,4.8979754,-11.761072,-2.0358992,4.2072916,2.5272727,-3.6080103,-12.492399,-14.728558
160,2.6666666666666665,0.16951211,235.2359992763943,873.4734833977234,451.92460422738816,1976.1545326923879,2983.312050034059,0.01857034474584411,0.0727455930723943,13.751228996802553,-341.84128,165.79324,24.05067,-1.2375998,26.106632,4.071258,-11.653715,-1.464083,3.627359,-0.09021664,-1.3617809,-8.548719,-14.258001
161,2.683333333333333,0.18173727,233.7963488313204,802.4587252941805,346.7531876517826,1883.4066213706676,2946.7693140742663,0.01857034474584411,0.0727455930723943,13.751228996802553,-332.14114,178.41899,36.166977,7.538953,18.665392,-6.313646,-22.256943,-15.970831,-4.353311,-2.7846065,-3.1365354,-4.8775115,-10.673931
162,2.7,0.19417293,231.66770927448349,802.8007237719933,295.76268902133967,1174.706552645792,2863.2822852222926,0.01857034474584411,0.0727455930723943,13.751228996802553,-331.25107,177.86365,42.958855,9.181459,7.4047804,-10.885853,-15.855146,-12.173647,-1.4996941,-0.84014934,-4.10787,-8.97045,-17.609728
163,2.716666666666667,0.18517439,227.58452124063575,897.8540217497608,257.57545335740696,1641.4205728714444,3170.573425296341,0.01857034474584411,0.0727455930723943,13.751228996802553,-341.5885,158.23895,41.326424,20.844109,13.73844,3.7467093,3.8703644,2.230483,-8.435253,-17.216635,-2.1918747,-1.0744928,-11.078173
164,2.7333333333333334,0.13897285,224.9802839513631,2733.0709249379906,242.39836911307972,1634.1284756189116,3608.1076975266874,0.01857034474584411,0.0727455930723943,13.751228996802553,-277.3335,95.098366,24.4494,68.804184,-10.50507,-9.118703,19.119553,11.050173,-23.781681,-5.50611,2.9188733,2.1980348,-12.445613
165,2.75,0.07921577,229.13093705403628,7863.44291703631,258.004764452239,1719.3637450045228,3602.325234857485,0.01857034474584411,0.0727455930723943,13.751228996802553,-217.12347,11.788047,16.023397,83.524536,-21.066082,3.7109313,10.745224,22.609041,-33.017067,0.58307505,0.6826049,12.457979,-13.018215
166,2.7666666666666666,0.056111198,0.0,8805.70189526105,537.3343486942799,2324.643521200119,3680.8489616674783,0.01857034474584411,0.0727455930723943,13.751228996802553,-209.07564,-25.934116,2.5256453,92.8799,-10.226785,12.545149,-3.9604297,22.814247,-26.032463,12.031223,1.1548798,4.1015825,-21.61646
167,2.783333333333333,0.061245743,0.0,8593.07063178322,2098.5418569747712,3722.25599105148,4330.616826634689,0.01857034474584411,0.0727455930723943,13.751228996802553,-210.91536,-42.256638,-15.548551,91.075935,-16.378242,5.8282094,-13.287287,11.057759,-24.419106,19.479385,6.3430405,-2.1043634,-31.538982
168,2.8,0.07430212,0.0,8422.915624100013,2035.0214284158087,3616.977446548665,4415.121583738738,0.01857034474584411,0.0727455930723943,13.751228996802553,-216.33563,-56.204018,-20.131977,103.16081,-5.070877,10.67919,-4.533552,12.133696,-27.527666,22.469687,1.2219337,-7.5942903,-25.780231
169,2.816666666666667,0.07300811,0.0,8378.12313804906,2130.262001938454,3499.9413255224013,4277.210257240904,0.01857034474584411,0.0727455930723943,13.751228996802553,-220.4982,-65.00002,-28.046864,98.47583,-11.809271,5.494094,-6.7279587,-4.579546,-27.02153,24.682308,1.9431795,-11.011042,-27.885492
170,2.8333333333333335,0.056480248,0.0,8439.517668613084,1989.4788660802735,2672.4990922697352,3863.0191372320623,0.01857034474584411,0.0727455930723943,13.751228996802553,-219.84473,-48.81711,-37.507816,82.39725,-2.4209018,-1.3964946,-32.84937,-18.64828,-25.800884,28.521502,-4.9333434,-12.001251,-27.095844
171,2.85,0.03288507,0.0,7782.504105608024,737.2866989820368,2470.932746220523,3164.420412837821,0.01857034474584411,0.0727455930723943,13.751228996802553,-271.99597,-30.64521,-47.813145,67.62311,18.069942,0.8390827,-41.1819,-29.427444,-14.802008,26.02893,-19.38636,-13.225769,-13.294859
172,2.8666666666666667,0.013437419,0.0,7510.222170372052,2465.547009655136,2963.2838451146226,3979.501133727649,0.01857034474584411,0.0727455930723943,13.751228996802553,-365.97116,-11.266556,-34.42016,62.98065,38.06382,3.3632927,-27.654465,-18.808525,-11.727261,14.191387,-18.743904,-21.115112,-6.353954
173,2.8833333333333333,0.0063959886,0.0,6899.51436649145,2365.369256297699,3165.9560593205224,3518.9059167956093,0.01857034474584411,0.0727455930723943,13.751228996802553,-388.20898,-6.754273,-36.381577,71.848694,43.463654,1.5890839,-10.103915,-9.028333,-10.667814,10.479965,-12.621881,-18.112003,-10.520959
174,2.9,0.005059883,0.0,7188.545750126749,2370.680902915386,3342.454833734589,4207.520845955029,0.01857034474584411,0.0727455930723943,13.751228996802553,-411.36282,-18.665304,-35.81627,72.68968,34.550262,-0.5443553,4.917431,-0.4731553,-0.6842888,14.536481,-14.415205,-10.693157,-11.526241
175,2.9166666666666665,0.0029220053,0.0,8654.493979229817,2306.679212857856,3276.905216325546,4067.5981224746174,0.01857034474584411,0.0727455930723943,13.751228996802553,-470.85715,-2.7038076,-17.723713,34.404133,26.7173,-1.5040386,10.082188,-1.0474322,-4.2240252,18.970375,-3.857474,-11.165039,-6.512056
176,2.933333333333333,0.0011443273,0.0,9478.731179819111,2110.0194631484915,3090.3968139009394,3890.28755732217,0.01857034474584411,0.0727455930723943,13.751228996802553,-501.49792,1.2993249,-11.1970825,14.351446,21.443092,-2.0523643,2.3719156,3.3659472,0.5384548,9.198793,0.08797958,-4.4868193,-3.4098141
177,2.95,0.00074916665,0.0,9621.794332301788,801.0732178197228,2303.785546977155,3363.6949799743434,0.01857034474584411,0.0727455930723943,13.751228996802553,-519.00256,3.8255625,-1.013142,9.186539,8.502108,0.417879,4.8444185,3.2017236,0.16990665,4.950274,4.237412,-1.5704825,0.4785891
178,2.966666666666667,0.0006234211,0.0,10202.856342970736,772.1592607205173,2209.1454692104153,3281.5490192308966,0.01857034474584411,0.0727455930723943,13.751228996802553,-522.80566,6.373715,7.25261,7.267293,6.212014,2.5909433,5.354678,1.8865556,0.36283046,2.2461019,0.9336954,-1.3210526,0.28467718
179,2.9833333333333334,0.00061064406,0.0,10442.72472684761,482.0886194797155,2147.8153382160003,3358.4839691415464,0.01857034474584411,0.0727455930723943,13.751228996802553,-519.3747,13.513775,14.459511,10.92232,10.488768,6.514929,5.418291,2.0144384,0.62833077,-1.3659127,-2.5432703,-3.1141777,-3.9520667
180,3.0,0.011147029,0.0,13386.846860143198,1118.1128356568013,2307.116077645232,3374.0409625236225,0.01857034474584411,0.0727455930723943,13.751228996802553,-439.8797,35.362694,28.325104,-10.23323,8.32646,-7.435504,3.6482406,-24.2008,-22.050968,9.973248,-14.015012,-8.714727,-17.111462
181,3.0166666666666666,0.0120165795,0.0,10298.365695382447,671.8525325574002,1998.662614138562,2406.879905455962,0.01857034474584411,0.0727455930723943,13.751228996802553,-276.9541,60.035545,4.633257,-23.23558,-11.408314,-5.211385,-12.143002,-44.804443,-39.33013,20.74364,-17.937824,-3.9686384,-30.552979
182,3.033333333333333,0.029036615,262.44860296150205,8145.127055995155,681.9000409042669,1922.15542831427,2429.0891874774734,0.01857034474584411,0.0727455930723943,13.751228996802553,-325.29083,72.75404,14.285473,0.95705205,3.8017006,3.7441983,-2.777585,-25.39139,-35.128227,12.371704,-2.4536915,-0.44977248,-25.537384
183,3.05,0.058130283,244.75193406381325,2798.373480096477,594.8547370699621,1876.0228616376812,2382.084099396717,0.01857034474584411,0.0727455930723943,13.751228996802553,-278.75275,140.59973,38.795013,12.213511,10.952118,-10.100395,-29.42366,-28.98156,-39.36564,12.09798,-1.6075847,-9.767385,-19.71587
184,3.066666666666667,0.081857175,230.5803491443133,2764.7275090834382,698.0103651631551,1969.251828701243,2551.8379199406786,0.01857034474584411,0.0727455930723943,13.751228996802553,-258.68777,138.67606,16.179623,-3.7648442,9.950794,-10.851508,-24.447727,-15.018659,-28.489067,17.794914,-2.7742321,-5.119566,-20.562765
185,3.0833333333333335,0.096258976,225.39945569135946,2873.74852118344,802.43125953818,1884.4887595278599,2637.2128698124643,0.01857034474584411,0.0727455930723943,13.751228996802553,-255.12189,142.60095,4.6542053,-19.876907,18.264996,-17.833181,-23.42271,-3.7864022,-29.13586,21.534298,-4.4547763,-1.4051858,-21.600445
186,3.1,0.1035379,222.43776328836825,2804.8133273658514,829.3203662473401,1876.147133924152,2712.471515256768,0.01857034474584411,0.0727455930723943,13.751228996802553,-246.22307,143.71286,-0.26217496,-23.840298,20.967201,-10.414512,-22.91777,-1.98118,-29.6224,25.319412,-1.4818391,3.2587419,-15.254323
187,3.1166666666666667,0.10341494,219.5876895873709,2735.078976898896,829.4252128541203,1926.3961954413412,2619.5322196596876,0.01857034474584411,0.0727455930723943,13.751228996802553,-241.49306,144.16917,-3.520701,-28.706139,21.067287,-3.7749164,-23.835014,-9.65568,-29.409096,25.952988,-5.91966,0.48327124,-19.303272
188,3.1333333333333333,0.097841,217.62825026540014,3231.5433386990053,787.3689359573707,2112.225716466461,2631.2687505228632,0.01857034474584411,0.0727455930723943,13.751228996802553,-240.04402,136.86852,-1.7308552,-28.083317,18.341053,-4.6624637,-31.122185,-4.613516,-24.206379,27.891272,-3.0056677,1.1719786,-16.530766
189,3.15,0.08648429,217.60984255258205,3344.642625913397,656.0917914941517,1948.0785113898967,2918.383397016849,0.01857034474584411,0.0727455930723943,13.751228996802553,-250.25691,138.88533,12.772939,-16.48196,17.797598,-5.3896146,-34.62408,-8.592709,-25.531998,18.456459,-2.7555807,8.209795,-8.754624
190,3.1666666666666665,0.083599836,221.41290584332182,2475.965064716578,550.7607030417581,1944.9166510397345,2922.081243642484,0.01857034474584411,0.0727455930723943,13.751228996802553,-302.6946,135.58801,17.941936,-2.5643697,32.084824,0.71312004,-27.10138,-8.122172,-32.213963,-3.0423827,-10.82033,1.820523,-8.251543
191,3.183333333333333,0.07467926,222.46356710012944,2187.0797293384067,282.53192156388565,1815.0679797361797,2568.4361358984047,0.01857034474584411,0.0727455930723943,13.751228996802553,-317.1323,133.6658,17.599413,16.374073,37.134216,-1.6916827,-15.64387,-6.813901,-23.444223,5.0223637,-5.1087885,-4.7112384,-12.715972
192,3.2,0.059132732,220.98453696794604,2258.941999009694,260.1183980974004,1885.242142103879,3127.3910672204493,0.01857034474584411,0.0727455930723943,13.751228996802553,-372.70117,118.26959,29.353802,13.231894,34.562954,1.2593703,-17.735294,-3.9836533,-16.189348,-4.372138,2.0818357,6.1200485,-12.697716
193,3.216666666666667,0.03402366,218.06044546722669,2657.8365970309023,283.4786782054105,1814.5842296660962,3224.4239594029427,0.01857034474584411,0.0727455930723943,13.751228996802553,-408.2062,107.36436,38.67193,21.208858,32.08496,3.0597486,-12.036749,-3.140255,-10.56223,-12.705036,-1.3845198,7.5022006,-13.670246
194,3.2333333333333334,0.014571087,0.0,3741.6782488470076,433.31589416846657,1876.4116377150754,3239.73156081021,0.01857034474584411,0.0727455930723943,13.751228996802553,-439.77722,93.534256,45.671772,25.506588,23.61887,4.10419,-9.307148,-15.265591,-16.72719,-9.167899,6.472501,7.94845,-8.127747
195,3.25,0.0036879613,0.0,4687.345919593226,565.7143168805281,1877.1250636060581,2824.2783507610825,0.01857034474584411,0.0727455930723943,13.751228996802553,-457.7055,77.336975,32.17101,13.33017,14.9515915,6.1647406,-14.32987,-24.754436,-16.219408,0.46759117,9.771761,4.8606434,-6.961649
196,3.2666666666666666,0.0017346924,0.0,6660.267887302812,609.0744273328405,1876.259387140207,2831.4938012086363,0.01857034474584411,0.0727455930723943,13.751228996802553,-476.87784,55.985935,23.941826,5.855632,13.560884,16.664175,5.7853384,-9.804752,-8.717674,4.859807,11.690824,4.357475,-9.587759
197,3.283333333333333,0.0010947944,0.0,6391.029816966247,705.4128555250979,1878.5676689860486,2937.3109410160423,0.01857034474584411,0.0727455930723943,13.751228996802553,-492.66153,43.263752,22.336697,10.000977,11.059769,13.179363,5.6546726,-6.067357,-8.866815,-0.6007217,6.793803,3.4098175,-5.58615
198,3.3,0.0006414151,0.0,7902.089555690027,648.9925496106093,1884.3076554218248,2898.889931529767,0.01857034474584411,0.0727455930723943,13.751228996802553,-511.53577,24.131287,17.817465,12.832135,10.276227,7.2237816,1.6856256,-3.9390314,-5.706706,-3.4064116,-1.044389,-1.7796247,-4.0507493
199,3.316666666666667,0.00043342423,0.0,8406.912287947447,668.9865726989561,1854.8132374016855,3014.4338954362383,0.01857034474584411,0.0727455930723943,13.751228996802553,-518.9231,16.087284,14.465574,12.16728,9.618305,7.1564455,4.950698,3.0274642,1.3697975,0.013622373,-0.9267714,-1.3212218,-1.1301214
200,3.3333333333333335,0.00036948617,0.0,9155.110764146724,875.7807931612545,1954.1487297043645,3232.3513947454258,0.01857034474584411,0.0727455930723943,13.751228996802553,-522.9658,10.753538,10.165598,9.255987,8.109821,6.815116,5.448659,4.0721908,2.7376814,1.4959655,0.40098646,-0.4942962,-1.1500533
201,3.35,0.00032201767,0.0,8971.476090098447,1040.5481914481788,1905.3942649285304,3239.528517550017,0.01857034474584411,0.0727455930723943,13.751228996802553,-525.34784,7.417507,6.9204044,6.1422276,5.1493797,4.0192285,2.8294597,1.6495876,0.5358455,-0.470538,-1.3424332,-2.0650592,-2.633997
202,3.3666666666666667,0.0002949714,0.0,9355.063191893323,789.0095559012399,1989.3452788148556,3104.16918071125,0.01857034474584411,0.0727455930723943,13.751228996802553,-527.04364,4.9864197,4.406453,3.539704,2.5162585,1.4828598,0.5761056,-0.10170752,-0.4994877,-0.6237363,-0.53357506,-0.32551363,-0.11151406
203,3.3833333333333333,0.00027087942,0.0,9403.65595831227,837.6092781662503,2112.395273585842,3206.8803749832396,0.01857034474584411,0.0727455930723943,13.751228996802553,-525.73334,6.7601137,5.953701,4.745619,3.3144443,1.8644271,0.59012043,-0.35631242,-0.8894303,-1.0018488,-0.76133806,-0.29397663,0.24241585
204,3.4,0.00026803225,0.0,9529.42577772417,861.6616855730261,1970.6028918629727,3543.6106069636094,0.01857034474584411,0.0727455930723943,13.751228996802553,-527.6241,4.116583,3.416595,2.4250858,1.3446537,0.3660768,-0.37532645,-0.81542706,-0.9511975,-0.81902313,-0.4769128,0.0017872453,0.5270579
205,3.4166666666666665,0.00028406107,0.0,9792.646749916234,788.3518179935593,1957.5264515674712,3146.425786042721,0.01857034474584411,0.0727455930723943,13.751228996802553,-526.40717,5.888732,5.3273163,4.52011,3.610859,2.7273645,1.9513781,1.3142309,0.8136166,0.43624747,0.17037192,0.0019466951,-0.099511184
206,3.433333333333333,0.0003040527,0.0,9320.171243948442,553.6162307959987,1576.647569551978,2851.8335746783832,0.01857034474584411,0.0727455930723943,13.751228996802553,-524.0187,9.32264,8.897921,8.22859,7.367292,6.3782735,5.3296165,4.2855062,3.299533,2.4100003,1.6376948,0.98642963,0.44587666
207,3.45,0.00030284416,0.0,9342.612117970222,1174.1146001129678,2171.8462128422993,3223.970097172195,0.01857034474584411,0.0727455930723943,13.751228996802553,-525.8299,6.7044616,6.126101,5.252739,4.204227,3.119279,2.1326284,1.3533204,0.84790814,0.63135844,0.6672815,0.8770238,1.1561081
208,3.466666666666667,0.00032194555,0.0,9556.942451674073,765.3896679424017,2016.967068012153,3206.895256449328,0.01857034474584411,0.0727455930723943,13.751228996802553,-526.14215,6.3292336,5.930883,5.2967596,4.4682446,3.4971821,2.441272,1.3594302,0.30802393,-0.661915,-1.5064079,-2.189553,-2.6841521
209,3.4833333333333334,0.0003812974,0.0,9477.555076586306,610.634105551417,1785.9480243789176,2825.065955801007,0.01857034474584411,0.0727455930723943,13.751228996802553,-523.8697,9.324511,8.67141,7.445275,6.143875,4.5968122,3.277553,2.0450459,1.2313583,0.6704839,0.49349618,0.52021,0.7033218
210,3.5,0.0003838054,0.0,8917.812694900267,517.9593746173517,1847.940644449381,3010.781430772634,0.01857034474584411,0.0727455930723943,13.751228996802553,-519.8949,14.796333,13.337038,11.071779,8.229271,5.089449,1.9497066,-0.9102052,-3.2600865,-4.943824,-5.89377,-6.1330585,-5.766265
211,3.5166666666666666,0.0003549252,0.0,9351.894199715945,656.581462180195,2035.4453057441267,2966.3740911059285,0.01857034474584411,0.0727455930723943,13.751228996802553,-524.3409,8.750735,7.99716,6.842596,5.4231715,3.9002903,2.4372828,1.1766241,0.22121894,-0.3773057,-0.6218492,-0.5644745,-0.29381868
212,3.533333333333333,0.0003210157,0.0,9367.453008422028,729.3611195931007,1997.7672620232283,2937.5182913211984,0.01857034474584411,0.0727455930723943,13.751228996802553,-525.10236,7.781663,7.3323517,6.6242523,5.713505,4.66966,3.5684028,2.4843183,1.4845293,0.6238959,-0.058223672,-0.53941333,-0.81438184
213,3.55,0.00033183963,0.0,9155.937767318912,1087.3800394011946,2192.002523040256,3176.149303511954,0.01857034474584411,0.0727455930723943,13.751228996802553,-523.95026,9.388144,8.873554,8.067376,7.040772,5.882064,4.687104,3.5490947,2.5490355,1.7479446,1.1816759,0.8589041,0.76231074
214,3.566666666666667,0.00032935772,0.0,9222.077874766022,1661.732173773907,2040.231465978507,3306.2690072627724,0.01857034474584411,0.0727455930723943,13.751228996802553,-526.40485,6.022764,5.8144474,5.4818726,5.0457945,4.5330386,3.9744792,3.4027593,2.849904,2.345059,1.9124742,1.569964,1.3278679
215,3.5833333333333335,0.0003430161,0.0,10006.33879556297,1094.7305943124134,2320.846728910978,3565.5182662514553,0.01857034474584411,0.0727455930723943,13.751228996802553,-526.3309,6.1415377,5.973999,5.703931,5.344411,4.912439,4.4277954,3.9117155,3.385542,2.8694603,2.3813162,1.9358063,1.5438786
216,3.6,0.00035910483,0.0,10043.262102240238,1159.3548794572926,2297.2781676319337,3068.3325280058048,0.01857034474584411,0.0727455930723943,13.751228996802553,-526.58374,5.799156,5.679377,5.4932394,5.256115,4.9820633,4.6805067,4.3558025,4.0095587,3.6445045,3.267775,2.8919623,2.5331578
217,3.6166666666666667,0.0003300356,0.0,10550.995893422212,1275.4068382333196,2243.250597455523,3073.478646320478,0.01857034474584411,0.0727455930723943,13.751228996802553,-527.9924,3.8153768,3.717183,3.5575783,3.3424408,3.0794992,2.7780132,2.4481997,2.1007586,1.7462926,1.3948289,1.0553211,0.73527104
218,3.6333333333333333,0.00034008914,0.0,10731.446779507754,953.7933836590956,2146.859966917138,3135.304446229506,0.01857034474584411,0.0727455930723943,13.751228996802553,-529.63196,1.484343,1.3586879,1.179564,0.9763485,0.7677838,0.55637664,0.33340722,0.09107454,-0.16609503,-0.41784424,-0.6352923,-0.79443395
219,3.65,0.00043890663,0.0,10420.77266177677,1011.9439514205069,2215.047588280964,3387.473026855053,0.01857034474584411,0.0727455930723943,13.751228996802553,-526.1158,6.289372,5.791154,5.2583303,4.7768245,4.261016,3.6696033,3.0856252,2.5513453,1.9566268,1.19955,0.39483756,-0.20580247
220,3.6666666666666665,0.006463945,0.0,8703.706535921108,997.1126740211045,2307.861077051454,3448.9727436804806,0.01857034474584411,0.0727455930723943,13.751228996802553,-448.50345,8.658268,-14.555463,28.490578,13.628106,-17.906693,-1.4392042,7.8909535,2.209414,10.443455,-9.996142,-10.034378,-0.33102903
221,3.683333333333333,0.02509725,0.0,7988.970194120706,809.1294318600973,2482.3089714667003,3453.2289535150694,0.01857034474584411,0.0727455930723943,13.751228996802553,-306.92264,24.654476,-15.757582,52.8243,7.9829082,-27.277431,-13.002001,5.788402,-6.438048,18.237396,-15.335063,-4.187948,-5.8663683
222,3.7,0.114843264,237.51582567728212,3141.3181480746257,383.04591588144405,2532.3797982403803,3381.6471977876395,0.01857034474584411,0.0727455930723943,13.751228996802553,-256.94968,99.88594,15.693073,64.932976,42.10788,-7.0956597,-49.277138,-14.911481,-10.020712,7.201115,-29.621634,-32.114883,-25.43021
223,3.716666666666667,0.1636191,235.17083020113571,3165.33208205191,460.8646003255208,2430.754144262507,3025.8546490524877,0.01857034474584411,0.0727455930723943,13.751228996802553,-184.8289,98.077156,-10.458235,49.3562,44.642128,2.7134976,-62.4617,-18.03099,-21.492828,-0.8691519,-21.29591,-38.069366,-30.02095
224,3.7333333333333334,0.18679741,230.74968759836918,3504.661054695327,458.9847956892218,2272.639095679055,2858.547679711388,0.01857034474584411,0.0727455930723943,13.751228996802553,-168.06241,93.508156,-24.868742,36.6361,33.6455,7.0960827,-55.260128,-12.544409,-33.08236,9.147444,-7.6536083,-30.921503,-20.68211
225,3.75,0.18307298,229.13866218824128,3652.3251495616,432.9244850369141,2200.318010879815,2734.265872980027,0.01857034474584411,0.0727455930723943,13.751228996802553,-158.9055,101.40567,-21.288542,24.965908,23.308685,3.3018851,-44.747414,-8.607598,-31.723885,22.35897,-3.165856,-25.258545,-20.925024
226,3.7666666666666666,0.16798395,228.42279130640628,3735.0650602771957,338.3875867913578,2233.7394344715785,2769.9398491691445,0.01857034474584411,0.0727455930723943,13.751228996802553,-175.17755,103.1207,-7.0780296,24.071789,21.1315,10.88982,-41.27626,-13.347858,-31.285511,28.064314,-10.0537405,-22.169838,-15.992954
227,3.783333333333333,0.12604246,227.1849631357104,5559.4301784603285,367.7558551971319,2358.56983525694,2698.869137914553,0.01857034474584411,0.0727455930723943,13.751228996802553,-167.6317,65.3996,-0.3646083,53.950493,-4.90596,8.021603,-16.399515,-16.136168,-14.9134655,38.267796,-10.818401,-20.050701,-35.03891
228,3.8,0.09345999,0.0,9147.393448219973,432.6122545815987,2354.2130769136434,3373.1985943870163,0.01857034474584411,0.0727455930723943,13.751228996802553,-149.73767,-4.319785,12.233963,76.69455,-23.124702,10.523597,-18.517117,-7.2404475,-23.319164,36.138966,-27.9609,-12.91659,-29.530844
229,3.816666666666667,0.093879014,0.0,9418.46630790899,492.8875629308476,2085.5112700865975,3151.731797359675,0.01857034474584411,0.0727455930723943,13.751228996802553,-164.5051,-30.142628,2.879015,73.97673,-36.733242,13.41437,-20.357758,-10.678462,-34.171654,26.76567,-25.076363,-6.886726,-28.124866
230,3.8333333333333335,0.092906974,0.0,9432.35504326283,564.7456934061374,2061.502793068463,3211.477901201386,0.01857034474584411,0.0727455930723943,13.751228996802553,-172.72757,-44.690544,-16.639456,67.314255,-33.267838,11.359615,-21.5007,-7.308445,-26.2354,30.169453,-21.271038,-6.3362627,-27.55323
231,3.85,0.08792533,0.0,9375.014891765008,606.3837684795694,2113.478509670153,3097.9387155331056,0.01857034474584411,0.0727455930723943,13.751228996802553,-175.33699,-42.949223,-20.867168,65.68738,-24.170704,14.149387,-22.286102,-17.677563,-30.933256,39.665497,-15.855808,-3.2126913,-24.42529
232,3.8666666666666667,0.06807024,0.0,9301.619622478229,697.3993446673203,2149.3778865455884,2938.3584503739335,0.01857034474584411,0.0727455930723943,13.751228996802553,-176.31798,-28.141293,-16.66438,66.09961,-16.875454,6.4690413,-27.998901,-22.725842,-33.224392,40.944687,-8.142413,-8.437828,-25.752365
233,3.8833333333333333,0.0494299,0.0,8133.1792957399675,580.4732036761695,2203.1698317659643,2648.9360911267795,0.01857034474584411,0.0727455930723943,13.751228996802553,-232.12799,10.930048,-10.001811,62.525154,16.273489,15.798201,-28.657806,-35.553375,-30.108566,36.613693,-4.8648257,-16.132866,-20.063072
234,3.9,0.1121765,243.77620690627958,5166.319875537311,292.97152140369127,2280.3158749620234,2562.5668710379377,0.01857034474584411,0.0727455930723943,13.751228996802553,-273.63678,71.37581,40.060303,56.697594,34.81758,16.14465,-25.61523,-22.54189,-20.271954,28.286127,-5.868634,-14.326109,-18.39486
235,3.9166666666666665,0.1509703,239.17304653925726,2855.59925131644,295.02404972416304,1965.79576674442,2831.0335585691396,0.01857034474584411,0.0727455930723943,13.751228996802553,-276.82376,98.822876,46.440197,40.15164,24.071661,24.722397,-15.206943,-18.563236,-31.664127,20.032845,-4.9631014,-6.4254956,-11.370182
236,3.933333333333333,0.18956268,231.79415856888468,1860.8748039596226,255.13298266412622,2032.987376969519,2558.2082232026296,0.01857034474584411,0.0727455930723943,13.751228996802553,-298.5493,122.89835,32.863846,23.753366,19.503689,21.093697,-1.4288948,-20.514523,-24.554996,15.890345,-13.022789,-11.057671,-13.840645
237,3.95,0.2069672,229.52377669414702,1440.4774411384715,244.73719644121672,1950.3371521852189,2504.297579205179,0.01857034474584411,0.0727455930723943,13.751228996802553,-315.45813,123.392494,26.508142,15.824914,23.57216,27.364613,8.673575,-14.768578,-23.777391,14.856216,-5.160454,-7.4088984,-19.61037
238,3.966666666666667,0.2267106,229.3846677677114,1203.9064978471624,236.7383764306494,1959.2712029740612,2555.0050823906654,0.01857034474584411,0.0727455930723943,13.751228996802553,-334.13644,128.72272,32.294586,19.730385,30.58717,26.289879,17.034739,-9.186459,-17.93489,20.12286,-1.3846885,-7.434676,-19.238914
239,3.9833333333333334,0.24054424,229.0557207569386,1001.6742547207108,241.86638900169612,2036.5928184690113,2670.3868254323797,0.01857034474584411,0.0727455930723943,13.751228996802553,-349.39923,128.9376,28.249666,18.118576,34.585655,23.018774,15.354734,-6.3833675,-13.935898,12.029118,-0.029587269,1.2844712,-18.611917
240,4.0,0.2536566,229.3326545353183,920.5517998282818,243.0195096882865,1997.8754625143986,2681.756531263067,0.01857034474584411,0.0727455930723943,13.751228996802553,-355.44324,131.57199,26.34931,11.228808,30.379837,19.243732,12.25275,-13.275733,-17.09091,5.490965,2.445446,2.5202813,-21.410583
241,4.016666666666667,0.2678614,230.78165661301108,904.1648167477658,251.970253960875,1946.7934732038573,2627.236356374865,0.01857034474584411,0.0727455930723943,13.751228996802553,-351.01215,141.03564,36.28192,12.274416,32.604904,19.144703,6.7534175,-21.509134,-20.942566,1.4467998,2.2798078,2.9060237,-24.1432
242,4.033333333333333,0.2745379,235.10175995483812,933.2295572772841,284.3961923892507,1933.17818173878,2387.6349995630876,0.01857034474584411,0.0727455930723943,13.751228996802553,-311.65778,167.44006,46.411957,12.85587,18.288942,2.4111304,-1.0102437,-24.067245,-23.673376,4.826047,-2.8431313,0.77869946,-34.668552
243,4.05,0.2578681,237.49974089710943,1016.6229809202421,287.43857314517464,1450.6929719545071,2170.908611871021,0.01857034474584411,0.0727455930723943,13.751228996802553,-314.57138,155.76904,37.319084,12.712265,11.895084,3.9812288,6.052076,-10.133268,-14.488699,2.6524837,-4.9949193,2.2086234,-37.21233
244,4.066666666666666,0.2258711,239.7851023974571,1192.5765277086582,313.1224807871998,1034.0599849546613,2298.433917041498,0.01857034474584411,0.0727455930723943,13.751228996802553,-314.23465,147.87086,37.864117,13.798012,4.668899,6.397271,16.600893,-7.666296,-22.21894,-6.194477,-3.1819592,7.0926113,-26.764605
245,4.083333333333333,0.2002238,240.4837477682054,1362.065197764423,340.266323835331,1782.3071522549549,3233.7298629399975,0.01857034474584411,0.0727455930723943,13.751228996802553,-310.01556,140.0661,31.738754,22.732048,17.734718,14.607421,5.593139,-12.236029,-24.856901,-15.376415,-1.8720901,5.1551332,-25.306412
246,4.1,0.15496409,235.8649204233929,1371.9097844339722,270.1660904404236,1970.6061625577404,2670.4617898807883,0.01857034474584411,0.0727455930723943,13.751228996802553,-329.61426,134.76526,32.731865,23.085976,35.112904,15.779676,-12.851518,-20.379086,-19.52958,-7.1670094,-1.257474,-2.4855733,-22.536236
247,4.116666666666666,0.09688759,227.08966010311414,1801.6794167399278,257.6724873911875,1835.8524397660765,2633.606201650778,0.01857034474584411,0.0727455930723943,13.751228996802553,-383.24014,129.53769,55.072067,20.628323,34.136932,18.71595,1.7215258,-12.315027,-14.660626,-5.184186,-7.4589467,-5.3508654,-12.766705
248,4.133333333333334,0.03213325,231.33720009838166,2792.8471013889234,292.71424649904986,1723.3651844106635,2829.9710199722517,0.01857034474584411,0.0727455930723943,13.751228996802553,-421.82846,102.19142,56.36878,26.073343,28.588573,12.663517,3.8086336,-6.420097,-11.166618,-9.462185,-15.461565,-4.1717515,-6.0106697
249,4.15,0.02266931,233.57241371343497,3628.530994303284,250.90203040908935,1742.995293442184,2800.5029763157095,0.01857034474584411,0.0727455930723943,13.751228996802553,-449.0652,83.92171,60.64463,31.891163,25.908113,12.43595,9.642404,-5.996621,-6.607646,-7.011363,-13.512555,-6.824662,-11.687103
250,4.166666666666667,0.015039188,0.0,7170.24405842628,279.49137889461844,2085.596488495357,2911.943554061737,0.01857034474584411,0.0727455930723943,13.751228996802553,-390.7762,58.83313,10.687653,40.041885,47.29419,3.1891716,6.2489753,-15.19827,-3.5121193,11.931866,-26.44469,-5.5126233,-19.096107
251,4.183333333333334,0.037914358,0.0,8550.545349832744,757.3630286455464,2515.380006315791,3170.7495902584847,0.01857034474584411,0.0727455930723943,13.751228996802553,-260.1916,28.360159,-25.098337,47.94709,36.205063,-10.128706,-16.10448,-24.42081,-19.365154,6.417596,-38.15381,-3.5622287,-29.081612
252,4.2,0.06063462,0.0,7215.98061263408,2334.200463313048,2956.626828692312,3351.501039815259,0.01857034474584411,0.0727455930723943,13.751228996802553,-164.79552,-0.55937266,-67.463684,50.78212,35.67389,2.4252136,-33.92324,-28.769253,-27.805855,16.171064,-36.89908,3.4924154,-25.932196
253,4.216666666666667,0.065132976,0.0,7484.619534764461,1859.1789266820442,2694.9681987144995,3684.30735009106,0.01857034474584411,0.0727455930723943,13.751228996802553,-148.66869,5.825992,-63.180717,36.091843,25.256031,8.634342,-39.273422,-18.155056,-36.91807,19.562477,-28.177967,4.6521425,-23.62595
254,4.233333333333333,0.04423735,0.0,6362.0480542537425,251.0943262571326,2077.3297811979605,3009.0035800335995,0.01857034474584411,0.0727455930723943,13.751228996802553,-198.00818,35.80526,-54.17598,30.196697,27.788618,12.002434,-30.08627,-23.605492,-43.986164,16.717367,-14.401709,5.336473,-20.642906
255,4.25,0.07156805,266.2383505000932,4572.190981583091,370.9900588165106,1990.241468035614,2796.184315309512,0.01857034474584411,0.0727455930723943,13.751228996802553,-251.20988,85.8369,-29.160042,28.946777,40.003113,19.058886,-24.689983,-23.231977,-22.891838,6.204666,-5.8702984,0.7220953,-16.580917
256,4.266666666666667,0.108396396,255.45420923413946,2347.8953204910167,391.482849257004,1756.8163175968991,2775.993440603248,0.01857034474584411,0.0727455930723943,13.751228996802553,-224.22755,135.5318,2.2561996,22.774273,34.69754,9.706985,-31.076715,-19.015226,-39.603577,-6.5743923,-7.5103126,-0.07347238,-18.469326
257,4.283333333333333,0.110669166,248.29692251253832,2280.4311751990936,372.87045052325,1733.195255173487,2923.1506407340426,0.01857034474584411,0.0727455930723943,13.751228996802553,-260.34918,127.2764,14.443438,24.334347,30.302872,10.306873,-19.094683,-8.5704975,-31.840572,-7.0801167,-10.8237915,0.3549589,-15.688209
258,4.3,0.071112014,251.6775280509821,2830.1719444736564,330.9420716307219,1834.8865288578759,2981.9384195255197,0.01857034474584411,0.0727455930723943,13.751228996802553,-339.3646,115.52931,22.931408,24.631723,40.242912,14.469019,-5.361159,-8.401653,-23.590656,-6.9811716,-17.343876,0.23605439,-14.393768
259,4.316666666666666,0.015542494,244.56073050052854,4230.35724099189,426.6973791829057,1794.5349886496217,2941.6392825792605,0.01857034474584411,0.0727455930723943,13.751228996802553,-389.37656,95.65988,18.821686,18.552546,38.56436,5.451151,-9.333891,-13.908213,-15.125994,-5.7717676,-15.922922,-1.6734158,-16.694172
260,4.333333333333333,0.009456957,0.0,4821.685606535992,437.0435751756913,1778.6181729560985,2988.835083289268,0.01857034474584411,0.0727455930723943,13.751228996802553,-428.4093,85.47417,29.807047,17.907396,31.36877,9.761677,-7.426523,-13.169377,-11.143106,-13.732951,-15.699434,-0.85735893,-12.428503
261,4.35,0.0045473287,0.0,6538.85887300353,410.6109266423011,1814.3770632265368,3035.8817300359055,0.01857034474584411,0.0727455930723943,13.751228996802553,-466.5199,62.356552,33.025055,20.506699,25.38316,11.123906,0.35670882,-7.193758,-9.701244,-11.012235,-6.871439,-0.79793346,-9.974333
262,4.366666666666666,0.010450748,0.0,8821.975849773384,298.44815913608755,1975.7595526731452,2935.8923290942826,0.01857034474584411,0.0727455930723943,13.751228996802553,-333.8534,33.15593,-1.025101,5.222074,2.6166582,13.244496,-15.05714,-17.716248,-29.664001,25.593002,8.367586,-4.830533,-24.127804
263,4.383333333333334,0.011252691,0.0,9341.63908754403,717.3039851497845,2087.0818813336978,2609.436162514474,0.01857034474584411,0.0727455930723943,13.751228996802553,-266.62405,25.160084,-8.926497,11.713087,3.5543232,11.922062,-18.407835,-12.521183,-34.7627,27.905804,-1.6626624,-7.912154,-32.713097
264,4.4,0.040902026,250.4535174943798,6698.928785171995,516.2771845581842,2362.5486813497578,2578.7203878998325,0.01857034474584411,0.0727455930723943,13.751228996802553,-320.55862,60.172104,9.936629,27.083656,30.243364,14.906353,-24.20395,-13.643497,-17.170433,18.523998,-11.173866,-18.09887,-27.19428
265,4.416666666666667,0.0833245,246.40932535439424,3548.0180078699514,345.4473854341861,2368.956604966553,2789.1167931594573,0.01857034474584411,0.0727455930723943,13.751228996802553,-283.68378,98.174965,28.809162,33.88402,42.25979,23.042105,-33.51279,-28.82428,-27.037153,17.619583,-11.586759,-8.013088,-17.733082
266,4.433333333333334,0.1052243,239.6079151612149,3135.6479657980863,335.56349603553093,2180.083928044353,2723.4486289027896,0.01857034474584411,0.0727455930723943,13.751228996802553,-276.1237,104.771416,25.800735,28.989788,39.036728,24.34613,-21.423199,-26.18013,-24.891594,18.65487,-13.349447,-11.3870945,-21.419771
267,4.45,0.11327918,233.9249151164024,3228.9412038647724,351.9711166965528,2014.2003105375543,2751.5308519786495,0.01857034474584411,0.0727455930723943,13.751228996802553,-287.61963,105.606804,24.425697,25.718773,46.715122,22.793903,-17.50473,-30.059422,-24.962349,11.094196,-16.299694,-10.385704,-23.423748
268,4.466666666666667,0.12115224,231.59407403123785,2863.4529647790787,380.8306225652489,2143.5352562378575,2733.609647964464,0.01857034474584411,0.0727455930723943,13.751228996802553,-283.76575,111.66759,19.773018,28.388187,54.153038,20.053246,-15.148575,-31.637337,-30.638561,6.3547454,-18.863764,-8.074707,-21.379517
269,4.483333333333333,0.13850883,228.93465925283985,2794.0305085145887,387.01269073582904,2211.160800067651,2782.5491452238507,0.01857034474584411,0.0727455930723943,13.751228996802553,-273.40894,101.01769,13.032069,34.57451,50.386253,15.831242,-25.444374,-35.257492,-32.998093,8.865066,-21.018421,-7.486352,-25.713913
270,4.5,0.15038642,226.90540091331832,2675.652885965619,352.27243788872215,2219.872339723842,2751.4457110682456,0.01857034474584411,0.0727455930723943,13.751228996802553,-263.05505,105.039505,12.507012,39.642654,56.281807,23.421978,-25.30059,-27.212654,-29.108242,12.069807,-13.655714,-7.819486,-25.416935
271,4.516666666666667,0.151997,223.82027600714886,2584.358774551735,348.8124879086738,2289.6170806672108,2759.9731622230674,0.01857034474584411,0.0727455930723943,13.751228996802553,-259.96033,103.467026,6.270523,38.413525,53.443844,17.894249,-35.097992,-25.003807,-29.546452,11.856783,-17.103115,-11.976566,-23.409992
272,4.533333333333333,0.13366425,220.26076864014914,2572.1747019194636,352.20272090944155,2284.5909414925736,2731.1571941790385,0.01857034474584411,0.0727455930723943,13.751228996802553,-268.5064,105.67784,11.203817,36.552364,46.307602,19.112133,-29.24789,-29.344608,-29.54845,16.418173,-16.041922,-16.952328,-21.406557
273,4.55,0.09638191,219.61210409588404,3712.815348604383,332.88284258071667,2099.280009051923,2679.2338749775226,0.01857034474584411,0.0727455930723943,13.751228996802553,-261.4289,89.209305,12.462226,48.775673,24.657074,18.061512,-7.626766,-31.855453,-27.353085,28.858915,-13.599441,-21.979183,-23.181833
274,4.566666666666666,0.056662176,0.0,8358.003407899734,490.03539632791717,2082.6710026869946,2886.402559681752,0.01857034474584411,0.0727455930723943,13.751228996802553,-198.02904,16.276833,3.02666,66.05708,-1.9969153,7.0829916,-16.242285,-24.532787,-31.570524,34.553886,-5.638637,-11.847516,-32.00576
275,4.583333333333333,0.056934882,0.0,9608.487662427386,886.6313834550658,2161.7013722952433,3365.1285436061908,0.01857034474584411,0.0727455930723943,13.751228996802553,-183.56268,-24.856712,-4.2918215,67.32803,-16.210564,3.7286654,-21.876858,-20.19321,-37.112522,41.80978,0.123676255,-1.3592056,-25.75932
276,4.6,0.05701737,0.0,10047.230144288018,1775.0428017490267,2647.9843404633025,4049.303437472099,0.01857034474584411,0.0727455930723943,13.751228996802553,-197.40971,-38.19019,-13.910569,54.550278,-18.828485,13.588049,-11.256934,-5.794071,-24.04303,44.921932,-1.7473543,2.0138535,-23.926523
277,4.616666666666666,0.041306276,0.0,10067.30595999294,468.1124161647397,2052.6644596359138,2889.1775732947613,0.01857034474584411,0.0727455930723943,13.751228996802553,-215.63795,-22.549633,-5.04461,56.655464,-7.1399837,18.07545,-20.041172,-14.869582,-35.976147,29.014156,-4.562785,-5.441457,-28.826027
278,4.633333333333334,0.021337144,0.0,7937.61496538258,545.7743727628907,1911.7674113744497,2664.231630580378,0.01857034474584411,0.0727455930723943,13.751228996802553,-255.7707,42.085663,-5.170966,28.663568,2.720121,18.351936,-19.858484,-22.083334,-32.418343,30.000957,-0.101220965,-4.746711,-20.040718
279,4.65,0.038682416,243.92293964479447,7794.8778609451265,745.8105515895314,1926.2832436932108,2686.053226806852,0.01857034474584411,0.0727455930723943,13.751228996802553,-276.0955,70.43706,8.1488495,1.4072751,8.560968,12.086309,-26.96084,-17.842955,-31.479877,42.926125,-6.16072,-9.35397,-13.101938
280,4.666666666666667,0.062060144,235.58248117578674,3323.8741821910867,668.1512619019877,1862.389529082959,2694.050743833111,0.01857034474584411,0.0727455930723943,13.751228996802553,-254.8986,138.61287,42.38013,-7.0335994,-3.9557757,-3.876336,-24.652966,-20.770699,-38.57802,23.52345,-13.0853,-8.382978,-6.587741
281,4.683333333333334,0.06296021,0.0,2064.3282539628804,524.4586569783796,1616.8289963944446,2731.641473247713,0.01857034474584411,0.0727455930723943,13.751228996802553,-296.59,154.84387,59.11914,12.1468525,4.0798078,0.619437,-9.404493,-15.067528,-27.47549,7.73087,-21.699131,-12.434933,-6.037948
282,4.7,0.035696898,239.58903333105374,3711.663090436512,364.81199391003145,1432.5430384046779,2687.5287573306277,0.01857034474584411,0.0727455930723943,13.751228996802553,-374.63745,116.534805,61.26367,17.672337,6.369024,-0.14467625,-0.16576052,-6.612005,-17.486835,9.18441,-15.488571,-5.446615,-5.4676986
283,4.716666666666667,0.013243852,0.0,4861.563887219016,552.3115070084791,1464.6838004234387,2680.1460751809436,0.01857034474584411,0.0727455930723943,13.751228996802553,-413.22595,104.04085,51.681114,10.601393,5.371189,1.6925558,5.9284496,-5.11137,-8.101521,8.480421,-8.440802,-7.373457,-7.8972816
284,4.733333333333333,0.004214087,0.0,5738.060455175382,779.2114049930963,2097.2609909126318,3102.191243254282,0.01857034474584411,0.0727455930723943,13.751228996802553,-456.4215,81.70875,54.92822,23.6006,8.054031,0.14952883,6.5557218,0.5355789,1.6694443,6.0267873,0.42060375,-3.3790703,-8.915316
285,4.75,0.0023849413,0.0,6857.743468440719,490.98571843195765,1982.528025901218,2758.460070498078,0.01857034474584411,0.0727455930723943,13.751228996802553,-479.46228,62.239273,48.676003,27.301182,14.509331,3.295114,1.2920179,-0.5997589,1.8867314,2.5143404,0.35423034,-1.4513792,-5.009839
286,4.766666666666667,0.0012841382,0.0,8223.549438584369,587.2036111034918,1600.1625951255921,2855.891064678496,0.01857034474584411,0.0727455930723943,13.751228996802553,-499.22885,40.456406,33.89743,22.867224,14.525263,7.10234,4.5379906,3.3056703,4.086222,4.308753,4.019702,3.42275,1.9079951
287,4.783333333333333,0.0065273764,0.0,6479.343866647904,848.8262171301583,2269.6278644679865,2925.5100048820887,0.01857034474584411,0.0727455930723943,13.751228996802553,-475.63672,66.04888,50.389988,26.76097,12.661561,-1.3704057,-7.703871,-12.342243,-8.887169,-3.5617719,-2.3169851,-3.0125937,-9.180404
288,4.8,0.039655466,233.28461700767895,2745.8862821691127,643.0764542742411,2341.990956694966,2501.7721248597354,0.01857034474584411,0.0727455930723943,13.751228996802553,-367.95978,144.11534,65.51303,-1.986727,5.0495396,-0.47771847,-11.322805,-26.559591,-21.1321,10.361729,-0.17863305,1.723918,-8.908649
289,4.816666666666666,0.0632013,228.34597562173428,2356.8561376971684,652.4003708638559,1816.711634430634,2664.4617313857675,0.01857034474584411,0.0727455930723943,13.751228996802553,-311.47607,158.99217,44.525345,-15.114298,14.369013,3.6688807,-12.123751,-29.537579,-34.992767,17.08267,-2.9253058,-0.43082654,-7.5578475
290,4.833333333333333,0.061225925,221.60925442797998,2892.1569633379086,588.5736883607553,1888.5720272373144,2726.006579418911,0.01857034474584411,0.0727455930723943,13.751228996802553,-307.03265,156.63763,50.264183,-17.41468,31.045366,5.40197,-20.902687,-24.074825,-30.937485,11.8203,-7.5916405,-8.826317,-16.761402
291,4.85,0.040812045,221.2979895292886,3664.1774526237796,445.4586042209641,1690.6658662510115,2513.908057700188,0.01857034474584411,0.0727455930723943,13.751228996802553,-369.8183,139.08911,63.777267,2.5865514,23.904808,8.55783,-4.5323925,-12.019354,-12.853689,3.683465,-5.428685,4.162521,-9.483548
292,4.866666666666666,0.034132242,198.77649569876135,2851.1486299680364,541.6384797586522,2037.2978715153629,2798.2715446355155,0.01857034474584411,0.0727455930723943,13.751228996802553,-318.47043,147.93484,26.485353,7.1412945,24.975422,-13.448389,-22.863972,-19.279871,-25.406563,7.2533145,-7.6782427,-10.788305,-12.95488
293,4.883333333333334,0.065287344,214.66487582291495,2629.707482215871,347.80254949920493,2192.4091081666384,3062.07211105376,0.01857034474584411,0.0727455930723943,13.751228996802553,-305.35654,131.92404,30.620827,24.52924,38.31144,5.647423,-26.154814,-28.882812,-26.908154,19.718176,-22.605665,-14.209027,-15.425463
294,4.9,0.0710388,218.63408634208696,3483.109127794578,291.9967493546377,2346.2672086308503,2902.658691596349,0.01857034474584411,0.0727455930723943,13.751228996802553,-291.509,100.49649,27.416061,42.083824,37.780197,8.819459,-27.887653,-29.854298,-14.054832,29.95581,-37.989273,-23.72908,-19.163546
295,4.916666666666667,0.053373184,205.8675962118004,4422.841027397054,331.5858407232039,2413.705694454475,2836.51097564926,0.01857034474584411,0.0727455930723943,13.751228996802553,-287.60376,78.51564,15.099475,62.890022,28.105648,-1.0381196,-26.29575,-28.303787,-15.058577,30.612463,-26.274977,-26.951534,-23.858269
296,4.933333333333334,0.039026055,0.0,7989.803300567864,539.5797282530679,2522.6078614115263,3014.2046548164226,0.01857034474584411,0.0727455930723943,13.751228996802553,-235.23502,-1.2174704,-8.866844,79.88883,13.083248,15.29994,-17.049997,-15.595886,-16.001305,42.034576,-13.004282,-24.215767,-31.553757
297,4.95,0.053368606,0.0,9763.459372353711,2199.8698878395867,3298.2160770727523,4471.990002840719,0.01857034474584411,0.0727455930723943,13.751228996802553,-211.30734,-40.251827,-2.691833,79.864555,-4.449761,10.291851,-21.51524,-15.45083,-29.484837,39.594826,-12.77113,-17.23588,-31.60531
298,4.966666666666667,0.06930114,0.0,10212.25781760063,2072.3238909466722,2335.289757221082,4183.560875297075,0.01857034474584411,0.0727455930723943,13.751228996802553,-214.79918,-64.86374,-4.693535,81.99221,-10.112292,4.1716256,-21.695076,-12.011955,-32.37036,37.22531,-12.270777,-15.635328,-25.235323
299,4.983333333333333,0.08632758,0.0,10562.05472438204,2249.982008858986,2685.6483997590312,4177.632903549718,0.01857034474584411,0.0727455930723943,13.751228996802553,-224.05959,-87.5194,-8.511364,82.93558,-9.966143,2.6334028,-17.22432,-6.5361156,-33.551846,44.625652,-12.762968,-13.645754,-25.146404
300,5.0,0.09612294,0.0,10534.257316990017,2340.0384972309,2937.728877980353,4107.430551163198,0.01857034474584411,0.0727455930723943,13.751228996802553,-239.48187,-112.45573,-9.573397,90.53212,-10.298452,6.164965,-17.199741,0.54602444,-31.97105,41.923485,-14.421719,-12.319792,-20.7058
301,5.016666666666667,0.08811709,0.0,10496.630137002532,2206.9027227373995,2828.5848033522825,4169.254542528861,0.01857034474584411,0.0727455930723943,13.751228996802553,-244.94392,-123.04942,-24.497398,86.307495,-3.276953,7.6825905,-9.787781,3.9247732,-33.313423,40.50937,-14.320091,-18.57599,-27.110764
302,5.033333333333333,0.07082774,0.0,10110.563749685145,2254.4786932219536,2730.1362313484146,4172.132632034137,0.01857034474584411,0.0727455930723943,13.751228996802553,-257.6622,-111.89924,-39.618828,73.79115,1.0193394,6.340768,-20.531914,0.21359241,-33.63249,43.989025,-4.339162,-23.770771,-26.58675
303,5.05,0.039666235,0.0,8797.58829436617,1993.7438094910424,2739.345888128666,4003.7033066332842,0.01857034474584411,0.0727455930723943,13.751228996802553,-292.65356,-63.770832,-37.581787,74.72167,34.439953,15.83311,-30.651863,-12.565412,-31.478033,29.397953,-3.7952135,-24.854908,-29.776012
304,5.066666666666666,0.052375883,245.93361206782708,6224.178014951715,302.11361669893296,2349.9114503417672,2986.014856854223,0.01857034474584411,0.0727455930723943,13.751228996802553,-317.2395,21.364792,7.205391,86.806755,56.70899,23.935997,-27.544426,-18.620739,-25.43966,20.393105,-16.341145,-27.450802,-22.857574
305,5.083333333333333,0.10101115,240.2350030547032,3275.862620739172,344.9235129913287,2261.659804303267,2776.9710070459287,0.01857034474584411,0.0727455930723943,13.751228996802553,-290.77994,67.700066,21.526703,79.933945,72.78251,26.53059,-35.611687,-34.10666,-37.378014,14.560659,-15.505619,-26.353382,-30.936941
306,5.1,0.13679115,235.89372545423402,2938.1276329846182,418.01460711899347,2150.4718182335964,2544.9296635738992,0.01857034474584411,0.0727455930723943,13.751228996802553,-283.59158,71.34311,14.963617,64.842545,69.493774,26.135853,-29.096779,-34.768715,-46.799385,11.491192,-0.62311876,-13.218832,-28.911907
307,5.116666666666666,0.15057956,233.0806287057569,2620.74854297673,435.4983752517517,2073.9742388876616,2187.9042221731847,0.01857034474584411,0.0727455930723943,13.751228996802553,-284.1362,83.592255,14.366304,45.814064,54.12558,26.293732,-18.77119,-30.714298,-57.3559,0.33410394,2.918728,-6.613346,-23.99836
308,5.133333333333334,0.15639287,230.17320928982667,2591.872268262815,425.4703041988089,1884.8393892677764,2483.033173110417,0.01857034474584411,0.0727455930723943,13.751228996802553,-275.62814,96.5499,22.34768,35.057533,44.85636,24.698051,-14.403032,-22.150898,-56.221127,-4.206117,-3.6693597,-1.379767,-21.97292
309,5.15,0.15781736,229.01648998714654,2549.577934840863,406.5757683283699,1866.856386467119,2724.4346849871836,0.01857034474584411,0.0727455930723943,13.751228996802553,-273.06387,104.69545,27.985317,34.377277,37.7401,23.768084,-10.116154,-24.54434,-49.993942,10.558106,-4.976277,5.2769527,-20.751772
310,5.166666666666667,0.15340449,227.9434672217801,2454.479297619094,382.3452754470067,1905.1680142083746,2653.5653911953464,0.01857034474584411,0.0727455930723943,13.751228996802553,-271.212,110.17258,24.487488,28.678413,32.684563,27.364807,-10.189541,-22.314339,-46.926357,10.7252,-1.3726201,-2.2367535,-19.095985
311,5.183333333333334,0.15549205,226.66093989104237,2419.8622777544197,372.5806204207769,2055.1313890364777,2821.3663103590156,0.01857034474584411,0.0727455930723943,13.751228996802553,-269.2795,109.65796,20.303,25.44635,31.330292,24.79454,-16.39249,-19.603428,-41.72718,11.008753,-8.037925,-9.980131,-21.468521
312,5.2,0.15727203,225.2691722620228,2657.8550076531965,353.97735280521596,2129.1713458651598,2762.9483787896934,0.01857034474584411,0.0727455930723943,13.751228996802553,-263.6917,103.93221,20.566055,29.91594,34.409637,19.016228,-21.934784,-19.848827,-29.60648,19.756672,-4.9589396,-12.72163,-25.132725
313,5.216666666666667,0.15480506,224.4862475573234,2891.2119600300443,355.6218884007613,2281.1955343943737,2831.9982513785912,0.01857034474584411,0.0727455930723943,13.751228996802553,-266.64926,94.99715,19.337784,33.42074,42.399902,16.640036,-31.090199,-18.60051,-25.932865,12.653858,-5.366021,-4.5986376,-18.922058
314,5.233333333333333,0.14000069,224.0218394260496,2754.451803078353,331.30819649118416,2204.0095804124394,2341.0529055442025,0.01857034474584411,0.0727455930723943,13.751228996802553,-272.4121,106.7324,21.546364,29.381683,55.964066,12.031035,-33.960533,-20.639572,-26.351803,12.778305,-2.8567262,-14.320452,-30.05368
315,5.25,0.13267992,221.12369330542333,2340.0758969123794,306.86530984281853,2222.5670209193872,2542.2990517308062,0.01857034474584411,0.0727455930723943,13.751228996802553,-283.21616,125.84897,32.495583,42.75408,60.296356,3.142875,-22.817295,-15.846006,-30.80709,1.1444614,-9.318194,-19.645536,-24.701778
316,5.266666666666667,0.13576707,220.01195511934162,1596.3793341866817,273.45894322684876,2612.5679461205505,2992.2129057195734,0.01857034474584411,0.0727455930723943,13.751228996802553,-331.87045,131.28723,39.74903,42.030327,63.400223,4.1426077,-27.134708,-11.577919,-19.042976,2.683348,-2.2807777,-7.305683,-30.14474
317,5.283333333333333,0.16409472,221.3464820945199,1269.0487873007562,283.30369949206346,1984.8683491246845,2922.6296806557,0.01857034474584411,0.0727455930723943,13.751228996802553,-350.4108,132.94595,46.503,34.43941,57.101593,13.889231,-19.422745,-25.278557,-27.145742,3.1087518,0.9615574,-3.3530285,-31.314255
318,5.3,0.17504415,220.0704984940955,997.9034407672008,256.6039579330669,1914.6230581514628,2788.0669764906634,0.01857034474584411,0.0727455930723943,13.751228996802553,-364.35678,139.81287,51.044247,26.02007,47.247906,22.893265,-9.328849,-27.663422,-26.814495,1.3216177,1.5456303,-4.9647636,-34.096935
319,5.316666666666666,0.17876908,219.72302897833245,918.0310560543519,238.72355707427587,2077.0750345637325,2539.830642954569,0.01857034474584411,0.0727455930723943,13.751228996802553,-379.55112,133.99252,49.997242,25.776823,44.924896,31.702673,3.545219,-22.067951,-18.9701,3.8685358,2.4860873,-7.088531,-27.407196
320,5.333333333333333,0.18497951,218.93496588838158,836.3533989719542,232.73032956360146,2022.3663529595779,2266.383802006466,0.01857034474584411,0.0727455930723943,13.751228996802553,-378.6983,140.6419,44.325996,14.500362,36.616337,33.73253,9.853399,-18.548489,-16.4787,4.4644175,8.701933,-6.8317103,-24.212317
321,5.35,0.18263039,217.72155937109406,764.391865573192,224.7205913146972,1764.4569046034676,2294.0663520471626,0.01857034474584411,0.0727455930723943,13.751228996802553,-379.25748,144.97078,45.68522,13.387272,32.633507,33.164227,8.285422,-18.449194,-10.717346,7.797595,9.831079,-6.8484383,-21.583927
322,5.366666666666666,0.17861412,216.32827214664238,783.3846123124081,220.62419651556846,1695.486033387242,2190.666902109165,0.01857034474584411,0.0727455930723943,13.751228996802553,-387.5558,139.34406,47.99022,12.704257,29.064259,29.993896,8.766259,-17.071135,-9.132699,10.006068,9.584465,-11.433716,-27.253723
323,5.383333333333334,0.17607388,217.4093562454489,945.3493560078343,224.49167456776726,1407.92606746743,2149.103648750893,0.01857034474584411,0.0727455930723943,13.751228996802553,-365.95193,158.93698,65.5781,11.377039,20.329292,19.50673,7.1290503,-22.265154,-15.589838,4.722786,4.7252393,-2.2886147,-19.257679
324,5.4,0.16992472,216.634342474463,1189.1501843934184,238.47911987820356,1049.9944095775277,2097.464366205293,0.01857034474584411,0.0727455930723943,13.751228996802553,-349.07117,157.78569,75.91033,9.228716,5.1208787,8.171242,5.27821,-16.856632,-16.16368,14.144076,4.799683,5.222332,-24.991238
325,5.416666666666667,0.15533645,215.15452494849475,1666.282315837172,235.17564819263674,1258.652435058787,2003.8881452454673,0.01857034474584411,0.0727455930723943,13.751228996802553,-348.87402,132.18942,61.687946,-0.18140012,1.3150305,17.666323,16.38137,-2.8189764,-14.42792,13.060915,-6.018654,-2.5214329,-34.4422
326,5.433333333333334,0.13739249,213.7140311937678,1647.9906620491263,229.17735472361295,1148.032275672045,2048.4470592257708,0.01857034474584411,0.0727455930723943,13.751228996802553,-360.79327,122.69167,53.160583,4.2539616,4.661146,16.737967,18.600689,1.0130081,-15.661072,5.70127,-11.430197,-6.9950485,-38.22545
327,5.45,0.12704773,210.5887843768648,1334.5293043633994,235.31207283463078,1354.4352575997118,2204.529764713417,0.01857034474584411,0.0727455930723943,13.751228996802553,-369.55756,139.31635,69.40657,14.874715,11.700732,19.695107,20.499577,-4.934108,-19.668732,1.3784349,-13.193384,-14.6216345,-44.401443
328,5.466666666666667,0.123027876,210.84082219449277,1195.5807242178357,246.7020471439393,1859.4168694705727,3274.7628428564235,0.01857034474584411,0.0727455930723943,13.751228996802553,-400.16275,124.5139,68.85858,17.109932,20.640207,29.145119,27.130318,-0.5393175,-17.62587,-4.8871336,-11.577107,-9.235266,-35.86421
329,5.483333333333333,0.11978711,210.41927077557716,1050.644400286829,248.13682980111682,1805.0359687553037,3346.636491070422,0.01857034474584411,0.0727455930723943,13.751228996802553,-413.49026,119.21027,61.155426,17.454006,23.684864,32.24297,27.138515,-4.1068125,-17.823593,-11.020466,-10.490816,-15.278568,-34.09124
330,5.5,0.10443417,207.43261569720673,1130.0415318383434,255.82895605149298,1871.2504661750336,2798.5691373966815,0.01857034474584411,0.0727455930723943,13.751228996802553,-420.7567,116.51218,64.51178,25.620564,31.085827,34.757492,19.215317,-15.342559,-25.398495,-11.90197,-3.4349892,-8.05566,-27.56321
331,5.516666666666667,0.089293495,206.16467463423595,1119.3118936366402,259.45473722663553,1868.2690833971,2837.261482515911,0.01857034474584411,0.0727455930723943,13.751228996802553,-432.36203,107.60434,64.72598,37.976555,43.800064,46.24225,24.047033,-14.936891,-23.870121,-7.8275995,3.8229156,-1.5850122,-25.663414
332,5.533333333333333,0.08175406,205.75847782612436,1025.5784509404032,266.69620912060736,1859.6807157273145,2767.800038689759,0.01857034474584411,0.0727455930723943,13.751228996802553,-430.69275,112.94606,66.6187,37.127117,39.1344,40.70775,19.894108,-13.786751,-22.272936,-8.143484,3.0395336,-5.7501073,-28.607197
333,5.55,0.07193024,204.73912548409575,1264.5699858172366,272.16916504168586,1856.0864016032929,2727.796341349553,0.01857034474584411,0.0727455930723943,13.751228996802553,-434.57892,106.29949,67.51183,36.551247,41.982697,39.611637,21.942661,-13.161661,-21.47247,-10.406206,1.827681,-4.5657005,-25.178324
334,5.566666666666666,0.05878554,201.92294735817777,1389.7593803573259,274.1671066334289,1856.3993474066428,2991.1556686081985,0.01857034474584411,0.0727455930723943,13.751228996802553,-440.79147,102.64458,69.78206,41.37863,41.443085,34.280197,15.709364,-14.235575,-21.802864,-9.954981,1.1694032,-1.9462926,-19.171625
335,5.583333333333333,0.052076433,204.61457095458633,2000.3303005082194,303.7641285310613,1711.1645528278445,3473.13224322584,0.01857034474584411,0.0727455930723943,13.751228996802553,-417.70242,110.45093,73.44466,52.403877,28.049767,12.2018585,7.3226357,-24.665585,-33.852688,-4.9645348,5.1841445,3.0101097,-12.832769
336,5.6,0.05661613,212.72407256299834,2096.23641142468,229.12397389598712,1141.445492290241,2031.1620181267465,0.01857034474584411,0.0727455930723943,13.751228996802553,-410.72693,99.80388,66.450806,46.16489,28.573011,22.728779,15.333001,-21.876211,-36.711285,-0.76940143,8.564768,11.4859085,-8.617266
337,5.616666666666666,0.05915661,213.40458670706008,1940.0357397618027,224.4718612527858,1841.8025752399412,2914.0442151483912,0.01857034474584411,0.0727455930723943,13.751228996802553,-419.46097,102.66881,66.90851,35.900467,28.755653,27.015106,13.628193,-18.554518,-29.99498,0.64807236,7.1552916,10.066781,-5.698353
338,5.633333333333334,0.04450725,211.47632651863142,2248.6314232167597,224.736335441552,1762.5876760786844,2580.068991597546,0.01857034474584411,0.0727455930723943,13.751228996802553,-431.04935,98.31129,67.94447,34.130157,26.774832,24.995424,13.046545,-11.737753,-24.219416,-1.2965143,8.277842,10.580541,-4.972513
339,5.65,0.02446173,0.0,3081.9282229214296,252.6752086757063,1768.8547357174516,3059.1071129351662,0.01857034474584411,0.0727455930723943,13.751228996802553,-457.6191,83.407364,60.842335,33.563896,26.248775,20.401041,10.882927,-1.6165589,-7.6014023,1.0781609,6.334056,3.3213797,-11.907623
340,5.666666666666667,0.0065770526,0.0,5911.20248622628,356.67080322856316,1846.7909540559158,3025.5452403563886,0.01857034474584411,0.0727455930723943,13.751228996802553,-494.38467,47.26654,38.126053,29.76595,24.13669,18.28669,9.688588,0.6090462,-4.3230486,-4.0920167,-2.8675861,-5.013013,-9.906387
341,5.683333333333334,0.0009375331,0.0,7853.906999003224,405.55808115844263,1812.9614695051189,3166.726946769993,0.01857034474584411,0.0727455930723943,13.751228996802553,-509.1028,29.043701,25.162804,20.294579,15.327557,10.300048,5.1401663,0.41962093,-2.9240968,-4.566478,-5.1999855,-5.7799206,-6.489088
342,5.7,0.0005492316,0.0,8348.574270796911,545.7288683569649,1800.433937069142,2891.2934945734946,0.01857034474584411,0.0727455930723943,13.751228996802553,-517.24554,17.987453,15.554192,13.133014,11.252426,9.263062,6.514613,3.4694753,1.3104242,0.5452003,0.40289846,-0.18405768,-1.2349916
343,5.716666666666667,0.00041238117,0.0,8600.04968733092,659.2449677348231,1804.537786591492,3056.1473541199684,0.01857034474584411,0.0727455930723943,13.751228996802553,-521.2216,12.633825,10.9092865,9.426391,8.542138,7.506995,5.5703983,3.0878975,1.2404209,0.69696474,0.86285424,0.6390219,-0.24213374
344,5.733333333333333,0.00035128283,0.0,8757.041634473706,1041.0479408813976,1971.0009178241542,3175.5163924407284,0.01857034474584411,0.0727455930723943,13.751228996802553,-522.91345,10.847357,10.309596,9.458054,8.354315,7.0744324,5.7004642,4.3117695,2.977263,1.7495241,0.66164756,-0.27316704,-1.0591273
345,5.75,0.00032328465,0.0,8865.40018186074,868.5319844282923,2090.0962948588513,3315.6947168172783,0.01857034474584411,0.0727455930723943,13.751228996802553,-523.31714,10.189592,9.416037,8.245447,6.824564,5.3079715,3.829509,2.4863274,1.3377777,0.4147005,-0.26903376,-0.71019685,-0.9185735
346,5.766666666666667,0.000305816,0.0,9324.60520403613,1229.7656170939442,2083.871355847917,3217.401554718132,0.01857034474584411,0.0727455930723943,13.751228996802553,-526.06714,6.4784484,6.2085485,5.785829,5.247016,4.636319,3.9995897,3.3785481,2.8059263,2.302245,1.8747623,1.5184268,1.2188174
347,5.783333333333333,0.00030847406,0.0,9289.469542743502,1164.6850695457151,2210.9359617790406,3262.864901202852,0.01857034474584411,0.0727455930723943,13.751228996802553,-526.2812,6.1702957,5.893354,5.4848413,5.004794,4.506813,4.023759,3.5640182,3.118844,2.676165,2.2338219,1.8052926,1.4156256
348,5.8,0.00030344955,0.0,9318.290994578689,1121.1453962701612,2149.2598082704408,3207.3976536263654,0.01857034474584411,0.0727455930723943,13.751228996802553,-526.47504,5.93927,5.779208,5.528839,5.2100058,4.8482466,4.469146,4.094816,3.7415173,3.418395,3.1277306,2.8660703,2.6261313
349,5.816666666666666,0.00031520266,0.0,9178.591147167763,1083.535111610171,2174.933688487342,3292.0791142662983,0.01857034474584411,0.0727455930723943,13.751228996802553,-526.2178,6.26915,6.0085726,5.595084,5.0550985,4.4183674,3.7149038,2.9739232,2.2242143,1.4942431,0.8106866,0.19537152,-0.33809388
350,5.833333333333333,0.00030057563,0.0,8255.36736284488,974.5424244550642,1959.4334654333047,3228.4723973653768,0.01857034474584411,0.0727455930723943,13.751228996802553,-523.2755,9.192026,6.0147066,2.7593718,0.85375035,0.5635923,1.1974816,1.8419924,1.8667856,1.0197204,-0.5500759,-2.1957657,-2.9301167
351,5.85,0.0002902708,0.0,9251.20628282812,1017.4388578176765,2113.228807162802,3200.319565197498,0.01857034474584411,0.0727455930723943,13.751228996802553,-527.73303,4.0367265,3.568845,2.983315,2.4746962,2.1699576,2.071755,2.0626898,1.9680833,1.6465528,1.064374,0.31733805,-0.41040403
352,5.866666666666666,0.0002492102,0.0,9569.990788749019,837.870967008619,1947.2819486445662,3178.389814738445,0.01857034474584411,0.0727455930723943,13.751228996802553,-529.7792,1.2860416,1.1830097,1.022972,0.821587,0.5973978,0.36936677,0.15457484,-0.033442885,-0.18558629,-0.2973945,-0.36863166,-0.40261695
353,5.883333333333334,0.00025606176,0.0,9925.05509731861,830.1100081030401,1978.1259663343542,3092.9825879645064,0.01857034474584411,0.0727455930723943,13.751228996802553,-528.4929,3.0733128,2.8771572,2.569274,2.1762385,1.7315023,1.272099,0.8350338,0.453698,0.15475571,-0.044385567,-0.13695253,-0.12721749
354,5.9,0.00025958059,0.0,9497.34968534045,947.3223814592412,2081.5529387937586,2961.339985094513,0.01857034474584411,0.0727455930723943,13.751228996802553,-527.79706,3.968018,3.5459838,2.9826877,2.4259987,1.9878297,1.703739,1.5296819,1.3761253,1.1621487,0.8630289,0.527992,0.25929922
355,5.916666666666667,0.0002574176,0.0,10039.249803835952,962.1595369946872,1941.7486686412665,2908.423999006068,0.01857034474584411,0.0727455930723943,13.751228996802553,-529.29816,1.9728488,1.896334,1.7992737,1.712428,1.6562388,1.631603,1.6199408,1.5924788,1.5243759,1.4070511,1.252897,1.0901535
356,5.933333333333334,0.00026098816,0.0,9801.963283531528,922.8417095673943,2123.959335652715,2865.9471965349285,0.01857034474584411,0.0727455930723943,13.751228996802553,-528.66534,2.8476982,2.7075331,2.496501,2.2447085,1.9873904,1.7593362,1.5894015,1.4959632,1.4840841,1.5447083,1.6562309,1.787974
357,5.95,0.00027099994,0.0,9956.77456115363,946.6877326285714,2356.9059970904036,3427.4925314735056,0.01857034474584411,0.0727455930723943,13.751228996802553,-526.9188,5.317893,5.173645,4.9405446,4.62904,4.2528105,3.8278236,3.371406,2.9011264,2.4338734,1.9848306,1.5668757,1.1899822
358,5.966666666666667,0.00028081625,0.0,9598.349265667897,940.4616577209297,2236.0402174489736,2994.038495067767,0.01857034474584411,0.0727455930723943,13.751228996802553,-526.8967,5.3450108,5.188181,4.9336314,4.5912523,4.174102,3.6978073,3.1796756,2.637887,2.0905633,1.5549728,1.0467274,0.57918525
359,5.983333333333333,0.00026108514,0.0,9438.374414856242,1377.2622290535217,2024.6121324377204,3177.032656497129,0.01857034474584411,0.0727455930723943,13.751228996802553,-526.9026,5.3331347,5.1671357,4.902891,4.5576854,4.153181,3.7132506,3.261601,2.8195322,2.40394,2.0260818,1.6907637,1.3964987
360,6.0,0.00027293494,0.0,9684.641569891755,726.0857980956829,1865.4326958569256,3024.177038561755,0.01857034474584411,0.0727455930723943,13.751228996802553,-527.5362,4.437457,4.2739854,4.017945,3.6916106,3.3218842,2.936808,2.5621078,2.218194,1.9182274,1.6671592,1.4622384,1.2944099
361,6.016666666666667,0.00026940327,0.0,9790.127635820361,904.0352498131077,2044.3557651440942,3290.199081223653,0.01857034474584411,0.0727455930723943,13.751228996802553,-528.1076,3.6544366,3.563805,3.4215884,3.2398124,3.0329993,2.8163223,2.603704,2.4062147,2.2309227,2.0804348,1.9530349,1.8435037
362,6.033333333333333,0.0002579515,0.0,9648.071415197786,769.3093088233369,1907.9943947078787,3087.291195145324,0.01857034474584411,0.0727455930723943,13.751228996802553,-527.16077,4.9312973,4.6585617,4.226901,3.6683786,3.0236244,2.3380299,1.657697,1.025356,0.47678828,0.038071856,-0.27612644,-0.46304405
363,6.05,0.0002478092,0.0,9775.413201080532,970.8922949072974,1823.2235107876706,2863.3346196349635,0.01857034474584411,0.0727455930723943,13.751228996802553,-528.9846,2.4095364,2.3055878,2.143186,1.9374352,1.7072961,1.473649,1.2571983,1.076391,0.94554657,0.8735018,0.8627106,0.9090949
364,6.066666666666666,0.0002562763,0.0,9911.082392650209,845.0791979359947,2022.0406815037072,3117.8200347780316,0.01857034474584411,0.0727455930723943,13.751228996802553,-530.05066,0.9303105,0.9088981,0.87538683,0.83269477,0.78423905,0.733453,0.68324125,0.6355683,0.5912136,0.54968405,0.5093936,0.4679783
365,6.083333333333333,0.00025647238,0.0,10006.833019054082,1045.138139135159,2109.364769746207,3264.614106862908,0.01857034474584411,0.0727455930723943,13.751228996802553,-528.30084,3.3284874,3.0900154,2.7319546,2.2995205,1.8342264,1.3635225,0.89783156,0.43593326,-0.024431527,-0.47594088,-0.8962911,-1.25089
366,6.1,0.00027554872,0.0,10003.742145268643,929.280184807482,2006.30448266409,3061.103244258852,0.01857034474584411,0.0727455930723943,13.751228996802553,-528.91473,2.4792628,2.2903974,1.9939783,1.6150236,1.1839265,0.73276573,0.29163948,-0.114374675,-0.46724918,-0.75671804,-0.9798217,-1.1393592
367,6.116666666666666,0.00029344126,0.0,9374.039297316176,1190.028962885991,2084.1559242958647,3182.3534309860224,0.01857034474584411,0.0727455930723943,13.751228996802553,-526.31714,6.1311064,5.87646,5.469121,4.933113,4.299105,3.6019068,2.8777704,2.161869,1.4861053,0.8775687,0.35751832,-0.058882788
368,6.133333333333334,0.00030490945,0.0,9094.98934625393,1365.7482931888949,2254.1981490523376,3355.663047874378,0.01857034474584411,0.0727455930723943,13.751228996802553,-525.8409,6.8381057,6.681178,6.427526,6.088471,5.6789093,5.2163706,4.720014,4.2094765,3.7037148,3.2200103,2.772966,2.373796
369,6.15,0.00029928717,0.0,9489.649993047498,1007.3290680901164,2222.7016594957645,3470.3414444408986,0.01857034474584411,0.0727455930723943,13.751228996802553,-528.1146,3.5971735,3.3709583,3.0221715,2.5850658,2.095421,1.5850503,1.0803633,0.60376424,0.17568795,-0.18542534,-0.4656993,-0.6598085
370,6.166666666666667,0.00065405306,0.0,6559.280970717247,794.8274166046997,2333.1972014572516,3290.355554498371,0.01857034474584411,0.0727455930723943,13.751228996802553,-504.38034,17.052437,6.969328,19.270212,7.5729995,0.13669208,1.7765714,-14.79043,-11.88216,3.471273,-10.667826,-16.63976,-1.5262517
371,6.183333333333334,0.00066674105,0.0,7285.5031385482125,608.4599850050042,2223.2959751620147,2554.7459665952874,0.01857034474584411,0.0727455930723943,13.751228996802553,-511.90714,16.71256,9.392203,13.5559635,9.824528,5.042293,1.4464347,-8.251379,-6.7612934,1.0402007,-6.500928,-11.886576,-4.475687
372,6.2,0.00038885104,0.0,8500.630779384177,933.6020264033461,2299.3555141378433,3696.8617462001007,0.01857034474584411,0.0727455930723943,13.751228996802553,-525.5947,5.4568186,2.6541235,2.3657176,3.524125,2.4890637,-0.7242292,-2.2973711,-0.77499914,0.6091561,-0.7307209,-2.4983544,-1.315613
373,6.216666666666667,0.000344915,0.0,8711.113962321664,966.7333451624633,2316.0513543883503,3686.662515690329,0.01857034474584411,0.0727455930723943,13.751228996802553,-523.12195,10.020538,8.782642,7.4464755,5.5112634,3.8870964,2.932158,1.6415057,0.38737074,-0.39316472,-1.5085976,-2.4379847,-2.3714638
374,6.233333333333333,0.00033512447,0.0,9593.58645540359,984.0650428767062,2212.20866147735,3523.689178737482,0.01857034474584411,0.0727455930723943,13.751228996802553,-527.83093,4.021557,3.8584185,3.5953746,3.2450514,2.8239286,2.3512306,1.8476921,1.334247,0.8307655,0.35499045,-0.07840213,-0.45839238
375,6.25,0.00032167282,0.0,9399.43574905438,1114.9141190921657,2258.551665621682,3585.0996071447735,0.01857034474584411,0.0727455930723943,13.751228996802553,-526.01855,6.529105,6.2045674,5.6892214,5.019017,4.239686,3.4027605,2.561067,1.7642533,1.0547502,0.46441442,0.012436271,-0.29563963
376,6.266666666666667,0.0003299546,0.0,8391.182703436829,547.9836669401734,1769.239744112847,2671.910307853635,0.01857034474584411,0.0727455930723943,13.751228996802553,-522.93146,10.754133,10.049633,9.025202,7.8489227,6.6681933,5.5686955,4.564211,3.6187954,2.6881309,1.7589405,0.86686134,0.08488184
377,6.283333333333333,0.00034058426,0.0,8866.968938273869,787.926886140657,2036.1157438912846,3050.8130639663377,0.01857034474584411,0.0727455930723943,13.751228996802553,-525.4901,7.1949053,6.6407247,5.7900276,4.741828,3.6154332,2.5346487,1.6115386,0.9322958,0.5470066,0.46470442,0.654212,1.0504441
378,6.3,0.00032127977,0.0,9086.236928396527,1069.772918667591,2105.6755131413915,3103.433516736386,0.01857034474584411,0.0727455930723943,13.751228996802553,-524.3116,8.919624,8.524485,7.8920665,7.059467,6.0745025,4.9921722,3.8705816,2.766932,1.7337523,0.815728,0.047367543,-0.5483985
379,6.316666666666666,0.0003111027,0.0,9248.089111439147,687.3755459963329,2029.6468405850114,3351.36756398638,0.01857034474584411,0.0727455930723943,13.751228996802553,-525.6427,7.0396786,6.6544456,6.0457926,5.260358,4.3569126,3.4007285,2.4575202,1.5875901,0.84072244,0.25250104,-0.15795088,-0.38839787
380,6.333333333333333,0.0002920237,0.0,9113.684484187826,961.5448708617139,2127.9605380534736,3227.5987400703393,0.01857034474584411,0.0727455930723943,13.751228996802553,-525.7336,6.823487,6.203873,5.289489,4.222763,3.1465251,2.172997,1.3680102,0.752856,0.31890306,0.045187682,-0.089818954,-0.107129544
381,6.35,0.0002857922,0.0,9168.664284754457,760.2178293604527,1789.1214596370132,2677.022618336585,0.01857034474584411,0.0727455930723943,13.751228996802553,-527.3631,4.6389823,4.356257,3.9309509,3.4135427,2.8488908,2.2690349,1.6967918,1.1558139,0.6784652,0.304565,0.070141375,-0.0076805353
382,6.366666666666666,0.000282311,0.0,9960.232548076043,907.8468114047969,1562.9832714922811,2860.3827045073604,0.01857034474584411,0.0727455930723943,13.751228996802553,-528.01025,3.8008373,3.7346306,3.6279788,3.4861383,3.315943,3.125336,2.9228175,2.716875,2.5153823,2.3252025,2.151672,1.9983672
383,6.383333333333334,0.0002938293,0.0,9341.66638424632,986.1263040778821,2120.7926171502077,3322.1919236347676,0.01857034474584411,0.0727455930723943,13.751228996802553,-525.8839,6.6335936,6.0662556,5.194166,4.116775,2.9535234,1.8277181,0.8504622,0.10691276,-0.3531416,-0.5193046,-0.41872856,-0.10922758
384,6.4,0.00027693796,0.0,9922.238944289697,864.3487590795949,2244.255690375124,3761.9752534353047,0.01857034474584411,0.0727455930723943,13.751228996802553,-527.30664,4.6976585,4.3633175,3.8872848,3.3576975,2.8463213,2.3859563,1.9674627,1.5565519,1.1214653,0.6574656,0.19614333,-0.20533276
385,6.416666666666667,0.00027273796,0.0,9912.52098937413,1078.2320687513848,2304.4535962559144,3176.507509003067,0.01857034474584411,0.0727455930723943,13.751228996802553,-527.6805,4.237132,4.0821033,3.8314,3.4960504,3.090549,2.6319609,2.138945,1.6306632,1.1257412,0.6412419,0.19187994,-0.21064149
386,6.433333333333334,0.0002788558,0.0,9524.405503197926,935.3837795244862,2185.206647706873,3218.230302987902,0.01857034474584411,0.0727455930723943,13.751228996802553,-527.0166,5.12801,4.840558,4.4046946,3.874238,3.3061252,2.7491584,2.2367754,1.7854804,1.398416,1.0718015,0.80113846,0.5845419
387,6.45,0.0002884144,0.0,9895.404522093519,1194.4939462644802,2487.443058589438,3246.5020293428884,0.01857034474584411,0.0727455930723943,13.751228996802553,-527.53326,4.439335,4.2690268,4.001357,3.6583953,3.2669318,2.8551798,2.449341,2.0706577,1.733362,1.443649,1.2000141,0.9946191
388,6.466666666666667,0.00031187534,0.0,10169.95280828051,846.4358316026278,2312.0144359061915,3013.9375491734386,0.01857034474584411,0.0727455930723943,13.751228996802553,-527.7623,4.0679464,3.7606292,3.2821813,2.6788106,2.0069726,1.3266479,0.6943071,0.15666348,-0.25420243,-0.52369416,-0.6553663,-0.6693185
389,6.483333333333333,0.001197634,0.0,10268.597440408486,1014.3270116871613,2242.232087517186,3164.2394975782295,0.01857034474584411,0.0727455930723943,13.751228996802553,-526.5641,5.3073845,4.7978477,3.4417887,2.5205355,1.261724,0.7027842,0.053956576,-0.03360644,-0.23366329,-0.16036585,-0.15042672,-0.01687631
390,6.5,0.0057794456,0.0,9710.293186320268,631.5265346630348,2265.6033114206484,2554.685330325235,0.01857034474584411,0.0727455930723943,13.751228996802553,-407.58194,4.0394173,9.613528,28.847801,-2.954157,-3.5112412,-18.324583,-35.842045,-34.091114,16.690344,-11.823238,-28.967922,-17.31137
391,6.516666666666667,0.006304288,0.0,8689.625406870657,516.5270569050922,2346.447038645982,2454.36710538325,0.01857034474584411,0.0727455930723943,13.751228996802553,-361.27194,12.624826,7.7656937,43.720726,-1.267611,-7.8135815,-22.136265,-40.14624,-37.793697,25.479935,-14.443026,-32.211937,-19.380135
392,6.533333333333333,0.038356002,260.5598568782718,5134.124765782331,468.44544132850314,2233.395465239955,2625.9843313734277,0.01857034474584411,0.0727455930723943,13.751228996802553,-379.902,61.570236,26.413168,52.58104,36.821396,11.79649,-23.147276,-35.911068,-28.647419,15.839548,-7.3442373,-32.060368,-23.37426
393,6.55,0.08468522,247.25421053372838,2234.2387735174825,388.10455412207835,2253.3350921987103,2568.085571978377,0.01857034474584411,0.0727455930723943,13.751228996802553,-294.6382,116.583305,18.332924,46.724396,50.30214,20.941446,-46.90914,-42.09117,-30.799524,8.614047,7.1994843,-28.257977,-37.33872
394,6.566666666666666,0.103793785,235.39191174830236,2366.9928269318907,344.0777869484221,2128.014723576726,2574.314796630559,0.01857034474584411,0.0727455930723943,13.751228996802553,-276.2886,105.49129,4.452258,45.32013,49.03022,30.15988,-35.063946,-30.287123,-31.622211,2.5541234,10.592645,-18.596321,-30.475067
395,6.583333333333333,0.09401355,225.77549109125997,5029.937746740047,268.15365077585875,2022.887225052829,2717.597444838471,0.01857034474584411,0.0727455930723943,13.751228996802553,-226.54236,50.255028,-1.9152687,79.817505,31.48323,22.870289,-11.798123,-24.06925,-42.650093,11.219212,2.5225723,-11.128401,-42.70421
396,6.6,0.08562473,0.0,8812.722262929354,537.7831519790462,2248.5411373716415,3724.410068102782,0.01857034474584411,0.0727455930723943,13.751228996802553,-167.48828,-18.275969,-3.0029812,90.82402,2.1130033,16.66224,-19.016298,-7.823148,-44.021713,18.092667,-0.836285,-4.650491,-54.255753
397,6.616666666666666,0.09603644,0.0,10023.44829410287,2117.2208930197926,3683.8125568492505,4330.601025116992,0.01857034474584411,0.0727455930723943,13.751228996802553,-170.2784,-55.158604,-7.849364,85.794266,-15.079609,14.161576,-20.714153,-6.846074,-53.30957,23.56596,-8.3586235,-6.787216,-43.36885
398,6.633333333333334,0.10849561,0.0,10706.855276111117,1678.013658456432,3444.7199282626857,4170.534599522989,0.01857034474584411,0.0727455930723943,13.751228996802553,-172.53595,-57.79119,-8.343771,68.583084,-26.038887,11.396654,-19.002483,-3.0031307,-45.525608,35.192936,-4.561349,5.619569,-39.52369
399,6.65,0.1076325,0.0,10539.492222175839,337.7126664384809,1949.0618570565512,3277.8665208111906,0.01857034474584411,0.0727455930723943,13.751228996802553,-158.12447,-54.484108,-16.829239,60.52442,-25.865986,6.110921,-14.147161,-0.47184378,-49.86444,33.511055,-3.4294991,2.808332,-39.518497
400,6.666666666666667,0.08793107,0.0,10112.071908224149,624.0699321323607,1940.2781364101172,3596.8471735951744,0.01857034474584411,0.0727455930723943,13.751228996802553,-156.14111,-24.485447,-13.399727,58.166626,-15.643223,0.7754742,-13.261641,-2.3405159,-60.885635,20.26881,1.5943458,7.0819635,-38.76745
401,6.683333333333334,0.07985631,236.95303817083345,7464.3672991465355,443.1464138393039,1779.8511431834725,3167.4661297152816,0.01857034474584411,0.0727455930723943,13.751228996802553,-213.8607,35.757645,-7.083781,51.1605,6.8022585,19.284435,3.5897346,4.4552803,-51.77671,-0.5151477,-1.667873,11.648516,-20.930496
402,6.7,0.123821445,237.06276541607912,3729.275947905899,311.03731578128566,1622.8684498277744,2797.6782743912804,0.01857034474584411,0.0727455930723943,13.751228996802553,-223.7029,94.699394,22.666246,44.23427,3.669611,17.033752,-9.688601,1.3045365,-50.58405,-7.6572905,-12.258593,0.6429562,-0.94047177
403,6.716666666666667,0.15056396,230.81822833991725,3321.85433578179,299.98154333089525,1428.6844118668917,2761.226086129737,0.01857034474584411,0.0727455930723943,13.751228996802553,-238.13058,109.1774,33.16993,24.96746,0.63384116,10.4241295,-6.7155952,8.834715,-36.87867,-1.309033,-26.405869,-5.1988916,5.608859
404,6.733333333333333,0.1336699,224.28034699853612,3300.2967101466593,298.35337835348065,1212.3793107172944,2725.9814727980643,0.01857034474584411,0.0727455930723943,13.751228996802553,-278.59326,111.06773,48.498665,21.018194,5.6937766,0.017850041,-6.385641,5.619019,-38.465866,3.3481553,-33.603073,-11.108617,-7.9377775
405,6.75,0.0973334,219.65731411694148,2643.249157087372,244.12671637986548,1214.900371832754,2649.1375159490453,0.01857034474584411,0.0727455930723943,13.751228996802553,-328.00507,111.28517,51.940018,30.382343,4.8902125,-3.403728,5.7874403,13.310278,-27.067097,2.1753507,-26.853226,-18.527218,-3.661384
406,6.766666666666667,0.07912061,219.89244635476263,2707.870189786907,249.75494860402716,1256.703614114028,2627.3083862455915,0.01857034474584411,0.0727455930723943,13.751228996802553,-367.63864,105.21619,54.141403,33.80688,5.7821236,-0.87637424,14.739725,10.973056,-19.323162,0.69447166,-20.584293,-18.097788,-7.244813
407,6.783333333333333,0.11924075,227.44200708130452,1910.8261734662897,286.8428772417647,1168.2319173831286,2535.214564281133,0.01857034474584411,0.0727455930723943,13.751228996802553,-339.8254,135.54993,56.75466,14.859194,4.305777,-3.3890529,11.85565,0.31932545,-23.621235,-0.9155855,-26.864285,-12.02614,-0.55751014
408,6.8,0.15720014,229.73454702359967,2055.7138093166973,377.40183596734494,1447.8713999659442,2553.2086586294463,0.01857034474584411,0.0727455930723943,13.751228996802553,-268.8536,159.9036,36.185257,-17.954666,24.241245,20.463459,-3.688867,-15.9462185,-32.663002,-1.0679638,-30.604431,-8.672312,-9.953653
409,6.816666666666666,0.1903623,228.83483821923338,1975.9155244047636,372.71412056189337,1628.113278053372,2412.517541264289,0.01857034474584411,0.0727455930723943,13.751228996802553,-254.07349,160.95369,24.604143,-32.741524,28.689949,40.237198,-13.826346,-24.539536,-33.05032,7.5785456,-20.656637,-9.229847,-20.401869
410,6.833333333333333,0.19749385,228.03868073797503,2310.4369559968495,377.41909333239016,1753.3200762248218,2423.438424084112,0.01857034474584411,0.0727455930723943,13.751228996802553,-237.57341,148.36032,12.096113,-34.566288,45.57577,47.386,-28.86843,-20.962492,-28.327343,7.3248534,-9.215506,-8.536639,-24.69334
411,6.85,0.202543,226.59803296206215,3019.5058601370233,368.10274420784305,1899.862936187421,2426.895494672629,0.01857034474584411,0.0727455930723943,13.751228996802553,-233.52849,129.31921,4.8357124,-28.89943,56.637657,39.114906,-42.45044,-18.733013,-27.598408,6.2339473,0.1240809,-9.623884,-27.587051
412,6.866666666666666,0.19562346,225.10113249552302,2987.2694277261708,362.3224124526957,2126.1248985936672,2537.7200761464696,0.01857034474584411,0.0727455930723943,13.751228996802553,-232.11057,120.639404,2.2843738,-17.677097,57.61421,34.70733,-51.22229,-7.15684,-24.188837,6.967375,1.8755288,-19.162003,-34.382034
413,6.883333333333334,0.16978042,222.55958091597006,2575.0823506682573,371.53212666738546,2148.520869293373,2524.5830184516467,0.01857034474584411,0.0727455930723943,13.751228996802553,-228.93272,133.1778,1.9510837,-6.11946,59.336014,29.611456,-49.971504,-9.231937,-27.552435,2.8517697,-1.7669942,-24.50081,-36.381622
414,6.9,0.14521642,217.3006640569124,2258.7126152956344,380.2071283160433,2063.705860388557,2696.6570370152303,0.01857034474584411,0.0727455930723943,13.751228996802553,-219.67027,149.68721,-7.115801,21.361706,41.462494,4.6447783,-31.7192,-16.689056,-25.821833,7.416463,-15.922573,-17.536356,-21.759863
415,6.916666666666667,0.1266676,217.90452741252997,1684.0456993154462,334.1510346331811,1879.9073009788872,2718.8279491309404,0.01857034474584411,0.0727455930723943,13.751228996802553,-287.9626,138.88994,-0.40038258,28.959106,63.2275,7.5145407,-16.11715,2.3841183,-26.2247,-10.082769,-13.03297,-9.225807,-23.973969
416,6.933333333333334,0.14063078,218.78557144524387,1516.3533285691838,345.7706275323246,1824.289952700184,2767.717249143382,0.01857034474584411,0.0727455930723943,13.751228996802553,-310.63602,132.69086,3.8273027,38.946884,70.0013,1.2313101,-16.602486,4.5340796,-24.446861,-11.565206,-2.4914842,0.7000497,-26.100807
417,6.95,0.1418757,219.6217628011266,2438.301810690154,393.4265958261135,2014.9647214151132,2976.3382683836726,0.01857034474584411,0.0727455930723943,13.751228996802553,-248.16602,147.88647,14.8982,24.522324,53.70077,-18.749393,-30.39069,-28.094696,-36.64634,1.1046002,-8.844566,-1.5307693,-21.2807
418,6.966666666666667,0.13155314,218.57390936054793,4734.89486594445,507.4226883981015,1951.8140009981141,2647.339368711202,0.01857034474584411,0.0727455930723943,13.751228996802553,-205.62358,109.57428,7.8350067,15.14678,27.845592,-13.184435,-26.797318,-32.048126,-39.621655,24.54883,-7.2605352,11.477007,-23.592264
419,6.983333333333333,0.116049334,217.33104867998236,4115.274156690291,555.1211846516157,1953.1294614420055,2706.3116715218794,0.01857034474584411,0.0727455930723943,13.751228996802553,-236.59256,118.74042,20.232132,-3.1588197,24.616632,-0.43892482,-19.963287,-36.789818,-47.78774,23.288128,-13.379548,11.976625,-22.12751
420,7.0,0.084262274,218.9506767057505,3423.057151180381,381.8095873564639,2006.7773757283376,2679.445107625425,0.01857034474584411,0.0727455930723943,13.751228996802553,-280.90756,122.16478,40.95481,25.234377,33.16944,7.5719833,-12.404752,-31.144993,-38.563313,23.859993,-10.77582,6.3731394,-17.089596
421,7.016666666666667,0.039074615,0.0,4635.004884683927,495.00834424468394,1952.5920853675182,2813.0468374848347,0.01857034474584411,0.0727455930723943,13.751228996802553,-381.17795,104.95906,39.263134,17.008648,28.836002,9.117275,-8.878113,-23.498669,-15.019082,19.78032,-5.4838123,0.25078034,-9.799042
422,7.033333333333333,0.004364326,0.0,5908.806270690079,596.411382786546,1961.8823962062054,2937.0716340341887,0.01857034474584411,0.0727455930723943,13.751228996802553,-448.0092,81.082054,45.709236,16.109652,16.803957,4.1904144,-11.744259,-18.503963,-9.336268,10.265371,11.441215,7.041259,-6.561552
423,7.05,0.0025096885,0.0,6723.083458524514,655.5545434528036,1974.744356152661,2935.493177562989,0.01857034474584411,0.0727455930723943,13.751228996802553,-475.24048,61.84267,38.030865,17.945887,15.167628,6.788974,-4.3691483,-12.805487,-6.6809053,4.702305,7.313935,1.418707,-7.9913898
424,7.066666666666666,0.0012198669,0.0,8012.121114883029,694.1498225403384,1932.7480858684328,3051.7911712558052,0.01857034474584411,0.0727455930723943,13.751228996802553,-498.33215,39.97412,28.405249,15.820105,7.8253717,1.1117615,-4.182541,-7.6577272,-5.4986253,0.06208113,4.106178,2.8395078,-1.8676928
425,7.083333333333333,0.00074303994,0.0,8832.983509313934,609.3803076147966,1969.2950946763935,3007.447160170878,0.01857034474584411,0.0727455930723943,13.751228996802553,-507.65903,30.740738,25.66301,18.467133,10.781118,4.0237556,-0.7190598,-3.1571708,-3.5556173,-2.6981125,-1.41302,-0.38624716,0.076226056
426,7.1,0.011626134,0.0,9292.09094044203,594.6735733482066,2182.0122888784836,3126.116069121402,0.01857034474584411,0.0727455930723943,13.751228996802553,-409.94037,30.602379,26.49003,37.268593,11.262501,-21.976433,-12.507521,-18.244286,-24.752151,18.574806,-31.839102,-11.348707,-17.638771
427,7.116666666666666,0.019762048,0.0,8055.267305835969,405.23048136604376,2526.767852928153,3376.5358035707095,0.01857034474584411,0.0727455930723943,13.751228996802553,-303.77835,31.84867,26.429205,64.68774,15.548149,-15.82748,-25.349577,-20.512497,-23.70236,22.087074,-49.24507,-15.6770115,-26.115892
428,7.133333333333334,0.07605942,236.44461453078978,4482.698372988464,276.4322626953574,2603.263261955623,3432.0439009475595,0.01857034474584411,0.0727455930723943,13.751228996802553,-326.94556,56.927353,32.45621,85.71512,44.660538,-2.4664035,-19.988806,-0.16281763,-5.5787935,10.440788,-31.071543,-12.91552,-17.387947
429,7.15,0.12726109,235.53927298036496,3105.4982505275743,261.0414782860832,2771.438532126374,3566.924347240665,0.01857034474584411,0.0727455930723943,13.751228996802553,-303.75168,57.637856,23.348852,101.43751,65.35522,-3.317881,-33.697365,3.121278,2.10842,-1.3564601,-28.625713,-8.331955,-21.385208
430,7.166666666666667,0.16061732,234.83324887128842,2648.1590248507546,288.44730132789795,2683.8956349334485,3436.4045413466356,0.01857034474584411,0.0727455930723943,13.751228996802553,-292.0031,58.80406,5.893079,106.50275,71.02384,4.412524,-42.341442,-3.4760873,4.2276587,-8.587012,-30.960094,-10.4976,-15.088848
431,7.183333333333334,0.17638169,234.6139559521899,2762.13297437197,343.4029916530932,2620.438793820163,3345.7045197279213,0.01857034474584411,0.0727455930723943,13.751228996802553,-275.011,58.092636,-4.4720144,93.2831,65.993286,6.5914173,-50.770424,-18.43787,-1.6299028,-12.6662445,-31.877943,-16.11238,-21.058933
432,7.2,0.18768196,235.19624220892635,2846.0254492099757,408.22115773643964,2525.903119418956,3132.7054535101543,0.01857034474584411,0.0727455930723943,13.751228996802553,-250.34775,66.27107,-4.0813723,76.93973,61.309658,7.9819536,-48.776512,-30.300014,-7.66044,1.2110087,-26.957346,-6.293162,-20.627888
433,7.216666666666667,0.1828256,233.78032406868644,3370.097144857,429.06949100772954,2415.5120808932443,2657.414514291502,0.01857034474584411,0.0727455930723943,13.751228996802553,-222.35612,79.30094,-6.891918,52.394627,56.36756,6.605435,-43.349773,-40.124336,-22.961323,5.388716,-28.66798,2.9617922,-28.3051
434,7.233333333333333,0.17228538,231.5410387505012,4057.2852970568347,407.8298218574766,2236.2551805164067,2846.8416199316907,0.01857034474584411,0.0727455930723943,13.751228996802553,-211.63222,91.45635,-7.795739,23.072315,37.27816,2.7062042,-31.916574,-32.3006,-21.294949,12.582069,-18.86718,8.632709,-33.579536
435,7.25,0.17103632,229.61381306266364,3965.1693412685017,444.9097243958084,1868.1658168206568,2651.2513209890135,0.01857034474584411,0.0727455930723943,13.751228996802553,-205.26459,101.28433,-6.1435127,3.356865,29.997997,5.580385,-33.83714,-27.378744,-30.528229,11.551724,-13.837337,10.065083,-32.15129
436,7.266666666666667,0.16264008,227.28321767798656,3726.011248005778,447.0296142926513,1884.4616553163698,2814.859441301994,0.01857034474584411,0.0727455930723943,13.751228996802553,-209.26094,114.39604,9.374323,-6.024108,24.050617,12.669101,-31.445293,-22.587122,-28.088676,12.677591,-12.296724,6.1586432,-29.28727
437,7.283333333333333,0.12369842,225.38582702266825,3039.735074330606,372.9727335941346,1892.382363953426,2786.0150256181364,0.01857034474584411,0.0727455930723943,13.751228996802553,-250.19128,136.72552,31.684452,-10.908693,29.349321,29.458147,-21.313393,-23.318134,-28.584217,9.28061,-10.608305,4.1878314,-19.155273
438,7.3,0.083212316,237.53321797748646,3131.7538988672586,385.0198309365442,1886.6935316690706,2706.4349765053066,0.01857034474584411,0.0727455930723943,13.751228996802553,-300.64688,136.0386,34.01834,-3.4528704,31.950222,26.448875,-18.07021,-22.80811,-33.628357,-7.2594438,-5.6831417,3.5845041,-20.86862
439,7.316666666666666,0.06360221,232.02296224647503,2329.227750745556,468.60402059474615,1811.5362753431493,2637.1200393490353,0.01857034474584411,0.0727455930723943,13.751228996802553,-279.64377,157.51518,51.768295,-12.8673115,18.078562,31.908918,-16.464876,-28.874088,-34.06195,-6.2250423,0.68222356,4.7886076,-19.695024
440,7.333333333333333,0.06544222,216.51769406515044,2839.1178954620896,349.37318912916066,1812.7143515919593,2199.905735086677,0.01857034474584411,0.0727455930723943,13.751228996802553,-318.27072,156.52206,47.36729,-19.754555,17.558807,22.132057,0.08260316,-23.61021,-28.674454,0.9543413,0.8735074,7.4540596,-17.85767
441,7.35,0.06164079,218.10353797802225,2303.7385528595887,461.58991926265264,1811.6184163187957,2253.899038166302,0.01857034474584411,0.0727455930723943,13.751228996802553,-308.69186,169.27618,55.22101,-25.578709,12.284273,21.07214,-6.058772,-35.025826,-36.95716,-0.26459718,2.059502,3.8336082,-17.79924
442,7.366666666666666,0.074470654,215.77343683576441,1893.1667370860087,514.6970116059016,1770.1923365656053,2278.6234326046138,0.01857034474584411,0.0727455930723943,13.751228996802553,-324.50162,172.1849,61.45131,-24.487534,7.221425,25.009888,-0.38598824,-34.45849,-34.148327,1.8629982,0.8703281,0.2429595,-14.744783
443,7.383333333333334,0.0787213,215.91794610964257,1887.0055394005608,383.96490310730417,1754.3590227212255,2284.038585111281,0.01857034474584411,0.0727455930723943,13.751228996802553,-337.10602,165.04825,57.986435,-24.968906,7.0550995,26.93624,-2.3826406,-32.465458,-36.184303,2.4657333,-2.771603,-5.0066977,-20.479773
444,7.4,0.08110608,217.0668716139117,2112.8464451316477,621.7841411677549,1760.511472697125,2327.5445793055915,0.01857034474584411,0.0727455930723943,13.751228996802553,-315.57727,167.52277,46.06073,-42.27369,2.6129332,34.312008,3.3433783,-33.80614,-32.653137,10.918636,1.9617873,4.939843,-12.507101
445,7.416666666666667,0.07627647,217.27466655403597,2425.2041048148876,647.9859443090382,1808.9516171921648,2455.9943503347263,0.01857034474584411,0.0727455930723943,13.751228996802553,-311.1239,157.2953,37.59302,-41.09818,3.2758303,36.89833,-2.2127502,-32.461243,-15.782253,29.454441,1.8342191,2.8914561,-14.273651
446,7.433333333333334,0.06368426,215.5931534120218,2753.3680046093777,520.2662464891798,1753.8525972076056,2531.8970525237855,0.01857034474584411,0.0727455930723943,13.751228996802553,-320.265,149.83398,32.14155,-42.609604,3.5949244,31.594296,-8.4657,-36.247715,-14.59127,25.805044,-3.2553458,-3.3697398,-16.238527
447,7.45,0.041321695,212.67449806826656,2688.5030598456556,307.29242544120444,1438.5279488484202,2125.5945202295993,0.01857034474584411,0.0727455930723943,13.751228996802553,-339.88864,144.61307,24.281153,-40.12744,2.499409,26.460934,-7.3316383,-31.799118,-10.791185,20.267681,-9.653936,-9.6549635,-11.721001
448,7.466666666666667,0.022738094,212.64916910484882,3038.6760042889255,394.5547152952948,1775.5668080323996,2608.538607109016,0.01857034474584411,0.0727455930723943,13.751228996802553,-371.22372,133.90543,28.849064,-26.028568,9.347073,28.154045,2.5849717,-18.385994,-5.7918587,17.334824,-0.23590729,-5.86914,-8.206257
449,7.483333333333333,0.010693236,0.0,3682.058437051845,426.88375032038743,1726.162006103967,2654.056447466021,0.01857034474584411,0.0727455930723943,13.751228996802553,-415.0837,106.25285,19.546955,-16.492855,11.263416,22.941784,2.5406418,-13.338825,-0.66432464,15.047068,10.515284,3.2611766,-4.30872
450,7.5,0.0032621422,0.0,5857.797621388881,845.0794406187705,1755.0481776108102,2704.830095981633,0.01857034474584411,0.0727455930723943,13.751228996802553,-462.3592,66.1196,15.122784,-11.016127,2.1026032,12.392363,6.1960654,-6.1246157,-2.144937,8.9996605,14.694696,10.096941,0.15543963
451,7.516666666666667,0.0011115439,0.0,6659.560180062918,900.7329445587427,1821.454821354011,2754.4737138890714,0.01857034474584411,0.0727455930723943,13.751228996802553,-490.77106,44.32082,19.976772,4.6758423,4.6251926,8.375044,5.7485104,-0.36025393,-1.542009,3.23385,6.93886,3.4665174,-5.7334285
452,7.533333333333333,0.00073963567,0.0,7480.25458848288,778.0711560283146,1791.7810449845774,2757.5830069989943,0.01857034474584411,0.0727455930723943,13.751228996802553,-506.60867,27.59016,14.144151,5.0358396,4.5483947,6.973213,5.507023,1.0090176,-0.3113631,3.6087742,7.0104866,3.434388,-5.669103
453,7.55,0.0004147542,0.0,8406.771656795767,907.3516562498158,1880.463130164139,2953.9036272982125,0.01857034474584411,0.0727455930723943,13.751228996802553,-520.60785,12.996065,9.820799,6.3456187,3.8943048,2.8687441,2.946072,3.6198392,4.410524,4.737792,3.9792135,1.9354285,-0.7815892
454,7.566666666666666,0.00036651682,0.0,9995.693556927039,921.4872988472428,2032.1460339204766,3164.3357157073688,0.01857034474584411,0.0727455930723943,13.751228996802553,-524.2551,8.65357,7.403477,5.8539934,4.5087357,3.6539147,3.2426128,2.969227,2.4782493,1.577887,0.33703527,-0.97708046,-2.0659404
455,7.583333333333333,0.0003628056,0.0,9506.501935053151,579.1597186009218,1729.370911838072,2968.149895877123,0.01857034474584411,0.0727455930723943,13.751228996802553,-523.73846,9.356613,8.176954,6.9930835,6.1075735,5.2057962,3.807544,1.9026338,0.05168873,-1.1614635,-1.7126551,-2.1078157,-2.7806177
456,7.6,0.0003590021,0.0,9099.728071080253,750.319969317919,1834.3702204450483,3163.9720088994204,0.01857034474584411,0.0727455930723943,13.751228996802553,-521.4331,12.552637,10.964151,8.6923275,6.155773,3.7410216,1.7367475,0.31907696,-0.4430394,-0.5829519,-0.2260888,0.43764484,1.1932228
457,7.616666666666666,0.0003408316,0.0,9356.337407955245,825.0122837388127,1776.8757374472118,3084.064455400835,0.01857034474584411,0.0727455930723943,13.751228996802553,-523.57245,9.416878,7.77983,6.043788,4.7783747,3.921532,3.1025138,2.1844497,1.3998365,0.99101496,0.8623356,0.7001777,0.40717864
458,7.633333333333334,0.000366988,0.0,8824.937193267844,776.9334943327534,1799.8331483380857,2972.700279624937,0.01857034474584411,0.0727455930723943,13.751228996802553,-523.54626,9.532698,8.154807,6.849745,6.0342064,5.398975,4.452455,3.223271,2.2824671,2.0678253,2.3241324,2.338369,1.7126372
459,7.65,0.00038545497,0.0,9262.11189221244,917.5876300496362,1883.629912045934,3047.520451626201,0.01857034474584411,0.0727455930723943,13.751228996802553,-523.0991,10.585629,10.065922,9.272221,8.258056,7.061283,5.7369175,4.3775024,3.0857522,1.9282898,0.9258951,0.08772521,-0.56023693
460,7.666666666666667,0.00038083358,0.0,9236.65281729338,551.3734427377324,1865.0650703656777,2727.63337371315,0.01857034474584411,0.0727455930723943,13.751228996802553,-523.4329,10.095427,9.506309,8.571562,7.3574533,5.948474,4.4399624,2.9300194,1.5113225,0.26375538,-0.7516024,-1.496489,-1.9572723
461,7.683333333333334,0.00074687117,0.0,8598.221923988807,849.3700790155577,2001.0832347104927,2987.8682908736246,0.01857034474584411,0.0727455930723943,13.751228996802553,-515.1099,3.0598526,3.8210948,15.793665,-1.6227343,5.726712,10.822327,-7.9762874,4.8214865,5.7422404,-8.701847,5.415966,2.2754674
462,7.7,0.00076168205,0.0,8533.935808487353,1461.2705882223406,2504.0617400902365,3373.8540289584625,0.01857034474584411,0.0727455930723943,13.751228996802553,-516.80725,4.179801,2.5305314,11.873413,-0.22025889,4.774858,7.075554,-8.152449,1.9661574,3.6161337,-8.264187,3.0064468,2.382084
463,7.716666666666667,0.00040015014,0.0,8704.45565438064,793.7038404249332,1855.7854421896343,3010.8427372488113,0.01857034474584411,0.0727455930723943,13.751228996802553,-522.1793,11.614276,10.571305,9.514383,8.589193,7.412818,5.672179,3.645691,1.9716363,0.9517697,0.27175823,-0.5148574,-1.366901
464,7.733333333333333,0.0003547453,0.0,9398.79113183614,788.7843009280147,1713.6486866021087,2808.550017914157,0.01857034474584411,0.0727455930723943,13.751228996802553,-527.3659,4.617256,4.3042746,3.87334,3.3701997,2.7861679,2.107825,1.3777841,0.69187444,0.13272709,-0.2859298,-0.6019392,-0.83654267
465,7.75,0.00031109192,0.0,9343.694956576644,679.8477012117061,1774.68879193374,2757.1526730213454,0.01857034474584411,0.0727455930723943,13.751228996802553,-526.36005,5.8243628,5.0232573,4.132394,3.3290148,2.4842048,1.4451929,0.3432071,-0.4632258,-0.75395185,-0.68646264,-0.61952657,-0.72880226
466,7.766666666666667,0.00032783445,0.0,9097.475590139189,765.1574533770877,1896.8581341874442,3022.0228049480547,0.01857034474584411,0.0727455930723943,13.751228996802553,-525.1575,7.305889,5.889036,4.182334,2.7760649,1.9906511,1.7835778,1.8497698,1.8155274,1.425271,0.6601082,-0.2538776,-0.9680337
467,7.783333333333333,0.00038192843,0.0,8373.973056286412,783.8415687229763,1912.904740848531,2821.0189519868823,0.01857034474584411,0.0727455930723943,13.751228996802553,-521.5119,11.408886,8.183221,6.1374183,5.9356833,5.657401,3.6949089,1.0831432,0.18602139,1.529433,3.0106425,2.5425756,0.65016943
468,7.8,0.00040640016,0.0,7795.768727536869,804.8845110202249,1899.1517362184923,2671.807997682218,0.01857034474584411,0.0727455930723943,13.751228996802553,-518.0263,14.630934,7.732703,2.8628917,2.1321557,2.9280145,2.4175007,1.3174773,2.0462844,4.334253,4.7930136,1.3137822,-3.674716
469,7.816666666666666,0.00036690428,0.0,8216.181240218522,855.7663702370347,1946.9093295295434,2938.837735652084,0.01857034474584411,0.0727455930723943,13.751228996802553,-522.5475,8.412896,2.5980906,0.20835328,2.1871018,3.9315267,2.2799115,-0.10246083,1.0543633,5.019107,6.6032987,3.248697,-1.2289122
470,7.833333333333333,0.0003272497,0.0,9847.251756061405,845.4392653554171,1911.7373696332886,3119.5198166035348,0.01857034474584411,0.0727455930723943,13.751228996802553,-527.76764,3.7056513,2.905129,2.731611,3.2467966,3.5357745,2.9465504,1.9749762,1.609627,2.0196981,2.3444076,1.8582404,0.94384015
471,7.85,0.00029680267,0.0,10051.670425590837,1190.9537384233176,1989.3895018200885,3285.3665592525417,0.01857034474584411,0.0727455930723943,13.751228996802553,-526.75824,5.5177307,5.294242,4.937602,4.470139,3.9204054,3.320757,2.7047994,2.104772,1.549279,1.061402,0.6575577,0.34695387
472,7.866666666666666,0.00030426684,0.0,10618.471393470021,895.920096344348,1995.1778035262105,3011.5240267316963,0.01857034474584411,0.0727455930723943,13.751228996802553,-528.3624,3.2688966,3.1033373,2.8385305,2.490368,2.0795426,1.6301591,1.1680917,0.71925646,0.3079033,-0.044948682,-0.32282752,-0.5147963
473,7.883333333333334,0.00029567542,0.0,10468.52836564747,930.742554479875,1997.1676554763737,3277.6330821376896,0.01857034474584411,0.0727455930723943,13.751228996802553,-526.8435,5.3135757,4.880319,4.2928295,3.6959858,3.2040455,2.8601253,2.6278918,2.4178824,2.135191,1.7264396,1.204998,0.64386594
474,7.9,0.00031524393,0.0,10114.976027913723,997.8765402495286,2189.2101379246815,3309.224413001879,0.01857034474584411,0.0727455930723943,13.751228996802553,-526.34467,6.0055394,5.512779,4.7716527,3.8726733,2.8994608,1.9138486,0.95780605,0.06728779,-0.71412694,-1.3329189,-1.7385943,-1.9049541
475,7.916666666666667,0.00036176352,0.0,9413.53917837863,841.5876271464854,1982.5087210406514,3034.99856573135,0.01857034474584411,0.0727455930723943,13.751228996802553,-525.61426,7.0747623,6.6949983,6.153822,5.552486,4.976467,4.4697156,4.0291343,3.6197457,3.2018638,2.7564793,2.296821,1.8612392
476,7.933333333333334,0.002500821,0.0,9200.941321049246,1007.123421949689,1909.1792958566518,2852.6796425257553,0.01857034474584411,0.0727455930723943,13.751228996802553,-521.44586,11.494767,7.7867846,4.3959966,3.0728657,3.809383,5.3604794,6.4925404,6.6618333,5.8398094,4.184284,2.0904298,0.3362463
477,7.95,0.012213742,0.0,3664.125850535871,971.8247337425137,1876.7203738477845,2767.8719543999337,0.01857034474584411,0.0727455930723943,13.751228996802553,-401.2231,104.74202,-12.804615,-44.702133,-2.0031185,14.063475,-7.7941933,-24.146477,-9.017775,7.871168,1.3207427,-7.3967886,-15.651081
478,7.966666666666667,0.061883453,249.63236692299145,3050.2438991076087,809.0972341402884,1887.7473696013863,3000.9942822725457,0.01857034474584411,0.0727455930723943,13.751228996802553,-292.8101,155.71857,12.300254,-32.315094,9.094932,1.0669469,-13.396088,-10.487833,-21.215466,2.4900653,-8.117741,8.291879,-23.42138
479,7.983333333333333,0.11887465,246.80681275716546,2671.794275338523,569.0959488965289,1862.3334572228964,2871.1620363402953,0.01857034474584411,0.0727455930723943,13.751228996802553,-206.91362,148.15256,-10.147053,-19.643993,17.340477,15.117826,-16.87587,-12.840939,-23.856281,7.08117,1.647525,13.851064,-20.782602
480,8.0,0.16575573,244.04987130483775,2660.6108806862176,367.4778368694698,1857.4581468260608,2833.5256494458245,0.01857034474584411,0.0727455930723943,13.751228996802553,-210.74008,138.27477,9.844587,-16.825483,2.2246346,26.276924,-13.608166,-1.2057095,-21.827448,5.7310967,1.9110582,7.6600084,-22.70514
481,8.016666666666667,0.17536739,240.33144380843643,2739.97829634339,308.44162639794007,1876.0779283043314,3395.1374059515856,0.01857034474584411,0.0727455930723943,13.751228996802553,-257.55698,115.05159,36.231575,-2.068631,2.4348474,36.188313,-12.871973,1.9782703,-29.413939,-5.3061333,8.114883,11.491791,-27.311586
482,8.033333333333333,0.17986308,239.4578644548097,1852.331324395941,257.7641019244899,1764.433668193067,2540.750441905057,0.01857034474584411,0.0727455930723943,13.751228996802553,-297.2175,137.79407,36.721466,0.4983605,33.312218,33.097946,-8.49994,-5.5356407,-29.148935,3.211473,0.22379827,-0.65834564,-22.76352
483,8.05,0.18984316,241.08115941313113,1389.8954938190818,255.62037760438193,1692.9117374822013,1993.17159456039,0.01857034474584411,0.0727455930723943,13.751228996802553,-336.4006,129.84335,26.263363,-4.2162366,35.31687,26.534756,5.518015,7.8816924,-24.16259,9.776633,13.782454,6.9150867,-16.274822
484,8.066666666666666,0.19454499,241.60312873309846,1163.3318181146763,254.02148577400197,1865.3741872728706,2858.7227851857783,0.01857034474584411,0.0727455930723943,13.751228996802553,-361.9945,129.58575,36.639236,13.441711,41.414192,24.333801,3.215506,-5.3339205,-33.537853,7.2524366,12.70686,-7.7283187,-25.61417
485,8.083333333333334,0.16778436,239.14855404417585,1012.2999294165963,248.84565424462085,1906.5130578751205,3073.822192508785,0.01857034474584411,0.0727455930723943,13.751228996802553,-383.3503,125.4498,40.012596,12.191498,30.673378,20.380344,4.1948156,-5.2403398,-24.685963,1.3122983,3.9163196,-7.719633,-21.779236
486,8.1,0.11808326,234.61565745621817,1809.1046034803007,249.4437993989638,1947.336554201847,2970.8798212723473,0.01857034474584411,0.0727455930723943,13.751228996802553,-397.98364,107.698105,70.0638,27.616367,38.27103,23.485962,5.080701,2.493866,-25.06774,8.917747,-7.2947764,-0.061856203,-26.568024
487,8.116666666666667,0.056315556,216.1538618744602,6097.371081874422,318.56718800087367,1955.3509589201622,2237.6348470151474,0.01857034474584411,0.0727455930723943,13.751228996802553,-270.3775,90.22923,44.208084,16.71671,-13.203377,11.985384,-6.822278,-19.580938,-28.190311,20.106298,-21.108408,-8.260263,-35.017902
488,8.133333333333333,0.10880448,241.19462204735905,4465.641060362578,518.7450200351561,1805.9496058719762,2210.292612444426,0.01857034474584411,0.0727455930723943,13.751228996802553,-238.37453,103.91948,45.770752,30.495386,-7.910735,19.317467,-15.535591,-29.266779,-32.177895,17.667164,-17.983387,-15.502165,-39.344948
489,8.15,0.17681517,251.63376354554953,2094.267164598845,405.4496955000212,2121.444563934711,2344.2496063618696,0.01857034474584411,0.0727455930723943,13.751228996802553,-218.64798,130.52261,15.690056,32.730625,23.278679,21.153996,-34.366844,-32.068073,-30.608456,4.194809,-2.377124,-24.355186,-41.586506
490,8.166666666666666,0.21611378,247.5269955447095,2168.1928396751605,394.86594396714094,2259.8975599293444,2695.0952386147756,0.01857034474584411,0.0727455930723943,13.751228996802553,-223.17897,115.644516,-1.0850616,36.41729,32.576218,21.425837,-37.829315,-29.943325,-20.560356,8.460902,2.782291,-19.676348,-37.991478
491,8.183333333333334,0.19429131,244.3080377200197,2132.7498268423533,361.1638434417963,2245.1483301416956,2741.2547754929137,0.01857034474584411,0.0727455930723943,13.751228996802553,-243.50697,111.64552,1.7963394,36.262066,40.98594,23.386261,-34.455647,-31.328716,-24.677086,9.753427,-1.2351803,-18.01302,-36.187874
492,8.2,0.1381946,237.16280854985132,4016.367885730257,306.6723472873927,2133.4243999858645,2652.403492965185,0.01857034474584411,0.0727455930723943,13.751228996802553,-223.77693,76.53352,9.425371,56.19695,13.155576,21.614334,-14.523842,-31.727627,-33.825165,20.71341,-11.987177,-20.137993,-26.303165
493,8.216666666666667,0.07526739,0.0,7386.706038296985,427.7396685460452,2110.201732853304,2907.552332653541,0.01857034474584411,0.0727455930723943,13.751228996802553,-192.48473,21.33617,3.6313987,80.26936,-2.66603,21.876835,-19.169065,-38.504845,-35.206207,27.756966,-13.587286,-6.902844,-23.857006
494,8.233333333333333,0.05415352,0.0,8455.505883289381,353.14625339194527,2230.904701791228,3011.5894440083935,0.01857034474584411,0.0727455930723943,13.751228996802553,-209.58249,-19.499336,-5.0768156,77.01697,-14.241138,19.938688,-20.588705,-31.924763,-29.358486,22.405107,-23.797203,-8.488581,-26.055328
495,8.25,0.05224744,0.0,8963.990195656901,230.6149285178704,2219.785066720826,3017.881806848127,0.01857034474584411,0.0727455930723943,13.751228996802553,-227.7826,-32.804146,-3.5688567,75.88051,-16.717487,22.769508,-11.231222,-23.519234,-23.558105,25.350986,-15.793282,-3.8609352,-22.17366
496,8.266666666666667,0.043468997,0.0,8784.946287192839,440.629877564531,2163.1749591824864,2971.6202226138707,0.01857034474584411,0.0727455930723943,13.751228996802553,-229.26686,-19.76014,-0.99971616,76.674866,-14.941714,23.130379,-8.633603,-29.92276,-30.544624,27.588703,-10.538481,2.303393,-15.546724
497,8.283333333333333,0.07837887,255.54925424927984,6098.217319030013,448.57105891729395,2199.9833566648676,2922.4496002404358,0.01857034474584411,0.0727455930723943,13.751228996802553,-259.91345,41.221504,20.468071,84.785484,16.328642,23.77472,-16.85086,-40.064743,-35.98374,14.617235,-14.946966,-16.943378,-24.159252
498,8.3,0.115238346,248.58181589534107,2332.1800568700987,391.6315444395707,2364.290964329327,3003.3258763522035,0.01857034474584411,0.0727455930723943,13.751228996802553,-264.12677,99.45154,20.678776,76.603775,55.567608,26.09446,-46.70839,-46.605293,-27.430958,8.461107,-19.367817,-24.11837,-27.605984
499,8.316666666666666,0.13576224,243.2642246738271,2113.069439819059,347.79465907120505,2491.574091549954,3163.3017950110225,0.01857034474584411,0.0727455930723943,13.751228996802553,-291.8955,96.18013,18.119335,85.2729,67.24733,16.794474,-45.53766,-33.720173,-17.82648,3.9610157,-18.130728,-22.424553,-23.665302
500,8.333333333333334,0.11074693,231.23455967575504,1839.0521622004005,281.71872001355786,2591.2393401518307,3245.2392971864365,0.01857034474584411,0.0727455930723943,13.751228996802553,-324.51172,99.29643,24.74791,88.731155,68.39096,7.5776453,-37.02394,-31.102596,-17.64749,-1.3423756,-18.823448,-19.198187,-21.289562
501,8.35,0.07195957,227.4348829202521,2163.9687820598983,262.9320017574013,2423.555018111552,3064.1520386377747,0.01857034474584411,0.0727455930723943,13.751228996802553,-375.1078,89.83734,42.418823,76.90457,62.95955,17.39232,-19.87836,-27.799349,-15.785692,3.291436,-18.223434,-16.11652,-15.722084
502,8.366666666666667,0.04405656,233.02268168052848,2473.6597299140462,309.50018991157793,2483.9633456832253,3072.687588711509,0.01857034474584411,0.0727455930723943,13.751228996802553,-412.261,84.10077,40.511784,70.763245,59.95241,16.078436,-3.2499108,-22.407486,-15.71727,2.5543466,-22.428183,-21.335075,-8.724409
503,8.383333333333333,0.016258312,0.0,4084.508968609352,306.5870160681901,2299.8486437702018,2995.2247270212647,0.01857034474584411,0.0727455930723943,13.751228996802553,-453.39368,59.29366,29.628153,59.98081,40.182465,12.225626,11.933289,-17.17602,-20.204924,5.24373,-14.83729,-30.428654,-7.022994
504,8.4,0.0061095115,0.0,4752.241435982999,268.77948015543,2333.6516755350635,3099.6557393713715,0.01857034474584411,0.0727455930723943,13.751228996802553,-486.7917,53.171635,42.53865,37.011913,30.325294,16.884075,4.5588083,-4.3167076,-5.07819,-5.7757053,-10.35308,-12.690517,-9.570108
505,8.416666666666666,0.0146129895,0.0,6931.283397195977,293.8526440113287,2350.4686740509233,3446.5019178999496,0.01857034474584411,0.0727455930723943,13.751228996802553,-394.38214,22.951618,2.6686845,78.45645,46.82199,-19.462168,5.2993517,-0.9937849,-30.604507,11.311724,-18.993534,-19.608564,-21.288857
506,8.433333333333334,0.01668294,0.0,7989.142717733259,434.13028522179644,2397.576529935823,3566.671345163824,0.01857034474584411,0.0727455930723943,13.751228996802553,-314.88962,-16.372078,11.906065,103.044266,21.616608,-13.405172,-1.2020432,-0.83625257,-37.540012,12.533714,-24.188156,-15.508682,-21.4867
507,8.45,0.038139038,245.13349044977056,6684.41360266068,395.3760594215448,2490.272017115539,3520.4312151149556,0.01857034474584411,0.0727455930723943,13.751228996802553,-359.08682,6.5959744,14.037485,103.16445,34.077843,-6.385607,2.1472125,3.2446122,-20.619907,7.627582,-19.509872,-16.660934,-17.362429
508,8.466666666666667,0.07462992,236.19165717373448,2747.008358595307,266.56160110254893,2634.902875815585,3633.695646958587,0.01857034474584411,0.0727455930723943,13.751228996802553,-348.2695,67.936325,38.231976,109.374504,66.85647,-4.5795407,-25.189903,-4.0262675,-20.25726,-9.045372,-27.164337,-21.879051,-13.065655
509,8.483333333333333,0.10742012,228.88957089405125,2710.282731421276,279.05016878450914,2709.653042120296,3476.8628225022394,0.01857034474584411,0.0727455930723943,13.751228996802553,-334.10114,64.63193,28.917946,102.824646,72.969574,-0.5481473,-35.283463,-0.7815497,-8.337653,-11.762237,-24.46407,-20.531626,-19.42339
510,8.5,0.12895638,226.43498024643947,2693.815197321294,288.2902730281754,2699.8975288970187,3424.728848437052,0.01857034474584411,0.0727455930723943,13.751228996802553,-325.7049,62.51055,21.098991,95.708405,72.061066,-4.31353,-39.816208,-2.4851842,-1.0142041,-3.5316968,-20.544636,-16.11218,-13.903788
511,8.516666666666667,0.14474344,224.6890974498329,2607.7512836904807,276.3076397685423,2663.6030072495723,3458.3123276272786,0.01857034474584411,0.0727455930723943,13.751228996802553,-314.3171,64.12913,17.427658,95.52045,73.678375,-3.9164386,-45.595314,-4.9996376,2.8058615,-3.667438,-15.978384,-13.044968,-16.474709
512,8.533333333333333,0.15113144,222.6926714838136,2770.6108111250687,299.4619745068046,2665.443411584733,3381.0629014296205,0.01857034474584411,0.0727455930723943,13.751228996802553,-305.87555,61.985245,9.390278,90.56793,78.51366,-1.7462633,-50.743225,-12.754143,3.231073,-1.526057,-15.556665,-18.649555,-18.073532
513,8.55,0.14269142,220.4429265702968,2881.486001545095,336.29067046767335,2599.7001233059073,3119.7479354470447,0.01857034474584411,0.0727455930723943,13.751228996802553,-294.923,64.51159,7.2962685,87.54013,72.41392,0.31197274,-55.833572,-21.87982,5.1078105,1.5321981,-14.975853,-25.402086,-21.773643
514,8.566666666666666,0.1361601,218.48266407549121,2840.8569451121048,363.4594029126429,2444.490097543945,2997.2769598259915,0.01857034474584411,0.0727455930723943,13.751228996802553,-289.3095,70.895454,3.1542106,79.96248,66.56099,6.8780327,-53.689423,-24.954876,5.094099,9.251629,-4.142195,-30.494078,-33.35388
515,8.583333333333334,0.12908074,216.37493009233492,2658.7717275333935,362.62813223326896,2031.6244171478008,2607.680692525937,0.01857034474584411,0.0727455930723943,13.751228996802553,-292.2912,86.085335,14.761421,72.80899,61.438194,8.468794,-42.256165,-31.780212,-7.453088,10.340466,8.267097,-24.554789,-34.45947
516,8.6,0.11565566,214.8840216132203,2682.2335201378914,333.9721324692167,1997.2802405666876,2738.0588943405214,0.01857034474584411,0.0727455930723943,13.751228996802553,-307.51324,91.05739,18.7527,60.46306,56.948586,4.435893,-36.30852,-36.807392,-25.095417,6.5617304,9.101854,-20.224716,-35.22044
517,8.616666666666667,0.10818093,214.88063205698074,2868.291558671618,305.7750535892737,2000.9091553650924,2812.9518375968682,0.01857034474584411,0.0727455930723943,13.751228996802553,-323.07532,92.43388,28.177666,50.77916,53.50654,10.490395,-21.687893,-34.998886,-30.042233,12.806023,13.821241,-11.030581,-25.082083
518,8.633333333333333,0.115097,216.56763116671192,2912.221965487851,331.18982643726497,1820.865106274149,2545.445421669848,0.01857034474584411,0.0727455930723943,13.751228996802553,-307.4249,100.31676,24.901957,34.42597,43.80742,8.911338,-13.707245,-34.69768,-35.9283,13.644139,7.0322285,3.714925,-27.35715
519,8.65,0.12790975,218.00731105352295,3152.6304526748927,378.2919597297499,1770.2384285845912,2645.6429148215066,0.01857034474584411,0.0727455930723943,13.751228996802553,-274.31012,112.57774,20.805168,23.794384,37.661476,5.165291,-14.908137,-34.869583,-38.55507,20.7277,-0.12652779,11.17069,-24.548103
520,8.666666666666666,0.14217624,218.68290484818272,3449.707434226033,470.33881111569104,1781.9698019941586,2749.662156476214,0.01857034474584411,0.0727455930723943,13.751228996802553,-245.70232,109.40534,13.33639,13.013169,35.039284,7.4235153,-20.589985,-29.532417,-40.986946,29.04647,3.5181468,25.04943,-13.731283
521,8.683333333333334,0.14915201,218.91279956566532,3362.4844946814537,571.3214488687076,1876.1682840706649,2685.5963917239055,0.01857034474584411,0.0727455930723943,13.751228996802553,-219.80725,117.95012,2.4057343,2.3289492,27.236538,9.186592,-26.06173,-27.17927,-37.38111,22.329582,-1.7164156,24.10102,-20.980143
522,8.7,0.1536942,219.52573005885353,3407.5668198023577,574.1766607957762,1933.6105981625676,2530.0111234956576,0.01857034474584411,0.0727455930723943,13.751228996802553,-209.25371,117.38508,2.71389,4.239301,27.498512,4.2269444,-26.39687,-21.589773,-32.06935,23.860104,-4.240886,15.431977,-22.074936
523,8.716666666666667,0.14577207,219.94885082555894,3336.658281506626,526.7899593548941,1625.701043944923,2298.834934139952,0.01857034474584411,0.0727455930723943,13.751228996802553,-221.06267,122.16643,13.821674,-0.0080235,31.185596,11.690039,-30.320415,-22.683289,-34.96556,21.856598,-1.5465677,13.239652,-22.162468
524,8.733333333333333,0.13008422,220.10812682145882,2758.3430438794276,362.24493106777567,1878.023448535141,2424.205255737903,0.01857034474584411,0.0727455930723943,13.751228996802553,-260.29715,139.2881,28.81015,-4.625682,31.567572,22.477459,-31.999403,-29.033222,-28.457981,17.624535,-3.7145696,-0.79601437,-24.576195
525,8.75,0.1333883,223.23930939849083,3208.697395104764,351.1326203238807,1850.0847760631361,2127.0635455377665,0.01857034474584411,0.0727455930723943,13.751228996802553,-250.70512,122.73006,29.556007,-4.0760818,29.34525,31.272762,-38.933914,-29.23669,-24.421246,14.635749,0.25432885,-0.17320925,-36.378647
526,8.766666666666667,0.15603198,224.235429270018,3883.8907824276553,385.50190182768324,2049.2359198410645,2530.6938649757967,0.01857034474584411,0.0727455930723943,13.751228996802553,-233.13121,99.662476,15.525532,6.099768,35.283188,28.687164,-42.196682,-21.821049,-25.428673,8.521936,6.0422935,4.709611,-40.33702
527,8.783333333333333,0.16037044,223.9506600665113,3985.1249762413977,369.52213948041737,1972.3014801640306,2279.65844072945,0.01857034474584411,0.0727455930723943,13.751228996802553,-227.40933,96.96672,16.914366,14.484419,36.92737,27.373394,-44.65827,-17.627396,-15.037441,6.7148676,3.6952546,8.78814,-32.833626
528,8.8,0.16629443,223.23338106488316,3741.2201779195793,354.89107561883134,1900.6423193117696,2616.913735282701,0.01857034474584411,0.0727455930723943,13.751228996802553,-217.41206,105.283264,18.079653,20.56182,45.92045,19.95636,-53.361214,-17.50027,-23.225042,-1.548627,-0.48178715,1.0964168,-30.716404
529,8.816666666666666,0.17984614,221.0229998941194,3158.4360068368096,350.15955615854574,1883.6934953163247,2495.5852034185787,0.01857034474584411,0.0727455930723943,13.751228996802553,-232.96617,104.12793,13.349461,27.46623,51.111237,13.477931,-50.587193,-21.243526,-31.913456,-5.107602,-2.7728655,-4.6001725,-32.37398
530,8.833333333333334,0.19040318,221.22945499425484,1881.4663129180462,309.8729382012248,1828.8665421565402,2791.082047065164,0.01857034474584411,0.0727455930723943,13.751228996802553,-268.76254,123.12715,10.410477,40.256447,72.96878,12.792536,-41.104073,-6.279355,-24.055737,-15.259691,-7.9810624,-0.198609,-36.573593
531,8.85,0.1912703,221.02035447859097,1735.3374214823284,288.4336398033398,1885.2805549082102,2864.259107218759,0.01857034474584411,0.0727455930723943,13.751228996802553,-290.51697,121.24559,6.8464546,41.65338,72.73094,7.1643925,-33.94928,-3.7708771,-15.5771,-12.198472,-6.4950924,9.073401,-35.394814
532,8.866666666666667,0.18846081,220.21381035142932,1629.0715715781,280.4457306697105,1942.3546617209458,2903.257731990313,0.01857034474584411,0.0727455930723943,13.751228996802553,-305.65656,116.08832,11.909176,47.341293,68.5109,6.598281,-31.739702,-16.825342,-17.112812,-8.165955,2.702962,16.878925,-37.485764
533,8.883333333333333,0.18714876,220.3405943921785,1475.5943785037857,274.5576997131265,1925.9008726743177,2873.7667876780833,0.01857034474584411,0.0727455930723943,13.751228996802553,-317.7787,125.96074,19.886688,44.063675,63.466637,6.652464,-24.922894,-21.02113,-16.762842,-8.159658,-2.832908,18.618237,-33.181
534,8.9,0.18769607,221.29771431603444,1320.0174587627835,256.31958335020204,1788.7396392164994,2736.4920248361195,0.01857034474584411,0.0727455930723943,13.751228996802553,-328.25656,124.45427,17.164639,46.002174,67.59901,14.788087,-21.315823,-28.930553,-15.569262,-9.387793,-5.5622015,15.231329,-33.385025
535,8.916666666666666,0.19684446,223.41193892990606,1245.8396723218693,264.4598525414913,1752.1487976862995,2981.8936936106943,0.01857034474584411,0.0727455930723943,13.751228996802553,-328.9539,130.8367,17.049334,41.271812,67.518295,10.801044,-20.400768,-23.731398,-19.688564,-14.809828,-8.098766,18.484253,-21.792578
536,8.933333333333334,0.19205303,225.96561282002747,1653.155697545872,318.6283738326815,1655.0158533404615,2600.7021177657307,0.01857034474584411,0.0727455930723943,13.751228996802553,-257.8274,145.03485,11.547987,28.118084,41.555954,5.448281,-25.37193,-36.856586,-35.43721,-21.53584,-22.177505,9.150824,-18.242924
537,8.95,0.19022478,226.6920956883423,3197.198643921247,380.94032311411803,1426.203673160703,2457.789183196973,0.01857034474584411,0.0727455930723943,13.751228996802553,-222.4073,110.54375,10.959003,32.158493,11.565212,-7.340823,-4.6010613,-15.140817,-39.15412,-13.288403,-27.991684,23.487186,-0.42936713
538,8.966666666666667,0.19004367,226.9686386814458,2170.989766558868,364.718913910886,1280.0794418992841,2509.6418543212826,0.01857034474584411,0.0727455930723943,13.751228996802553,-247.46182,136.64362,23.991196,8.513031,7.8534327,-5.421107,-10.874987,7.37665,-25.75312,-12.772774,-27.52118,10.335914,0.16167575
539,8.983333333333333,0.19412012,226.91477148476213,2093.118668595005,342.62968370813877,1186.8171832284975,2183.5653896629155,0.01857034474584411,0.0727455930723943,13.751228996802553,-264.30875,138.32,35.4888,6.1011324,3.5196052,-10.687044,-3.1904068,20.301762,-15.373003,-6.2781663,-27.647602,11.966644,-6.046077
540,9.0,0.18730623,227.3252992678561,1774.4177578670392,287.12030840078734,1038.053355049491,2053.976363762272,0.01857034474584411,0.0727455930723943,13.751228996802553,-288.4196,146.33531,46.55561,0.093913615,4.3720694,-10.698853,-4.532544,17.379715,-16.443413,-5.85118,-25.618572,10.276596,-20.274895
541,9.016666666666667,0.18648888,222.90957458917902,1471.4384571916469,268.7550544936647,992.5644709884984,2105.1980571068184,0.01857034474584411,0.0727455930723943,13.751228996802553,-320.97357,149.52301,52.60692,10.991222,22.484035,-0.957554,-4.047145,0.8091662,-17.073421,-4.300947,-19.219547,5.068473,-26.3415
542,9.033333333333333,0.1830992,224.38325703722526,1035.2327055269293,230.38044169238023,1483.653468231676,2282.769138498504,0.01857034474584411,0.0727455930723943,13.751228996802553,-353.24713,140.49939,39.879158,10.467976,32.669586,11.9838295,6.987509,8.976372,-13.820354,-12.040747,-15.264679,-4.4747453,-29.83972
543,9.05,0.19706213,225.43693511377913,992.5426779525637,228.4870485405595,1643.1196427825137,1996.9395521245954,0.01857034474584411,0.0727455930723943,13.751228996802553,-371.3783,134.71054,38.142883,3.4975045,22.02859,12.954509,16.67276,9.9922695,-7.2879667,-3.506536,2.2799625,5.9929395,-21.909628
544,9.066666666666666,0.19729835,226.27381045388873,857.0860285480236,229.04706571826537,1544.7396852484214,2034.9147434224897,0.01857034474584411,0.0727455930723943,13.751228996802553,-389.42343,129.65604,41.851334,4.1654415,19.427683,24.645107,28.95548,9.6323185,-9.840709,-4.637432,7.0286417,5.61217,-18.163868
545,9.083333333333334,0.19902308,226.54167485302776,754.6884255830676,228.78370608044125,1381.9739594384448,2043.696504896462,0.01857034474584411,0.0727455930723943,13.751228996802553,-395.98718,128.89252,43.591286,10.526503,26.21333,31.247465,30.32066,9.846816,-9.814589,-4.5467806,5.564028,-6.0206146,-24.189781
546,9.1,0.19921425,227.02679494687922,675.7113474891291,228.96770983194673,1493.3839311144886,1910.87766360242,0.01857034474584411,0.0727455930723943,13.751228996802553,-399.48468,132.77243,50.128952,14.855236,20.292656,28.40173,30.19568,7.188024,-18.308277,-10.782978,6.923904,0.22775835,-13.477501
547,9.116666666666667,0.20613766,228.23165642731965,597.4701536794089,230.21477750072685,1485.4542251176536,1931.2884545221486,0.01857034474584411,0.0727455930723943,13.751228996802553,-405.84302,131.73544,51.134315,10.73695,16.844818,30.946669,28.639832,7.807576,-9.44478,-5.279137,4.1482024,-1.797703,-11.638303
548,9.133333333333333,0.2041313,227.93081306629773,580.5499126432667,229.9282590986895,1306.6529801745933,1924.2795417968948,0.01857034474584411,0.0727455930723943,13.751228996802553,-411.41956,128.90057,61.143047,25.288942,21.236443,25.85987,22.599176,2.678481,-10.930919,-5.1202064,2.7992697,-2.5128872,-11.02825
549,9.15,0.19450545,229.42351725066837,830.465587802325,244.52017352046298,982.2148772196632,2335.0975530947685,0.01857034474584411,0.0727455930723943,13.751228996802553,-381.91928,145.00568,78.39168,40.749878,21.261711,8.613007,6.6183596,-18.0709,-23.811285,-13.779936,-8.992374,-6.1619616,-22.815022
550,9.166666666666666,0.17495489,237.47711542719128,1511.650756603004,315.4882569356263,1919.0117995990304,3489.753947790088,0.01857034474584411,0.0727455930723943,13.751228996802553,-299.19403,149.93994,51.9108,39.137383,23.93073,-0.21806318,13.557601,-34.582664,-43.145546,4.3680735,-17.731384,3.370726,-18.960308
551,9.183333333333334,0.14932649,237.74533671070387,2187.610121096137,317.78910661124263,1934.6038090224688,2662.8143499282205,0.01857034474584411,0.0727455930723943,13.751228996802553,-297.6824,124.92503,22.12819,19.73501,39.63903,13.594278,-4.7332435,-37.11889,-42.632133,-0.30103528,-15.424135,7.2236133,-20.137232
552,9.2,0.101926886,240.76681421228852,2129.5647659972205,313.8155522217212,1974.2231061021057,2665.115612816821,0.01857034474584411,0.0727455930723943,13.751228996802553,-289.24017,146.73724,24.767067,23.630463,50.038857,16.961773,-17.359886,-35.74569,-22.850977,5.383312,-10.811192,-0.09165716,-23.677391
553,9.216666666666667,0.10037543,243.8067421378791,2093.8109476686286,311.6306049747816,2092.5576015897645,2801.9315641596218,0.01857034474584411,0.0727455930723943,13.751228996802553,-299.59668,135.27596,22.986038,31.070744,50.172874,16.159725,-24.028088,-29.468884,-10.855688,9.144647,-2.540996,-2.0308516,-30.92251
554,9.233333333333333,0.11959182,244.48420011912293,2044.5410765821011,278.53402499537435,2087.823953344017,2379.0339771881445,0.01857034474584411,0.0727455930723943,13.751228996802553,-306.0256,123.73685,20.060038,30.461296,60.482338,19.415428,-26.369837,-25.364279,-9.588493,5.580186,-2.9224734,-1.7317312,-30.66305
555,9.25,0.106591605,243.66671791076016,2404.5762586561696,256.52015926005157,2267.0443764486554,2518.9602483662457,0.01857034474584411,0.0727455930723943,13.751228996802553,-330.8922,104.29545,16.056458,37.42287,69.24907,16.27945,-23.367924,-26.886131,-10.464497,7.654349,-5.274829,-7.8061943,-35.010414
556,9.266666666666667,0.07360006,240.30045831233608,2587.4222549206816,255.08426906265052,2327.2421077431777,2450.7753971421366,0.01857034474584411,0.0727455930723943,13.751228996802553,-354.6078,97.77476,13.570475,37.637245,62.846855,15.152428,-28.97504,-27.83259,-4.3592553,11.858338,-6.411202,-5.85515,-27.674805
557,9.283333333333333,0.046354793,237.18137602843143,2665.914266578272,264.86215408166083,2355.606957595642,2551.6562579621364,0.01857034474584411,0.0727455930723943,13.751228996802553,-384.9745,95.93352,16.124256,38.769936,67.96236,15.135608,-28.093334,-28.96128,-9.210274,6.9812236,-8.823893,-16.07309,-19.30148
558,9.3,0.027700566,237.63239352940056,2641.0927303592493,300.3725269228111,2183.9094249778445,2549.6717325279283,0.01857034474584411,0.0727455930723943,13.751228996802553,-412.71103,91.78302,21.691998,41.053505,59.545616,16.412933,-22.292015,-26.754314,-11.972065,-0.9365125,-13.70853,-22.126305,-17.17949
559,9.316666666666666,0.015571337,0.0,3158.8738392493533,322.5456765176668,2439.055840311214,2500.7926799356705,0.01857034474584411,0.0727455930723943,13.751228996802553,-442.77075,76.761536,24.824902,41.772034,57.54197,21.378853,-16.348131,-24.352589,-10.716852,-1.7363777,-13.503267,-26.914642,-15.45336
560,9.333333333333334,0.006825304,0.0,3900.1755206655075,287.64756536622855,2385.9295853991994,2668.066496385118,0.01857034474584411,0.0727455930723943,13.751228996802553,-475.52762,54.393505,24.627533,30.254417,38.865463,17.491226,-10.784898,-16.198944,-3.9994695,0.1088787,-14.976825,-26.177591,-12.918653
561,9.35,0.0037343062,0.0,4242.793131296137,272.7830632711852,2359.2225310542985,2628.2778340311916,0.01857034474584411,0.0727455930723943,13.751228996802553,-490.03778,45.00863,29.07563,30.932205,33.7993,21.098286,2.625206,-6.221686,-2.5295687,0.033001482,-11.235777,-21.321388,-11.765297
562,9.366666666666667,0.002138935,0.0,5463.380574123115,297.70704496634534,2304.5169749999764,2510.468234208306,0.01857034474584411,0.0727455930723943,13.751228996802553,-499.1725,38.488243,28.838778,27.116344,28.718466,21.702538,7.6090717,-0.44360822,1.2110059,1.4483937,-6.538625,-13.625868,-10.32066
563,9.383333333333333,0.0009722434,0.0,6342.855589339839,264.0769616517437,2199.6073044553405,2540.583569013277,0.01857034474584411,0.0727455930723943,13.751228996802553,-510.2389,26.05029,21.49556,20.645657,20.987064,16.78302,9.319342,5.0216026,4.751472,2.755508,-3.0686781,-7.395132,-6.5715837
564,9.4,0.0007284057,0.0,7529.9740213807345,357.3276722470082,2253.9762815148333,2677.2052956777984,0.01857034474584411,0.0727455930723943,13.751228996802553,-517.58655,17.779072,16.020424,14.129154,11.930501,8.77526,4.945446,1.5279984,-1.061445,-3.4484808,-5.9677086,-7.8932667,-8.540089
565,9.416666666666666,0.00040883262,0.0,8622.486805394905,540.2703461718927,1698.4973242651945,2558.3316274032995,0.01857034474584411,0.0727455930723943,13.751228996802553,-522.1913,11.821323,11.142975,10.061903,8.647425,6.9873996,5.180415,3.3275633,1.5246971,-0.14410508,-1.6110342,-2.827228,-3.7631779
566,9.433333333333334,0.00034004208,0.0,9313.190731998322,978.8210971563897,2135.4471705102437,3030.2277070566306,0.01857034474584411,0.0727455930723943,13.751228996802553,-524.58026,8.401836,7.661098,6.642849,5.564771,4.5802903,3.734288,2.984996,2.2714393,1.58011,0.96798086,0.5285398,0.32472956
567,9.45,0.00034814433,0.0,9371.814625198866,1018.5553828870829,1458.4243908776796,2419.5733298490354,0.01857034474584411,0.0727455930723943,13.751228996802553,-525.19775,7.536731,6.8718343,6.1106615,5.5524015,5.3148956,5.2738643,5.153631,4.7111845,3.8979285,2.8975644,2.0168989,1.4976633
568,9.466666666666667,0.00041018502,0.0,8792.805306009206,566.1234349667236,1694.7771464759844,2616.9512541987197,0.01857034474584411,0.0727455930723943,13.751228996802553,-519.96735,14.779555,13.597397,11.844888,9.779518,7.6547737,5.6691117,3.9465847,2.546096,1.4827158,0.7427798,0.28451163,0.030161887
569,9.483333333333333,0.00042896465,0.0,8913.590497274232,786.031171647048,1850.4547086052887,3131.5100317751844,0.01857034474584411,0.0727455930723943,13.751228996802553,-521.50214,12.397053,10.688891,8.382596,6.082609,4.3077717,3.3266144,3.099504,3.3423376,3.676558,3.796233,3.5812087,3.1130495
570,9.5,0.00038044606,0.0,9484.66134067442,1029.8392622567908,1804.078233521642,3041.430732745543,0.01857034474584411,0.0727455930723943,13.751228996802553,-526.1732,6.024605,5.2684364,4.603996,4.398974,4.2408037,3.8164105,3.01406,2.3308089,2.0398092,2.0494928,1.8597784,1.2773892
571,9.516666666666667,0.0005382334,0.0,9258.820487287074,1447.4186067683804,2100.4434634913514,3267.2055749852443,0.01857034474584411,0.0727455930723943,13.751228996802553,-522.75415,11.021098,10.331133,9.234286,7.8052225,6.139076,4.3431053,2.5275674,0.796528,-0.7604303,-2.0747974,-3.1035464,-3.830874
572,9.533333333333333,0.0043376745,0.0,6898.927751982531,1453.0029554707125,2790.1256067100776,3798.967902131075,0.01857034474584411,0.0727455930723943,13.751228996802553,-514.9267,21.941074,20.812103,19.015385,16.66878,13.91963,10.929907,7.860801,4.85857,2.0434513,-0.49722487,-2.7111487,-4.578517
573,9.55,0.024226205,226.29115485070247,1987.7701647217646,227.85154950571348,1912.870318885724,3107.4462977264234,0.01857034474584411,0.0727455930723943,13.751228996802553,-492.95013,51.97837,47.90578,41.74925,34.25196,26.147726,18.030308,10.322685,3.3269625,-2.7049403,-7.5391006,-10.988965,-12.983741
574,9.566666666666666,0.053965155,228.49261822383653,870.268991907021,231.21206166859199,1677.942151659925,3171.6312024846243,0.01857034474584411,0.0727455930723943,13.751228996802553,-475.9438,73.7433,63.8928,51.002758,38.248013,27.417902,18.61722,11.051081,4.0748634,-2.2742124,-7.4446735,-10.877436,-12.410631
575,9.583333333333334,0.07770514,227.27323175746875,675.6389137031424,230.94379784504395,731.9789856421962,2563.813460449642,0.01857034474584411,0.0727455930723943,13.751228996802553,-469.72183,81.9115,70.23376,54.61451,38.86786,25.605955,15.49527,7.688465,0.9911898,-5.081078,-10.030302,-12.963927,-13.518176
576,9.6,0.07441387,224.6443155529934,716.1890134791713,230.48729066668852,2285.9625141024617,3420.1102002233324,0.01857034474584411,0.0727455930723943,13.751228996802553,-468.6665,83.72885,73.29459,58.31504,42.45256,27.622074,15.653982,6.1731987,-0.9530236,-6.633893,-10.812002,-13.589109,-14.812479
577,9.616666666666667,0.051088944,227.07745153822628,1153.6536899719963,238.64547018489804,2375.7377684130633,2797.954042980978,0.01857034474584411,0.0727455930723943,13.751228996802553,-473.54785,76.69061,67.44797,54.407257,40.42603,27.9221,17.848118,8.513428,1.3416042,-5.3255672,-10.976728,-14.199959,-15.798216
578,9.633333333333333,0.02442759,0.0,2539.834060133278,281.7929302826026,1777.954385774879,2510.0276213888797,0.01857034474584411,0.0727455930723943,13.751228996802553,-383.2188,123.22439,34.722748,19.668495,15.392542,8.192307,7.9655266,-25.341156,-22.023369,-5.7766438,-11.302083,-16.45557,-19.044487
579,9.65,0.063805245,233.91525275334942,1393.0232882649598,367.1382827234431,1619.9016413954778,2496.1365047572126,0.01857034474584411,0.0727455930723943,13.751228996802553,-354.50348,154.6881,45.940807,18.60881,12.574668,7.2830696,10.055079,-21.178537,-21.844673,-6.570157,-7.580559,-10.064443,-15.021931
580,9.666666666666666,0.08663099,227.97253178621276,906.4923595235946,453.7191172714023,1520.041173057848,2535.9097262401006,0.01857034474584411,0.0727455930723943,13.751228996802553,-355.2555,171.59833,64.203766,10.016855,-0.9070574,-1.6037848,-1.3106624,-20.208939,-16.368042,-6.660034,-5.724481,-4.4057274,-15.16667
581,9.683333333333334,0.10348422,222.0986433776676,1067.9730190460753,366.8299757805025,923.5700339318498,1844.0519268397384,0.01857034474584411,0.0727455930723943,13.751228996802553,-346.01474,170.91876,62.073032,6.8196297,-17.074394,-13.694675,-0.2774546,-14.497171,-10.825756,-5.9094877,-10.226812,1.358347,-14.21965
582,9.7,0.09920036,219.49857515154173,1209.5618376859427,387.7288252058168,1051.6919903020807,2039.1523786423816,0.01857034474584411,0.0727455930723943,13.751228996802553,-338.32266,161.66214,46.15709,-2.1247668,-15.369018,-8.748582,2.856605,-9.3174095,-13.57857,-10.518314,-24.29194,-7.0158043,-10.271349
583,9.716666666666667,0.096246004,214.74307703748696,1481.3105869524088,415.28131097947687,1148.5072693977015,2241.443820282345,0.01857034474584411,0.0727455930723943,13.751228996802553,-314.5468,163.59076,38.75798,5.363393,0.6847811,1.4825222,5.457676,-19.873951,-18.400238,-5.1486864,-26.589508,-1.4331784,3.097621
584,9.733333333333333,0.094192244,213.74818388834726,1195.4674224933917,298.3543935888594,1671.3871706825903,2705.0775189087285,0.01857034474584411,0.0727455930723943,13.751228996802553,-329.16626,167.07423,38.895523,6.1265874,17.443024,15.008947,5.5618753,-14.244931,-22.429665,-10.732443,-14.940584,-4.281415,-12.501699
585,9.75,0.09390286,212.3108628780213,1181.53793251758,317.98577979357805,1737.4256151442357,2212.024048001287,0.01857034474584411,0.0727455930723943,13.751228996802553,-350.84583,148.76123,24.4556,14.090115,29.455315,18.311577,10.280088,-6.797271,-18.047043,-6.32907,0.7556984,-3.278848,-25.217339
586,9.766666666666667,0.092545584,212.17532343454408,1220.2196793593585,304.3665334496482,1772.7395758037794,2135.4610042391755,0.01857034474584411,0.0727455930723943,13.751228996802553,-355.01324,145.07959,34.4889,30.586842,31.755028,20.569584,8.355865,-23.523703,-31.092892,-10.671421,-0.96238464,-5.4448366,-23.815765
587,9.783333333333333,0.09645401,215.0881435463361,1195.5961092536863,303.4313401272226,1485.0219353682683,1872.0115967382515,0.01857034474584411,0.0727455930723943,13.751228996802553,-360.76254,136.16571,25.41985,29.051252,30.597244,12.217715,5.441828,-18.433617,-27.046028,-12.501921,4.3189993,-0.46095687,-31.816538
588,9.8,0.10104942,216.32168295060958,1274.0013450170845,347.21401815736516,1506.8453221779114,1919.196941891627,0.01857034474584411,0.0727455930723943,13.751228996802553,-347.99802,140.71031,23.940163,27.023216,28.779207,9.878944,4.752558,-29.164137,-34.883305,-13.046059,6.8534193,7.7217984,-28.56491
589,9.816666666666666,0.09996868,216.37777197059532,2985.7878821033983,525.2531254927759,1788.1642082225412,2791.475190780663,0.01857034474584411,0.0727455930723943,13.751228996802553,-262.92624,127.21945,12.950983,8.547702,8.52876,-11.662427,-16.781662,-41.54928,-31.6837,14.485754,14.43503,21.086487,-14.805265
590,9.833333333333334,0.09833219,215.49870669315618,4735.034457784521,740.3426440707512,1864.3921385784106,3197.686032173817,0.01857034474584411,0.0727455930723943,13.751228996802553,-228.3455,107.83722,15.221258,4.1972585,-5.9384756,-9.152828,-10.819316,-23.21438,-23.327347,22.022259,4.4342713,18.350437,-18.856947
591,9.85,0.09777254,214.06628194317963,2716.772394661108,829.3435766484819,1782.6289740004709,2730.8835214413994,0.01857034474584411,0.0727455930723943,13.751228996802553,-258.8774,143.95624,15.586577,-23.17836,-4.910063,-8.157435,-6.083069,-8.793158,-24.349598,26.090393,-2.372647,3.7217493,-7.6881084
592,9.866666666666667,0.08710422,213.71547137194864,2637.891120314999,859.1842167383961,1755.7914226392568,2599.2093441605293,0.01857034474584411,0.0727455930723943,13.751228996802553,-270.4139,144.76929,17.83905,-15.3422985,1.4223568,-8.943424,-3.8049793,-4.5208488,-19.958736,28.071852,-10.693749,0.8562796,-8.1007805
593,9.883333333333333,0.07738597,216.3468853529761,2857.34101397698,804.0552927876661,1691.0371288357826,2616.2970128299876,0.01857034474584411,0.0727455930723943,13.751228996802553,-278.26294,146.82095,16.71973,-17.171576,8.754491,-8.82967,1.8132664,-4.283181,-16.326359,23.481613,-13.5478945,7.968856,-3.1147418
594,9.9,0.071521915,218.3731249674854,2917.6520446039644,566.2812904718568,1156.8249454584222,2467.296994619348,0.01857034474584411,0.0727455930723943,13.751228996802553,-303.28592,142.42091,25.410412,-20.94477,-6.2107086,-12.50576,9.650707,-9.935497,-17.085148,19.307898,-16.658283,6.5473137,-4.7956495
595,9.916666666666666,0.067928396,217.98891328822646,2636.3885587594477,837.6874930261048,1716.0530560886095,3437.534891742775,0.01857034474584411,0.0727455930723943,13.751228996802553,-313.9815,144.02966,31.2395,-12.444448,-7.7526445,-13.490294,11.691994,-9.984776,-17.604712,14.789341,-11.084727,7.677003,6.000066
596,9.933333333333334,0.06290872,216.3281265623612,2368.4701574914616,864.724783647614,1387.8289248660644,2693.870754759751,0.01857034474584411,0.0727455930723943,13.751228996802553,-327.16196,146.47171,39.09852,-10.861361,-14.415835,-15.948628,7.976163,-6.4576073,-7.236766,17.56263,-10.047472,4.9661846,6.670962
597,9.95,0.057390075,213.68791105379972,2211.7839544117815,743.563814479715,1658.8264595601192,3379.0953252159725,0.01857034474584411,0.0727455930723943,13.751228996802553,-342.775,145.42818,46.464375,-2.024358,-18.11119,-18.84935,8.533932,-0.6574947,-8.398594,5.8628187,-16.434746,6.240617,14.496532
598,9.966666666666667,0.054376658,211.42969879149825,1975.68755187518,372.91865427839787,1026.8348576558271,2238.1966881165918,0.01857034474584411,0.0727455930723943,13.751228996802553,-345.86728,151.97339,49.74716,0.85161936,-15.893457,-24.75241,6.9313474,7.2793894,0.43826127,8.057999,-15.493848,-0.5260863,13.988748
599,9.983333333333333,0.052983437,209.40800992028184,1871.9278738344588,435.90919791023896,1209.4774210252765,2380.3144062001584,0.01857034474584411,0.0727455930723943,13.751228996802553,-351.95245,151.76709,50.639385,-1.8475324,-24.436447,-31.738628,4.7277403,2.7040615,-1.5913999,3.0216033,-18.577183,-5.3060217,6.6947856
600,10.0,0.048796594,206.73333337295918,2146.071913564664,851.4772508489053,1900.2087352503297,3348.918196544755,0.01857034474584411,0.0727455930723943,13.751228996802553,-344.2828,149.52954,42.222046,-2.5008218,-14.044954,-24.167171,2.528302,-1.5861506,-6.1222486,3.851122,-13.499275,1.907773,15.550716
601,10.016666666666667,0.04127946,204.8169411135224,2220.97934753805,709.0068464686924,956.2499928967275,2386.493551098056,0.01857034474584411,0.0727455930723943,13.751228996802553,-342.9384,147.86957,35.051067,-5.3025646,-13.434814,-22.3088,2.134971,-5.9070444,-7.584571,7.495475,-7.828297,7.9057565,19.299213
602,10.033333333333333,0.034018945,205.52214124759712,2388.660962644769,784.5590313888354,1444.5027919570534,2955.878501239215,0.01857034474584411,0.0727455930723943,13.751228996802553,-348.7996,141.34055,21.512335,-18.60627,-15.128096,-16.789255,4.140237,0.32873315,-1.0112687,10.517404,-2.788519,12.242536,23.075771
603,10.05,0.028248236,206.13502624804224,2334.5116944657384,812.9437666301579,1718.1431780235757,3139.2029216990845,0.01857034474584411,0.0727455930723943,13.751228996802553,-355.01855,141.00186,23.652239,-12.034504,-17.093937,-16.619774,-1.2530293,-10.495443,-5.3541927,1.8549683,-4.734289,17.052177,19.061005
604,10.066666666666666,0.021294355,208.12617454642114,2277.2105350005854,793.696659752125,1662.3049292717167,3260.138457279176,0.01857034474584411,0.0727455930723943,13.751228996802553,-372.1138,138.3317,29.354902,-6.3979807,-11.197301,-4.4733186,6.043352,-9.592289,-9.10887,-2.5313153,0.5618014,17.230476,6.6864405
605,10.083333333333334,0.014936917,208.5234103269396,2524.0334129725893,688.5743327108448,1686.6257581277184,3213.9744080177916,0.01857034474584411,0.0727455930723943,13.751228996802553,-403.50687,121.08255,33.029373,-7.330558,-13.4345455,-6.45306,0.13663164,-11.476873,-12.997118,-5.5981445,-1.6930525,8.628155,5.141698
606,10.1,0.008598638,0.0,2936.4618047680315,892.5646631330835,1657.319418953991,3564.689787297868,0.01857034474584411,0.0727455930723943,13.751228996802553,-439.26315,97.5867,33.520744,-10.131739,-15.567669,-0.27837023,10.877967,5.8127193,-6.223631,-7.3289557,4.120642,10.232981,-1.6959807
607,10.116666666666667,0.004551063,0.0,3400.6133188469635,483.31809898180984,1676.9398051652915,3452.095419553308,0.01857034474584411,0.0727455930723943,13.751228996802553,-461.2343,77.77296,33.421227,-0.7141911,-6.3886223,5.400859,12.062335,5.1790733,-4.5254307,-4.9098244,1.3934808,1.5914112,-9.712824
608,10.133333333333333,0.0021190634,0.0,4718.1588449479395,502.97649687453213,1656.902421721764,3317.5933322049277,0.01857034474584411,0.0727455930723943,13.751228996802553,-483.52823,55.303177,30.36116,10.45736,5.3784075,8.954532,9.052718,1.9208357,-5.3721266,-5.469311,-0.32284716,1.545712,-4.1345444
609,10.15,0.0009338232,0.0,5994.519552851376,492.4885219489007,1659.7085129177453,2881.797129714248,0.01857034474584411,0.0727455930723943,13.751228996802553,-504.55252,32.186874,21.7187,13.380416,11.02921,11.621593,9.77109,4.1034427,-1.8061328,-4.318699,-4.09435,-4.744529,-7.815085
610,10.166666666666666,0.00041700643,0.0,7864.2977032871795,667.3621331886809,1711.0612841552002,3029.0041558870375,0.01857034474584411,0.0727455930723943,13.751228996802553,-516.22003,18.956387,15.120214,10.644485,6.7022877,3.3896947,0.35972795,-2.2494755,-3.7686474,-3.8541815,-3.1264944,-2.706071,-3.091609
611,10.183333333333334,0.00036059003,0.0,8671.527896531814,861.4992133988334,1684.0959468341623,3077.743852016382,0.01857034474584411,0.0727455930723943,13.751228996802553,-523.6009,9.3913145,7.697494,5.7334504,4.2858477,3.757189,3.9873455,4.400318,4.3738565,3.6092873,2.2951145,0.9874985,0.29170287
612,10.2,0.0003297273,0.0,8842.416869267754,747.8191650167795,1795.6163878981806,2979.0104343487924,0.01857034474584411,0.0727455930723943,13.751228996802553,-524.87756,8.051693,7.4924145,6.6948977,5.8020144,4.9281173,4.1296988,3.4100084,2.7489054,2.1355546,1.5832312,1.1190319,0.7591305
613,10.216666666666667,0.0002970013,0.0,8498.427343508964,962.1920802742883,1675.0250080713695,3091.6871988124153,0.01857034474584411,0.0727455930723943,13.751228996802553,-524.85913,8.170505,7.8544292,7.360403,6.7244015,5.9789467,5.1492076,4.2570014,3.328702,2.4002523,1.5146585,0.7125037,0.021086797
614,10.233333333333333,0.00030538067,0.0,8773.126484963781,1025.7316785322337,2121.612973746972,3203.7392837287503,0.01857034474584411,0.0727455930723943,13.751228996802553,-526.5016,5.8808537,5.674004,5.3881655,5.0772324,4.7689557,4.4540215,4.0984716,3.6718216,3.1733563,2.6404624,2.133546,1.7063328
615,10.25,0.00028795644,0.0,8795.522937676558,703.9466040254407,1822.0917817440147,2971.358523650359,0.01857034474584411,0.0727455930723943,13.751228996802553,-525.0177,7.9585276,7.674608,7.222762,6.632854,5.9426394,5.1942225,4.430197,3.6898618,3.0059237,2.4020028,1.8911741,1.4756835
616,10.266666666666667,0.0002531619,0.0,9170.127475861678,1152.1832539543475,2306.9102086317207,3242.474731875476,0.01857034474584411,0.0727455930723943,13.751228996802553,-529.25665,1.9788153,1.7509243,1.4247472,1.067042,0.7474568,0.5220362,0.4204067,0.43974218,0.54688305,0.68799186,0.80300593,0.84124196
617,10.283333333333333,0.00022198746,0.0,9511.796602452781,1212.558455886902,2169.5796739870793,3441.419562799634,0.01857034474584411,0.0727455930723943,13.751228996802553,-529.11017,2.2155595,2.0648649,1.8324552,1.544108,1.231485,0.92836404,0.6666199,0.4724372,0.36327034,0.3457148,0.41488793,0.5550359
618,10.3,0.00024353326,0.0,9585.929333453063,1170.3042164065685,2369.523054422188,3513.7069692855457,0.01857034474584411,0.0727455930723943,13.751228996802553,-529.42554,1.7517154,1.5564053,1.2740102,0.95116335,0.6276938,0.3290551,0.06928925,-0.1396959,-0.2804814,-0.33075076,-0.2730149,-0.10759875
619,10.316666666666666,0.0002579055,0.0,8948.075358962436,1083.8176564805528,2151.6591330578417,3260.386768595598,0.01857034474584411,0.0727455930723943,13.751228996802553,-525.8097,6.8039036,6.4431543,5.936518,5.37591,4.819927,4.275439,3.711698,3.096614,2.431491,1.7619271,1.1575671,0.67273253
620,10.333333333333334,0.00027426452,0.0,9378.206620748646,1276.0508765028194,2311.4355859972525,3503.882048680424,0.01857034474584411,0.0727455930723943,13.751228996802553,-526.5936,5.737157,5.473198,5.0482817,4.4838686,3.8080544,3.0536826,2.2563689,1.4522618,0.67601347,-0.041222982,-0.6732561,-1.2000659
621,10.35,0.00025189837,0.0,9439.379691463204,1248.4129390780447,2585.806754762036,3825.5612961030683,0.01857034474584411,0.0727455930723943,13.751228996802553,-526.6841,5.6411796,5.470678,5.1939626,4.8218613,4.368808,3.852216,3.2916481,2.7079468,2.122283,1.5552248,1.0258223,0.55079305
622,10.366666666666667,0.00027043952,0.0,9471.767741519823,788.0024974330494,2005.386135925858,3035.2955353047464,0.01857034474584411,0.0727455930723943,13.751228996802553,-528.1812,3.479478,3.1858506,2.7356217,2.1817632,1.587806,1.0192269,0.53481996,0.17933853,-0.021649849,-0.06402755,0.03561961,0.24343309
623,10.383333333333333,0.0003233888,0.0,7543.009595254821,1387.4312918388546,2392.7592667144972,3201.381446663763,0.01857034474584411,0.0727455930723943,13.751228996802553,-525.09564,6.470296,3.4519947,1.5838175,2.3273673,4.734771,6.2107553,5.0812416,2.2620249,0.09003015,0.1867268,2.0762696,3.576178
624,10.4,0.00032988773,0.0,8470.763889598007,1338.8165689336577,2320.4889238659416,3043.1200829317786,0.01857034474584411,0.0727455930723943,13.751228996802553,-527.72144,3.993804,3.4518752,2.9601028,2.7267396,2.6346228,2.3815334,1.8017699,1.0550996,0.4978904,0.35910618,0.53254443,0.684862
625,10.416666666666666,0.00024590173,0.0,9553.470833255247,1319.6001633942406,2267.7363359846954,3237.205145614718,0.01857034474584411,0.0727455930723943,13.751228996802553,-529.09033,2.1964352,1.940989,1.6245879,1.3245093,1.0543569,0.7804609,0.48135066,0.19190992,-0.011321701,-0.072686,-0.011248339,0.08395961
626,10.433333333333334,0.0002511756,0.0,9289.028345125847,1291.9946308422645,2066.934816114741,3438.772019567094,0.01857034474584411,0.0727455930723943,13.751228996802553,-527.84235,4.001183,3.8258555,3.5447807,3.1738672,2.7338552,2.2489495,1.7451977,1.2487845,0.7844213,0.3737079,0.033963308,-0.22277668
627,10.45,0.00025786995,0.0,8822.390158732589,1136.7111831434127,2161.721537578143,3379.4926215600335,0.01857034474584411,0.0727455930723943,13.751228996802553,-526.2335,6.2487116,5.990969,5.5745573,5.0184593,4.347854,3.5927396,2.786414,1.9637046,1.1592644,0.40572625,-0.26778394,-0.8370708
628,10.466666666666667,0.00024665546,0.0,9071.48209028367,712.8152440134475,1693.7215705468511,2820.111683282545,0.01857034474584411,0.0727455930723943,13.751228996802553,-528.064,3.6673412,3.4328809,3.0588467,2.569013,1.9941713,1.3698742,0.73388356,0.1235044,-0.42698193,-0.8885041,-1.239058,-1.4648778
629,10.483333333333333,0.00022982014,0.0,9184.835694172425,944.1939020595678,1974.0433304110077,3107.4409761915667,0.01857034474584411,0.0727455930723943,13.751228996802553,-527.7054,4.1919565,4.006773,3.705995,3.301066,2.8073044,2.2432475,1.6298616,0.98966515,0.34574956,-0.2791194,-0.8634863,-1.388011
630,10.5,0.00024865445,0.0,9601.94416482067,1117.154988023306,2201.8211022342193,3167.8786608764285,0.01857034474584411,0.0727455930723943,13.751228996802553,-528.00006,3.7976508,3.6797886,3.4899907,3.2376277,2.9347508,2.5951102,2.2331333,1.8628564,1.496975,1.1461444,0.81844133,0.5191728
631,10.516666666666667,0.00024822727,0.0,9655.612547946948,1095.0804997377797,2398.4045800625304,3251.023289966369,0.01857034474584411,0.0727455930723943,13.751228996802553,-527.4969,4.434863,4.109598,3.6189923,3.0171964,2.3480933,1.6375113,0.89995015,0.15373099,-0.56686443,-1.2118486,-1.7293327,-2.085092
632,10.533333333333333,0.0002600788,0.0,9580.223832237378,980.912464604032,2259.103892954717,3136.1256745092373,0.01857034474584411,0.0727455930723943,13.751228996802553,-527.9457,3.8178773,3.5370615,3.0985188,2.5423708,1.9172252,1.2741363,0.6605716,0.11538276,-0.33465323,-0.6763097,-0.9093994,-1.0446312
633,10.55,0.0002690581,0.0,9635.09785828156,1054.7239645515754,2265.0073441247437,3219.784121085688,0.01857034474584411,0.0727455930723943,13.751228996802553,-526.322,6.0961533,5.758975,5.2184362,4.505088,3.6586707,2.725315,1.7544327,0.7953784,-0.1057288,-0.9089313,-1.5826986,-2.1055832
634,10.566666666666666,0.00027109802,0.0,9314.929091877018,818.5428749107866,2011.3168186289108,3156.2594232431998,0.01857034474584411,0.0727455930723943,13.751228996802553,-525.4461,7.325102,6.9686613,6.4254236,5.7546854,5.012906,4.240757,3.4591327,2.6746674,1.8913612,1.122184,0.39490694,-0.25052834
635,10.583333333333334,0.00025854344,0.0,9844.852737323487,780.1172008384117,1783.3075379746329,3006.2590137376974,0.01857034474584411,0.0727455930723943,13.751228996802553,-528.2048,3.5142195,3.4143214,3.2544825,3.044188,2.7957041,2.5232177,2.2417665,1.9661665,1.7099748,1.4844685,1.2979431,1.1551452
636,10.6,0.00025164944,0.0,9701.30026025764,891.1554461673303,1982.225683097355,3125.7783695783546,0.01857034474584411,0.0727455930723943,13.751228996802553,-527.74164,4.081664,3.740755,3.2443423,2.6776137,2.1237848,1.6448293,1.2724409,1.0105543,0.8459204,0.76010466,0.73697734,0.7625753
637,10.616666666666667,0.00026560517,0.0,9880.927555858752,973.1550764901971,2172.1496335273496,3405.751754772185,0.01857034474584411,0.0727455930723943,13.751228996802553,-526.6895,5.6144047,5.3889675,5.028534,4.554775,3.9956396,3.3831975,2.7512197,2.1326802,1.557394,1.0500212,0.6285143,0.30322656
638,10.633333333333333,0.0002929938,0.0,10131.508636843715,650.596611595934,1666.2400943806335,3263.208151835804,0.01857034474584411,0.0727455930723943,13.751228996802553,-526.88007,5.319013,5.021385,4.5580535,3.9735649,3.321894,2.6596198,2.038939,1.5016866,1.0750475,0.7696578,0.58011895,0.48790836
639,10.65,0.00029526785,0.0,9501.550276194066,681.3034835166262,1949.5754727429867,3178.933813425428,0.01857034474584411,0.0727455930723943,13.751228996802553,-524.29175,8.867381,8.242088,7.26001,6.004654,4.580547,3.1026583,1.6851437,0.4306519,-0.5787134,-1.2876489,-1.6710505,-1.7339957
640,10.666666666666666,0.0005807837,0.0,9989.206631649682,1064.5900364260622,2129.413895483342,3288.572229269314,0.01857034474584411,0.0727455930723943,13.751228996802553,-527.9076,3.8488283,3.504524,2.9760954,2.32343,1.6156266,0.91992307,0.29174742,-0.23215896,-0.63642824,-0.92528594,-1.1170319,-1.2363325
641,10.683333333333334,0.0006503732,0.0,6426.1367143041725,575.8739642521762,2135.1921075706464,3528.83217726351,0.01857034474584411,0.0727455930723943,13.751228996802553,-500.7811,34.93281,25.856571,20.900318,8.768969,-5.0294657,-7.1346006,-8.914414,-15.000969,-12.983968,-7.1338444,-9.143997,-9.116707
642,10.7,0.0006845777,0.0,7113.699904418596,591.2972823837899,2188.8710533428334,3556.062096329742,0.01857034474584411,0.0727455930723943,13.751228996802553,-514.4777,21.553463,18.46712,14.600049,9.522047,4.149065,-0.29841036,-4.1890244,-7.2085447,-8.3875265,-8.51057,-8.148998,-6.3366985
643,10.716666666666667,0.00044466803,0.0,8151.429518482413,839.4070709247186,2122.034998819982,3525.1593591775145,0.01857034474584411,0.0727455930723943,13.751228996802553,-519.0586,15.990364,14.568666,12.376813,9.655417,6.6937714,3.791165,1.2181693,-0.81639576,-2.1881251,-2.8664994,-2.9103415,-2.450825
644,10.733333333333333,0.00040225976,0.0,8153.480807838934,857.8344223113621,2058.6485501411235,3581.0655539850745,0.01857034474584411,0.0727455930723943,13.751228996802553,-520.55585,13.742466,12.15167,10.086023,7.72786,4.9948483,2.0470426,-0.5501,-2.2998888,-3.222811,-3.6422563,-3.6420767,-3.0018914
645,10.75,0.00037343497,0.0,8494.712120144966,538.9831932087332,2016.2681067559504,3289.8292694021343,0.01857034474584411,0.0727455930723943,13.751228996802553,-523.9958,9.050839,7.8832083,6.3318253,4.540089,2.450683,0.12162493,-2.0983887,-3.8073978,-4.8944216,-5.530984,-5.8358803,-5.687159
646,10.766666666666667,0.00037838868,0.0,8308.944583310744,907.9668834054692,2015.6795169761806,3302.7986803063927,0.01857034474584411,0.0727455930723943,13.751228996802553,-520.45996,12.234216,7.9067497,5.4830117,5.085334,3.4571886,-0.70247984,-4.542326,-5.181374,-3.907486,-4.1767774,-6.4105306,-7.323643
647,10.783333333333333,0.00038759055,0.0,7554.810511970854,1106.7524589462396,2087.431336625951,3245.3279393310722,0.01857034474584411,0.0727455930723943,13.751228996802553,-518.73206,13.933346,8.009087,4.4910116,4.3309355,3.732121,0.00844416,-4.622306,-6.201611,-4.2831554,-2.0871477,-1.9605188,-2.7273455
648,10.8,0.00038009085,0.0,8088.164483708122,748.5743949004196,2138.23424870207,3304.633855522729,0.01857034474584411,0.0727455930723943,13.751228996802553,-520.46246,13.713891,11.766403,9.418694,7.039277,4.4940915,1.7434679,-0.7390727,-2.320983,-2.8554873,-2.7553904,-2.4341707,-1.8948435
649,10.816666666666666,0.00035701785,0.0,8663.813407833055,709.7386041911345,2087.4657458166316,3137.6452616657516,0.01857034474584411,0.0727455930723943,13.751228996802553,-523.4242,9.909065,8.80501,7.21488,5.3625197,3.449992,1.7068208,0.3821001,-0.3650564,-0.5553334,-0.34557796,0.0885064,0.5971267
650,10.833333333333334,0.0003189185,0.0,9277.172204176437,693.0704739137864,1952.5677608210074,2798.8766212001806,0.01857034474584411,0.0727455930723943,13.751228996802553,-524.3913,8.688043,7.9659557,6.8801975,5.5823345,4.240291,3.0061197,1.9886274,1.23667,0.73639995,0.4225482,0.20047493,-0.026461476
651,10.85,0.0003163135,0.0,9252.2919613681,729.9119042506388,2065.6566762807734,3127.1811474368965,0.01857034474584411,0.0727455930723943,13.751228996802553,-524.5586,8.367878,7.4062767,5.95784,4.227292,2.4527984,0.8677381,-0.33585393,-1.0360225,-1.1970816,-0.87077296,-0.18269815,0.6932224
652,10.866666666666667,0.00031281888,0.0,8851.190389715322,781.4424864929355,1678.5995846054498,2490.1523783380094,0.01857034474584411,0.0727455930723943,13.751228996802553,-523.27356,10.165052,9.14212,7.5890484,5.7079897,3.7354403,1.90557,0.41509125,-0.6044811,-1.1028148,-1.1127506,-0.7386383,-0.13364397
653,10.883333333333333,0.00034504794,0.0,9153.649741816589,865.2390956167709,1923.1982166589728,2785.464413615461,0.01857034474584411,0.0727455930723943,13.751228996802553,-524.9131,7.8200593,6.768931,5.3036213,3.73147,2.3064923,1.1707873,0.36501074,-0.11488417,-0.26327413,-0.054365188,0.51717496,1.3767409
654,10.9,0.00036199566,0.0,9114.79357542,1196.482256441536,2357.768802551862,3007.7127866712526,0.01857034474584411,0.0727455930723943,13.751228996802553,-522.7208,11.039568,10.452129,9.408471,8.16436,6.6500854,5.125819,3.556964,2.1554272,0.89425755,-0.10055217,-0.8585414,-1.3502269
655,10.916666666666666,0.00039090842,0.0,9898.038484447945,713.9455042786475,1789.8497171267832,3078.052250993481,0.01857034474584411,0.0727455930723943,13.751228996802553,-523.3826,9.717983,8.572788,6.9468775,5.799126,4.7352777,4.0732613,3.2820067,2.6964126,2.052272,1.604471,1.2794428,1.3136252
656,10.933333333333334,0.00036701575,0.0,9919.226271209067,663.8615265580173,1725.1249203089906,2810.521988115507,0.01857034474584411,0.0727455930723943,13.751228996802553,-525.4423,6.754965,6.140177,4.9490633,4.543005,3.6233454,2.946003,1.8011248,1.4557447,1.5366102,2.2674198,2.781168,3.0422173
657,10.95,0.00031886017,0.0,9491.747501283866,729.9526204298993,1674.9709814225766,2912.0945588554932,0.01857034474584411,0.0727455930723943,13.751228996802553,-525.8631,6.3823533,5.3183627,4.3791447,3.8805633,3.4832664,2.6791809,1.4449103,0.31274503,-0.20198026,-0.14046738,0.008276604,-0.09103271
658,10.966666666666667,0.00029611387,0.0,9779.327956344476,756.0495574097179,1698.549112211154,3129.084761156751,0.01857034474584411,0.0727455930723943,13.751228996802553,-528.175,3.4091904,2.9053998,2.1838484,1.3789568,0.61151737,-0.04424107,-0.5711285,-0.9942955,-1.3500693,-1.6537218,-1.8817813,-1.9774268
659,10.983333333333333,0.00029867602,0.0,9475.475244600306,660.6593720268153,1698.283524624381,2870.24625044885,0.01857034474584411,0.0727455930723943,13.751228996802553,-523.66394,9.654498,8.757192,7.4124393,5.8072844,4.1385098,2.5732021,1.224066,0.1447311,-0.6572017,-1.197674,-1.495176,-1.5600587
660,11.0,0.000297923,0.0,9794.044423369021,851.5023340955676,1864.1415846795137,2878.8389831652253,0.01857034474584411,0.0727455930723943,13.751228996802553,-527.7006,4.146294,3.816174,3.3128054,2.6995416,2.0523152,1.4491183,0.95934784,0.63446945,0.5014412,0.55956507,0.78148276,1.1177537
661,11.016666666666667,0.00028703982,0.0,10060.949634994875,926.8129262260084,1723.7050139904793,2909.230922198343,0.01857034474584411,0.0727455930723943,13.751228996802553,-527.42804,4.5417686,4.2452264,3.8048677,3.2838664,2.7444267,2.2371078,1.7987237,1.4561129,1.2299182,1.1333241,1.1653469,1.3030136
662,11.033333333333333,0.00028929135,0.0,10404.997982550563,732.6755617430402,1763.6368278833363,2686.0985503530983,0.01857034474584411,0.0727455930723943,13.751228996802553,-527.6044,4.209541,3.93685,3.3554564,2.7925894,2.082373,1.5281236,0.9911835,0.6879547,0.4845547,0.47632515,0.542424,0.66587436
663,11.05,0.00026592347,0.0,10096.864320658411,780.1580305190176,1819.0813885881225,3005.360689570727,0.01857034474584411,0.0727455930723943,13.751228996802553,-527.97034,3.8219295,3.650933,3.3733933,3.0001602,2.5457408,2.027691,1.4658343,0.88141584,0.29620925,-0.26845154,-0.79251397,-1.2580769
664,11.066666666666666,0.00028929472,0.0,9589.765999690986,945.7754271675357,2016.1566175489372,3236.054635322133,0.01857034474584411,0.0727455930723943,13.751228996802553,-527.675,4.2242804,4.0245166,3.7489104,3.459558,3.2059584,3.0071826,2.8473816,2.6860645,2.4784322,2.19672,1.8435206,1.4514978
665,11.083333333333334,0.0013535994,0.0,9142.945311096075,942.6644529496518,1916.3830467635803,3315.365914738933,0.01857034474584411,0.0727455930723943,13.751228996802553,-522.45416,11.10231,9.563639,7.567089,5.7007103,4.3877544,3.7223272,3.4655094,3.199115,2.5596812,1.4376675,0.04557264,-1.1777537
666,11.1,0.012121485,0.0,5135.197728735796,864.123165133059,1439.2045967018564,3460.4840025762383,0.01857034474584411,0.0727455930723943,13.751228996802553,-453.3871,82.73251,46.41314,17.335197,-12.214222,-34.366875,-17.414421,-0.2548322,0.1891473,0.45762753,1.3911533,-11.527242,-16.890972
667,11.116666666666667,0.06763295,252.8507015643893,2154.650042852668,507.39721285298685,1044.5182497854673,3325.9030262842975,0.01857034474584411,0.0727455930723943,13.751228996802553,-358.64188,150.75726,85.231,16.28253,-22.187046,-48.074833,-21.112913,21.076189,1.8719163,-7.3780966,-13.884581,-3.4152868,-12.335822
668,11.133333333333333,0.12973008,248.62441021556845,2508.5902529328473,428.1181942237332,1036.7435494586518,2403.6828432843577,0.01857034474584411,0.0727455930723943,13.751228996802553,-255.61899,159.15602,66.864876,-0.028881729,-12.804543,-40.60181,-24.623972,34.36413,-8.278002,-6.040621,-27.192398,8.103792,-8.681574
669,11.15,0.1882518,245.15219313292778,2841.4722847909284,292.9164337577666,1164.753974571007,2677.19330521584,0.01857034474584411,0.0727455930723943,13.751228996802553,-251.50333,135.31717,55.709717,1.1178949,-9.092346,-16.120295,-12.656971,32.745262,-9.151887,-15.12517,-24.559618,7.19376,-7.8769093
670,11.166666666666666,0.23219801,246.84361072026468,3646.0452275653306,271.346531434269,1519.5913159641805,2644.7895124356037,0.01857034474584411,0.0727455930723943,13.751228996802553,-239.32616,102.14232,35.966305,14.723797,16.296227,17.978783,-6.3228607,6.9383945,-20.115944,-10.560084,-17.319502,12.307662,-25.65736
671,11.183333333333334,0.27753574,251.0287391170287,3546.99972358139,271.27854853929387,1815.464922727394,2589.7087788482,0.01857034474584411,0.0727455930723943,13.751228996802553,-219.31445,95.42157,21.562199,23.940166,21.855722,22.593498,-18.713442,-10.204279,-9.549227,8.741696,-17.757025,-6.3752456,-38.461876
672,11.2,0.32615024,254.62827430378027,2869.6670490186525,263.3163674719911,2550.9734301526187,2623.215442975889,0.01857034474584411,0.0727455930723943,13.751228996802553,-236.12938,78.56224,12.631898,50.22115,38.377716,17.200003,-29.70462,-14.527841,1.2408187,11.668889,-22.74052,-14.844624,-28.105028
673,11.216666666666667,0.3450449,258.9431638822027,2738.1275549315997,263.78520208073655,2585.361240897104,2859.1146008517353,0.01857034474584411,0.0727455930723943,13.751228996802553,-226.81035,72.92348,1.1294104,56.659554,40.643505,12.777522,-33.119408,-11.587288,2.476642,4.291316,-23.325365,-11.625015,-27.136246
674,11.233333333333333,0.31653947,265.36178586040126,3016.0893677567983,278.34403876499107,2577.1512216748147,2815.2022107200987,0.01857034474584411,0.0727455930723943,13.751228996802553,-223.72382,58.91087,-10.766251,75.10765,44.990967,5.196862,-43.314167,-18.472061,5.0747833,4.540644,-24.107351,-15.545087,-30.302467
675,11.25,0.26414734,272.81570122506554,3525.8704584661396,318.0704498569207,2513.567278331136,3251.952938385887,0.01857034474584411,0.0727455930723943,13.751228996802553,-209.51767,65.59597,-8.327765,67.83679,42.421272,-0.58248734,-45.52617,-16.965202,5.8109026,7.3571606,-27.097658,-21.203747,-42.052402
676,11.266666666666667,0.22351284,277.93675640668135,4471.263210995208,384.2376299008879,2332.3554308689245,3249.9490820703127,0.01857034474584411,0.0727455930723943,13.751228996802553,-195.69258,57.53305,-8.236834,52.175743,37.75073,-0.3688752,-50.155937,-20.866636,-4.2023144,13.820117,-23.97245,-10.181915,-42.121986
677,11.283333333333333,0.21088924,283.2473212492797,4838.886240137852,439.93344990751285,1647.2634010153258,2538.334031863671,0.01857034474584411,0.0727455930723943,13.751228996802553,-189.50502,65.394455,-14.525047,24.329788,37.87325,1.8820133,-52.613655,-16.498812,-9.264788,13.154779,-15.891764,-10.326309,-42.739166
678,11.3,0.22165978,285.8926527024194,3534.832010450963,384.1174493740676,2403.8923470439486,2564.4889914256523,0.01857034474584411,0.0727455930723943,13.751228996802553,-199.28993,99.11551,-0.8211509,21.184486,37.790962,3.156105,-60.747124,-24.065441,-13.720441,1.4925852,-15.231508,-19.61895,-46.978096
679,11.316666666666666,0.24692954,290.1022692548038,2108.472900615467,319.3389192955369,2093.7399348986996,2576.4382353024425,0.01857034474584411,0.0727455930723943,13.751228996802553,-232.7373,120.539215,-3.9640455,34.57027,47.872955,-8.47481,-41.129578,-13.103737,-15.932943,3.33676,-10.487392,-15.725616,-41.92148
680,11.333333333333334,0.26485366,291.3528011393457,1988.8345308518365,315.3702838325927,2150.468974188538,2532.3787523755564,0.01857034474584411,0.0727455930723943,13.751228996802553,-269.54663,103.40735,1.8305557,33.996155,41.413246,0.30731785,-27.320225,-9.614915,-10.034008,5.827924,-5.9886713,-21.249065,-46.988346
681,11.35,0.24533512,289.79128854292685,1625.2894165025791,321.5991068405453,2157.6079947030066,3152.204921851498,0.01857034474584411,0.0727455930723943,13.751228996802553,-305.14667,106.95613,18.94035,45.68089,34.169098,-5.7319555,-27.643408,-15.761305,-2.882715,14.462652,-4.475285,-23.036282,-43.76479
682,11.366666666666667,0.20062281,285.56474968420895,1652.5809795227033,294.7080457503963,2284.293463108488,2919.9328998435003,0.01857034474584411,0.0727455930723943,13.751228996802553,-315.24106,98.76216,20.7174,63.93123,24.431425,-9.105101,-11.913078,-26.340778,-11.404094,12.805847,-19.645035,-26.620096,-35.861187
683,11.383333333333333,0.14021899,274.74715199325107,3074.7991826432285,285.58158580932553,2152.405870047749,2628.1620633031584,0.01857034474584411,0.0727455930723943,13.751228996802553,-275.7903,79.63441,16.42846,100.376495,13.688237,-0.06759906,-8.309586,-24.468304,-10.587357,13.655306,-17.439287,-27.568167,-35.25027
684,11.4,0.18695334,297.1082825785297,3612.9658934773515,289.1953639970175,2342.6387555498914,3368.001250232643,0.01857034474584411,0.0727455930723943,13.751228996802553,-230.6515,79.6582,-4.461095,93.056305,10.18871,6.97348,-10.562999,-20.891455,-11.865391,5.641597,-16.46558,-27.145832,-27.255072
685,11.416666666666666,0.23970047,305.10419447508167,1561.6683553290397,323.17864887524155,1759.9670582069145,2605.102783195116,0.01857034474584411,0.0727455930723943,13.751228996802553,-232.39436,131.6511,4.7931075,46.287834,16.11847,8.480926,-16.71295,-26.776571,-15.7593975,-7.577752,-20.653057,-11.158703,-23.656284
686,11.433333333333334,0.28611803,295.45852938782895,1522.1732831444888,321.2671320627892,1614.1906921589764,2630.9845110766587,0.01857034474584411,0.0727455930723943,13.751228996802553,-263.1311,133.14581,1.8813161,18.960987,15.105906,16.520979,-9.865434,-15.498863,-20.193882,-27.724848,-18.886402,-8.587331,-22.352459
687,11.45,0.27325562,296.07257293595916,1234.3486842165996,310.50624678057875,1662.2654358329587,2658.976877668467,0.01857034474584411,0.0727455930723943,13.751228996802553,-282.99304,138.254,6.1854897,16.427612,7.660865,12.947296,0.78244734,-3.2376122,-20.98339,-34.32605,-14.49248,4.103485,-16.16541
688,11.466666666666667,0.26112738,294.3142989784023,1188.1213903271587,310.49571813144047,1768.125050903218,2923.4627053760387,0.01857034474584411,0.0727455930723943,13.751228996802553,-304.6335,131.88486,10.415264,20.568357,18.68832,15.070833,-3.5373025,-8.517458,-23.97679,-27.721851,-3.3068824,9.435185,-18.328016
689,11.483333333333333,0.19553606,284.2292751704113,1886.3976298590972,307.9222587747683,1682.3271915836779,2759.459594614453,0.01857034474584411,0.0727455930723943,13.751228996802553,-260.84946,120.86159,6.284234,45.39009,15.540675,9.4318695,-10.857847,-20.544876,-26.916466,-8.031599,-16.033113,3.8844478,-14.791092
690,11.5,0.117583975,281.68589908439515,6241.58226675743,337.541092862706,1932.6081940231,3194.0050748177177,0.01857034474584411,0.0727455930723943,13.751228996802553,-186.5132,57.410088,11.67377,62.661774,-1.1455209,19.805302,-3.3639035,-8.180458,-50.81341,1.0801156,-13.905817,7.940492,-20.136044
691,11.516666666666667,0.06288173,0.0,8714.41820201731,323.65542124627905,2039.1456321213266,3642.358599296677,0.01857034474584411,0.0727455930723943,13.751228996802553,-197.53792,-5.7344723,8.998142,80.08735,-12.676678,12.578919,-6.7917547,5.5701904,-49.58922,25.205584,-4.6312556,-1.6624234,-20.131779
692,11.533333333333333,0.07415338,0.0,9375.678804449502,261.04214651302436,2155.8078689710974,3548.51830104874,0.01857034474584411,0.0727455930723943,13.751228996802553,-186.27689,-32.41803,-0.89924014,81.14249,-18.91072,19.863773,-17.514322,-1.3232603,-42.270214,27.475147,-12.241156,-6.702405,-24.867577
693,11.55,0.080739945,0.0,9357.60698542914,397.8387122437372,2400.603996820765,3595.8045576011623,0.01857034474584411,0.0727455930723943,13.751228996802553,-174.5179,-37.48077,-13.367257,71.14104,-25.166946,19.453003,-19.091328,-7.925131,-40.433617,32.009888,-13.390092,-6.0813065,-15.666603
694,11.566666666666666,0.070224136,0.0,8570.840183265122,1809.0237434411567,2967.4223681680987,4197.246161929837,0.01857034474584411,0.0727455930723943,13.751228996802553,-169.84198,-13.818905,-18.7957,68.80023,-20.21925,15.576017,-17.43778,-17.617086,-50.88143,26.418156,-14.911292,-12.400998,-20.769127
695,11.583333333333334,0.16865726,307.4486034152768,4605.329725127685,306.51360280967225,2027.1977028532951,2635.5662041978458,0.01857034474584411,0.0727455930723943,13.751228996802553,-201.2349,68.3671,1.1858805,51.679768,7.908462,17.921097,-21.44334,-25.7254,-41.39875,21.465256,-9.489979,-26.815966,-37.846382
696,11.6,0.21697894,303.4361639024575,3444.680122342624,341.22247906583306,2081.4195101112427,2560.2278037312494,0.01857034474584411,0.0727455930723943,13.751228996802553,-167.47432,92.07172,-8.993121,46.006744,27.265785,13.312321,-36.665688,-26.536514,-32.465706,8.374937,-5.372114,-18.991882,-44.786583
697,11.616666666666667,0.20333195,294.8289802348986,3575.1738317258523,356.216991796171,2128.530123401252,2562.098343864766,0.01857034474584411,0.0727455930723943,13.751228996802553,-179.44586,85.52547,-17.324703,45.54991,26.403088,13.296692,-28.98608,-22.266441,-22.694283,7.889555,-5.1476054,-18.537476,-38.86033
698,11.633333333333333,0.12724838,290.6648835342087,2958.328095296549,330.8432524331798,2112.1233260935896,2723.926889689878,0.01857034474584411,0.0727455930723943,13.751228996802553,-254.81367,101.96765,0.9676345,42.480877,22.4673,10.010216,-16.251213,-23.016495,-18.745945,4.8168592,-18.854961,-24.248508,-25.124172
699,11.65,0.03914721,281.566303220796,3846.2866045767305,346.4952327174255,2062.7288252135036,2819.0462550364678,0.01857034474584411,0.0727455930723943,13.751228996802553,-356.2829,83.77333,7.9300365,28.669647,26.637524,10.241236,-5.306345,-18.213,-26.200897,4.2055306,-12.337758,-22.573433,-15.803066
700,11.666666666666666,0.017229287,291.2597967642743,3916.0467228979237,318.6828124732835,2152.1190100816434,2844.1585164305848,0.01857034474584411,0.0727455930723943,13.751228996802553,-398.8915,80.5662,10.912466,27.76696,37.885323,15.200711,1.7896132,-15.472332,-14.617742,7.7491283,-12.330693,-22.381466,-13.826775
701,11.683333333333334,0.010309244,0.0,4354.801582990534,341.00000361125194,2143.921831332316,2865.5918508184927,0.01857034474584411,0.0727455930723943,13.751228996802553,-437.72058,76.282455,20.7229,28.870052,34.00605,12.440596,-3.888574,-19.553131,-8.84114,9.781632,-5.715233,-25.881407,-20.417656
702,11.7,0.0036390238,0.0,5383.58739766142,377.0994809643311,2133.8381636037843,2875.422709116354,0.01857034474584411,0.0727455930723943,13.751228996802553,-469.3574,60.154922,25.792675,23.863781,28.81786,16.279675,-6.1390934,-18.492624,-7.2129316,2.5204484,-9.159851,-18.848175,-12.995357
703,11.716666666666667,0.0325627,0.0,6635.100744734491,448.70230588240304,2038.548469674021,2783.263072849789,0.01857034474584411,0.0727455930723943,13.751228996802553,-318.01828,80.07424,-14.309189,-12.649855,11.316224,-1.6224025,11.092745,-33.946434,-44.84601,11.715773,-23.94361,-9.245195,-30.552567
704,11.733333333333333,0.05654591,0.0,6596.587732173153,489.99596765593833,1909.1040884134618,2479.4298164024926,0.01857034474584411,0.0727455930723943,13.751228996802553,-173.83052,77.29094,-25.855423,-8.175182,1.6930696,18.197634,7.995126,-22.774246,-48.910713,13.151127,-29.579304,-10.729956,-36.949345
705,11.75,0.1274959,280.85520174719943,3684.0617818688297,418.38275488170154,1890.7660876505115,2796.584212368295,0.01857034474584411,0.0727455930723943,13.751228996802553,-191.13194,122.07394,7.7850733,4.221486,11.035929,3.124901,-24.825897,-10.485482,-43.653244,3.7310076,-8.533136,-1.1802821,-23.188766
706,11.766666666666667,0.16701417,277.87884487341216,3412.3723484375487,577.6577307244247,1645.7039649671822,2672.9410742625782,0.01857034474584411,0.0727455930723943,13.751228996802553,-161.45563,117.5941,-5.2411327,0.52409077,9.437556,2.10823,-26.374205,3.312073,-44.97506,-0.4906826,-11.255242,7.290217,-22.322327
707,11.783333333333333,0.17583847,273.5058373786417,3762.7865698753494,588.069253722373,1602.4726690513232,2518.9538776040954,0.01857034474584411,0.0727455930723943,13.751228996802553,-162.55951,108.71915,-13.023378,-8.535336,-4.912224,-0.6675161,-28.497345,14.81185,-36.739933,1.2607981,-4.6077704,10.514127,-28.226212
708,11.8,0.17161378,271.04000450770155,3514.2251739923513,517.1666067803559,1639.4823262160132,2420.7032689554585,0.01857034474584411,0.0727455930723943,13.751228996802553,-187.26935,99.92572,-11.446592,0.91997015,-1.8106939,6.2111053,-21.309193,14.772386,-42.528267,-7.7519717,-0.32852507,6.342119,-28.771935
709,11.816666666666666,0.17635635,270.0925189613074,2697.976446144001,438.36107516145205,1728.7525193812187,2279.44223877587,0.01857034474584411,0.0727455930723943,13.751228996802553,-225.01537,104.17609,-6.7652016,4.3100624,1.7202142,9.335566,-10.110582,10.895925,-37.88224,-12.969854,0.58624524,4.3186927,-27.42732
710,11.833333333333334,0.1833206,267.5391464229758,2234.417288463821,378.9084401951387,1876.6725570914357,3384.616508376026,0.01857034474584411,0.0727455930723943,13.751228996802553,-264.69434,120.043884,12.41492,6.1787043,17.155157,10.239096,-7.478919,8.007523,-32.774685,-9.788355,-0.40711406,1.4298512,-30.563808
711,11.85,0.193144,268.1386811371804,1542.7621567040724,278.2915372242563,1855.0943828484073,2708.5924297496977,0.01857034474584411,0.0727455930723943,13.751228996802553,-310.26685,130.7332,14.545261,-1.2859944,35.69911,18.339466,0.11231077,8.167076,-29.115204,-1.8904867,-1.7376643,-6.446506,-31.698545
712,11.866666666666667,0.1893683,271.0240090251869,1486.1095661334007,275.7386192620947,1762.683621781041,2598.277689366869,0.01857034474584411,0.0727455930723943,13.751228996802553,-332.955,125.0921,20.892082,4.649586,41.839302,23.592194,1.8416767,7.323239,-29.337543,4.0923977,8.880676,6.371372,-32.48609
713,11.883333333333333,0.15702006,266.34388672359506,1358.501853078551,272.50170562758177,1735.803485032617,2754.9706190983393,0.01857034474584411,0.0727455930723943,13.751228996802553,-363.21405,128.52734,37.734184,4.344749,28.931538,15.792166,5.7106867,2.8181155,-33.443718,-5.2160892,1.2972196,-0.5864044,-35.278526
714,11.9,0.104706004,257.5353075179101,1391.552184252189,260.78396092952653,1812.8236323011736,3094.137045474827,0.01857034474584411,0.0727455930723943,13.751228996802553,-386.3771,121.382904,46.470634,23.833496,33.744896,15.9354,6.357971,-5.497633,-30.106138,-3.3116474,6.8864145,-0.52826107,-31.452003
715,11.916666666666666,0.060348738,262.7146980656434,4357.493584027046,331.8403991290095,1850.1047671076294,3046.8007766144447,0.01857034474584411,0.0727455930723943,13.751228996802553,-327.73703,100.82353,17.650782,33.63698,3.5768654,1.1861753,27.58641,-30.051876,-24.717514,11.756269,0.70815086,5.0764303,-24.172749
716,11.933333333333334,0.036206022,268.8160464572578,6803.293773907355,574.0298670706411,1860.8217387015104,2751.748077723248,0.01857034474584411,0.0727455930723943,13.751228996802553,-198.95776,74.168304,6.485791,36.524567,-21.069534,4.7066355,9.144055,-31.23504,-33.22418,16.807425,-4.4417996,10.245803,-32.307106
717,11.95,0.11689948,274.93648201494744,3674.338236862393,335.5924859142526,1808.6725909451097,3036.1925308737946,0.01857034474584411,0.0727455930723943,13.751228996802553,-249.31445,102.0037,30.351734,38.796623,-3.3745441,5.0011673,2.9535136,-11.905026,-28.105537,3.142554,-14.521168,-2.4301453,-28.94286
718,11.966666666666667,0.17173009,275.03042196120583,2439.5642540530757,392.55629002250384,1375.7279575674131,2171.6934514566374,0.01857034474584411,0.0727455930723943,13.751228996802553,-231.54208,121.35179,27.437763,21.637184,4.2868595,2.4618769,-19.674603,4.1288877,-32.988075,-15.455563,-6.535766,-6.8576574,-27.48286
719,11.983333333333333,0.19159684,272.3509512657017,2541.015686875432,494.13713505000044,1619.7746117881084,1804.399133828441,0.01857034474584411,0.0727455930723943,13.751228996802553,-223.14659,111.70691,12.85869,20.941235,-3.986507,-1.8509879,-23.29985,12.734056,-31.435463,-23.333822,0.35181105,3.8054597,-24.622383
720,12.0,0.19497626,269.5971559091855,2675.686533390085,505.1460564166139,1484.3804097216378,2394.121017341123,0.01857034474584411,0.0727455930723943,13.751228996802553,-213.36783,109.75703,0.60674405,14.42857,0.85055846,2.2438047,-26.404146,8.363325,-34.44835,-24.162489,-2.2458582,6.0968504,-19.266815
721,12.016666666666667,0.1954053,266.85374347254174,2779.313498114867,491.43196048443883,1528.5734834812376,2617.5306125887196,0.01857034474584411,0.0727455930723943,13.751228996802553,-206.34648,108.19385,-1.1520872,17.498266,8.769678,8.013888,-30.715662,11.563691,-28.321526,-19.954136,0.19288737,9.159998,-19.312563
722,12.033333333333333,0.20741493,264.5618588872232,2717.0967531230394,470.3850294238778,1582.747899827856,2695.2350049077377,0.01857034474584411,0.0727455930723943,13.751228996802553,-212.6289,104.657425,-9.344643,15.510082,19.23213,6.312308,-33.72209,3.9575222,-28.265545,-14.014483,0.12031782,2.6833549,-29.312756
723,12.05,0.21176523,262.83645840197573,2734.3067371142147,466.7234477879554,2375.669574288136,3548.609478412183,0.01857034474584411,0.0727455930723943,13.751228996802553,-202.86841,100.90721,-18.618378,21.058765,23.481014,4.260248,-42.256927,-9.400431,-31.503462,-5.136442,2.8172994,-1.7058048,-32.4805
724,12.066666666666666,0.20567766,260.50882039628976,3044.38742979418,409.965509977325,2130.678823408041,2753.9763120260545,0.01857034474584411,0.0727455930723943,13.751228996802553,-208.36218,95.99132,-17.449276,12.575396,27.50851,1.3782842,-49.00338,-16.04603,-45.607822,-0.9283667,4.5458055,-0.26505446,-40.544025
725,12.083333333333334,0.21095999,257.3908325063869,2338.959545380564,337.25376166468,1911.5009563198594,2665.0393588263464,0.01857034474584411,0.0727455930723943,13.751228996802553,-232.63728,121.70607,5.9489727,17.588844,41.734314,8.796022,-43.593365,-2.7205427,-35.542213,-19.182365,-1.0510427,-3.3421438,-42.105034
726,12.1,0.21581191,253.84630011163853,1776.751010542657,271.34389654645366,1713.657016946278,2914.1174074955625,0.01857034474584411,0.0727455930723943,13.751228996802553,-281.47153,120.66821,3.768096,33.947857,56.39081,1.0376287,-30.938866,-3.151478,-24.330929,-29.268084,-6.761469,16.892206,-21.950497
727,12.116666666666667,0.21884374,250.73588155208063,1833.8493813724906,284.5761393582601,1685.3617321119127,2947.722402219482,0.01857034474584411,0.0727455930723943,13.751228996802553,-259.22275,128.92473,11.055846,36.088203,46.74823,3.3166196,-36.060738,-0.087860264,-20.277721,-19.69072,3.8580227,13.445248,-26.307087
728,12.133333333333333,0.21782865,248.61620070730487,3000.8969662666277,338.3397434595214,1746.0143256744657,3074.7295738174225,0.01857034474584411,0.0727455930723943,13.751228996802553,-217.60641,106.810486,6.060445,26.489426,33.155334,5.1272597,-39.455185,7.6942854,-28.426775,-1.7647469,8.515423,10.62154,-26.951977
729,12.15,0.21783051,244.91791240766014,3461.5358573199346,335.8398876216755,1778.2981522079529,3004.2153907911397,0.01857034474584411,0.0727455930723943,13.751228996802553,-212.46237,88.160645,1.0596051,25.340252,26.972912,13.946581,-34.398903,3.2882032,-28.667595,4.7206473,-1.6801825,12.199589,-26.82994
730,12.166666666666666,0.20920211,239.51552800638459,3270.9000469653483,302.8576118325732,1857.6960187341265,2980.987705712789,0.01857034474584411,0.0727455930723943,13.751228996802553,-224.60411,88.14224,8.896142,31.807102,32.786205,27.184143,-26.933767,0.6404747,-32.1131,3.0560994,0.6356275,14.887729,-21.7801
731,12.183333333333334,0.18977652,230.53894451281596,3003.652250617594,265.5610900649722,1874.581165984808,2992.250809835265,0.01857034474584411,0.0727455930723943,13.751228996802553,-249.26343,106.74364,32.595757,26.861343,36.269295,27.387005,-19.140244,-4.7560153,-30.00608,-1.967104,-0.6319008,17.119537,-28.050287
732,12.2,0.18904148,228.61104020334463,1691.7938560114176,238.51816305227686,1872.8595869075014,3027.5399162853437,0.01857034474584411,0.0727455930723943,13.751228996802553,-322.41812,123.40929,45.18931,20.952332,43.406067,21.644566,-9.85622,-0.119604886,-26.659122,-0.96653545,2.5492146,6.2531652,-26.78113
733,12.216666666666667,0.2016592,228.25285756568667,1320.4822415730355,231.59062150633102,1878.67797666347,3071.6460169097213,0.01857034474584411,0.0727455930723943,13.751228996802553,-365.73465,113.22792,44.553574,20.673779,45.035835,19.318192,-9.322346,2.465637,-21.82462,3.5681982,9.208992,4.5426254,-23.072721
734,12.233333333333333,0.18730283,228.2405271397275,1036.1817252578317,231.6191409012266,1961.7351946632052,3180.4591749757305,0.01857034474584411,0.0727455930723943,13.751228996802553,-388.02206,118.852776,59.7314,33.917213,43.33163,17.529766,-1.610769,1.1993024,-18.780245,1.3312297,6.4509172,0.38759306,-23.819431
735,12.25,0.13961853,227.02878131372123,1131.7671856950433,230.1362718275755,1976.43107935843,3200.611686519867,0.01857034474584411,0.0727455930723943,13.751228996802553,-411.07822,108.43147,57.173874,38.977425,41.261654,20.917809,16.903402,6.2945886,-12.053633,2.155297,6.3983555,-4.787318,-31.50851
736,12.266666666666667,0.07677054,227.3810923407528,4562.282900362702,268.9019997858458,2029.7505964523461,2978.5245739193447,0.01857034474584411,0.0727455930723943,13.751228996802553,-305.82333,78.99651,31.108025,55.115593,14.618229,-5.6736116,5.3885117,-7.362711,-23.392431,12.400124,-29.511559,-26.321198,-30.314564
737,12.283333333333333,0.09125053,268.747488969365,4865.595999156016,419.15318340510987,2189.9973422296407,2477.814283214985,0.01857034474584411,0.0727455930723943,13.751228996802553,-250.51503,87.37184,33.001835,60.31259,12.425011,-7.78123,-6.483103,-6.955593,-22.80741,14.2898035,-32.861755,-25.568695,-32.419704
738,12.3,0.14431755,257.0618671444504,1995.199047464198,323.4114143306013,2436.7948918162942,3029.4169263041117,0.01857034474584411,0.0727455930723943,13.751228996802553,-259.58163,113.01048,25.056637,64.28937,53.119965,15.212387,-37.817722,-20.644716,-10.776669,-5.990017,-33.394264,-23.820204,-35.880848
739,12.316666666666666,0.17129426,239.09155179852712,2126.069268111457,339.4752559255999,2218.5589911298075,2702.831646419487,0.01857034474584411,0.0727455930723943,13.751228996802553,-264.56064,107.125534,3.8943152,43.797367,49.312897,28.157207,-25.439766,-18.437782,-9.451504,-8.926931,-20.061272,-16.29172,-36.660133
740,12.333333333333334,0.15592471,236.414334423405,1860.4446124996855,364.45566661465847,1716.478530614358,2741.0083554766647,0.01857034474584411,0.0727455930723943,13.751228996802553,-285.6739,121.56118,17.453835,29.686424,21.72225,30.754251,-0.47260177,-3.9711666,-12.974989,-23.936491,-22.35807,-10.331707,-19.432266
741,12.35,0.1447779,233.51808108230483,1515.8503178094138,361.84400492816377,1172.6315622180273,2733.74304274205,0.01857034474584411,0.0727455930723943,13.751228996802553,-311.6286,137.12201,31.502432,12.701988,1.1235809,5.515561,-0.6006968,6.3577685,-0.775275,-17.524256,-27.33801,-18.09122,-30.666069
742,12.366666666666667,0.14732625,232.52627442240907,1218.3389859963481,382.019202682561,1109.815355269641,2656.1182903118024,0.01857034474584411,0.0727455930723943,13.751228996802553,-328.21506,157.36285,52.467846,7.4386377,-2.2427268,-0.11283234,-6.8037453,4.4230328,-4.9967985,-6.1194315,-11.500956,-16.257769,-22.57914
743,12.383333333333333,0.1597599,233.79595621781854,1032.8630434111437,382.1012820077838,891.4467961596363,2402.1061974918907,0.01857034474584411,0.0727455930723943,13.751228996802553,-345.73267,158.24092,64.256256,12.897458,-7.02763,-8.1456995,-8.539702,-0.4748435,-10.339972,-3.083086,-4.1212263,-7.1761804,-19.136925
744,12.4,0.1699487,236.18369683796732,1044.315777650155,385.1909705527228,772.8582612488597,2171.3773490717977,0.01857034474584411,0.0727455930723943,13.751228996802553,-345.17035,158.46367,71.40629,14.883562,-13.07504,-11.002056,-9.205597,-4.987268,-12.938129,-0.438738,-4.3781576,-15.007751,-24.489548
745,12.416666666666666,0.16890745,238.55813923428437,1150.4961433637488,351.4849527729513,849.124919167664,2135.536667586645,0.01857034474584411,0.0727455930723943,13.751228996802553,-328.31015,156.64084,68.16623,23.58646,-19.598866,-23.16445,-13.481565,6.5946546,-5.944826,-2.2167385,-6.8829975,-9.113538,-21.417828
746,12.433333333333334,0.1607797,240.88479593659522,1532.8865504709815,331.45271456711663,808.8447089574089,2565.365342102501,0.01857034474584411,0.0727455930723943,13.751228996802553,-322.78336,139.2013,68.61958,28.769428,-19.388643,-26.06271,-18.041813,14.621664,-8.426582,-1.2872686,-16.496872,-9.196627,-14.876478
747,12.45,0.13194111,240.61746553036136,1572.079133608236,320.76980497626585,829.5628724276991,2785.190496808878,0.01857034474584411,0.0727455930723943,13.751228996802553,-320.75223,146.00061,74.71866,28.437695,-14.457468,-32.189552,-24.683645,17.38588,-3.48175,-0.26897413,-14.712823,-2.5830514,-9.488173
748,12.466666666666667,0.08904845,237.07567969456082,1515.3444294226367,308.632962566167,911.2128159676903,2804.6945777667142,0.01857034474584411,0.0727455930723943,13.751228996802553,-360.93652,155.87292,93.075836,28.05708,-12.051304,-32.383675,-20.169292,13.779131,1.2320043,-3.7592885,-17.643833,-9.421473,-13.47935
749,12.483333333333333,0.029844478,236.70027570753754,2417.1805197614135,333.1776780445168,971.7573454704961,2885.964806475546,0.01857034474584411,0.0727455930723943,13.751228996802553,-420.0101,118.36081,77.21501,29.446354,2.0905104,-13.753393,-7.1349683,12.432913,3.2169971,-9.354199,-20.79647,-20.639767,-20.925846
750,12.5,0.017762052,234.27011221636624,3134.4981738959086,320.32030022828263,1067.4032389090553,2844.8510793701043,0.01857034474584411,0.0727455930723943,13.751228996802553,-447.16302,97.32589,67.56603,25.957098,1.9330065,-8.666134,-4.472039,0.6217606,-0.69454014,-6.718272,-16.724205,-15.683364,-12.219688
751,12.516666666666667,0.009366959,0.0,3836.3007629769145,274.17157514517834,1136.3414068357781,2813.7900979773603,0.01857034474584411,0.0727455930723943,13.751228996802553,-467.71124,78.12372,52.81228,23.329086,3.6031222,-3.836581,-1.0765753,2.654972,2.966126,-1.3206868,-6.257243,-8.685965,-8.490923
752,12.533333333333333,0.005735409,0.0,4093.9701232354646,274.23979375882726,1249.0721049761003,2794.9223369186766,0.01857034474584411,0.0727455930723943,13.751228996802553,-488.01587,55.895676,44.05913,28.977234,15.309372,6.240492,2.3644414,1.942185,2.227135,1.0353748,-2.2662005,-6.7449255,-10.686258
753,12.55,0.00369183,0.0,4969.420386558629,274.328268194801,1579.887317364595,2657.833615922738,0.01857034474584411,0.0727455930723943,13.751228996802553,-497.11487,45.116684,38.591255,29.678669,20.484964,12.691443,7.031436,3.2476635,0.49621695,-2.0503597,-4.7238812,-7.235158,-8.9298725
754,12.566666666666666,0.008808432,0.0,6309.478200735191,300.66695984583293,1369.9976719583285,2702.1486116995015,0.01857034474584411,0.0727455930723943,13.751228996802553,-482.47244,57.798035,45.647446,30.869724,14.225002,5.1583576,0.8731189,-8.84635,-8.925006,-8.860142,-10.968782,-5.4651327,-4.8587594
755,12.583333333333334,0.057851564,239.14135577756454,1899.5505010671422,563.2546156676691,918.7734239307174,2384.686813179569,0.01857034474584411,0.0727455930723943,13.751228996802553,-343.6086,170.25967,72.52894,-6.349269,-23.056583,-20.51704,-5.637311,-15.218045,-5.452575,0.70418745,-22.637764,-8.3491,-15.206072
756,12.6,0.092643864,235.68518289741422,1793.7639467367535,586.5266987183335,1220.2136831484534,2535.32336152755,0.01857034474584411,0.0727455930723943,13.751228996802553,-273.7703,182.77837,30.075459,-33.576054,-12.695506,-13.38603,-1.4692436,-9.189159,-10.9351425,4.7620006,-23.298779,0.6431739,-19.937843
757,12.616666666666667,0.11622792,232.3635112001802,2447.296858775193,615.2365078286518,1333.7834658118247,2506.7743208414954,0.01857034474584411,0.0727455930723943,13.751228996802553,-247.41818,155.71167,1.9004878,-44.360962,-2.8469996,-9.896824,-2.1797366,-9.983875,-19.592236,13.553239,-23.905502,10.149394,-20.380138
758,12.633333333333333,0.12321366,230.09152726882348,2932.0418052613245,598.3400605577888,1419.8715748569225,2371.8892135424203,0.01857034474584411,0.0727455930723943,13.751228996802553,-230.03865,144.11346,-3.9458494,-40.477592,6.44038,-5.8218303,-3.9642138,-6.82006,-30.403978,20.816849,-24.734123,7.3862066,-25.025723
759,12.65,0.12643571,228.56602762745607,3255.2639714550787,480.88483711169056,1473.6928471882745,2077.756097442567,0.01857034474584411,0.0727455930723943,13.751228996802553,-221.02547,146.556,5.177603,-34.106735,-2.4709702,-11.181498,1.4289362,-1.3167828,-37.634705,21.186005,-22.044668,15.248071,-18.203037
760,12.666666666666666,0.100709595,222.68889810281158,3463.489385258831,383.7717059802807,1586.206199170933,2574.316293497634,0.01857034474584411,0.0727455930723943,13.751228996802553,-230.72734,137.8852,-1.617357,-27.345705,5.155037,-5.085203,2.3281152,1.1794529,-33.58102,16.635136,-29.878937,9.805128,-9.647621
761,12.683333333333334,0.06104331,0.0,4309.638110114756,599.504700714088,1594.3432949720084,2601.19268560921,0.01857034474584411,0.0727455930723943,13.751228996802553,-229.66014,126.23334,-19.216644,-15.627711,8.141133,-9.437503,16.954338,11.972259,-30.447542,23.316936,-16.158825,5.291842,-11.018386
762,12.7,0.028272724,0.0,5350.108890763313,758.6797741885275,1661.9602620743567,2909.4916997392415,0.01857034474584411,0.0727455930723943,13.751228996802553,-235.58487,109.95436,-10.922477,-3.8875132,6.9935703,-13.517845,12.717214,8.878416,-36.50514,21.479084,-9.623743,14.2942505,-3.3191257
763,12.716666666666667,0.02311384,0.0,6236.141179308506,1010.7249685417225,1735.3580828524255,3499.2012144621817,0.01857034474584411,0.0727455930723943,13.751228996802553,-217.7811,79.42324,-26.518063,8.735659,-0.9587635,-4.238879,19.24627,14.382884,-37.636505,20.705708,2.1358588,17.065462,-8.290188
764,12.733333333333333,0.020879546,0.0,6416.509053758902,923.3677441205622,1713.5667800871547,2710.2659232991846,0.01857034474584411,0.0727455930723943,13.751228996802553,-244.50749,85.82732,-18.176529,-7.6521583,-0.043868102,5.6289444,12.227259,9.272377,-25.891874,28.111492,-5.330927,19.91503,-1.8468286
765,12.75,0.018274665,0.0,6953.073415695848,1026.6042857950501,1725.1329195613678,2607.3351496119544,0.01857034474584411,0.0727455930723943,13.751228996802553,-263.2586,81.455,-21.95954,-24.828796,5.212157,2.4560099,4.182357,2.7045734,-32.735268,34.29705,-14.855253,15.805326,-5.5249033
766,12.766666666666667,0.032779727,0.0,7271.994446035162,858.0066695213607,1709.4026942529254,2658.7673244816197,0.01857034474584411,0.0727455930723943,13.751228996802553,-267.4161,76.88783,-20.50382,-35.93959,2.1176143,1.8209913,-4.22645,-3.7719927,-33.469017,36.05426,-19.734856,19.353397,0.05055952
767,12.783333333333333,0.08339422,245.0835052166036,4182.3037336025045,552.980939948302,1733.316970290306,2673.158934916427,0.01857034474584411,0.0727455930723943,13.751228996802553,-233.08282,139.92398,30.640553,-19.243488,5.7737255,2.4319928,-17.533752,-10.544439,-39.767296,30.148941,-13.255312,12.295317,-12.407543
768,12.8,0.11642394,239.60735773065983,3229.982198550354,613.6747749609631,1740.6604380045394,2472.9270880005733,0.01857034474584411,0.0727455930723943,13.751228996802553,-223.26495,145.71695,18.584305,-24.040207,13.774158,9.727619,-25.790665,-11.539179,-36.771095,29.415958,-8.583479,5.7142205,-17.42923
769,12.816666666666666,0.120818466,233.46360274001918,2957.362981044739,536.2383056021529,1684.8628805511928,2424.077538891295,0.01857034474584411,0.0727455930723943,13.751228996802553,-236.33871,135.81781,13.120845,-18.348003,22.78339,23.467743,-22.280128,-15.757498,-44.995316,17.81453,-9.902137,0.56153905,-17.091904
770,12.833333333333334,0.12193386,233.51420821355975,2243.8830003087223,389.21674573515696,1726.3357776979553,2418.5492471942935,0.01857034474584411,0.0727455930723943,13.751228996802553,-268.5409,158.54681,32.18361,-21.590355,23.600224,32.505707,-18.386566,-26.923004,-39.20788,-0.11465335,-10.695998,-9.693065,-26.174923
771,12.85,0.13676438,235.16050705092945,2074.8325117839217,420.90057231455364,1807.4140620810574,2413.5776843211383,0.01857034474584411,0.0727455930723943,13.751228996802553,-270.49567,155.99855,35.49366,-29.876812,21.68826,43.71853,-23.456533,-36.64717,-36.958473,3.9483829,-13.300589,-10.476085,-17.485424
772,12.866666666666667,0.16579953,233.50853248517151,2274.953915959792,351.13606092937835,1673.6645160146038,2427.575930969593,0.01857034474584411,0.0727455930723943,13.751228996802553,-261.49948,142.13588,28.360275,-24.133472,24.46093,52.353355,-17.674194,-25.85986,-34.983913,6.246013,-10.565857,-10.310465,-9.364483
773,12.883333333333333,0.18476081,233.20960336334383,2365.7547628520497,298.6548875550661,1650.4857725649774,2449.405252570024,0.01857034474584411,0.0727455930723943,13.751228996802553,-268.80646,134.66922,31.61025,-28.199795,22.132307,50.938477,-23.663727,-19.344683,-28.493988,-2.0695257,-10.188749,-8.733334,-11.516007
774,12.9,0.1995749,233.20955459945964,2156.408934381083,283.2040625457735,1593.8130290923252,2271.941590225357,0.01857034474584411,0.0727455930723943,13.751228996802553,-270.89883,132.2505,26.811022,-19.081963,26.510193,53.199547,-18.176582,-8.741309,-20.57024,-9.289616,-4.3567476,-7.682226,-20.903183
775,12.916666666666666,0.22082295,231.3730748432752,1847.014300716119,260.11835037422435,1837.8660346819445,2227.468345151393,0.01857034474584411,0.0727455930723943,13.751228996802553,-277.68463,131.4112,18.720732,2.2495143,34.41166,39.662018,-19.28141,-16.69131,-21.70184,-18.032043,-11.43001,6.944603,-19.708698
776,12.933333333333334,0.24232101,231.8396006010424,1407.341199116781,252.02599237831984,1928.080617097157,3036.494392248228,0.01857034474584411,0.0727455930723943,13.751228996802553,-302.83868,119.131546,4.715784,23.00259,53.699104,25.661274,-23.320621,-15.905034,-15.653231,-12.410463,-5.4915223,23.582325,-21.945107
777,12.95,0.2565458,231.41919978378726,1292.4409904765425,249.93379993478482,1893.4909247559985,3034.3118903406603,0.01857034474584411,0.0727455930723943,13.751228996802553,-310.5241,120.435524,6.416629,33.40624,58.49771,24.215828,-13.959742,-7.901982,-16.179783,-17.023762,-2.3597646,24.566984,-28.49001
778,12.966666666666667,0.2524302,230.5021643849081,1302.5639467679057,249.2912912652544,1853.3787276872486,3245.7889899488678,0.01857034474584411,0.0727455930723943,13.751228996802553,-320.12277,114.86337,16.09318,40.19828,51.08793,12.294407,-11.883425,-5.050683,-14.197847,-17.287216,-8.254556,19.953398,-33.171913
779,12.983333333333333,0.24917574,230.3721422846695,1323.9510370701378,255.43551545013983,1888.2718303358076,3253.3529804478694,0.01857034474584411,0.0727455930723943,13.751228996802553,-322.7303,115.10327,12.738434,42.611473,60.55479,10.236497,-12.77236,-11.052801,-21.305742,-17.653784,-3.2506118,29.567104,-29.1548
780,13.0,0.23517519,229.41169307349614,1403.0861905700335,261.3915983278921,1857.892276144206,3007.705358062024,0.01857034474584411,0.0727455930723943,13.751228996802553,-305.11646,125.16603,18.662575,39.70439,53.330418,0.4964025,-20.752237,-6.2608023,-18.788223,-14.463984,-3.568126,25.346203,-23.262665
781,13.016666666666667,0.21615279,228.2174651542753,2803.1085271057755,294.04386638399365,1911.1155773063779,2512.0063449798763,0.01857034474584411,0.0727455930723943,13.751228996802553,-240.23286,113.05961,18.167545,22.068579,35.253548,4.7092886,-22.034649,-17.372492,-39.234943,2.2724671,-0.60346115,24.974392,-14.796323
782,13.033333333333333,0.19553088,225.41351330800012,3703.1965933570937,320.09118141462915,1745.2667811908677,3007.343997006788,0.01857034474584411,0.0727455930723943,13.751228996802553,-224.98123,100.76773,11.384897,9.408388,22.03992,11.728781,-8.315095,-8.545491,-36.14489,5.470171,-10.771688,27.625751,-14.533413
783,13.05,0.17850801,223.76225324272178,2861.8535926882205,346.9745965716828,1642.9686457804153,2783.548908387165,0.01857034474584411,0.0727455930723943,13.751228996802553,-237.233,118.30354,14.761366,2.272966,8.544308,15.395294,-7.8853464,-6.57065,-30.029778,12.299654,-18.11185,25.369389,-3.8804517
784,13.066666666666666,0.17206164,223.1353533329006,2711.4813789857603,374.87067621017525,1591.788256536296,2927.8529283659027,0.01857034474584411,0.0727455930723943,13.751228996802553,-250.02098,124.15823,22.597708,-2.2629156,3.2212064,13.900694,-5.6673107,8.898789,-23.0636,8.224795,-22.459301,19.695763,0.20818245
785,13.083333333333334,0.15555131,221.5287728718827,2462.3102083690037,352.23264618441686,1538.9115766482353,3174.425124479251,0.01857034474584411,0.0727455930723943,13.751228996802553,-278.66776,132.4372,45.754326,-3.6419187,3.0577307,5.811915,-5.651542,12.961117,-20.828663,3.8043137,-23.808865,15.060259,-6.8361945
786,13.1,0.1234219,218.95524170778623,1853.815067989177,289.40467181806514,1413.4930193849084,3142.2801075149387,0.01857034474584411,0.0727455930723943,13.751228996802553,-328.83347,137.94774,59.63811,3.6963797,3.3283188,-1.1732198,-6.14475,8.357901,-14.162964,-1.5867774,-20.758064,6.958295,-10.594504
787,13.116666666666667,0.078860775,213.47384947867087,2284.534958724954,236.98645965594827,1480.0868096431343,1697.2644554068584,0.01857034474584411,0.0727455930723943,13.751228996802553,-371.919,130.9613,62.112152,1.050736,3.4667282,8.871202,7.7137017,15.460344,-6.4462166,-1.1240618,-14.884729,3.696545,-11.176657
788,13.133333333333333,0.07649392,219.67401947350405,2033.9478127812986,228.2186615758202,1434.3345421276554,1814.5622878434683,0.01857034474584411,0.0727455930723943,13.751228996802553,-393.9228,126.05138,66.24507,5.380455,-3.608114,4.175606,5.661758,9.312374,-4.884022,1.8733182,-6.6386147,-0.3983072,-18.19825
789,13.15,0.12602046,230.05264061792556,1278.7267800160694,252.81391663372804,997.9028423498991,1887.638507343072,0.01857034474584411,0.0727455930723943,13.751228996802553,-376.1903,144.95526,87.93439,17.771423,-16.4549,-6.096662,6.1963167,5.676598,0.5170851,4.018626,-13.404499,-1.1257291,-20.85549
790,13.166666666666666,0.17501633,234.71327133429264,1348.2019878651863,297.34505379657577,988.8780945923428,2106.860677805265,0.01857034474584411,0.0727455930723943,13.751228996802553,-347.0628,140.84076,87.88265,21.62731,-26.326149,-11.471685,0.09221423,4.170522,-2.0941582,0.9528614,-26.446356,-2.0323477,-18.00755
791,13.183333333333334,0.2033292,234.86819810238023,1612.7665719827596,348.4950975970423,1309.2087846472036,3739.375870666008,0.01857034474584411,0.0727455930723943,13.751228996802553,-327.86215,122.365295,73.95818,26.114336,-23.133877,-0.63918996,8.363208,14.437536,-13.399887,-9.535973,-33.861504,3.1859336,-12.102552
792,13.2,0.21038617,234.14877508575236,1841.6027849212528,321.41366633019163,1443.9400177603848,3305.250029104072,0.01857034474584411,0.0727455930723943,13.751228996802553,-305.9037,112.053024,51.753582,30.213306,-18.427328,7.1797066,9.362604,18.17654,-24.045933,-25.145058,-31.315556,6.6311374,-3.3949804
793,13.216666666666667,0.19590004,231.79228501861186,1807.4442890079467,288.32722104757784,1533.5585473343745,1979.873912095481,0.01857034474584411,0.0727455930723943,13.751228996802553,-293.9436,115.714325,32.15194,28.778984,-4.107142,13.8361435,3.169575,16.024334,-33.914692,-33.047867,-13.53306,4.549326,-11.200282
794,13.233333333333333,0.16336529,227.05558254439774,2293.8984396464994,253.5361623163782,1752.8473664137146,3783.371913992156,0.01857034474584411,0.0727455930723943,13.751228996802553,-271.81042,103.12841,15.562023,55.52407,0.26613343,4.078905,13.321617,10.051061,-44.58036,-24.349205,-8.034576,-7.3152256,-22.824133
795,13.25,0.11479545,225.68782788649304,5259.075159975617,249.09038843854614,1793.122557988604,3557.9382125232837,0.01857034474584411,0.0727455930723943,13.751228996802553,-231.18623,39.7303,10.820916,89.91484,-13.76514,3.7404213,13.65889,10.591193,-42.52063,-4.625366,0.35337853,-10.126363,-29.550552
796,13.266666666666667,0.06646995,0.0,7576.777998315885,247.72104852594555,1861.2832513768406,3756.058230525205,0.01857034474584411,0.0727455930723943,13.751228996802553,-227.42516,-8.814214,10.386182,100.3664,-17.66515,4.613203,11.964041,19.672483,-44.315617,3.671915,10.600002,-4.626139,-25.514914
797,13.283333333333333,0.047136273,0.0,8625.567815706027,266.95066131941104,1933.8965305357326,3813.9248714180894,0.01857034474584411,0.0727455930723943,13.751228996802553,-251.4427,-33.591946,11.813453,93.910194,-13.16231,20.595211,6.4570374,16.99703,-48.282005,2.4420786,8.408237,-8.203634,-30.461456
798,13.3,0.03382718,0.0,9798.750550705905,260.2249381472219,1963.4360270027712,3729.488407401914,0.01857034474584411,0.0727455930723943,13.751228996802553,-275.1798,-37.70466,24.918072,87.82721,-10.989201,17.45449,2.3030093,26.133991,-46.010693,9.20068,2.811059,-6.9936166,-24.901352
799,13.316666666666666,0.024297232,0.0,10563.29082832786,196.45666456527834,2040.2087816598346,3609.2540045311907,0.01857034474584411,0.0727455930723943,13.751228996802553,-306.96277,-45.214222,15.608231,72.90613,-2.469403,17.964401,-8.721769,17.90826,-48.199497,16.34365,1.4522219,-0.2842271,-23.254559
800,13.333333333333334,0.023002133,0.0,9315.826022011182,414.0371076530914,2082.194041710289,3457.564254396472,0.01857034474584411,0.0727455930723943,13.751228996802553,-300.91486,1.211967,16.85254,64.93556,20.270237,18.396091,-20.128933,-7.3653336,-57.480076,10.46957,-5.136703,-6.1784887,-37.16676
801,13.35,0.09233092,242.04274780521328,3472.994445860116,256.46859515775867,2091.2302368685337,3007.198210376495,0.01857034474584411,0.0727455930723943,13.751228996802553,-348.56448,62.840195,44.902496,77.75267,51.17,31.731548,-10.488396,-14.022446,-39.186417,14.092428,5.650881,-13.40572,-28.793697
802,13.366666666666667,0.14139634,238.10187284202908,1947.1213557461992,253.32748658547396,1817.615291269544,2540.088335434998,0.01857034474584411,0.0727455930723943,13.751228996802553,-344.8169,88.436066,61.643307,75.77709,49.24769,27.71268,-17.09353,-22.276144,-40.89319,16.047573,3.8724945,-14.046561,-29.272427
803,13.383333333333333,0.1670119,231.55895337055225,1659.6845059629159,244.5855029278032,2090.3898963423126,4145.665565394794,0.01857034474584411,0.0727455930723943,13.751228996802553,-373.1758,87.062805,62.46189,57.09192,31.627464,28.210218,-9.318734,-19.045994,-36.39628,9.320087,20.207087,-6.7484317,-32.010105
804,13.4,0.16677044,229.9786207914301,1274.268108162752,241.05662533305374,1859.6703713642553,3962.2912244376375,0.01857034474584411,0.0727455930723943,13.751228996802553,-396.8186,101.08198,71.49177,49.55677,30.268108,24.753983,-10.192861,-16.467894,-27.700245,4.493338,9.083197,-15.048794,-27.85688
805,13.416666666666666,0.1608751,230.5208897290335,1018.8336505601194,236.82073805839227,918.3012763843064,2538.218110887159,0.01857034474584411,0.0727455930723943,13.751228996802553,-417.2282,109.181656,76.23419,46.544884,30.485668,16.595573,-1.7150564,-10.002508,-18.438335,4.9721575,2.4880812,-8.851785,-16.970552
806,13.433333333333334,0.12467124,229.0453124159419,1031.7197707702558,237.8393125415488,2046.761876588857,4113.75281997476,0.01857034474584411,0.0727455930723943,13.751228996802553,-430.36887,104.82993,69.974304,49.89898,32.045937,14.139619,8.859648,-2.6427357,-16.988766,-4.278687,-0.6589036,-11.799166,-24.226822
807,13.45,0.06778451,227.5868736478472,1830.75143375686,252.56528681454486,2003.882408888614,3903.1663581393937,0.01857034474584411,0.0727455930723943,13.751228996802553,-443.81592,96.26344,72.04407,54.629063,31.168715,8.632406,7.615672,1.0435885,-11.653744,-6.9634266,-8.744819,-19.26158,-24.202438
808,13.466666666666667,0.032765884,249.31074824132892,3642.4748585998827,396.31304399687025,1499.2292805153086,3426.042625252145,0.01857034474584411,0.0727455930723943,13.751228996802553,-296.8968,137.93472,55.87655,-1.5722573,-40.30021,-13.74505,13.940258,4.5297003,-36.17449,-7.283785,-18.947351,3.6656163,-9.895161
809,13.483333333333333,0.046258923,260.08308490685755,5197.956486147746,568.4862617742706,1306.1130234745683,1735.5651667414365,0.01857034474584411,0.0727455930723943,13.751228996802553,-296.9966,113.76542,58.415413,-1.4731855,-46.69379,-6.424716,15.349079,19.189726,-28.62782,-1.7930919,-16.27662,5.2845263,-5.679275
810,13.5,0.108422786,249.91565735933523,1786.2305568826682,347.24017692800834,1228.8692743075142,1452.8681206758724,0.01857034474584411,0.0727455930723943,13.751228996802553,-309.0243,158.89108,85.7596,7.5379205,-32.22148,-6.6852026,0.24807346,6.1938524,-38.780655,-17.394207,-20.635918,0.21406877,-8.780685
811,13.516666666666667,0.1538321,240.31211606717446,1733.9103767530928,357.41548586520133,1035.4248481322397,1567.6538063830008,0.01857034474584411,0.0727455930723943,13.751228996802553,-284.79663,150.17902,63.38731,7.361866,-20.704914,5.2123685,6.7196126,13.568731,-44.744434,-17.372883,-13.917963,4.8113236,-6.994219
812,13.533333333333333,0.17430389,231.49115627354624,1355.7757477859805,294.807080813893,1391.2494208108485,1687.8555368534162,0.01857034474584411,0.0727455930723943,13.751228996802553,-306.97464,155.47314,56.453075,5.541073,-9.023682,10.255297,19.774961,4.819478,-49.918434,-22.568882,-15.644772,-4.488039,-16.754007
813,13.55,0.19149378,229.58685423302907,978.3134305600108,258.9874401879471,1327.4167201296102,1964.3374218499282,0.01857034474584411,0.0727455930723943,13.751228996802553,-345.3373,161.09503,57.005127,-1.5036674,-0.21340159,17.280354,21.532738,3.079485,-32.67505,-16.00184,-6.77614,-5.8901453,-20.115635
814,13.566666666666666,0.21203983,228.15471380364693,800.9556453752759,245.6628170172761,1391.2930160232752,1961.9571443303118,0.01857034474584411,0.0727455930723943,13.751228996802553,-356.90475,159.2229,52.069016,2.8838067,6.720686,18.513159,18.840927,-1.5052466,-29.767895,-11.74708,-2.2427115,-9.463591,-20.0039
815,13.583333333333334,0.19287902,225.6925324237676,724.6349349408852,236.96956859432336,1491.8302728428666,1913.7415320599755,0.01857034474584411,0.0727455930723943,13.751228996802553,-369.69617,159.50417,53.822353,5.4741974,6.749701,18.395878,15.889234,-8.297342,-27.85587,-5.3269954,12.168325,-4.2768383,-21.482777
816,13.6,0.140677,227.4892503756405,820.1360045681243,236.69499492412916,1458.1737345531485,2000.182705657139,0.01857034474584411,0.0727455930723943,13.751228996802553,-400.07587,136.28885,59.42907,21.655476,17.025291,18.636093,18.139805,-2.4330533,-22.320858,-9.626669,4.5565014,-11.78463,-28.247948
817,13.616666666666667,0.06436259,230.45411677625083,1603.0671754612124,251.63416339334336,1593.367708390796,2263.0423140025564,0.01857034474584411,0.0727455930723943,13.751228996802553,-431.26077,111.085014,62.45698,31.858694,21.41827,17.128328,16.450832,0.49786818,-17.140825,-15.613972,-6.756958,-11.57187,-14.601534
818,13.633333333333333,0.020735392,0.0,2798.6558964026867,306.84031243949954,1950.371097011128,2577.243351380763,0.01857034474584411,0.0727455930723943,13.751228996802553,-454.41632,90.54812,64.75917,42.707077,25.810173,12.615544,6.0946302,-7.8488164,-16.753567,-15.645319,-10.78574,-9.449943,-8.029524
819,13.65,0.030207876,0.0,6852.278510490178,495.0669190988323,1725.3353903256636,2034.613200985937,0.01857034474584411,0.0727455930723943,13.751228996802553,-278.88803,97.625244,45.660423,21.873402,-16.947948,-11.366442,20.069803,-39.530937,-38.132484,12.509545,-20.469658,0.52744746,-37.66883
820,13.666666666666666,0.089348845,248.57491159314097,4498.44313786873,464.43118571151336,1781.449594851765,2097.961744609826,0.01857034474584411,0.0727455930723943,13.751228996802553,-256.96277,110.56319,41.737362,27.905582,7.7632875,3.929485,7.718299,-27.139706,-33.96805,12.782799,-14.367159,2.9122891,-37.72241
821,13.683333333333334,0.09815186,240.50793029862498,3600.142615924725,323.4533808431745,1944.455021233796,2716.024807591527,0.01857034474584411,0.0727455930723943,13.751228996802553,-233.50775,119.85367,20.97102,6.657638,34.606766,16.36587,-22.37571,-13.128012,-38.57543,4.7179956,-8.200621,5.612234,-37.530327
822,13.7,0.12783352,238.42015130065394,3299.2918423196234,310.59809872535664,1812.071956923332,2330.933834311322,0.01857034474584411,0.0727455930723943,13.751228996802553,-236.66333,137.28598,27.940067,-0.18331927,27.316471,5.4537263,-33.51355,-14.742924,-41.15657,12.4092045,-7.0242987,-1.6160429,-21.799244
823,13.716666666666667,0.14010474,232.86266371570917,3068.1953702462297,413.49537082636965,791.4939540648706,2273.1160651257123,0.01857034474584411,0.0727455930723943,13.751228996802553,-200.84021,147.41516,16.812382,-27.80766,21.152569,11.245106,-46.286728,-11.222618,-41.358536,12.495789,-6.2585487,-1.2899468,-22.305609
824,13.733333333333333,0.15244754,225.67709985720205,2921.576536785169,721.4704368932831,1943.270954523742,2779.446842594066,0.01857034474584411,0.0727455930723943,13.751228996802553,-208.75398,148.47678,6.8063674,-33.87884,17.697203,4.471632,-40.14348,2.4489207,-36.01674,20.444641,-4.7929974,1.1048028,-16.804192
825,13.75,0.13700953,221.603295710915,2748.696116401425,782.5520437999147,1927.5054244374323,2909.489731193661,0.01857034474584411,0.0727455930723943,13.751228996802553,-212.48103,144.53287,-0.67304933,-28.105877,17.580914,-5.1541557,-35.33036,5.530978,-30.55358,17.157911,-8.481991,1.4751761,-21.318588
826,13.766666666666667,0.13042332,218.6574671852959,2666.663190360139,752.5375135704659,1937.0514244963556,2599.1133516018135,0.01857034474584411,0.0727455930723943,13.751228996802553,-224.47545,147.59964,7.815196,-20.288055,17.301468,-7.613633,-37.423923,-2.21451,-28.148607,15.94648,-10.994247,2.3786504,-19.613758
827,13.783333333333333,0.13849272,216.0064310678298,1911.7319383044473,516.4867390052707,1599.4764654828366,2361.6198066991606,0.01857034474584411,0.0727455930723943,13.751228996802553,-250.4303,166.39525,15.72016,-11.438397,19.540714,-14.478073,-34.797054,-8.2502165,-35.025726,-5.7347765,-15.082913,2.0430944,-27.744926
828,13.8,0.15062077,218.25521943088225,1376.2193753707243,420.54675112174743,1854.9160951923254,3196.2435330500944,0.01857034474584411,0.0727455930723943,13.751228996802553,-303.043,147.91856,24.613695,12.365728,30.740063,-0.3487537,-15.2409525,-8.206602,-30.885956,-15.923639,-16.547546,0.6148329,-33.189
829,13.816666666666666,0.14135452,219.6084485662517,1323.3358629962127,397.3742589713983,1876.4079494705852,2939.160172526478,0.01857034474584411,0.0727455930723943,13.751228996802553,-325.61398,144.08197,32.590317,18.918163,36.693558,11.249096,-6.20476,-10.141802,-24.875998,-13.191521,-21.586533,-5.2914925,-21.47791
830,13.833333333333334,0.09866406,220.40301928170314,1678.561441087595,309.0029733722675,1824.6586954800505,2739.897684320017,0.01857034474584411,0.0727455930723943,13.751228996802553,-334.8662,125.10263,24.40133,41.12264,19.44509,12.554583,17.698326,-24.27255,-21.070595,6.487232,-23.764187,-11.389994,-15.031175
831,13.85,0.056820285,224.07619556516664,3944.1970540393495,312.59804192738204,1672.3834576914312,2379.8889874106035,0.01857034474584411,0.0727455930723943,13.751228996802553,-345.51096,78.13817,38.68895,58.047626,8.898142,16.876566,15.958901,-22.87422,-14.334618,24.231186,-15.609749,-11.68343,-25.791805
832,13.866666666666667,0.014493849,0.0,5969.705466488022,457.59169359484076,1873.5576264912486,2450.9724446959494,0.01857034474584411,0.0727455930723943,13.751228996802553,-430.181,74.477234,50.353966,34.27968,12.908989,8.546217,7.647338,-20.662601,-12.436476,13.617012,-10.367619,-1.6819193,-14.765783
833,13.883333333333333,0.020262057,0.0,5086.303294397897,478.0411492851321,2140.461530459785,2428.922141700392,0.01857034474584411,0.0727455930723943,13.751228996802553,-370.40552,95.68065,13.809391,20.445614,-5.9482927,-26.18739,8.171154,-20.096434,-35.748512,6.3427362,1.1578809,-15.516564,-28.827415
834,13.9,0.04973299,0.0,4717.217013987152,527.8255689730871,1976.4096710686538,2095.8480842611984,0.01857034474584411,0.0727455930723943,13.751228996802553,-248.279,109.07167,10.876022,34.40573,-4.7356834,-22.963104,11.599215,-16.521704,-42.737995,15.784882,-13.102253,-9.567305,-41.57257
835,13.916666666666666,0.08573802,231.7026164051246,2151.9231614366054,403.69536646483493,1357.4866301510622,2132.5541429614154,0.01857034474584411,0.0727455930723943,13.751228996802553,-268.804,161.98282,48.026936,6.3673162,4.340875,-13.022106,-6.253399,-6.733075,-41.407936,1.2077895,-18.94017,-6.003026,-19.267902
836,13.933333333333334,0.10812498,228.4770164395234,1934.7160755601503,409.35287519406216,1444.1451178049592,2541.451246991412,0.01857034474584411,0.0727455930723943,13.751228996802553,-286.31155,152.29741,31.13782,-2.6095543,17.318,7.205118,-6.0446606,1.3909639,-33.527546,-9.879526,-27.85413,-9.304474,-12.712482
837,13.95,0.09271346,223.67502028509423,1673.575800216844,363.2855135188458,1552.1251041874934,2394.9552804768846,0.01857034474584411,0.0727455930723943,13.751228996802553,-317.13153,149.43463,42.603218,4.4692254,19.931133,5.2972765,-2.6584237,1.8515322,-31.310112,-18.304182,-25.373905,-10.075736,-19.22082
838,13.966666666666667,0.059701137,226.07620655152527,1918.9464751690477,311.6386872226679,1609.469236315555,2855.135368040339,0.01857034474584411,0.0727455930723943,13.751228996802553,-381.6438,135.04597,55.93126,11.05801,20.748701,14.462519,6.7179937,-3.9739776,-26.77598,-19.722282,-16.657772,-11.113066,-18.303738
839,13.983333333333333,0.023551032,230.13238001238545,3158.201411455463,323.1800062126115,1582.2012628627404,2694.4351080773895,0.01857034474584411,0.0727455930723943,13.751228996802553,-424.25223,107.35458,49.985947,9.162896,9.386805,9.560947,6.9940257,-0.5548705,-13.025709,-15.975748,-15.857154,-6.8792453,-10.393522
840,14.0,0.008332202,0.0,3802.4976128512203,385.784621593797,1515.0139450734953,2633.3770370850734,0.01857034474584411,0.0727455930723943,13.751228996802553,-455.4094,89.55827,52.187187,19.442417,4.6171083,1.853438,0.24862814,-4.791237,-11.015894,-14.98768,-14.966803,-12.237734,-10.585775
841,14.016666666666667,0.0044903117,0.0,4419.2174549107185,398.2341536029584,1544.5217247949047,2943.493146827252,0.01857034474584411,0.0727455930723943,13.751228996802553,-474.8317,70.26428,49.475697,28.027891,14.167157,8.283637,4.81018,-0.605262,-6.973325,-11.036834,-11.37865,-9.728098,-8.773445
842,14.033333333333333,0.0121867545,0.0,7743.7537321651735,469.22018507278455,1756.719102017493,3099.42978185358,0.01857034474584411,0.0727455930723943,13.751228996802553,-368.7447,48.462368,-8.673458,34.344105,34.884193,-31.198128,-9.22003,2.1418912,-19.688604,-3.438606,-20.903242,0.43074846,-22.43383
843,14.05,0.0151226735,0.0,8478.468761894464,531.0239244451709,2260.156676424844,3165.8150285288752,0.01857034474584411,0.0727455930723943,13.751228996802553,-255.6295,40.348385,-12.954421,41.49244,31.63337,-27.07922,-17.329636,1.8073696,-32.279465,4.652914,-32.583225,2.1607301,-26.983927
844,14.066666666666666,0.0651831,249.2872595359858,6435.525122315984,424.26818253728226,2485.9789836821255,2982.8960717325567,0.01857034474584411,0.0727455930723943,13.751228996802553,-295.89697,69.31215,19.227392,50.026176,48.6947,-4.514472,-15.460991,-2.6332393,-15.875282,2.6099005,-34.505302,-10.01629,-15.84746
845,14.083333333333334,0.09705805,239.47909592303736,3128.2022735707606,391.32162036919175,2383.092737633654,3171.8026882429454,0.01857034474584411,0.0727455930723943,13.751228996802553,-243.13885,109.48949,24.621275,44.662334,60.6922,7.7780447,-52.60694,-23.077879,-17.579098,9.526642,-31.091759,-15.573878,-27.899271
846,14.1,0.12479767,226.3307460876121,3250.707753491106,420.70037331450294,2160.703221090884,2480.3185978698984,0.01857034474584411,0.0727455930723943,13.751228996802553,-239.47948,109.35736,12.971167,27.939848,46.01582,7.9351044,-55.746986,-25.267666,-14.609766,13.432301,-27.832651,-15.73403,-32.687645
847,14.116666666666667,0.13291486,219.69558823407726,3369.6265394913507,400.83195761741456,2170.485592871257,2888.8775966068188,0.01857034474584411,0.0727455930723943,13.751228996802553,-239.6472,108.65922,16.670723,14.542414,35.269035,11.92836,-54.73819,-14.83957,-16.41262,19.93049,-23.32247,-19.416414,-26.916317
848,14.133333333333333,0.12662785,214.39480215202926,2532.11404925807,386.23582595697246,1418.6408656255082,2299.1068833221857,0.01857034474584411,0.0727455930723943,13.751228996802553,-247.07428,133.17831,35.711113,13.575033,37.498005,19.554491,-53.427376,-24.281353,-25.684998,7.003786,-18.937794,-19.5997,-35.66806
849,14.15,0.117880136,213.30636392980756,1969.5843056101264,322.78733965685274,2003.190876317238,2890.4341310667396,0.01857034474584411,0.0727455930723943,13.751228996802553,-302.3621,146.12453,52.262398,7.389134,42.61592,17.395638,-33.26646,-19.078175,-21.843672,5.7649107,-14.169849,-9.483171,-33.98172
850,14.166666666666666,0.119152375,212.3338205907632,2122.221966471907,288.9283994909045,1882.7081369944192,2780.550831489037,0.01857034474584411,0.0727455930723943,13.751228996802553,-342.42957,130.84982,47.621784,0.41979668,41.37989,18.761242,-12.785591,-23.414108,-26.162975,3.675734,-7.297534,-1.2996264,-33.6364
851,14.183333333333334,0.11585425,211.3800032985762,1462.190451375258,269.91311687416675,1913.9225583736356,2797.250515398469,0.01857034474584411,0.0727455930723943,13.751228996802553,-364.29956,136.48807,49.296967,4.43183,34.95937,24.408037,-5.4035244,-15.749247,-21.457191,2.5817757,-5.432765,-8.427359,-33.372486
852,14.2,0.12063456,214.58211246769028,1331.2992977843387,284.43606448927966,1862.0894144248941,2712.74247170345,0.01857034474584411,0.0727455930723943,13.751228996802553,-353.53958,148.84036,42.739655,2.14014,36.23562,26.658585,-0.6436511,-19.54978,-28.909977,-10.417413,-4.8913107,4.5400047,-22.997501
853,14.216666666666667,0.12629852,215.6853278260031,1678.77705827504,305.4821603273778,1567.9309426899447,1918.6202084537606,0.01857034474584411,0.0727455930723943,13.751228996802553,-308.6427,163.4979,40.157066,-13.763596,25.28334,15.468126,-2.176407,-13.632519,-29.408964,-10.476237,-13.875236,8.477926,-22.37112
854,14.233333333333333,0.13503021,215.08184127658873,1847.869684894908,347.10579153421685,1080.6244100324566,1977.8753391458924,0.01857034474584411,0.0727455930723943,13.751228996802553,-316.93613,154.81946,46.642105,-21.861996,2.8110154,12.235977,3.2964156,-6.032587,-14.660422,-1.3679581,-30.669289,8.55991,-8.519077
855,14.25,0.13588358,215.12409342162672,2053.5083048769275,367.64204883667605,1240.879425155593,2577.7211113691696,0.01857034474584411,0.0727455930723943,13.751228996802553,-310.209,154.18716,46.535423,-21.112492,13.9674635,17.907726,-4.2591944,-3.2443879,-8.021709,3.3595974,-43.16437,-3.798892,-3.5167558
856,14.266666666666667,0.14242426,215.2602555104397,1870.5458987790473,396.6331250319136,1733.8784260280313,2873.736281823132,0.01857034474584411,0.0727455930723943,13.751228996802553,-297.05017,148.66728,26.251894,-15.169629,30.536797,33.736984,-8.410423,-12.477067,-15.492654,7.7224045,-35.963127,-0.8832915,1.371371
857,14.283333333333333,0.12097333,216.6290711813118,1804.5513297123662,328.3147163434236,1965.7076997656773,2820.734434876522,0.01857034474584411,0.0727455930723943,13.751228996802553,-288.7987,137.13982,14.136658,13.104591,44.74707,23.038097,-22.297173,-21.889194,-23.185085,1.756158,-33.437794,-9.557045,-16.760128
858,14.3,0.07348873,221.45358891243092,3089.0895822068114,343.8114628892687,1745.9985982670726,2546.2454999855418,0.01857034474584411,0.0727455930723943,13.751228996802553,-337.8914,108.84056,23.377367,27.378914,28.87838,11.074601,-10.124919,-5.0600533,-12.095383,-0.012556255,-18.331932,-2.2778325,-16.054478
859,14.316666666666666,0.011130886,0.0,7168.125575000915,569.972840863913,1808.952458843342,2900.6242896622084,0.01857034474584411,0.0727455930723943,13.751228996802553,-408.26364,92.37994,41.64061,5.478715,20.237534,-4.867516,-6.927538,-10.491747,-15.980289,-9.45881,-16.662285,-3.0094028,-18.813349
860,14.333333333333334,0.0048245136,0.0,5818.236471304104,533.5126238993524,2090.8397624578583,3065.511136652796,0.01857034474584411,0.0727455930723943,13.751228996802553,-446.489,81.34479,45.451714,16.102757,16.174526,1.0073078,-8.245332,-15.617327,-13.644916,-9.159382,-12.047422,-5.2299175,-10.083214
861,14.35,0.007118226,0.0,9307.576402417413,475.2991885521896,2254.302208614957,3548.63520525119,0.01857034474584411,0.0727455930723943,13.751228996802553,-457.85132,59.88313,56.81977,17.297785,20.005413,-6.542474,-9.249268,-11.909956,-14.503296,-1.8048798,-12.738499,-1.1076736,-17.831556
862,14.366666666666667,0.025275165,0.0,12876.948335516157,488.3362548588534,2173.310074648885,3286.2313422633965,0.01857034474584411,0.0727455930723943,13.751228996802553,-345.6854,38.405224,26.209126,26.327826,41.68557,-22.828255,-10.368368,-20.220335,-27.92879,0.59742135,-28.676443,15.418943,-32.82859
863,14.383333333333333,0.049949862,0.0,11121.508487644418,554.8252535540233,2342.9590504109306,3144.3565811482476,0.01857034474584411,0.0727455930723943,13.751228996802553,-215.02135,7.2821174,-32.539856,44.1697,40.61402,-20.518812,-22.778257,-18.111992,-15.818983,12.502864,-35.571594,9.6143265,-37.881016
864,14.4,0.073963664,0.0,8620.523250583274,881.2056669938452,2329.820004565119,3226.865712615257,0.01857034474584411,0.0727455930723943,13.751228996802553,-148.68925,4.806688,-59.784317,41.157272,28.68197,-7.523144,-30.040634,-23.12183,-27.914076,15.348022,-29.49376,12.566084,-30.93959
865,14.416666666666666,0.07398111,0.0,7133.160159740088,1974.2980833919853,2404.4465619693433,3548.2608553610407,0.01857034474584411,0.0727455930723943,13.751228996802553,-150.00342,14.215918,-63.177532,34.020157,33.45894,7.946391,-33.02585,-29.095654,-37.99881,17.222212,-28.082916,2.9824219,-31.113743
866,14.433333333333334,0.054297708,0.0,6450.1065113373925,673.4402606867682,2364.975695680007,2772.7297196327163,0.01857034474584411,0.0727455930723943,13.751228996802553,-208.20384,24.013493,-67.37453,27.986279,35.34978,7.06666,-25.034489,-22.862812,-28.808298,14.079508,-21.275581,0.84442765,-29.758646
867,14.45,0.07535072,239.63049596435647,3591.7637074189115,2004.493603558477,2765.5269331027457,3471.886707684775,0.01857034474584411,0.0727455930723943,13.751228996802553,-266.66623,89.15181,-15.273903,58.7425,61.538246,13.036392,-21.409739,-31.789942,-26.421806,-1.9176949,-23.598053,-11.925188,-24.283855
868,14.466666666666667,0.107847586,235.90816758142887,1893.086054808395,376.7557916902684,2273.7325264922547,2613.9150401138686,0.01857034474584411,0.0727455930723943,13.751228996802553,-283.14905,116.25665,4.702242,62.5983,72.01987,19.901466,-18.067268,-31.209633,-40.938805,-9.972893,-13.268522,-9.974824,-25.766726
869,14.483333333333333,0.109474726,226.46800224001328,3011.1161912618572,308.0882260662012,2111.36737533536,3291.9085398769294,0.01857034474584411,0.0727455930723943,13.751228996802553,-267.4056,85.62055,6.763406,69.90309,43.97667,13.584729,-3.6340551,-25.720156,-39.7397,4.9534073,-10.082284,-8.369762,-25.124218
870,14.5,0.08192617,0.0,8649.968941175975,211.5806505021444,1992.9934973661934,3333.7848249674057,0.01857034474584411,0.0727455930723943,13.751228996802553,-184.68976,4.9277873,2.5197015,76.99237,11.325209,10.935929,-6.6790333,-14.14233,-52.578415,24.491077,-1.4575012,7.978114,-29.06845
871,14.516666666666667,0.06859805,0.0,9068.212158844517,623.5139931471687,2092.0785922994273,3813.5123163602966,0.01857034474584411,0.0727455930723943,13.751228996802553,-180.39162,-27.403141,-5.6381674,80.66319,-4.3709373,14.834479,-6.1383934,-8.686878,-64.18785,16.96721,-3.8414657,0.81826186,-31.693226
872,14.533333333333333,0.06497194,0.0,9153.351993827631,1742.5490356193707,2463.5744270318646,4411.631514106631,0.01857034474584411,0.0727455930723943,13.751228996802553,-188.03404,-37.030758,-18.535366,64.7729,-17.578445,20.806465,-0.2979656,-2.696447,-73.83554,1.2131629,-10.826021,2.8508356,-19.669098
873,14.55,0.047125634,0.0,8649.841500038008,1528.5002243063025,2304.695239029485,4191.844536159188,0.01857034474584411,0.0727455930723943,13.751228996802553,-205.7766,-12.3617735,-23.29543,49.006714,-11.018295,30.024895,19.323818,14.625214,-65.818405,-6.2688537,-16.34031,-3.5184982,-13.787665
874,14.566666666666666,0.018270006,0.0,8952.137882510007,1444.9609662035557,2222.622023433182,3970.9570108282487,0.01857034474584411,0.0727455930723943,13.751228996802553,-348.0411,20.42978,3.5119402,31.019484,1.3769418,18.068075,25.160887,12.501438,-50.56365,-5.838955,-19.8307,-5.451349,-12.71548
875,14.583333333333334,0.004586421,0.0,9371.740256371715,1374.929557612006,2294.03107550016,3910.6457718089077,0.01857034474584411,0.0727455930723943,13.751228996802553,-408.97794,14.905989,9.0231905,27.22506,-0.9023969,6.0639257,27.895376,13.402433,-36.386627,-0.9100162,-17.955162,-7.8385167,-10.147408
876,14.6,0.008353683,0.0,7204.325521368527,1139.4554215882347,1869.3726741942728,3986.033023057188,0.01857034474584411,0.0727455930723943,13.751228996802553,-346.96057,75.825714,20.723835,-19.027145,-40.00981,-24.379921,11.437269,20.39531,-34.8358,3.7532997,-13.463946,-8.472985,-22.845566
877,14.616666666666667,0.008882266,0.0,7364.436502583609,1105.4971407552555,1762.5004973677067,3959.2106206052435,0.01857034474584411,0.0727455930723943,13.751228996802553,-341.00348,79.02095,32.216305,-17.23278,-43.961784,-30.256023,1.4174733,21.41013,-31.548914,5.856146,-9.5385685,-6.446251,-26.250175
878,14.633333333333333,0.030348828,0.0,4303.184600140956,1051.219076151852,1771.3465224701858,3778.3211952316046,0.01857034474584411,0.0727455930723943,13.751228996802553,-368.47623,109.92935,40.19886,5.623992,-7.9623995,-4.473707,15.994089,11.123897,-34.9785,-18.678116,-16.227024,-14.086176,-28.04707
879,14.65,0.05006791,225.05244684635966,1773.1084142477653,402.6364492842401,1542.4471614506567,3557.5042314829684,0.01857034474584411,0.0727455930723943,13.751228996802553,-359.82166,141.30916,65.0833,21.203396,4.2583475,-0.034873098,4.711801,4.883428,-34.146896,-23.476383,-22.64465,-17.15393,-26.330847
880,14.666666666666666,0.05000076,221.75013597310658,2273.5877345801646,355.101409822895,2050.501001083154,3498.8322426448954,0.01857034474584411,0.0727455930723943,13.751228996802553,-337.50003,114.414215,29.417469,41.834633,29.310413,4.9677463,-5.7289295,0.8356563,-23.404913,-13.523846,-18.510181,-18.737171,-34.71515
881,14.683333333333334,0.03225529,0.0,3689.204047371831,359.77851658128185,2028.6195572038375,3442.0238403052776,0.01857034474584411,0.0727455930723943,13.751228996802553,-405.51892,96.49179,39.443565,36.467598,30.859564,5.59809,1.6457238,10.997842,-8.625969,-13.608197,-17.85897,-15.5191555,-23.308704
882,14.7,0.008610707,0.0,3951.922632094399,352.60441301474185,2067.8206554053254,3453.3424078333737,0.01857034474584411,0.0727455930723943,13.751228996802553,-461.05148,76.40141,49.077267,36.198807,29.739267,12.6625595,0.88956654,1.3133357,-6.0425415,-14.985902,-17.385618,-15.977774,-22.615204
883,14.716666666666667,0.0051855277,0.0,5814.092921804411,329.8748720780589,2001.3060995659807,3463.210726695671,0.01857034474584411,0.0727455930723943,13.751228996802553,-483.2701,56.36797,46.119705,35.073135,27.541546,12.717045,8.088682,6.875218,1.5921125,-8.367735,-11.671076,-10.930339,-13.7538395
884,14.733333333333333,0.002702442,0.0,9438.225814810063,355.4302020399851,2096.7547863919553,3550.62470795612,0.01857034474584411,0.0727455930723943,13.751228996802553,-491.5036,40.88671,44.581715,27.000313,26.390226,9.115551,7.7012596,-1.3546059,-3.981605,-8.876131,-11.664568,-7.95704,-11.812887
885,14.75,0.026412947,0.0,13032.028227476905,454.6604878593407,2196.8156563950556,3511.722730597739,0.01857034474584411,0.0727455930723943,13.751228996802553,-416.47534,27.46046,43.60237,31.939745,21.527948,-21.161383,-1.3681709,-2.9600048,-8.785038,-15.8705,-23.675835,6.818,-26.776829
886,14.766666666666667,0.058368642,0.0,11504.736870490862,788.3153433398616,2543.648282851603,3440.2633746345505,0.01857034474584411,0.0727455930723943,13.751228996802553,-224.83012,-10.795275,-27.746466,53.330414,46.692074,-9.229439,-25.518131,-16.377777,-23.858751,5.8434496,-34.29457,7.362457,-33.069153
887,14.783333333333333,0.07187137,0.0,7894.431156514409,2285.5276131951605,2733.706940695358,3489.4377981122066,0.01857034474584411,0.0727455930723943,13.751228996802553,-155.95844,-16.853281,-74.19252,44.98344,38.822876,5.85026,-32.861595,-22.804564,-39.23442,14.764368,-36.471943,13.940778,-21.041916
888,14.8,0.06459466,0.0,6878.291788173659,1917.5127165617903,2781.9916790447323,3532.440055528952,0.01857034474584411,0.0727455930723943,13.751228996802553,-174.2838,15.917477,-68.44263,32.354057,30.02111,7.5704756,-32.93724,-24.87482,-42.75281,8.077964,-29.143055,10.480091,-19.156822
889,14.816666666666666,0.033891745,0.0,5558.95170876408,669.705910820814,2009.5714800820776,2845.540701076281,0.01857034474584411,0.0727455930723943,13.751228996802553,-220.80885,71.55769,-52.616974,-2.301446,21.893028,-6.7868085,-43.708984,-36.30876,-38.119835,10.241596,-17.337812,12.478412,-20.996088
890,14.833333333333334,0.07295039,235.07516338415383,4778.361613078064,643.7281781489891,1897.062724316995,2791.4259334289422,0.01857034474584411,0.0727455930723943,13.751228996802553,-209.68622,109.5906,-11.334137,0.5827646,26.286243,3.6379929,-33.007797,-20.80151,-28.89653,25.779797,-13.601995,15.579166,-17.42717
891,14.85,0.10353206,229.37541159102503,2657.553548510178,620.8869033002877,1776.19209038155,2880.75004280352,0.01857034474584411,0.0727455930723943,13.751228996802553,-200.91216,153.10544,1.1681166,-17.700878,5.341387,-0.82260936,-22.056416,-14.182814,-31.805183,14.804184,-17.121891,9.5637455,-15.945278
892,14.866666666666667,0.11776766,222.1105489608366,2139.595629638746,731.9732389384343,1773.9836835608467,2907.493212498121,0.01857034474584411,0.0727455930723943,13.751228996802553,-225.36588,161.77853,-0.8259922,-33.067482,3.6705117,-1.8976476,-17.87757,-4.802026,-21.775827,11.43894,-13.985157,8.314152,-6.138095
893,14.883333333333333,0.10547126,215.46034793204143,1986.06486853036,734.4965219097837,1661.1734988775686,3294.193576859812,0.01857034474584411,0.0727455930723943,13.751228996802553,-252.38618,170.00366,6.9883447,-28.040503,2.3897882,-10.381893,-14.768204,-2.0560975,-17.413837,9.246788,-17.400883,12.401272,-1.6266621
894,14.9,0.082534544,210.53886652309893,2233.544451096169,709.7002272002157,1206.6025191767858,2535.4321496611583,0.01857034474584411,0.0727455930723943,13.751228996802553,-271.53214,162.77454,8.409011,-33.806076,-0.039301395,-8.640314,-13.72168,-4.881951,-18.979542,10.65749,-22.147335,3.661653,-3.4965842
895,14.916666666666666,0.076039515,215.06784092602666,1920.0306541821255,728.0122152464635,1444.7781674060907,2750.7064151609816,0.01857034474584411,0.0727455930723943,13.751228996802553,-289.19623,169.01643,27.029354,-28.178627,-10.2169895,-13.405614,-9.929304,-7.3875513,-15.74071,10.523341,-23.83704,-2.7847934,1.5444671
896,14.933333333333334,0.08068977,219.9860821372017,1771.294790464418,332.68529815871926,879.905501768145,2410.672823145839,0.01857034474584411,0.0727455930723943,13.751228996802553,-317.8921,153.08188,31.644606,-9.033336,-5.484455,-12.313568,-6.102215,-4.718213,-10.665168,11.939817,-17.252913,-3.5488133,-1.0226059
897,14.95,0.08364965,220.50142213373908,1561.3668254138297,370.04888625247287,824.6763229380259,2527.007314527192,0.01857034474584411,0.0727455930723943,13.751228996802553,-337.47025,158.77238,50.109055,-7.970608,-7.7052364,-11.735071,-10.308006,-2.291566,-4.9921722,5.726449,-17.10339,-0.10802978,7.8029523
898,14.966666666666667,0.08414118,221.9012651685804,1474.4905735282086,241.67496368399523,698.0288651225258,2381.9442486335865,0.01857034474584411,0.0727455930723943,13.751228996802553,-363.9178,148.17427,65.122116,6.1693335,-5.691743,-7.4478436,-2.3680515,-2.7468505,-7.798288,2.3536077,-18.445953,-0.89189994,8.092417
899,14.983333333333333,0.08426013,223.50371597757425,1324.7891677937832,322.85409549146675,821.9785029912442,2387.939851503801,0.01857034474584411,0.0727455930723943,13.751228996802553,-393.32062,139.31204,78.893875,15.104472,-2.54894,-2.625132,-1.5089302,-0.7995343,-7.6007853,-4.145887,-16.096106,-3.932755,1.2841337
900,15.0,0.082058534,223.46607649726397,1210.0757716198254,360.1924329470649,944.2526317910506,2682.2218819014547,0.01857034474584411,0.0727455930723943,13.751228996802553,-393.31537,143.7182,80.90329,15.437847,-6.386407,-3.5246136,3.1246245,1.4815102,-7.1529264,-8.635826,-19.0942,-6.732929,2.0965052
901,15.016666666666667,0.076693006,222.00033525297366,1176.8300204262182,535.3687528775423,1169.1365972841895,2696.1218181152835,0.01857034474584411,0.0727455930723943,13.751228996802553,-394.1315,146.8869,79.2261,14.436474,-10.819786,-6.706005,5.5007296,2.140393,-3.4653015,-6.639545,-14.024231,-4.4389176,3.7908337
902,15.033333333333333,0.06089615,217.91302108294863,1224.225401135879,535.7178433739574,1393.4265558640766,2582.6452624992594,0.01857034474584411,0.0727455930723943,13.751228996802553,-389.75882,149.39864,72.22743,12.416239,-12.810917,-1.8508565,6.846229,-4.7395267,-8.179474,-6.7511473,-8.62639,5.384244,8.416893
903,15.05,0.03962335,211.75708203337055,1649.5840761283766,456.86714199027506,1535.7440894843305,2627.3378538112943,0.01857034474584411,0.0727455930723943,13.751228996802553,-399.7974,137.94672,60.17463,2.8104358,-14.573241,2.8865693,13.167165,-2.378958,-9.173019,-12.221597,-10.008864,3.3008819,0.8302952
904,15.066666666666666,0.016992638,0.0,2337.977191295505,740.5877923774193,1646.617249500664,2836.6981918546303,0.01857034474584411,0.0727455930723943,13.751228996802553,-426.7121,115.42178,49.65209,-1.5408523,-11.376319,3.739387,13.093169,2.0874057,-11.425871,-11.288188,0.079290986,7.2051587,0.018360615
905,15.083333333333334,0.005903681,0.0,3404.5995505733936,1033.1296273288867,1632.7345625125067,2799.911584085081,0.01857034474584411,0.0727455930723943,13.751228996802553,-452.66525,84.566574,30.831532,-6.1698785,-6.084052,12.979759,19.732841,5.2919893,-11.488247,-12.067776,0.45311648,8.176489,0.02360481
906,15.1,0.0018671405,0.0,4527.020293654482,1259.0613643971203,1702.673390391495,3001.1697755466967,0.01857034474584411,0.0727455930723943,13.751228996802553,-478.2426,55.25164,17.297318,-4.6998396,2.8288336,21.002096,22.286139,2.780101,-15.316462,-13.028362,3.8507876,13.830479,5.30531
907,15.116666666666667,0.0014071901,0.0,5448.907014872715,1169.9313247403593,1716.354457185608,2987.190875117374,0.01857034474584411,0.0727455930723943,13.751228996802553,-493.8088,37.43943,8.566208,-6.7221775,1.4605508,17.140476,17.532745,0.08328807,-15.61925,-13.524021,1.3492811,10.619092,3.8123279
908,15.133333333333333,0.00080945384,0.0,5969.809214164449,1509.4374741142096,1692.6996846379734,3288.2234529816865,0.01857034474584411,0.0727455930723943,13.751228996802553,-505.5066,25.247658,5.410077,-2.9889922,6.4487853,19.103146,17.390833,1.4907873,-11.566489,-8.412186,5.435741,13.063522,6.284013
909,15.15,0.0005731922,0.0,7256.169814258352,1248.33457972477,1733.6892042077145,3044.5937761377777,0.01857034474584411,0.0727455930723943,13.751228996802553,-515.19226,16.266184,5.552719,1.2753533,6.517832,12.792128,10.738392,1.4676883,-5.1218443,-2.575832,4.4979672,6.4736595,0.5687647
910,15.166666666666666,0.00037201305,0.0,7859.40645501474,719.7390652154371,1751.0497169371288,3155.381492634788,0.01857034474584411,0.0727455930723943,13.751228996802553,-521.0681,11.58168,7.446123,4.9725738,5.3177414,6.019252,4.3143578,0.63863546,-1.9576254,-1.6122487,0.12610683,0.37575334,-1.3881911
911,15.183333333333334,0.00030138358,0.0,9081.00448712585,634.1451898207085,1803.6059329590964,2978.115771309211,0.01857034474584411,0.0727455930723943,13.751228996802553,-525.6793,6.9158125,6.3329144,5.452655,4.3956003,3.3009202,2.3032951,1.510977,0.98903334,0.7504765,0.7567389,0.92717445,1.1556422
912,15.2,0.00027219913,0.0,9207.805862739451,887.54994498156,1834.4245358906442,2999.582853947736,0.01857034474584411,0.0727455930723943,13.751228996802553,-527.1845,4.8359156,4.4207897,3.8731413,3.33833,2.9138439,2.6090121,2.349609,2.0244462,1.5502992,0.9225317,0.2258795,-0.4002641
913,15.216666666666667,0.00027215143,0.0,9244.338341697505,1105.1866889996481,2222.756069243806,3226.757029133198,0.01857034474584411,0.0727455930723943,13.751228996802553,-527.8604,3.8148236,3.2765324,2.6985252,2.3137069,2.1492,2.0262742,1.7175223,1.1382465,0.42454126,-0.16133536,-0.42428473,-0.37951577
914,15.233333333333333,0.00026933444,0.0,9535.549021862662,1123.1462443992993,2135.5055763962528,3143.5477184051438,0.01857034474584411,0.0727455930723943,13.751228996802553,-527.51733,4.449224,4.24061,3.9087012,3.4756021,2.9693103,2.4211261,1.8629068,1.3243325,0.83058625,0.40059543,0.046063125,-0.2287094
915,15.25,0.00026679542,0.0,9468.443008309066,865.1312777873057,2085.186505563377,2974.058496357222,0.01857034474584411,0.0727455930723943,13.751228996802553,-527.4258,4.4998503,4.097601,3.5639496,3.0379343,2.6150308,2.308527,2.0522866,1.7427781,1.299201,0.71164215,0.053335845,-0.549322
916,15.266666666666667,0.00029224707,0.0,9420.020556091087,1074.885837698002,2181.6085600078836,3306.4077769348846,0.01857034474584411,0.0727455930723943,13.751228996802553,-526.3774,6.0483685,5.8009644,5.404489,4.881614,4.261816,3.579443,2.8713207,2.1743355,1.5230283,0.9473815,0.47104377,0.10999979
917,15.283333333333333,0.0003245731,0.0,8817.609980261266,1207.205624820278,2032.3896157839013,3282.1111236564766,0.01857034474584411,0.0727455930723943,13.751228996802553,-525.20026,7.7237587,7.5066967,7.155353,6.6847763,6.1148744,5.469388,4.774642,4.0582104,3.3475742,2.6688337,2.0455284,1.4976542
918,15.3,0.00031613873,0.0,9066.11742625966,1228.297697156988,1893.461288664835,3024.8607181437997,0.01857034474584411,0.0727455930723943,13.751228996802553,-525.07495,7.900207,7.681384,7.3294435,6.8624487,6.303646,5.679657,5.018451,4.347281,3.6907854,3.0694304,2.4983582,1.9867857
919,15.316666666666666,0.0002737337,0.0,9198.430867805464,474.1308695216826,1702.4948065395567,2610.099428001921,0.01857034474584411,0.0727455930723943,13.751228996802553,-526.18616,6.2758994,5.9053297,5.3214025,4.570692,3.7109647,2.8048973,1.913388,1.0893815,0.3727907,-0.21262583,-0.6604698,-0.98053485
920,15.333333333333334,0.00026702613,0.0,9486.81866874261,821.9765027894651,1868.4726116805168,3011.077446017517,0.01857034474584411,0.0727455930723943,13.751228996802553,-527.51764,4.3717737,3.9434872,3.281438,2.4563146,1.5542105,0.6658802,-0.12432727,-0.74838394,-1.1621176,-1.3492292,-1.3216908,-1.116276
921,15.35,0.00026784698,0.0,8961.442080084358,1013.0002892923239,2386.415889007266,3187.1646905181296,0.01857034474584411,0.0727455930723943,13.751228996802553,-526.7961,5.431982,5.1159706,4.6178102,3.9771752,3.2437305,2.472092,1.716354,1.0248282,0.4356333,-0.02657707,-0.35213113,-0.54626834
922,15.366666666666667,0.00026385105,0.0,9455.468338804127,982.5155401322894,1932.0772420883602,3131.12260274184,0.01857034474584411,0.0727455930723943,13.751228996802553,-527.75903,4.11969,3.9483585,3.679653,3.336825,2.9486768,2.5463152,2.1597588,1.8147095,1.5299473,1.3155525,1.1723026,1.0921519
923,15.383333333333333,0.00027020916,0.0,9344.159379465471,937.3509237142879,1873.0837038732848,3126.863145948471,0.01857034474584411,0.0727455930723943,13.751228996802553,-527.6975,4.1814585,3.9362295,3.5503929,3.0557625,2.4921598,1.9033215,1.3325701,0.81861526,0.39204347,0.07278828,-0.1310552,-0.2231053
924,15.4,0.0002784879,0.0,8967.110685715032,1021.5430538832416,1979.7029612946967,3088.559163980929,0.01857034474584411,0.0727455930723943,13.751228996802553,-526.5268,5.6871743,5.02318,4.033459,2.8640013,1.6715224,0.5961954,-0.25559425,-0.81784904,-1.0648662,-1.0093062,-0.7006401,-0.22210357
925,15.416666666666666,0.00029570278,0.0,8749.566853545659,797.8546665818428,1714.82290901096,2880.8541395300667,0.01857034474584411,0.0727455930723943,13.751228996802553,-525.6833,7.0155773,6.7282495,6.275747,5.694299,5.028445,4.325873,3.632185,2.986131,2.416148,1.938225,1.5557947,1.261004
926,15.433333333333334,0.00030124956,0.0,9014.461514404677,620.180831715798,1769.383683866891,2930.951770454262,0.01857034474584411,0.0727455930723943,13.751228996802553,-524.2793,8.8697815,8.202034,7.159134,5.837756,4.3575983,2.8481178,1.4344745,0.22443122,-0.70234466,-1.3011953,-1.56515,-1.5230066
927,15.45,0.00030882965,0.0,9121.972006235712,970.298983611483,2186.8474739340077,3246.903379613163,0.01857034474584411,0.0727455930723943,13.751228996802553,-524.8342,8.036306,7.2332716,5.9991198,4.475912,2.836,1.2598743,-0.08662747,-1.0727448,-1.6181605,-1.7013085,-1.3596853,-0.6823264
928,15.466666666666667,0.0003097448,0.0,9680.977203839435,1066.2947485085424,2182.411776447826,3329.8348989978153,0.01857034474584411,0.0727455930723943,13.751228996802553,-526.32056,6.095875,5.7619724,5.2581897,4.652171,4.018617,3.4253407,2.9220269,2.5341601,2.2629075,2.090414,1.9882365,1.9264209
929,15.483333333333333,0.0002836893,0.0,9683.268915593515,979.3099787409408,2214.860002952692,3504.0048417928338,0.01857034474584411,0.0727455930723943,13.751228996802553,-526.8204,5.387182,5.04259,4.5066433,3.8318791,3.0825405,2.3267064,1.6281862,1.0391002,0.59420586,0.3076283,0.17242697,0.16296971
930,15.5,0.0002695473,0.0,9757.518223285562,883.9300162808595,1973.0325256431793,3230.2112874705126,0.01857034474584411,0.0727455930723943,13.751228996802553,-528.1895,3.542835,3.4640307,3.3387778,3.1754446,2.9843655,2.7766056,2.5627584,2.3517992,2.1501522,1.9611982,1.7850816,1.6190557
931,15.516666666666667,0.00026394543,0.0,10022.498182004823,1020.5621543668772,2173.2573616946447,3133.6549116793863,0.01857034474584411,0.0727455930723943,13.751228996802553,-527.53204,4.42182,4.1945667,3.8351674,3.3705816,2.834684,2.2648723,1.6984737,1.1692209,0.70431703,0.32218242,0.031416737,-0.16924703
932,15.533333333333333,0.00027206054,0.0,9183.49031333733,448.8468749686897,1847.2342313820952,2885.618651558657,0.01857034474584411,0.0727455930723943,13.751228996802553,-525.4216,7.3012147,6.7663307,5.9208145,4.829129,3.5730352,2.2441726,0.9358995,-0.26476496,-1.2842932,-2.0683362,-2.5851712,-2.8269162
933,15.55,0.00028653495,0.0,9178.899488162746,632.2073453356511,1830.0091103698005,2775.527894841327,0.01857034474584411,0.0727455930723943,13.751228996802553,-523.66956,9.648226,8.738636,7.323761,5.542563,3.5659137,1.5766816,-0.25105113,-1.7709903,-2.87955,-3.5248249,-3.7088363,-3.4829173
934,15.566666666666666,0.0003077019,0.0,9813.295118536611,1025.586175028548,2006.5677892547599,3187.254994869588,0.01857034474584411,0.0727455930723943,13.751228996802553,-525.48846,7.191824,6.6168613,5.7176304,4.5757427,3.2923934,1.9772987,0.73684037,-0.33697507,-1.1756462,-1.7401836,-2.0235572,-2.0492578
935,15.583333333333334,0.00030869886,0.0,8884.736765583924,1085.0071745534578,2291.4201791474447,3691.3244306863903,0.01857034474584411,0.0727455930723943,13.751228996802553,-522.3689,11.540665,10.782925,9.598572,8.095753,6.407775,4.6778517,3.0429924,1.6191741,0.48944864,-0.30330405,-0.75864124,-0.9153094
936,15.6,0.0003261381,0.0,9746.573041623438,840.0710775283355,2039.3988157017657,3267.9376003830907,0.01857034474584411,0.0727455930723943,13.751228996802553,-525.53503,7.1393967,6.6070337,5.785593,4.7634115,3.6452608,2.5375986,1.5343767,0.70577896,0.09131423,-0.3020001,-0.49676466,-0.53854644
937,15.616666666666667,0.00029595135,0.0,9749.98451900019,1204.6842739893325,1854.4688907562856,3331.5336701787423,0.01857034474584411,0.0727455930723943,13.751228996802553,-525.1558,7.6793327,7.1585073,6.3576264,5.365814,4.2868576,3.222948,2.2594693,1.453604,0.8286101,0.37456793,0.05523032,-0.18074566
938,15.633333333333333,0.00031862268,0.0,9300.60066684224,965.7235859543755,1971.4735057063513,3345.0272976946953,0.01857034474584411,0.0727455930723943,13.751228996802553,-524.99365,7.870282,7.236785,6.2566986,5.032586,3.6877956,2.3501883,1.1360521,0.13667913,-0.5907257,-1.0264732,-1.1865225,-1.1157258
939,15.65,0.00032710528,0.0,9081.394226878785,814.5792356979812,1887.697269036468,3252.5442608886106,0.01857034474584411,0.0727455930723943,13.751228996802553,-524.20544,9.049679,8.60474,7.9211884,7.075945,6.1583776,5.2560525,4.4413495,3.7612703,3.2322395,2.840613,2.5486178,2.3044128
940,15.666666666666666,0.00033816943,0.0,9253.305107831175,1179.5555307166876,1980.4600974441976,3309.2046526187273,0.01857034474584411,0.0727455930723943,13.751228996802553,-526.3459,6.042198,5.65438,5.0608044,4.3320208,3.5510688,2.801175,2.153946,1.6600616,1.343852,1.2022923,1.2083843,1.3178279
941,15.683333333333334,0.00031037713,0.0,9107.115358546946,672.8372234143244,1810.8374497007276,3208.201064103443,0.01857034474584411,0.0727455930723943,13.751228996802553,-524.64185,8.291572,7.463875,6.2549524,4.8514137,3.4195793,2.0800698,0.9164512,-0.0030317092,-0.61747,-0.88940847,-0.8306888,-0.51253194
942,15.7,0.00029642414,0.0,9238.050460837905,795.2587698646868,1865.999710476825,2959.75381031799,0.01857034474584411,0.0727455930723943,13.751228996802553,-527.2684,4.721284,4.2879324,3.6293871,2.8307123,1.9918087,1.2120945,0.57555693,0.13861646,-0.07725029,-0.087131724,0.061728686,0.29933074
943,15.716666666666667,0.00029084412,0.0,9403.683713612481,682.122326987619,1725.1211583393947,3033.427688121464,0.01857034474584411,0.0727455930723943,13.751228996802553,-526.68475,5.2494884,4.2517023,3.362767,2.851398,2.3970194,1.6053232,0.6010448,-0.028659359,0.11321797,0.75627166,1.2325501,1.1854887
944,15.733333333333333,0.0002838256,0.0,9358.372112891937,865.2210967793962,1748.0173703174014,3125.914381362527,0.01857034474584411,0.0727455930723943,13.751228996802553,-526.1528,6.0332923,5.0567236,4.054096,3.2873683,2.5779793,1.6700172,0.6676365,0.012102485,0.01836434,0.5144638,1.0027289,1.1501977
945,15.75,0.00030961426,0.0,9263.624247535377,964.6461383684376,1847.6760585326078,3237.9087195913125,0.01857034474584411,0.0727455930723943,13.751228996802553,-527.5398,4.2541237,3.6808252,3.0313354,2.4625807,1.9444464,1.4065074,0.91350394,0.6450491,0.6991403,0.9545039,1.1576116,1.1391435
946,15.766666666666667,0.0003462141,0.0,9178.945796647777,625.9164638412038,1808.7282720796804,2876.551273564072,0.01857034474584411,0.0727455930723943,13.751228996802553,-524.34576,8.455557,7.353184,6.665696,6.6045046,6.435175,5.4952602,4.1074867,3.2165017,3.2097912,3.425745,2.9789348,1.8605083
947,15.783333333333333,0.0003688591,0.0,8630.269617114644,700.4892901666228,1815.5862117760428,2997.817327145771,0.01857034474584411,0.0727455930723943,13.751228996802553,-523.22766,9.43095,7.158427,5.878407,6.0547013,6.092705,4.5550556,2.1467266,0.92692345,1.7559295,3.2293215,3.443492,2.334289
948,15.8,0.00033775897,0.0,8758.566118723054,752.6206724167931,1771.4627179321988,2838.6041081435446,0.01857034474584411,0.0727455930723943,13.751228996802553,-523.2827,9.318209,6.8384075,5.0677147,4.6502333,4.3919144,3.0398202,0.9943783,-0.19772792,0.16294718,1.0604894,1.1278923,0.4389924
949,15.816666666666666,0.00032197573,0.0,9126.212243841557,734.8276454035805,1782.2579036798622,2938.2183724515207,0.01857034474584411,0.0727455930723943,13.751228996802553,-526.0316,5.674036,3.8180108,2.802861,3.0313811,3.1909215,2.055387,0.14934295,-0.8407021,-0.15776774,1.0826699,1.2867804,0.34378597
950,15.833333333333334,0.00032912937,0.0,8796.794126658257,765.686958044188,1822.8997182310113,2890.5024618537373,0.01857034474584411,0.0727455930723943,13.751228996802553,-523.5929,8.992559,6.8801036,5.702693,5.870633,5.8589363,4.300754,1.8445339,0.40675694,0.79825914,1.755285,1.5727856,0.22028793
951,15.85,0.00036414582,0.0,8947.49472867644,680.1786304427293,1784.9580515563011,2932.726963141717,0.01857034474584411,0.0727455930723943,13.751228996802553,-523.6266,8.842384,6.531045,5.2918587,5.670229,6.0033274,4.606279,1.9789722,0.29952908,0.81922853,2.358519,2.7449377,1.4193251
952,15.866666666666667,0.00036532892,0.0,8702.47156374924,803.0464874905133,1772.954956284166,2979.510950031912,0.01857034474584411,0.0727455930723943,13.751228996802553,-526.01965,4.1102304,1.6871436,1.8271706,1.5011637,2.5092716,2.5133462,-1.4206641,-2.8327942,-0.7491803,0.08707115,1.1095974,1.012707
953,15.883333333333333,0.0003595856,0.0,8834.243855314564,654.0589819000331,1778.4737948494776,3315.012331336096,0.01857034474584411,0.0727455930723943,13.751228996802553,-524.17444,8.714517,7.54974,6.5508375,5.964055,5.267157,3.902349,2.062725,0.56997824,-0.019161314,-0.0057831155,-0.13112131,-0.65796506
954,15.9,0.00033738426,0.0,9093.809410071497,1192.4379229409765,1832.0432645803762,3323.102011303321,0.01857034474584411,0.0727455930723943,13.751228996802553,-524.1867,8.728359,7.7111053,7.0710382,7.0608425,7.0257015,6.225113,4.760164,3.4972458,3.076795,3.1857991,2.9572356,2.0163388
955,15.916666666666666,0.00033333935,0.0,9309.6609406073,761.9257446287882,1804.892418342685,2833.5541811210355,0.01857034474584411,0.0727455930723943,13.751228996802553,-525.50757,6.7577877,5.556562,4.838276,4.8244753,4.654827,3.5375793,1.8173434,0.61077183,0.46720815,0.7363269,0.4295496,-0.5175783
956,15.933333333333334,0.00031572024,0.0,9331.895047460166,693.6248032867693,1849.2104240026893,3038.2641700626887,0.01857034474584411,0.0727455930723943,13.751228996802553,-525.9494,6.4776473,5.8398523,5.092485,4.3466663,3.492504,2.4228878,1.2570658,0.2768742,-0.35392177,-0.7456132,-1.1231369,-1.546216
957,15.95,0.00031578875,0.0,10139.657093011918,770.4176110052239,1912.2846908232561,3266.623757875125,0.01857034474584411,0.0727455930723943,13.751228996802553,-526.1504,5.5385165,5.5857663,3.9610872,3.398223,1.5703592,0.89309627,-0.55480075,-0.9185546,-1.6281892,-1.5551547,-1.5388496,-1.2364402
958,15.966666666666667,0.000307796,0.0,9473.373012194377,549.8997428113117,1775.3197570532477,3031.9762737912656,0.01857034474584411,0.0727455930723943,13.751228996802553,-525.50385,7.2553997,6.927984,6.4135337,5.7538157,4.9980426,4.195936,3.3912802,2.617381,1.8949193,1.2326593,0.6303126,0.08292198
959,15.983333333333333,0.00026665506,0.0,9418.611309093843,764.6935923742601,1833.716613812801,3102.6710746087783,0.01857034474584411,0.0727455930723943,13.751228996802553,-527.0973,4.956046,4.503851,3.8220725,3.005595,2.163902,1.4029429,0.8082335,0.43211132,0.2872307,0.34743744,0.55512714,0.8337916
960,16.0,0.00026420766,0.0,9565.189989907489,932.2401093845041,2069.630683500173,3285.982969776429,0.01857034474584411,0.0727455930723943,13.751228996802553,-526.8323,5.310645,4.7935343,3.9905834,2.982706,1.8693227,0.75672495,-0.25406188,-1.0783951,-1.6566784,-1.9597495,-1.9901986,-1.7799274
961,16.016666666666666,0.00026942394,0.0,9953.458272966363,347.64708367181925,1454.500345647819,2771.305401197656,0.01857034474584411,0.0727455930723943,13.751228996802553,-527.9693,3.7706916,3.4483078,2.940849,2.2898707,1.547537,0.7715099,0.019548872,-0.65557975,-1.2103341,-1.6133878,-1.8471429,-1.9078333
962,16.033333333333335,0.00026652036,0.0,9192.080415238579,741.7617342648032,1870.2908263862437,2813.417669463069,0.01857034474584411,0.0727455930723943,13.751228996802553,-525.8456,6.678051,6.0803857,5.154062,3.9936848,2.7131488,1.4306399,0.25357068,-0.73412645,-1.4806871,-1.9698517,-2.218874,-2.2715561
963,16.05,0.00027938676,0.0,9672.74177077828,846.5993326726042,1856.541398429638,2502.824947248596,0.01857034474584411,0.0727455930723943,13.751228996802553,-526.93646,5.2264643,4.8880243,4.3489656,3.6445234,2.8197737,1.9258331,1.0158012,0.14064704,-0.6543683,-1.3327175,-1.868408,-2.2468805
964,16.066666666666666,0.00026671836,0.0,9400.905163802283,994.7288764111768,2151.649243459865,3180.8079253448936,0.01857034474584411,0.0727455930723943,13.751228996802553,-526.2284,6.13196,5.5184402,4.5602055,3.3445938,1.9776051,0.5715001,-0.7667233,-1.9444566,-2.8894882,-3.5527964,-3.9092631,-3.956777
965,16.083333333333332,0.00026593285,0.0,9377.915755765249,944.8502385693091,2114.8976218526736,3376.21887270733,0.01857034474584411,0.0727455930723943,13.751228996802553,-527.6762,4.2012887,3.9259167,3.4924564,2.9364262,2.302362,1.6393958,0.99643457,0.4175226,-0.062021673,-0.41863346,-0.64182854,-0.7343674
966,16.1,0.00024934256,0.0,8949.766421970056,662.0741074638562,1806.465288520582,2910.811460741093,0.01857034474584411,0.0727455930723943,13.751228996802553,-526.20166,6.2209287,5.755296,5.026531,4.1003876,3.059147,1.9931717,0.991729,0.13410637,-0.51797336,-0.92603874,-1.077754,-0.98708916
967,16.116666666666667,0.00024552215,0.0,9841.62261440564,1149.605596753477,2237.2165526178883,3083.0256040196737,0.01857034474584411,0.0727455930723943,13.751228996802553,-529.3676,1.8304725,1.6249235,1.3246441,0.9780576,0.6300765,0.3124149,0.041820332,-0.17432669,-0.32987347,-0.4149372,-0.41755816,-0.33154672
968,16.133333333333333,0.0002433276,0.0,9577.540324630576,1016.9217591219966,1728.65278344816,2962.3319482404568,0.01857034474584411,0.0727455930723943,13.751228996802553,-528.6129,2.9381094,2.8418765,2.688672,2.4883885,2.2532473,1.9964155,1.7306311,1.4669217,1.2137092,0.9762196,0.7565242,0.5539068
969,16.15,0.0002663438,0.0,9904.030706305293,911.890368359394,1894.9268439749505,3127.5039455164533,0.01857034474584411,0.0727455930723943,13.751228996802553,-529.493,1.6557673,1.4517612,1.1373749,0.74752015,0.32456753,-0.08706945,-0.44644237,-0.72099423,-0.8901626,-0.9472517,-0.89937645,-0.76554966
970,16.166666666666668,0.00028794984,0.0,9579.947769398575,647.7605480333524,1949.7735760514029,2853.922834167695,0.01857034474584411,0.0727455930723943,13.751228996802553,-526.2093,6.2494054,5.8990593,5.3537,4.666547,3.903566,3.1360433,2.4327738,1.852567,1.4380221,1.2113585,1.1725185,1.2999951
971,16.183333333333334,0.00030012996,0.0,9336.819248039761,773.9423190369902,1721.6159871109273,2877.103902059657,0.01857034474584411,0.0727455930723943,13.751228996802553,-526.10004,6.4728985,6.3197565,6.0721426,5.7409916,5.34064,4.887886,4.4009957,3.8985732,3.3985076,2.9168787,2.4671955,2.0597186
972,16.2,0.0002999558,0.0,9682.075015263643,901.8528810280663,2056.488561947953,3158.8904096884935,0.01857034474584411,0.0727455930723943,13.751228996802553,-526.78455,5.384655,4.8884993,4.1252265,3.181417,2.161693,1.1750497,0.32073802,-0.3241591,-0.71387994,-0.8386477,-0.72420156,-0.42648724
973,16.216666666666665,0.0011934331,0.0,9286.789129241937,787.219610717919,2098.5063596731047,3251.452111339126,0.01857034474584411,0.0727455930723943,13.751228996802553,-521.7954,11.954132,10.169555,7.7425017,5.2363777,3.0663834,1.374162,0.05888279,-1.0705587,-2.1231723,-3.0382247,-3.6296082,-3.7262132
974,16.233333333333334,0.022986807,296.92694133994235,7533.644399824365,567.4066754277661,2032.3205471051533,3308.396409091212,0.01857034474584411,0.0727455930723943,13.751228996802553,-383.20715,58.9523,21.410042,34.39293,5.5188074,-6.226603,3.553367,-42.58374,-15.870454,17.390024,-17.20388,1.028809,-26.311985
975,16.25,0.07153512,271.7597826407307,2902.124252136334,520.4869566361083,1786.9549170793155,3138.00635722291,0.01857034474584411,0.0727455930723943,13.751228996802553,-271.66602,133.05443,47.166016,18.226168,-7.9931936,-13.199636,-18.968685,-19.185701,-41.714558,-0.96279967,-8.885088,8.415056,-26.57742
976,16.266666666666666,0.1288794,257.17337400975674,3443.808156394928,712.4360818148634,1827.5713884421264,3295.896642927256,0.01857034474584411,0.0727455930723943,13.751228996802553,-226.16252,129.3673,29.176876,-6.331326,7.039373,-5.089403,-30.526573,-3.8093448,-48.922844,3.0240283,1.565412,12.923451,-27.356306
977,16.283333333333335,0.17949806,254.76323856983703,3550.6890225267193,767.1820034581633,1883.1448727727848,3066.2072613367527,0.01857034474584411,0.0727455930723943,13.751228996802553,-190.00436,119.08681,2.9527617,-18.65448,4.574222,4.622921,-35.6851,0.09021592,-35.105877,20.34024,1.0703413,15.518281,-25.469769
978,16.3,0.2142681,252.07035919718578,3398.664959916441,754.2895141946639,1914.6922770326607,2903.4084870135857,0.01857034474584411,0.0727455930723943,13.751228996802553,-171.22844,119.42927,-10.267718,-14.657627,10.872354,0.3077675,-35.50913,4.0744133,-29.214115,23.043787,5.091601,13.458029,-28.283945
979,16.316666666666666,0.21043594,248.8919727764348,3678.5700444433523,667.6183622860719,1942.6698213448683,3065.7785459947636,0.01857034474584411,0.0727455930723943,13.751228996802553,-163.17415,119.90595,-0.35877055,-11.489805,14.545528,3.928046,-43.53612,7.0778794,-28.768051,12.84219,3.1603353,8.486518,-31.773472
980,16.333333333333332,0.20041166,247.4482362864269,2892.672926845416,414.24047205155046,1881.580266114549,3422.5600394573466,0.01857034474584411,0.0727455930723943,13.751228996802553,-198.1089,136.9613,17.61018,3.7939327,18.915836,-4.3303075,-44.445187,0.59805983,-39.1476,-7.9852448,-2.8087568,9.21543,-36.79853
981,16.35,0.18563463,246.2199139555537,2063.8761887467363,289.1057400690759,1733.2295713114088,3364.0371245860124,0.01857034474584411,0.0727455930723943,13.751228996802553,-263.18378,124.18276,0.553622,21.590496,32.128456,-5.1485214,-22.827148,5.2036695,-32.709877,-15.053945,-5.926946,10.708778,-36.694763
982,16.366666666666667,0.1756115,243.88869247970956,1921.5600992219543,283.8650307096199,1566.7734868922994,2982.8039142282546,0.01857034474584411,0.0727455930723943,13.751228996802553,-285.8185,125.42099,13.235863,30.519432,33.775616,-4.4201684,-13.198637,4.154027,-19.431267,-11.063075,-15.46702,8.882481,-29.94492
983,16.383333333333333,0.17523673,247.46017907808522,2438.932509552561,364.3029552823882,2110.9007103649683,3166.424484739065,0.01857034474584411,0.0727455930723943,13.751228996802553,-227.94423,137.7868,23.18182,23.362684,31.785164,-2.0649264,-27.22515,-20.764172,-37.916595,4.7946234,-14.812056,-4.55495,-35.180096
984,16.4,0.18922167,247.95576310487405,4623.738577337916,362.2665447635604,2316.1240841989975,2883.503811593497,0.01857034474584411,0.0727455930723943,13.751228996802553,-218.35785,79.42841,20.546223,44.548306,35.75749,9.898048,-24.155487,-21.020004,-33.607452,19.044441,-13.754959,-4.4928703,-25.833809
985,16.416666666666668,0.18851659,246.59053278656384,2569.903470418053,305.0960639233754,2317.0544468818416,2850.24156379388,0.01857034474584411,0.0727455930723943,13.751228996802553,-258.20782,98.01938,21.038109,39.061134,32.220604,20.737051,-25.004807,-19.403145,-19.623901,15.253821,-12.748573,-12.763322,-31.640009
986,16.433333333333334,0.15060933,241.16928190688864,3031.2421753504796,280.8640223434323,2230.5455898772093,2965.4024398215606,0.01857034474584411,0.0727455930723943,13.751228996802553,-261.943,81.09857,15.735973,65.47504,22.020544,15.922974,-6.560691,-20.733149,-22.35157,27.72469,-10.406937,-21.818104,-27.394375
987,16.45,0.08256317,0.0,7323.258147700937,344.9535950935185,2179.2385953221983,3163.823159749853,0.01857034474584411,0.0727455930723943,13.751228996802553,-213.37227,15.85881,4.574294,88.34024,-0.069370896,12.853004,-14.475899,-19.830364,-30.573868,34.61905,-8.048671,-13.624195,-34.486855
988,16.466666666666665,0.049076196,0.0,8400.798553015888,425.8386420315111,2113.439050593952,3479.5422063874194,0.01857034474584411,0.0727455930723943,13.751228996802553,-199.3949,-6.528164,-4.9054556,82.348465,-11.069654,8.70169,-29.732738,-22.336975,-31.895401,37.6809,-3.9343152,-5.4272776,-37.656006
989,16.483333333333334,0.041753564,0.0,8095.651892068755,617.0267154798029,2084.0573143253655,3274.676250969418,0.01857034474584411,0.0727455930723943,13.751228996802553,-206.27531,-8.585719,-23.967844,72.2849,-10.667267,-2.1279645,-41.441902,-30.101389,-33.05285,38.44812,-3.9571204,-5.776449,-38.493904
990,16.5,0.035729866,0.0,6981.833438916772,547.6911091148675,2160.2740526212324,2893.6445787485986,0.01857034474584411,0.0727455930723943,13.751228996802553,-264.13895,25.352211,-18.531275,61.515755,9.49122,7.478056,-32.202995,-35.240868,-25.237045,35.52643,-4.9406786,-19.989138,-32.711246
991,16.516666666666666,0.11016457,252.1050336314422,3525.6288209395025,290.49426112717686,2147.033138369056,2751.373279904015,0.01857034474584411,0.0727455930723943,13.751228996802553,-279.2575,79.8584,22.077942,72.27184,33.1533,18.08611,-29.108936,-28.673695,-19.548298,20.332592,1.5280633,-14.140194,-28.621067
992,16.533333333333335,0.15320772,248.80868679666258,2351.0207049253145,371.0932706134348,2118.527667311354,2913.3558404182954,0.01857034474584411,0.0727455930723943,13.751228996802553,-254.57304,102.93964,20.397057,53.682846,39.9714,24.799858,-32.640762,-31.769106,-38.02973,13.282345,8.019351,-0.7000244,-27.684425
993,16.55,0.15601292,240.0569736682232,2009.6025817328493,350.29195703111014,1963.7400930614058,2811.0991649906255,0.01857034474584411,0.0727455930723943,13.751228996802553,-263.16486,117.23178,9.467534,40.91327,54.585266,23.63419,-25.175095,-23.526848,-42.69789,0.23109066,-0.6523348,1.4994161,-25.295567
994,16.566666666666666,0.12197917,229.67613871920588,3025.1240039650993,289.0639134230041,1901.4894475117428,3024.56850143247,0.01857034474584411,0.0727455930723943,13.751228996802553,-256.59573,110.53931,18.76019,52.81093,29.871447,-6.476118,-11.97246,-18.713007,-42.837837,2.1909456,-15.002906,4.181594,-31.08216
995,16.583333333333332,0.083400376,225.73821584743305,4520.319941295674,344.01970042748883,2085.8752185437784,3436.8037807006185,0.01857034474584411,0.0727455930723943,13.751228996802553,-213.92981,86.951416,11.703978,62.132797,-5.8512487,-0.9509491,-7.7738132,-18.761501,-35.99443,16.482323,-11.522901,-12.1265135,-27.258526
996,16.6,0.061973292,0.0,8894.28864194736,290.4829474605466,2188.280810592257,3645.6812011453867,0.01857034474584411,0.0727455930723943,13.751228996802553,-208.9383,4.497418,32.672905,74.79648,-16.762083,19.594517,0.5811168,-2.847745,-31.224209,23.450544,-24.868279,-9.832045,-28.793049
997,16.616666666666667,0.06428031,0.0,9758.089135099912,260.2574295326263,2115.1316204922864,3485.307432692717,0.01857034474584411,0.0727455930723943,13.751228996802553,-202.64388,-33.301712,14.230803,77.842255,-25.257393,14.742644,-0.41568494,3.8686545,-38.594902,23.50494,-20.612461,-12.295276,-27.624718
998,16.633333333333333,0.07860659,0.0,9058.39195631551,452.3178096177842,2145.6173962334983,3675.9825103584794,0.01857034474584411,0.0727455930723943,13.751228996802553,-193.59012,-44.223137,-2.040191,85.93555,-30.642143,0.64205086,-4.80756,10.196655,-33.92267,33.36134,0.8750659,-7.6330824,-33.75724
999,16.65,0.09002297,0.0,9056.756277198016,827.4731856808451,2146.229921920274,3643.470121613914,0.01857034474584411,0.0727455930723943,13.751228996802553,-171.63393,-37.196796,-13.913399,71.050735,-42.38422,-0.80712783,-9.298639,11.241725,-33.44333,24.209356,-0.4663127,0.71473336,-39.012794
1000,16.666666666666668,0.099245965,0.0,8728.23582488064,1036.3546723304069,2220.2801740970967,3773.8671000469526,0.01857034474584411,0.0727455930723943,13.751228996802553,-166.71727,-43.844162,-28.266605,71.850845,-34.868813,-2.2717416,-12.484522,12.247161,-28.882545,28.972801,-0.37293375,1.589007,-39.297646
1001,16.683333333333334,0.1021261,0.0,8765.086137144448,1035.2275167181565,2063.641691877701,3740.351636507394,0.01857034474584411,0.0727455930723943,13.751228996802553,-172.1642,-49.927734,-29.987562,72.41615,-41.282097,-11.25643,-13.31251,12.541412,-28.664547,28.158802,6.2192707,8.889181,-34.19779
1002,16.7,0.09526619,0.0,9215.677117382369,1540.4822831753206,1932.2556927127434,3774.338385627628,0.01857034474584411,0.0727455930723943,13.751228996802553,-191.40561,-70.66449,-39.866417,64.72575,-35.75959,-6.952227,-12.214764,13.776368,-32.577618,19.234432,-0.9614384,10.411831,-29.88404
1003,16.716666666666665,0.0840788,0.0,9747.67655350922,1240.8438899123125,2118.3250315144737,3885.5778968476566,0.01857034474584411,0.0727455930723943,13.751228996802553,-200.37738,-76.762405,-40.818607,51.603653,-34.848045,0.25393707,-14.532385,11.079996,-36.91987,17.783485,1.3429617,9.175684,-42.313633
1004,16.733333333333334,0.07630082,0.0,10192.432304810984,1371.7669891955968,2160.612743853814,3736.0372166430493,0.01857034474584411,0.0727455930723943,13.751228996802553,-208.12831,-75.56454,-39.725113,50.728676,-21.670897,-0.9817109,-25.332539,15.962446,-24.362999,18.807663,-3.0136771,19.02599,-35.139038
1005,16.75,0.059844486,0.0,9874.915953556141,1050.0214500005268,2188.8398381082675,3482.796209504157,0.01857034474584411,0.0727455930723943,13.751228996802553,-207.90782,-61.229744,-41.119965,49.67037,-13.550294,-8.765806,-33.61116,6.3666506,-21.884998,15.424194,-8.82469,20.573915,-23.452995
1006,16.766666666666666,0.046204057,0.0,9652.098826104362,1566.34885203277,2595.460691992546,3417.5290094388038,0.01857034474584411,0.0727455930723943,13.751228996802553,-236.77989,-31.926146,-41.375076,36.395306,6.4680614,4.6623545,-26.602043,2.1769226,-20.163479,5.272422,-11.618776,8.566671,-29.216324
1007,16.783333333333335,0.08750766,257.97022629517954,3780.106869427126,336.23221383861846,1825.4316995736199,3169.0726988573883,0.01857034474584411,0.0727455930723943,13.751228996802553,-266.58148,86.13052,22.073204,55.296272,28.597233,14.237614,-21.681953,-6.631798,-31.899448,-19.749773,-16.08104,2.3994284,-22.365173
1008,16.8,0.1443022,253.6010718502096,2182.7461031595863,383.3154252793111,1852.4495833824333,3022.548331262289,0.01857034474584411,0.0727455930723943,13.751228996802553,-271.656,113.264496,23.71426,39.761784,33.03862,25.907948,-22.82967,-7.1818275,-32.73663,-17.101059,-17.910028,-6.576424,-15.420828
1009,16.816666666666666,0.17202081,248.8629105236895,1751.41638820639,419.82651822326454,1907.5064106310751,2922.9754772287756,0.01857034474584411,0.0727455930723943,13.751228996802553,-252.71857,133.04129,14.093325,29.125153,34.8992,27.224031,-31.792606,-25.623302,-35.873627,-19.426048,-9.481051,0.70235103,-11.321366
1010,16.833333333333332,0.19069134,244.66583072953614,1858.4818926063429,356.2048902288614,1966.659012253607,2982.685664474182,0.01857034474584411,0.0727455930723943,13.751228996802553,-240.21225,135.60602,-6.288246,21.288961,34.563354,28.266335,-29.581036,-22.845577,-23.5976,-14.329155,-6.2536488,-2.0218413,-14.379578
1011,16.85,0.20665018,243.77909269014037,2014.8570288176984,325.59533671291325,1999.3191083663787,2881.1942251589235,0.01857034474584411,0.0727455930723943,13.751228996802553,-245.15749,114.52496,-9.989847,29.609741,47.291412,33.04281,-27.673018,-23.535568,-14.224575,-9.078106,-6.385753,-4.679435,-20.72308
1012,16.866666666666667,0.21676826,244.23934799181905,2125.6892000009434,286.90671486395513,2176.3367275654,2311.632777162288,0.01857034474584411,0.0727455930723943,13.751228996802553,-261.539,101.49928,-3.175078,42.031837,53.31503,23.223555,-29.30863,-18.116585,-7.408718,-3.9250472,-8.871294,-5.2561097,-24.934536
1013,16.883333333333333,0.22015074,243.02070352503253,1747.4706644951086,259.0077910801657,2314.739309431068,2471.578689742463,0.01857034474584411,0.0727455930723943,13.751228996802553,-299.86572,106.401215,12.874991,44.739723,58.204613,20.174362,-28.449644,-14.226083,-8.870097,-8.179189,-3.8037152,1.0825593,-24.438587
1014,16.9,0.22532265,244.0231883310067,1181.987100493026,257.33231263349734,2294.502022191113,3155.6600942639234,0.01857034474584411,0.0727455930723943,13.751228996802553,-340.19238,121.30356,30.974586,38.817513,56.071075,21.55359,-12.699577,-12.839113,-14.898531,-1.3344127,-0.73912364,2.3506014,-15.599634
1015,16.916666666666668,0.23301816,245.0496452753267,1161.5123382242473,257.47452766010406,2188.424887419234,3241.3500706443688,0.01857034474584411,0.0727455930723943,13.751228996802553,-330.63284,114.06204,11.253668,59.102146,59.120617,16.645382,-10.574165,-16.251314,-11.506144,-9.417472,5.7868047,8.654634,-22.40141
1016,16.933333333333334,0.24143738,245.73759402094262,1627.9311750646973,256.10232645356996,2414.1314243086276,3289.499547758292,0.01857034474584411,0.0727455930723943,13.751228996802553,-297.04648,101.444046,-12.059862,77.2408,63.22379,13.609017,-18.056135,-20.721367,-9.370357,-22.079086,2.784514,2.0596356,-21.900976
1017,16.95,0.25415972,248.3998333405476,1386.6678893052149,268.7650817925508,2383.783673058569,3535.423403008616,0.01857034474584411,0.0727455930723943,13.751228996802553,-303.2906,111.9554,-4.213017,62.703667,66.007,11.550392,-32.571968,-22.060337,-5.098563,-23.332027,-1.1481507,-0.6530547,-27.62162
1018,16.966666666666665,0.26553535,249.718149292694,1410.0970158261125,284.8266556752939,2267.941596329785,3373.7967919997727,0.01857034474584411,0.0727455930723943,13.751228996802553,-294.33102,110.36792,-0.65546775,63.33052,62.27129,20.907715,-37.285225,-33.487907,0.8188112,-8.246301,-0.23088348,0.3097841,-28.557371
1019,16.983333333333334,0.26765022,250.04199774197642,1546.563534003942,300.83373200705313,2191.188833043772,3123.8885767984057,0.01857034474584411,0.0727455930723943,13.751228996802553,-277.76233,113.174164,3.2349937,57.16443,53.35011,23.93711,-35.558205,-33.89058,0.6791688,3.842753,4.310766,3.889362,-36.28711
1020,17.0,0.25528106,249.9532463789136,1816.9637515370164,313.62572992847385,1974.2168290954814,3052.709503262109,0.01857034474584411,0.0727455930723943,13.751228996802553,-262.3634,109.418076,5.8086834,46.53595,37.411545,23.763676,-25.985407,-28.955273,-11.750123,-3.9370036,1.2848958,7.316835,-36.233
1021,17.016666666666666,0.24889973,248.7635695979409,1872.0342674915253,314.03727255683907,1953.7010605583168,3067.185564762366,0.01857034474584411,0.0727455930723943,13.751228996802553,-258.8047,115.48671,12.172358,38.221428,27.93612,19.153002,-18.600235,-26.791977,-10.588005,0.25386375,0.3417482,6.861211,-37.399857
1022,17.033333333333335,0.24657574,247.06730544608146,2135.7903427440174,319.15723785769205,1901.638862830939,3015.8763607161604,0.01857034474584411,0.0727455930723943,13.751228996802553,-257.08658,108.161125,15.532045,33.627373,24.563683,21.72741,-13.409262,-23.975159,-15.604565,-0.18615979,1.086779,12.652184,-39.3225
1023,17.05,0.23252751,244.48292305057865,2152.2946294168337,340.56660305443825,1985.92828665185,2957.776767602747,0.01857034474584411,0.0727455930723943,13.751228996802553,-249.0887,104.63505,3.833797,31.647984,25.742586,25.404633,-18.368212,-29.816624,-20.493206,0.3077141,-1.3490686,10.374455,-35.6734
1024,17.066666666666666,0.2100609,239.76305380373816,2669.837334033706,345.46827751220275,2088.051498201971,2908.619483671971,0.01857034474584411,0.0727455930723943,13.751228996802553,-234.09291,94.65599,-0.14231026,39.66107,33.360603,21.680222,-23.449142,-30.26052,-21.36697,9.490652,-10.075814,-4.631501,-31.2216
1025,17.083333333333332,0.19275486,233.98575931133408,2598.2716000231076,325.8691804633093,2244.280055418615,2858.8807518004587,0.01857034474584411,0.0727455930723943,13.751228996802553,-239.18681,99.275024,-1.3596425,38.461697,32.39801,21.986012,-19.303572,-20.760597,-14.071883,7.6038485,-11.155943,-7.1611643,-24.673569
1026,17.1,0.18628632,229.02618916857244,2423.779562960468,300.05494064919907,2063.4098013240878,2941.38937932541,0.01857034474584411,0.0727455930723943,13.751228996802553,-247.84483,103.08714,5.464654,47.4782,33.43177,13.503026,-24.745007,-24.349155,-15.617754,14.521147,-7.962482,-8.049423,-36.148888
1027,17.116666666666667,0.19739366,225.02694505342924,1964.3074840462987,265.96825362932873,1629.1578582219063,2449.1177330657174,0.01857034474584411,0.0727455930723943,13.751228996802553,-283.6077,112.94186,27.112514,49.80652,32.205944,11.680453,-17.889917,-18.448244,-15.548838,15.394152,-4.4858446,-14.676329,-28.829124
1028,17.133333333333333,0.207848,225.20564746846068,1306.376641674418,267.10921359509314,2385.2603317394014,2752.84709772781,0.01857034474584411,0.0727455930723943,13.751228996802553,-320.30368,120.49126,45.949448,58.040394,26.917469,11.400787,-14.985054,-23.180298,-13.101067,6.2128983,-3.8327007,-15.258476,-27.076042
1029,17.15,0.2047814,223.8001380972216,1215.1460651542789,299.7382557162541,2253.166201977526,3045.706931221873,0.01857034474584411,0.0727455930723943,13.751228996802553,-340.97678,115.090034,48.10078,60.524673,28.524965,15.848251,-18.047794,-31.149643,-3.7591279,6.2376385,-3.1338222,-14.053612,-28.79268
1030,17.166666666666668,0.17537087,220.74113414590792,1169.1136855487287,307.1659322868742,2240.019068387049,3015.6851487650583,0.01857034474584411,0.0727455930723943,13.751228996802553,-368.271,111.5715,55.81033,68.5844,33.979057,22.163652,-13.0400715,-35.597664,2.6541083,16.51368,2.8718982,-11.14341,-18.864565
1031,17.183333333333334,0.119860515,218.91550211905994,1304.1027384825702,280.3277066429526,2215.779383033212,2876.225056507414,0.01857034474584411,0.0727455930723943,13.751228996802553,-386.1575,101.311035,56.78398,77.13994,30.450378,26.632538,9.046677,-30.986458,4.7262635,24.236422,-7.729058,-20.25206,-26.306677
1032,17.2,0.06490476,0.0,3088.019021167628,266.4261466217207,2192.9130417742367,2562.34963436079,0.01857034474584411,0.0727455930723943,13.751228996802553,-402.92725,87.91864,55.71358,56.477448,20.145157,31.234447,3.1234639,-30.730434,-0.7889216,26.647184,2.080999,-11.692344,-18.371248
1033,17.216666666666665,0.00597106,0.0,4454.8572576789975,356.06077682283455,2092.2476871490016,3068.3292995685656,0.01857034474584411,0.0727455930723943,13.751228996802553,-474.97403,71.087875,54.35192,38.725166,26.385086,13.835192,0.17726515,-9.23073,-9.528482,-5.209269,-4.4864497,-8.203714,-11.352641
1034,17.233333333333334,0.0027069037,0.0,5212.842239643266,325.06699983625845,1944.7859879784503,2936.2582294934523,0.01857034474584411,0.0727455930723943,13.751228996802553,-493.8714,49.613525,42.879578,33.63172,23.672768,14.324301,6.4057455,0.28950238,-4.1677017,-7.4775124,-9.991222,-11.493982,-11.479641
1035,17.25,0.0017102364,0.0,6475.808554848132,283.8021540334141,2081.0892230377203,2848.3080148658546,0.01857034474584411,0.0727455930723943,13.751228996802553,-506.93134,32.471245,29.261467,24.689182,19.541515,14.473465,9.936523,6.1777415,3.2236032,0.8991412,-1.0400391,-2.7294662,-4.1423635
1036,17.266666666666666,0.00073648116,0.0,7576.262733673115,338.70021955788684,2238.599563387347,2733.3757391251097,0.01857034474584411,0.0727455930723943,13.751228996802553,-513.13666,24.297194,22.673635,20.150715,16.970234,13.413657,9.761944,6.2620983,3.1059804,0.42293787,-1.7164155,-3.2897806,-4.3116226
1037,17.283333333333335,0.0040695905,0.0,8258.536362968758,669.590331712821,1951.6996470845543,3182.2741532710784,0.01857034474584411,0.0727455930723943,13.751228996802553,-514.3429,22.166374,19.409294,15.423378,10.947544,6.722891,3.3118255,0.9833522,-0.30577242,-0.8366916,-0.99321276,-1.115936,-1.3951148
1038,17.3,0.006217876,0.0,7095.8556383512005,644.197279572998,2371.463736119152,3383.7210529721747,0.01857034474584411,0.0727455930723943,13.751228996802553,-373.79398,48.13072,29.886389,58.574875,9.694918,-20.55635,-27.812634,-52.272736,-17.367998,22.226082,-13.971606,-0.4523266,2.5235908
1039,17.316666666666666,0.035789188,240.110674167955,5952.5448238831505,471.6174390600087,2505.789620335152,3175.3153737296097,0.01857034474584411,0.0727455930723943,13.751228996802553,-373.2274,56.139748,23.049706,78.07613,35.396927,-7.7337737,-13.353085,-28.390743,-4.1301627,22.36617,-16.873665,-9.883471,-2.9658794
1040,17.333333333333332,0.08377875,238.74027918177902,2258.42591985723,277.3238371852737,2560.734950881269,3368.130037120952,0.01857034474584411,0.0727455930723943,13.751228996802553,-352.96017,88.834854,40.63949,94.625305,57.680527,-5.6798363,-28.47309,-21.631664,-3.4647253,2.8744576,-23.268387,-13.883446,-8.079479
1041,17.35,0.12234861,234.7835932403377,2182.9495194463047,300.98022767781,2679.7773291914623,3222.552936974159,0.01857034474584411,0.0727455930723943,13.751228996802553,-325.94394,83.105545,17.311928,92.78655,62.64923,-5.4700317,-37.691284,-15.257376,11.875429,-0.6250459,-23.90548,-17.349548,-17.437418
1042,17.366666666666667,0.15123399,234.07572615381946,2133.5749657768174,346.7256359960301,2620.919148747679,3309.4285089230057,0.01857034474584411,0.0727455930723943,13.751228996802553,-301.82968,88.464836,9.67415,81.32689,59.973465,4.992787,-35.64679,-16.607021,1.7788379,3.5059867,-16.881779,-17.36777,-19.22733
1043,17.383333333333333,0.16356139,235.69537100139283,2319.4059729618098,388.5611546543437,2507.6454829389722,3323.945191995366,0.01857034474584411,0.0727455930723943,13.751228996802553,-287.938,79.49281,8.732561,70.923096,58.12934,5.1973734,-38.581207,-22.0704,-6.4031963,3.5234575,-16.81386,-11.743504,-22.661411
1044,17.4,0.16924149,234.9042089986026,2646.692903297513,313.59437072470456,2257.713520141171,3162.1422079655727,0.01857034474584411,0.0727455930723943,13.751228996802553,-277.4486,87.92247,20.953007,58.277824,52.724075,14.016087,-38.497,-23.181725,-18.344065,4.163507,-10.132559,-3.4502373,-27.066814
1045,17.416666666666668,0.16570315,236.114932328682,2463.436533626514,258.41530356333885,1747.483535302915,2792.951932052311,0.01857034474584411,0.0727455930723943,13.751228996802553,-293.08148,93.67113,29.151777,44.177895,47.548622,28.787796,-21.596949,-7.496549,-24.386654,-7.4892664,-9.696192,13.750328,-12.237892
1046,17.433333333333334,0.17726724,233.02183485759969,1499.8594649340178,257.9402381747865,1732.6295672133224,2914.3224327609646,0.01857034474584411,0.0727455930723943,13.751228996802553,-327.6113,127.089645,46.870895,31.784601,43.7593,24.77676,-14.429345,-9.430619,-27.985065,-19.878769,-16.673645,5.846265,-13.089858
1047,17.45,0.19500206,231.44244597866881,1066.645218355867,243.51669371919,1947.681601318197,2128.999121046884,0.01857034474584411,0.0727455930723943,13.751228996802553,-361.59628,129.20029,45.020287,25.502888,50.107548,24.485336,-6.317475,-2.1137757,-24.174189,-13.674728,-9.778099,-3.311842,-20.464617
1048,17.466666666666665,0.22266838,229.00091278507753,870.3297451544822,235.42657391728315,1738.5558050073782,1971.9132517566736,0.01857034474584411,0.0727455930723943,13.751228996802553,-380.43958,128.267,46.59131,26.340977,47.37159,24.316872,0.5805971,-8.5334015,-23.804127,-7.760052,1.9744039,4.528132,-16.80522
1049,17.483333333333334,0.22585323,226.29058019154445,731.8777552347389,231.49464136399246,1706.8701704107368,1908.367948865527,0.01857034474584411,0.0727455930723943,13.751228996802553,-383.9116,135.57431,54.587494,29.497492,34.51423,15.728384,7.531987,-0.7417002,-16.74981,-4.807002,5.7416477,-1.297913,-20.470772
1050,17.5,0.18669917,224.74149385839146,657.0851355836132,232.37184263407497,1172.462684223786,2268.015403016706,0.01857034474584411,0.0727455930723943,13.751228996802553,-398.6622,142.31363,71.78044,34.39751,25.861906,15.729142,6.7753754,-6.4122243,-14.678841,-5.2914553,4.8754473,-3.9953222,-17.481915
1051,17.516666666666666,0.11072331,230.72487401516597,913.872628212978,239.3389974989541,1810.5356477324422,3072.2903477360655,0.01857034474584411,0.0727455930723943,13.751228996802553,-433.11346,118.87097,78.34679,43.30089,27.974396,20.626308,9.182973,-6.6244135,-14.555444,-11.59152,-5.798333,-6.9734917,-13.32313
1052,17.533333333333335,0.03339859,233.62796599937067,2028.2197266392973,259.8502625060824,1632.249061515873,2880.8585555764935,0.01857034474584411,0.0727455930723943,13.751228996802553,-452.9865,95.467834,62.91278,31.30143,14.211334,8.421214,5.816787,1.833929,0.10744274,2.1927888,4.6501637,1.564389,-6.9975204
1053,17.55,0.010870304,0.0,2467.1981888212395,353.07600424954757,1785.583816946956,2937.152817629115,0.01857034474584411,0.0727455930723943,13.751228996802553,-456.08325,91.383026,59.521812,27.388412,8.638094,0.7628808,-2.4030588,-5.2974033,-5.1490183,-2.0032191,1.0212069,-0.52749455,-5.5055757
1054,17.566666666666666,0.025272306,0.0,1917.6053818984933,429.57977915658637,1802.7554114845582,3102.7942392718296,0.01857034474584411,0.0727455930723943,13.751228996802553,-442.6187,108.99831,73.621544,37.915,15.319756,3.1999173,-3.794405,-8.308203,-8.944868,-8.817822,-11.646242,-17.064665,-18.825052
1055,17.583333333333332,0.05908332,232.97559111725866,742.2497933829866,354.61493758835377,878.1570591879705,3154.442673999013,0.01857034474584411,0.0727455930723943,13.751228996802553,-406.73965,155.38342,105.29018,44.880257,-2.549202,-25.553165,-24.79253,-13.038273,-3.0504732,-2.832516,-10.666629,-20.138733,-24.436172
1056,17.6,0.07666692,223.3916358679175,692.7183367218221,450.52256961362343,1035.227285382251,3753.6217267432226,0.01857034474584411,0.0727455930723943,13.751228996802553,-400.41928,159.91702,101.46535,36.924477,-12.628046,-34.661285,-28.250854,-10.357489,-1.2120075,-4.492844,-13.261143,-22.9744,-27.93671
1057,17.616666666666667,0.08219974,219.09912442531513,741.4385407081775,453.9553599483632,1069.170612620723,3753.926056528588,0.01857034474584411,0.0727455930723943,13.751228996802553,-401.52725,156.94281,97.61652,35.008545,-13.244995,-34.58089,-24.440178,-2.3915646,6.2711096,0.023823261,-10.4758835,-22.301632,-29.56431
1058,17.633333333333333,0.07568671,220.85153689955544,774.0252177083579,385.30470147363644,1066.9185245044662,3733.1437721663915,0.01857034474584411,0.0727455930723943,13.751228996802553,-405.3241,153.34573,97.049835,36.89588,-7.9840665,-26.069645,-16.038288,3.5331254,10.224997,1.9139605,-10.964741,-22.587978,-27.275846
1059,17.65,0.056234013,216.34437662549809,1075.7922665417318,261.75991457809135,1070.9749149518398,3578.3938832700046,0.01857034474584411,0.0727455930723943,13.751228996802553,-421.46533,131.73053,80.98793,29.312271,-8.51855,-23.446945,-11.43771,8.230917,12.424395,1.5596098,-11.592134,-23.828518,-29.952192
1060,17.666666666666668,0.03389759,210.40072502997887,1367.4901026035857,241.0551058179514,1076.1461517651396,2587.5177740322256,0.01857034474584411,0.0727455930723943,13.751228996802553,-429.47302,120.88756,74.24668,26.988033,-6.2113876,-11.899761,2.7243085,15.245731,16.868351,3.2305536,-15.428924,-23.851587,-23.965126
1061,17.683333333333334,0.019012498,0.0,1957.8460467180414,388.33858315493353,1300.909798829448,2771.909120659582,0.01857034474584411,0.0727455930723943,13.751228996802553,-447.67023,100.84933,64.38984,25.410088,-2.1783853,-5.922842,5.444332,15.321646,18.463566,8.586091,-8.728786,-19.08122,-22.024654
1062,17.7,0.006457818,0.0,3782.0141792008535,1100.9476307402501,2488.6295159765336,3739.4102845310263,0.01857034474584411,0.0727455930723943,13.751228996802553,-476.7232,66.77452,43.22454,17.945137,2.5379949,1.124804,8.800703,16.002167,15.366207,6.26022,-5.7821693,-13.698085,-13.901975
1063,17.716666666666665,0.0016101494,0.0,5242.151606998745,1055.9883891088195,2322.655106025253,3575.5152346457025,0.01857034474584411,0.0727455930723943,13.751228996802553,-496.64566,43.70319,32.539494,20.09283,11.644167,9.333147,11.2751665,13.235802,11.604846,5.6580715,-2.2789285,-8.65329,-11.086588
1064,17.733333333333334,0.0009743898,0.0,6620.123873346745,1095.2340235699892,2321.0211961991226,2880.607952906614,0.01857034474584411,0.0727455930723943,13.751228996802553,-507.73157,29.982998,23.70045,16.649796,11.651271,9.680299,9.514795,8.835483,5.946127,0.9507225,-4.324815,-7.533677,-7.3206296
1065,17.75,0.0005555422,0.0,7288.791387350304,1046.2347661070187,2280.6451997717804,3413.006998864726,0.01857034474584411,0.0727455930723943,13.751228996802553,-512.51746,23.608475,18.30869,12.399175,8.380286,7.232422,7.9735823,8.470465,6.932452,3.1002831,-1.6207706,-5.1179914,-5.9461937
1066,17.766666666666666,0.00042970467,0.0,9023.976389939344,1040.8662867648911,2042.9524838271343,3183.7594741984512,0.01857034474584411,0.0727455930723943,13.751228996802553,-522.05884,11.670696,10.145016,8.12125,6.122018,4.5047083,3.3330984,2.410758,1.4497063,0.27595314,-1.0438118,-2.22384,-2.9158275
1067,17.783333333333335,0.0003060795,0.0,9091.829188864162,1036.931475950365,2222.77487498283,3074.1376970245765,0.01857034474584411,0.0727455930723943,13.751228996802553,-525.6087,7.074694,6.6900434,6.1890297,5.7025385,5.3018293,4.9674644,4.6106806,4.13358,3.4930506,2.7322724,1.9632199,1.3112347
1068,17.8,0.00028336365,0.0,9185.373189712152,1161.2333670752212,2142.1321780870635,3408.5049824657153,0.01857034474584411,0.0727455930723943,13.751228996802553,-527.2045,4.80626,4.386361,3.8248239,3.2511983,2.7401779,2.2877927,1.8379626,1.3396211,0.79622734,0.27649486,-0.1192085,-0.31419635
1069,17.816666666666666,0.00026149963,0.0,9530.77784232059,873.3215044568628,1980.667447320241,3224.785373207903,0.01857034474584411,0.0727455930723943,13.751228996802553,-527.11487,4.9144053,4.444626,3.821496,3.2077165,2.7172987,2.3744812,2.1205668,1.8622872,1.5336795,1.1372066,0.742101,0.44186008
1070,17.833333333333332,0.0002556367,0.0,9787.799675303491,1120.8914039136614,2137.611615349577,3442.4424281526467,0.01857034474584411,0.0727455930723943,13.751228996802553,-528.3416,3.2518744,2.989273,2.6805472,2.4476957,2.35805,2.391089,2.45267,2.4287534,2.2497396,1.9305854,1.5652881,1.2782478
1071,17.85,0.00024442957,0.0,9671.615409835655,1107.1254542488327,2021.311542096459,3234.186798883354,0.01857034474584411,0.0727455930723943,13.751228996802553,-527.328,4.676873,4.374201,3.9580789,3.5173907,3.1128287,2.7550993,2.4110155,2.0331006,1.5958452,1.1181968,0.6597825,0.29239106
1072,17.866666666666667,0.0002511425,0.0,9351.513996575908,889.6591398838823,1669.3557489871007,2799.389753038355,0.01857034474584411,0.0727455930723943,13.751228996802553,-528.8985,2.4974537,2.31915,2.1072357,1.9412625,1.8629255,1.8545085,1.8496635,1.7706168,1.5716468,1.2651892,0.91659796,0.6103381
1073,17.883333333333333,0.00030538882,0.0,8933.518574879745,714.4002135926197,1649.5182542062248,2606.252614438161,0.01857034474584411,0.0727455930723943,13.751228996802553,-526.52576,5.7077503,5.1713724,4.540756,3.9723837,3.4645748,2.943616,2.4018402,1.923365,1.5803903,1.3404799,1.1068702,0.8446974
1074,17.9,0.00036546605,0.0,7972.665246759493,646.3976627696225,1739.0240298876809,2590.9104288067006,0.01857034474584411,0.0727455930723943,13.751228996802553,-521.0948,12.488201,9.997948,7.775887,6.557598,5.6365376,4.029598,1.8772993,0.38392833,0.39151436,1.334157,1.8588022,1.3859227
1075,17.916666666666668,0.00038370118,0.0,8310.33497423074,640.8081791550013,1825.0977004761173,2562.4482082725503,0.01857034474584411,0.0727455930723943,13.751228996802553,-522.61316,11.076914,10.14974,9.096115,8.159303,7.253203,6.180236,4.923682,3.666971,2.553798,1.5238299,0.4489335,-0.6030129
1076,17.933333333333334,0.00036703164,0.0,7565.455430105826,670.123643889835,1832.2236482021103,2896.4889722885027,0.01857034474584411,0.0727455930723943,13.751228996802553,-520.54034,13.384401,11.016613,8.46261,6.1950016,3.852907,1.2778552,-0.83211577,-1.6235349,-1.1913314,-0.5303505,-0.3434833,-0.28887653
1077,17.95,0.000358721,0.0,7736.278992844143,683.828301784878,1898.5207544013808,2830.271787491654,0.01857034474584411,0.0727455930723943,13.751228996802553,-520.0349,13.733293,10.757471,8.17753,6.5371385,4.689945,1.854382,-0.92394674,-1.9338076,-1.0330257,0.06854728,-0.10583174,-1.0879883
1078,17.966666666666665,0.0003603173,0.0,7998.501255218753,757.8757879691766,1985.0710322523096,3140.3504072261217,0.01857034474584411,0.0727455930723943,13.751228996802553,-521.24976,11.998934,9.048521,6.5897856,5.0438175,3.2089596,0.57352555,-1.5419474,-1.7090974,-0.4676989,0.3085536,-0.084353514,-0.36110675
1079,17.983333333333334,0.00037131898,0.0,7971.482187285551,666.9558005318426,1957.4639245064864,3128.204346243253,0.01857034474584411,0.0727455930723943,13.751228996802553,-520.88696,11.482061,6.8951993,4.4952846,4.5566773,3.3757195,-1.0137382,-5.669665,-6.6037235,-4.215266,-2.6615365,-4.100419,-5.896172
1080,18.0,0.0004050531,0.0,7378.688001872056,630.3094306137073,1880.7995011805335,2999.5183910320575,0.01857034474584411,0.0727455930723943,13.751228996802553,-517.7865,14.777586,8.308175,5.6354847,7.389126,7.6339927,2.29102,-5.0766335,-7.8560047,-5.0003595,-2.0704308,-3.5623817,-7.0524354
1081,18.016666666666666,0.0004475599,0.0,7272.035144257833,1066.4998927348083,1918.0749334562283,3135.025805937702,0.01857034474584411,0.0727455930723943,13.751228996802553,-516.4713,14.51001,4.75976,2.6371121,8.71549,12.086649,5.699946,-3.8681374,-5.487514,1.3284342,5.951914,1.2301521,-7.023584
1082,18.033333333333335,0.00046892953,0.0,7368.106684240937,829.3422888979892,1939.5163727094157,3226.226162706455,0.01857034474584411,0.0727455930723943,13.751228996802553,-516.935,13.985573,4.389631,1.9243665,6.959251,9.271603,3.026433,-4.80962,-4.3178406,3.359543,7.5076876,2.4857216,-4.9874477
1083,18.05,0.00041370036,0.0,7300.594556846874,927.1512770549589,1992.4748325681767,3291.4080632470395,0.01857034474584411,0.0727455930723943,13.751228996802553,-517.83496,14.771368,8.811804,7.3026233,10.164839,10.804739,5.885789,0.22878739,-0.1271013,3.3931897,4.0037947,-0.5995011,-4.812571
1084,18.066666666666666,0.00039307086,0.0,7632.735476366139,1120.9485358989289,1991.2911139667042,3084.855928516941,0.01857034474584411,0.0727455930723943,13.751228996802553,-521.2173,10.061848,4.323062,3.2437472,6.826992,8.278103,3.7069833,-2.3799932,-3.4007921,0.19835554,1.8070644,-1.9373507,-6.499818
1085,18.083333333333332,0.00032153347,0.0,8679.821477095196,1000.656989649793,2023.3729950064637,3138.989283815743,0.01857034474584411,0.0727455930723943,13.751228996802553,-524.28546,7.871624,5.78881,5.3076277,6.2678423,6.185116,3.9212956,1.4111183,0.95083165,1.9659672,1.9144914,-5.90384e-05,-1.6721413
1086,18.1,0.0003000222,0.0,9227.706988294658,1074.295221300317,2057.2669963689154,3147.6078700988605,0.01857034474584411,0.0727455930723943,13.751228996802553,-524.8588,8.121029,7.660965,6.948292,6.055331,5.0672874,4.0696883,3.1364913,2.3208747,1.6501448,1.1256759,0.7272423,0.4210404
1087,18.116666666666667,0.0002834157,0.0,9604.266585085847,1115.3003269982437,2073.0434250465655,3188.2545447503794,0.01857034474584411,0.0727455930723943,13.751228996802553,-527.3409,4.6912947,4.47995,4.196703,3.9076638,3.651287,3.4209647,3.1725879,2.8526716,2.4320421,1.9267437,1.395024,0.9116451
1088,18.133333333333333,0.0002629566,0.0,9480.794789961405,905.4252487665696,2036.2526446310571,3211.7157938797636,0.01857034474584411,0.0727455930723943,13.751228996802553,-526.08405,6.1962266,5.2820625,4.150125,3.1764588,2.5834217,2.345621,2.2345707,1.9731412,1.4107733,0.619815,-0.14121604,-0.5764093
1089,18.15,0.00026958925,0.0,9659.864344862604,1047.672847664245,2119.2305672117473,3270.879848761924,0.01857034474584411,0.0727455930723943,13.751228996802553,-528.5136,2.990485,2.6741724,2.278343,1.9305215,1.7081383,1.6053023,1.5450249,1.4295613,1.2010295,0.87924904,0.55582774,0.34744433
1090,18.166666666666668,0.0002611208,0.0,9486.128756180504,970.9603395842654,2210.1409041593106,3181.1563533249687,0.01857034474584411,0.0727455930723943,13.751228996802553,-528.03204,3.7359676,3.577405,3.3436465,3.0657692,2.766292,2.4528537,2.1214366,1.7667524,1.3933789,1.020751,0.678717,0.39577028
1091,18.183333333333334,0.00027493414,0.0,9292.740980400878,937.8215245207582,2122.1443377651904,3059.136062965833,0.01857034474584411,0.0727455930723943,13.751228996802553,-527.4235,4.5665174,4.3176928,3.935307,3.4576473,2.9228034,2.362013,1.7984841,1.2510246,0.7393853,0.28720486,-0.07965742,-0.339291
1092,18.2,0.00036875068,0.0,9662.922916520603,1064.6681838500797,2338.6785227399505,2983.8282705532797,0.01857034474584411,0.0727455930723943,13.751228996802553,-525.74316,6.6772957,5.7619696,4.6338787,3.6735215,3.1028075,2.8881826,2.785924,2.501709,1.8742167,0.97997636,0.10083303,-0.4283047
1093,18.216666666666665,0.0055286037,0.0,9799.862751755976,904.4840238243831,2055.485482054399,2977.7958587982203,0.01857034474584411,0.0727455930723943,13.751228996802553,-520.61804,13.20665,10.926226,7.747759,5.2296777,3.5354028,3.2387457,3.455657,3.863421,3.6126776,2.835267,1.7061344,0.8698277
1094,18.233333333333334,0.016513133,0.0,10355.375708717143,868.2601533713627,2100.930724203193,2847.220732783783,0.01857034474584411,0.0727455930723943,13.751228996802553,-249.89651,16.73096,-17.95699,2.7208936,5.001542,-6.252405,-37.358524,-5.870305,-19.145357,5.4413123,-23.77568,13.869006,-13.342838
1095,18.25,0.051094986,253.45184066104525,8490.269235662521,751.7481844144854,2145.3998460309604,2950.6934278978997,0.01857034474584411,0.0727455930723943,13.751228996802553,-243.694,47.306416,5.890396,33.754883,27.353,6.726162,-24.370586,3.1035314,-18.158316,-0.06320214,-27.00694,10.892296,-12.86813
1096,18.266666666666666,0.106062144,243.40119903272472,5003.181854298925,372.2666795643357,2625.5139910689827,3152.9493123892366,0.01857034474584411,0.0727455930723943,13.751228996802553,-225.99928,99.848434,28.355299,24.812088,43.7817,6.421155,-43.35441,-3.7935753,-23.578045,-1.7596931,-22.977987,0.26501024,-23.905567
1097,18.283333333333335,0.14724626,232.6004853871176,4930.150497481816,373.5797028749901,2415.518055239876,3140.46374087722,0.01857034474584411,0.0727455930723943,13.751228996802553,-207.04193,97.01453,22.550041,23.041971,42.694595,10.738974,-48.35485,-10.097534,-19.173342,2.720357,-14.587903,-0.5665051,-36.32864
1098,18.3,0.1731392,230.56054174092324,2572.0754265733303,350.1658174668028,2204.2684318381034,2847.4178489967803,0.01857034474584411,0.0727455930723943,13.751228996802553,-239.41199,131.12492,21.75436,15.752276,57.046738,8.796329,-43.409615,-3.0285187,-17.991982,-2.4480066,-14.832399,-14.008036,-44.66494
1099,18.316666666666666,0.18867768,228.96329405343,1771.37273422021,320.4493527591857,1801.59405430088,2839.9727567751493,0.01857034474584411,0.0727455930723943,13.751228996802553,-280.39307,132.70609,9.271472,21.193302,60.373886,6.521763,-31.060507,12.277748,-17.808937,-12.143761,-15.184221,-8.327276,-27.020292
1100,18.333333333333332,0.18908797,227.3047053553452,1623.8002415065362,306.06542318144415,1795.6305420751344,2808.3991845592573,0.01857034474584411,0.0727455930723943,13.751228996802553,-297.46445,135.59737,17.389765,25.128637,64.41701,9.003055,-29.924114,10.641371,-20.038177,-16.738869,-19.052639,-6.3206325,-18.253897
1101,18.35,0.18572879,226.5917927173765,2334.229018340142,355.4351016441144,1835.9653021537629,2744.5858043901735,0.01857034474584411,0.0727455930723943,13.751228996802553,-224.163,152.48589,21.369064,2.601674,42.1615,-3.5972927,-51.289978,-19.56237,-27.34417,1.7426025,-2.4407039,4.9656734,-37.933002
1102,18.366666666666667,0.17907844,224.4532721885331,4003.791848641042,584.6789606018173,1957.6131796505704,2410.964767111014,0.01857034474584411,0.0727455930723943,13.751228996802553,-183.86902,124.96106,8.483572,-15.841356,21.107365,-4.228868,-52.707138,-13.7514515,-27.52627,7.80819,1.6976718,13.018034,-41.844196
1103,18.383333333333333,0.16468719,222.95002550419153,4428.874436335929,725.5422218094029,1967.025961855709,2772.3627118266863,0.01857034474584411,0.0727455930723943,13.751228996802553,-181.91362,114.92445,3.418202,-18.19416,13.023608,2.773553,-42.998802,-10.950912,-28.72776,16.72311,0.7905171,14.284983,-28.231037
1104,18.4,0.14759754,221.85575510976403,4755.110498955998,632.7322982865372,1590.753779510179,2036.508552873481,0.01857034474584411,0.0727455930723943,13.751228996802553,-184.66122,112.835464,3.1100812,-24.938507,6.330076,7.578252,-31.002338,-0.1810028,-25.328423,12.315352,-3.7839117,15.930651,-25.81199
1105,18.416666666666668,0.11312218,223.1130997656497,3892.7918773595375,511.21090181967617,1744.3827432614453,2445.6056274099055,0.01857034474584411,0.0727455930723943,13.751228996802553,-207.2575,131.18271,20.453407,-17.716967,17.769615,17.002466,-21.153576,-4.185826,-26.553326,14.447939,-1.2865533,15.569035,-24.296986
1106,18.433333333333334,0.07740545,0.0,5004.019159146137,431.5211005613396,1688.832140210431,2378.0795560385263,0.01857034474584411,0.0727455930723943,13.751228996802553,-237.14116,111.30051,15.313616,14.249001,24.293343,11.727844,-15.031685,-6.531369,-25.959442,7.2400374,-8.403339,18.397106,-19.28201
1107,18.45,0.055844534,240.78551270879976,3699.4736196172507,397.6959000593654,1750.118577513056,2488.440064387319,0.01857034474584411,0.0727455930723943,13.751228996802553,-256.86133,122.18598,21.515278,5.327533,22.569675,12.885689,-13.2504425,-10.414061,-36.66778,-4.41123,-7.364379,14.830139,-13.570587
1108,18.466666666666665,0.06575155,0.0,2825.7373337441345,377.19646545292596,1833.5731108612492,2525.188632066744,0.01857034474584411,0.0727455930723943,13.751228996802553,-258.93097,146.08752,24.773651,1.2093148,10.734479,17.172815,1.2639767,-13.159555,-32.33601,-1.9750088,-2.8415868,10.1335535,-16.335186
1109,18.483333333333334,0.10952002,246.2845067387487,1998.176062237913,522.6175175332826,1689.4324937306558,2139.661083873035,0.01857034474584411,0.0727455930723943,13.751228996802553,-230.76555,175.38013,24.926197,-11.066866,0.19331396,13.0945015,4.1873074,-24.3017,-41.392887,-3.585946,-10.673296,9.038406,-20.580952
1110,18.5,0.1377402,236.85557872344646,1468.9754360420966,415.7493340330106,1549.0417030180774,2303.6608901691775,0.01857034474584411,0.0727455930723943,13.751228996802553,-274.58438,182.0008,60.807495,-18.917263,-8.481583,20.83854,2.7488122,-16.25403,-25.428417,-15.286804,-26.620255,-0.049142346,-13.800175
1111,18.516666666666666,0.17077959,235.08865686170623,1413.1575505981464,344.3224952694834,1303.4332182085632,1870.5840786646522,0.01857034474584411,0.0727455930723943,13.751228996802553,-315.77222,171.65309,58.514507,-23.240082,-6.3799706,22.673103,15.43294,-11.2754,-33.903656,-30.57614,-31.850245,-7.030324,-12.657022
1112,18.533333333333335,0.19149865,237.72754949987612,1290.9097609532146,435.2443963901073,1429.1028281690728,2174.8810150346844,0.01857034474584411,0.0727455930723943,13.751228996802553,-307.35675,163.04666,57.55957,-20.907936,-10.067524,27.471243,4.1703715,-14.527867,-27.876549,-25.320946,-29.995382,-16.694107,-10.740345
1113,18.55,0.20756921,238.49809302804067,1468.254926805739,430.03485715358744,1356.838309408473,2560.3689775361922,0.01857034474584411,0.0727455930723943,13.751228996802553,-303.78787,148.13776,53.591602,-5.094183,-2.4889252,21.90957,-5.332294,-13.180716,-7.629513,-19.140936,-25.442284,-8.403135,-13.629514
1114,18.566666666666666,0.19972676,237.56729082899437,1750.754938432861,370.7261864346091,1593.1099737272398,2800.558148814965,0.01857034474584411,0.0727455930723943,13.751228996802553,-292.3165,129.82684,33.734158,13.443122,14.825605,26.916319,-7.133151,-8.414283,-0.67869675,-22.821861,-23.38945,-4.8229,-12.730926
1115,18.583333333333332,0.2020302,235.48379729133683,1861.454290802331,295.32949308168867,1738.320200997768,2707.8271617765954,0.01857034474584411,0.0727455930723943,13.751228996802553,-284.2112,112.87967,2.7370083,27.457058,30.489767,27.637451,-18.787624,-15.316737,-1.3079964,-18.846245,-12.886902,-9.293602,-18.955387
1116,18.6,0.2078103,231.53643105206285,1702.2626895264862,272.69339792074055,2129.7362419816777,2696.858343604794,0.01857034474584411,0.0727455930723943,13.751228996802553,-285.71008,110.55282,-10.868539,41.732735,40.12912,20.14462,-30.257053,-15.38359,12.313676,-16.416664,-22.625278,-23.965626,-29.191097
1117,18.616666666666667,0.20067586,226.8962770015417,1522.0729141017764,256.4054606643648,2573.568388918669,3083.5337243747194,0.01857034474584411,0.0727455930723943,13.751228996802553,-301.40253,114.89876,-2.9920697,51.38752,41.75186,11.735228,-34.61699,-7.494155,20.512173,-13.120474,-25.1307,-28.343193,-26.43589
1118,18.633333333333333,0.18686284,227.4136513333062,1333.8885444503724,235.69992709793198,2228.645251723941,2706.989219619212,0.01857034474584411,0.0727455930723943,13.751228996802553,-337.827,110.28406,8.563259,60.964333,54.70236,13.979374,-27.59734,-7.018194,15.272668,-15.072484,-21.188997,-20.407883,-14.759559
1119,18.65,0.19998685,229.55312522949112,1353.857759175642,243.1021912661241,1915.1663641900568,2614.8843689386335,0.01857034474584411,0.0727455930723943,13.751228996802553,-335.45663,103.2951,3.6443462,73.09755,61.808784,7.807564,-34.19124,-16.145864,8.656174,-9.263335,-13.126957,-17.681547,-12.680128
1120,18.666666666666668,0.22584674,232.6279671160345,1607.7285619796162,262.2230518540819,2343.2619758028654,2680.1688053775715,0.01857034474584411,0.0727455930723943,13.751228996802553,-302.79596,97.985756,-4.2125673,79.12329,67.25331,15.157557,-51.75734,-31.463701,10.349716,-11.822962,-14.752476,-29.131592,-25.688747
1121,18.683333333333334,0.23856601,236.18723336994623,1962.400610729604,324.8999596492057,1998.9232331134856,2542.0082909984862,0.01857034474584411,0.0727455930723943,13.751228996802553,-265.09122,93.63161,-6.7190704,65.96834,56.257942,25.760368,-42.278225,-34.55737,-8.512274,-9.205561,-10.217541,-23.231644,-31.586946
1122,18.7,0.22574966,237.4337232237435,2053.8707617782657,390.59409759883977,1928.957743236188,2514.294238914391,0.01857034474584411,0.0727455930723943,13.751228996802553,-246.53903,101.89952,-6.3266745,47.972115,41.600296,26.863132,-37.655624,-32.99475,-16.726162,-9.0611925,-0.42930785,-9.523759,-31.994972
1123,18.716666666666665,0.19825621,236.3328666208364,2148.0825357249423,390.6245858134856,1881.6228971317983,2712.709469773683,0.01857034474584411,0.0727455930723943,13.751228996802553,-248.95941,107.284454,-1.8687505,38.28784,39.014305,17.561375,-33.309002,-28.246717,-20.928932,-12.250602,-12.526348,-15.837149,-35.675842
1124,18.733333333333334,0.17171071,235.37681506970037,2228.1299490712945,377.5705476201282,1899.846939917759,2721.757540305733,0.01857034474584411,0.0727455930723943,13.751228996802553,-256.11044,113.1882,0.62115246,22.635761,24.85645,17.860653,-16.717138,-26.231709,-29.816107,-14.029327,-12.563126,-7.0487967,-22.514011
1125,18.75,0.16416374,234.6936002052271,2091.2163568966,399.02997231261094,1875.872846981518,2749.9678505484644,0.01857034474584411,0.0727455930723943,13.751228996802553,-274.22882,112.92538,7.62718,20.764732,20.532154,14.843603,-7.845451,-21.972233,-26.68515,-8.24584,-11.745145,-12.000185,-24.823597
1126,18.766666666666666,0.16834,233.94027384530867,2064.961154508883,417.8700717524486,1902.6198534433067,2778.394407071095,0.01857034474584411,0.0727455930723943,13.751228996802553,-278.09814,114.36788,9.000995,17.596088,20.33183,19.791403,0.015429169,-22.635778,-23.869884,-4.659644,-14.351038,-15.307072,-31.639168
1127,18.783333333333335,0.17390224,233.05273025457973,2133.43980287636,407.3947494753706,1907.6898819627602,2846.891627713228,0.01857034474584411,0.0727455930723943,13.751228996802553,-254.89313,118.38771,5.8834543,29.194456,27.033337,19.616116,-4.881217,-26.80434,-24.001179,0.7801435,-3.7343006,-7.685167,-34.284157
1128,18.8,0.17791972,231.9207590846604,2411.607721330389,385.95587473412303,1980.0462949785756,2818.7056222466,0.01857034474584411,0.0727455930723943,13.751228996802553,-252.44875,111.69484,1.9970988,20.718264,24.911736,24.01725,-19.159233,-29.491688,-17.305683,-2.4141316,-10.403166,-13.294123,-38.004074
1129,18.816666666666666,0.18103434,231.03424850849737,2499.3810836964867,341.9666144118224,2103.0284162500134,2695.6155416787487,0.01857034474584411,0.0727455930723943,13.751228996802553,-249.87355,107.481026,-1.1998432,30.90903,34.248314,24.177656,-21.38454,-22.117596,-13.915756,6.518529,-8.192062,-15.266348,-31.311749
1130,18.833333333333332,0.17520455,232.97005688406622,2348.3287739775114,274.584482791772,2171.156343315134,2768.8386202004936,0.01857034474584411,0.0727455930723943,13.751228996802553,-261.34808,103.09401,3.2167437,41.857384,37.146576,25.714846,-24.847576,-24.93385,-19.461235,-0.5435282,-9.153708,-19.30219,-33.86123
1131,18.85,0.14048897,227.31694226215512,2788.548432738699,249.52274114518121,2261.745036177243,2726.077917958097,0.01857034474584411,0.0727455930723943,13.751228996802553,-266.75793,85.93082,-1.0978959,65.53899,28.488804,20.335087,-10.803846,-26.256733,-20.124786,11.360948,-9.039692,-28.738222,-22.816088
1132,18.866666666666667,0.096233785,0.0,6481.492761433554,566.5385253254804,2344.813209532876,3230.4151284468276,0.01857034474584411,0.0727455930723943,13.751228996802553,-197.25385,33.709045,-7.784643,81.57755,-3.8421109,10.284615,-0.5237808,-24.317974,-35.517902,26.49641,3.2207606,-7.1007667,-27.11385
1133,18.883333333333333,0.08108164,0.0,8211.449258738428,1859.3981292726266,3187.73329803171,4157.489198542182,0.01857034474584411,0.0727455930723943,13.751228996802553,-164.09956,-11.333748,-14.702206,76.525696,-19.760479,5.5550556,-8.789538,-16.385513,-35.06089,35.24832,2.705083,-8.605222,-34.347015
1134,18.9,0.08740539,0.0,8856.370017143128,476.66564095388605,2086.15529834227,3551.9220088828274,0.01857034474584411,0.0727455930723943,13.751228996802553,-170.79912,-31.44764,-6.9458323,76.721245,-32.586823,1.3304243,-13.565548,-14.660904,-43.142773,30.403976,-5.1950393,-12.743172,-31.84982
1135,18.916666666666668,0.069697075,0.0,9526.064013809322,268.7648405323573,2078.1049311537095,3452.4597510936137,0.01857034474584411,0.0727455930723943,13.751228996802553,-219.88086,-54.613266,7.875847,85.0484,-26.211777,25.693516,-2.4599957,-3.5804317,-41.639385,22.402431,-11.751939,-18.392124,-28.170555
1136,18.933333333333334,0.039153535,0.0,9720.6959282389,257.14458899306953,2059.981311569154,3364.842547720593,0.01857034474584411,0.0727455930723943,13.751228996802553,-322.7224,-40.14736,20.29066,72.4842,-18.543413,20.825636,3.7858458,-1.6667973,-26.29618,22.331501,-3.264009,-7.322421,-7.077341
1137,18.95,0.005232271,0.0,9414.219124364747,401.70335447124677,2030.384901875207,3024.474068336397,0.01857034474584411,0.0727455930723943,13.751228996802553,-427.63528,-7.797497,12.943724,47.852364,-0.03671789,14.23286,9.515238,-5.412154,-16.604376,14.044605,2.130824,-12.044378,-3.6105201
1138,18.966666666666665,0.002186956,0.0,9377.934188057196,712.3627041894355,2200.2197919629116,3682.0809375665676,0.01857034474584411,0.0727455930723943,13.751228996802553,-465.40314,-6.6523204,9.819844,40.99443,-1.9271089,4.872437,10.783012,2.2832785,-11.729668,8.941628,1.1417854,-11.575034,-5.519002
1139,18.983333333333334,0.008361449,0.0,8586.348774841168,726.0237551871573,2184.8708864498685,3627.568172659243,0.01857034474584411,0.0727455930723943,13.751228996802553,-370.78824,35.30397,4.5173607,26.640009,-6.7803926,-13.134285,-5.2476625,-26.083532,-25.671312,13.830061,-3.8268106,-6.046342,-25.223034
1140,19.0,0.01440056,0.0,8496.69508481759,523.4389325211772,2070.2071531244787,2749.5802088246705,0.01857034474584411,0.0727455930723943,13.751228996802553,-292.90164,44.48469,9.76774,28.424183,-3.6832893,-3.8593202,-5.5401087,-27.774212,-45.313206,12.334551,-15.182604,-4.7727585,-26.602894
1141,19.016666666666666,0.05104131,246.82287432221884,5154.852024126958,471.2809308826755,1956.3832176151484,2816.356137586363,0.01857034474584411,0.0727455930723943,13.751228996802553,-272.66406,99.23253,27.453003,20.913292,9.645122,-5.789917,-14.600782,-9.591478,-40.57466,20.525368,-0.82674277,-0.36447293,-17.823334
1142,19.033333333333335,0.075998805,240.9366519505271,3429.180888809771,625.5670785154784,2224.2287263537855,2571.2855669499554,0.01857034474584411,0.0727455930723943,13.751228996802553,-258.3838,127.1336,26.620056,-1.2235409,9.603056,-10.774403,-23.036034,-1.0515686,-33.188873,20.83693,-9.442825,-2.225139,-8.433302
1143,19.05,0.09152784,234.55027351620623,3173.435610882896,558.0860128888118,1527.5544286251436,2491.898566879176,0.01857034474584411,0.0727455930723943,13.751228996802553,-258.70773,135.04169,17.671703,-11.8004,15.035965,-6.5375266,-23.504662,-1.3342868,-26.807674,17.80471,-8.600347,1.9524448,-13.06858
1144,19.066666666666666,0.10390985,231.64548771260942,2995.420705801378,512.7836634476843,1988.7751652501909,2687.5698157593415,0.01857034474584411,0.0727455930723943,13.751228996802553,-261.05487,131.23091,11.67466,-9.87531,22.014057,-1.3636979,-28.536127,-5.154538,-28.25704,10.780105,-18.758839,-3.4708672,-17.85906
1145,19.083333333333332,0.1190132,230.422640852096,2449.2255579399457,400.27539715993595,2029.5485559970286,2855.9921113769597,0.01857034474584411,0.0727455930723943,13.751228996802553,-283.978,131.46262,16.578796,-8.51134,27.63058,9.282611,-18.8405,-4.4670615,-29.482727,1.9424316,-20.82035,-3.7247925,-21.745235
1146,19.1,0.13846046,231.8756574171108,1791.8525634067028,379.0941736406104,1964.6406662769841,2875.943669364116,0.01857034474584411,0.0727455930723943,13.751228996802553,-303.48077,133.2882,13.735182,-0.7555026,34.10517,13.222379,-13.283409,-10.674868,-31.588932,-3.6618853,-15.483108,-10.512656,-27.229486
1147,19.116666666666667,0.15250821,233.3041637400403,1638.1582719944945,417.08960646292377,2328.5720083080255,3643.1997766653353,0.01857034474584411,0.0727455930723943,13.751228996802553,-308.36298,130.46387,11.8205185,11.38904,45.094917,5.519763,-15.484194,-12.640917,-23.819424,-1.7129278,-18.806118,-17.54071,-32.958015
1148,19.133333333333333,0.15632142,232.6897928907306,1599.830079161381,431.5569815281075,2464.6244780896077,3317.932287818666,0.01857034474584411,0.0727455930723943,13.751228996802553,-311.5153,128.10098,15.644348,24.936016,53.296513,6.450989,-24.047329,-16.377785,-9.524626,-1.4405873,-23.216396,-15.952761,-30.645264
1149,19.15,0.15228856,231.05319437951323,1789.2790542125367,428.32013637739055,2383.3337136460746,3323.4088023961062,0.01857034474584411,0.0727455930723943,13.751228996802553,-297.69412,121.66577,12.210949,34.633476,47.981262,-0.091169536,-33.532406,-22.56643,-7.5488405,3.1483035,-14.995603,-14.118014,-33.00621
1150,19.166666666666668,0.15030198,227.99684760829874,1960.5678529319684,386.7550562243171,2223.467282588472,3222.1526103688175,0.01857034474584411,0.0727455930723943,13.751228996802553,-281.71127,120.60721,17.542652,38.31945,37.348827,-1.3186519,-31.262184,-21.425274,-8.330296,5.4807563,-10.348171,-15.034087,-38.828117
1151,19.183333333333334,0.16029283,227.60411251703974,2097.5572647507247,314.57802519321706,1895.1343071955107,3106.660105222461,0.01857034474584411,0.0727455930723943,13.751228996802553,-282.46912,115.787125,20.474043,31.655254,20.36806,6.031744,-16.879646,-13.644201,-11.307807,6.648469,-4.5700054,-3.978915,-35.06732
1152,19.2,0.1648795,227.11453820127966,1794.3436499643112,322.7410888429839,1823.8134500680846,3102.098070989901,0.01857034474584411,0.0727455930723943,13.751228996802553,-299.10043,119.19764,27.948193,29.136036,10.055265,10.066857,1.2692091,-11.600046,-13.444563,2.7114596,-5.0211043,1.999181,-38.658813
1153,19.216666666666665,0.17482615,223.1423997328274,1393.316088758273,285.07633418769916,1859.4032303413321,2939.7361865647317,0.01857034474584411,0.0727455930723943,13.751228996802553,-333.64078,136.574,48.5938,29.47484,15.787678,8.527631,9.17721,-14.431349,-17.736816,1.9381592,-7.0422707,-5.338625,-40.83979
1154,19.233333333333334,0.17629576,222.82830161908063,977.5392097639243,246.76393712236143,1825.9021950224599,2989.693845505816,0.01857034474584411,0.0727455930723943,13.751228996802553,-368.9087,141.10992,53.206764,19.82696,24.15459,8.582314,6.967974,-3.059635,-16.346638,0.4604529,2.6715407,-11.268199,-38.199207
1155,19.25,0.18271233,223.10918369498407,822.1726050599032,254.80810766221117,1969.0471275215887,3049.8094990647337,0.01857034474584411,0.0727455930723943,13.751228996802553,-393.5031,135.19547,62.01686,26.748562,24.552252,13.239444,2.461641,-14.708909,-16.9404,4.81878,9.841547,-5.66999,-30.9495
1156,19.266666666666666,0.18057168,224.70401576501277,709.4335636974268,248.2840330713338,1937.4867724156402,2947.960706299444,0.01857034474584411,0.0727455930723943,13.751228996802553,-412.96124,128.20123,70.38213,37.687653,22.911057,9.920713,0.33566868,-16.103418,-14.229978,9.612415,17.55288,-6.666086,-30.57391
1157,19.283333333333335,0.1603657,224.54196099664594,660.9534609621868,242.72043967876067,2042.558259615877,2673.868422945154,0.01857034474584411,0.0727455930723943,13.751228996802553,-424.8726,122.81528,76.358574,40.76391,26.216412,14.743951,3.550232,-10.751291,-9.607946,4.8169494,9.029643,-8.255208,-24.60308
1158,19.3,0.1141681,223.78228639833,765.5655097688232,232.12362916402532,1989.8950199386181,3180.198704267524,0.01857034474584411,0.0727455930723943,13.751228996802553,-438.35147,109.66138,72.38583,47.50578,34.744728,23.165255,10.807606,-4.0543375,-8.481682,2.049497,4.927171,-12.527435,-27.399637
1159,19.316666666666666,0.054111127,231.68330153656024,1513.081797851019,238.9735791792024,2025.7963121681278,3143.1444142043824,0.01857034474584411,0.0727455930723943,13.751228996802553,-470.10342,75.87741,58.395,45.47088,35.397274,24.519829,14.502034,4.0295944,-2.2441812,-1.9094107,-4.628706,-15.177526,-21.365898
1160,19.333333333333332,0.01141153,0.0,2832.6920025437703,241.39059172101284,1855.6912228901056,3182.2707565426717,0.01857034474584411,0.0727455930723943,13.751228996802553,-491.30792,53.52437,47.61196,39.544907,30.691545,21.75135,13.1093235,5.309058,-1.0594928,-5.841252,-9.391899,-12.026669,-13.530819
1161,19.35,0.004443205,0.0,3987.6055213065083,247.80759021180225,1840.2376629245791,2927.0884310101155,0.01857034474584411,0.0727455930723943,13.751228996802553,-500.997,40.70114,37.065964,31.946156,26.220589,20.446547,14.781605,9.199698,3.7821116,-1.1626557,-5.227522,-8.148279,-9.943766
1162,19.366666666666667,0.008832924,0.0,5118.005568197819,288.2665197319406,2047.496605055481,3034.059617495883,0.01857034474584411,0.0727455930723943,13.751228996802553,-486.28323,50.2003,42.203568,39.29404,20.563797,12.7939625,5.430519,-9.872895,-5.8807554,-6.187128,-16.195194,-10.218674,-9.250194
1163,19.383333333333333,0.059020206,262.671991835858,4086.3687316098526,376.35242681319824,2491.8868374081753,3367.2327156695324,0.01857034474584411,0.0727455930723943,13.751228996802553,-392.39984,69.05065,52.119774,94.63516,36.313942,3.5900898,2.6206574,-36.642033,-16.459026,5.731222,-34.35213,-9.731088,-5.193547
1164,19.4,0.107363835,247.7995937735061,1581.112158431516,322.74045909587994,2565.7084706913993,3407.7369110668665,0.01857034474584411,0.0727455930723943,13.751228996802553,-360.22723,95.15425,55.630676,111.98721,62.0737,-5.876319,-21.885479,-17.895805,-13.817352,-23.702686,-36.94867,-9.74361,-12.791583
1165,19.416666666666668,0.14108184,235.83396352245168,1878.2657808437382,317.7927158912036,2703.273191758439,3433.1052471411017,0.01857034474584411,0.0727455930723943,13.751228996802553,-346.41138,73.12373,30.02906,113.986176,69.17885,2.156487,-25.932415,1.7572827,-3.6560245,-21.562881,-33.776684,-17.331604,-9.065819
1166,19.433333333333334,0.15544672,232.3440241680311,1922.2513264486658,322.53991021419256,2708.144315381389,3448.6547997318835,0.01857034474584411,0.0727455930723943,13.751228996802553,-335.2824,71.30377,19.253506,107.83269,62.97614,-4.999289,-33.171646,1.8175937,5.5709896,-20.542242,-34.358635,-20.711798,-6.85149
1167,19.45,0.16895533,230.53296387341956,1844.366207917311,340.6347787928187,2692.587227090823,3387.095433374243,0.01857034474584411,0.0727455930723943,13.751228996802553,-332.21793,73.35952,16.09245,94.36575,57.098618,2.4274676,-36.24077,-5.2443767,7.2379475,-14.976673,-30.31304,-26.412254,-12.995794
1168,19.466666666666665,0.17581335,229.00529465838545,1572.3703300853938,332.5368098721876,2494.165786609402,3192.3584541379687,0.01857034474584411,0.0727455930723943,13.751228996802553,-332.90027,91.3069,25.514542,82.792465,51.75765,14.817229,-31.53373,-16.457186,7.0117807,-10.166492,-21.464226,-25.01051,-18.62115
1169,19.483333333333334,0.18155268,228.12423586128352,1361.9070768278214,311.1910128787067,2305.4298117201815,3074.4478947633984,0.01857034474584411,0.0727455930723943,13.751228996802553,-338.94608,107.4222,31.280865,58.052837,39.100197,16.843979,-18.26506,-12.150621,-2.4244888,-13.097398,-16.450293,-18.496628,-23.294441
1170,19.5,0.17910832,227.0043771556001,1068.8416874604995,310.11926536679624,1518.5011780677444,2881.5961216850833,0.01857034474584411,0.0727455930723943,13.751228996802553,-356.2485,128.69681,47.3207,34.130676,23.129417,9.031196,-9.427368,0.5781605,6.8996396,-13.620859,-27.964958,-25.587223,-23.171926
1171,19.516666666666666,0.16664982,224.9020841053658,925.6513546481306,295.796718638497,942.4260487471452,2900.006446682086,0.01857034474584411,0.0727455930723943,13.751228996802553,-369.15778,149.95557,74.837296,32.839172,11.0089035,-14.209512,-21.756058,1.8079122,8.440991,-1.9847188,-17.859552,-24.763208,-24.48029
1172,19.533333333333335,0.14655605,222.22093134582084,873.7632726084219,324.21378235832896,634.8300372717472,2910.866025473292,0.01857034474584411,0.0727455930723943,13.751228996802553,-391.69864,151.86942,91.00464,38.99932,8.338804,-20.742008,-21.203165,-5.465254,-1.4214954,-5.3113136,-9.673935,-14.557986,-19.043884
1173,19.55,0.1471161,223.98889805513997,802.634834959724,386.3005046918839,786.1894912303821,2958.608082994481,0.01857034474584411,0.0727455930723943,13.751228996802553,-397.2465,154.19086,98.438126,35.00083,-2.8247366,-25.764729,-21.322443,-9.97287,-1.8446369,-5.938119,-14.978975,-19.917961,-22.909412
1174,19.566666666666666,0.1572862,223.5156383816793,839.5834754875993,460.04475706206387,995.3891151528745,2934.0022179717107,0.01857034474584411,0.0727455930723943,13.751228996802553,-370.80975,171.88795,103.28223,22.230385,-23.2635,-33.301414,-15.953455,-0.3393142,12.817095,3.5170867,-22.973564,-25.839958,-23.810658
1175,19.583333333333332,0.15930682,221.64927050720166,1274.3832506361969,503.89063381246234,1129.2464823287082,3137.7454083751345,0.01857034474584411,0.0727455930723943,13.751228996802553,-324.78815,175.10645,87.84018,-1.1712556,-35.348465,-20.739307,-3.4944453,11.745736,10.778091,-7.8437777,-36.012634,-11.888737,-7.296342
1176,19.6,0.14746529,219.58376253255486,1882.1054891138808,398.2289588477902,1163.1216040313573,2280.554407086102,0.01857034474584411,0.0727455930723943,13.751228996802553,-289.34406,158.99405,59.610634,-17.759613,-22.192734,6.2254534,-1.0197345,3.6998794,-2.148331,-14.666851,-39.01675,5.8213835,-7.046292
1177,19.616666666666667,0.14870073,218.52126994531997,2476.0858190634135,351.72138499177436,1291.8928691880255,2364.6431594791516,0.01857034474584411,0.0727455930723943,13.751228996802553,-271.25195,136.35164,35.72647,-20.396894,-7.5584044,21.02274,-13.304618,-4.622242,-7.1013823,-9.346881,-24.294506,4.178952,-11.301089
1178,19.633333333333333,0.14512396,216.6213993712918,2388.5512156941695,310.15899658609754,1787.842772112678,2955.1024886780056,0.01857034474584411,0.0727455930723943,13.751228996802553,-269.35175,135.37817,43.384323,-1.6494313,2.3656802,41.249752,-16.916952,-17.225065,-6.2668314,-7.584821,-23.555626,1.2395687,-14.307485
1179,19.65,0.15362725,218.91682926750676,1369.3489730955575,264.22862238628494,1731.791640516308,2773.2629482055545,0.01857034474584411,0.0727455930723943,13.751228996802553,-327.93695,149.72269,57.515564,3.3421433,16.212267,40.089165,6.432646,-7.785917,-16.857779,-9.815837,-14.24305,-9.221804,-21.530415
1180,19.666666666666668,0.16602308,219.0500936169216,1120.7729863250229,241.4845078533206,1777.9561765628018,2732.4227286978703,0.01857034474584411,0.0727455930723943,13.751228996802553,-365.47177,139.65532,49.1139,0.43747807,27.215607,37.14434,11.939708,-13.83095,-27.765305,-9.059956,-7.6270275,-7.740367,-18.411022
1181,19.683333333333334,0.17506985,218.62353106750544,939.3900043233433,245.09134327497597,1929.4484705674051,2622.0353029588955,0.01857034474584411,0.0727455930723943,13.751228996802553,-369.30826,146.78336,46.447235,5.2609787,28.306984,34.143063,10.818375,-15.660706,-23.357405,-0.8369812,4.2178535,-12.070059,-26.743137
1182,19.7,0.17608678,218.71262944740272,806.8289611024915,263.5191569662179,1848.9962864741242,2339.0810566465325,0.01857034474584411,0.0727455930723943,13.751228996802553,-374.87863,152.91313,53.21679,7.8725014,23.059654,32.469616,17.011724,-12.024518,-21.62114,0.32673523,8.194744,-13.200046,-29.508175
1183,19.716666666666665,0.18042415,219.51227501336925,771.5979801550359,295.08147658957614,1821.1586422735347,2326.9380082183557,0.01857034474584411,0.0727455930723943,13.751228996802553,-371.2183,153.31343,50.276085,13.497652,25.360191,31.691828,12.223361,-19.746704,-24.7164,1.3847994,10.712923,-11.973301,-31.520044
1184,19.733333333333334,0.19124594,219.6517379518735,700.6227455011058,306.33539766321456,1893.1838998293208,2024.4549525747639,0.01857034474584411,0.0727455930723943,13.751228996802553,-372.69974,156.99068,51.60894,10.896073,24.951757,32.42773,17.586885,-15.753879,-25.909039,-1.1596565,10.862867,-14.958818,-32.674767
1185,19.75,0.19635841,223.87913704350754,697.2185877041861,313.98554815479275,1477.5727641357264,2069.000996040733,0.01857034474584411,0.0727455930723943,13.751228996802553,-338.70743,191.46082,55.358242,-12.785331,1.9833215,22.003792,12.386816,-22.372574,-32.058743,-9.548462,0.12857938,-20.246984,-27.414001
1186,19.766666666666666,0.19193274,224.19510763460104,865.6996768908533,329.5781848873487,1219.7026229393443,2129.1433836543474,0.01857034474584411,0.0727455930723943,13.751228996802553,-334.97467,178.78854,50.070587,-13.619783,6.142424,23.129429,16.143736,-19.450611,-26.052744,-12.365049,-13.555293,-15.136668,-20.702507
1187,19.783333333333335,0.17248817,222.3648596042453,1155.035004469838,306.29614311466725,1104.5202495658405,1821.726766054442,0.01857034474584411,0.0727455930723943,13.751228996802553,-321.05057,171.44566,46.38939,-16.38481,0.9022431,22.529743,17.58697,-9.887329,-15.180506,-8.583852,-15.600971,1.880255,-7.8083434
1188,19.8,0.15158188,221.78060270081656,1415.2776885303815,304.5478418514345,1087.330635071449,1830.6246367129127,0.01857034474584411,0.0727455930723943,13.751228996802553,-307.52353,163.24399,37.75364,-15.514652,-1.6682911,12.564196,5.1140947,-12.984075,-9.639196,-5.1569633,-17.83414,0.8951499,-10.071724
1189,19.816666666666666,0.13979201,221.55489609817636,1574.0777623761442,370.005028313324,1162.426559230029,2035.8429816390214,0.01857034474584411,0.0727455930723943,13.751228996802553,-298.54773,160.53796,35.877266,-12.431187,-3.9537883,15.571189,0.30325723,-4.844199,-4.825926,-3.3085413,-18.986855,3.74019,-4.3276033
1190,19.833333333333332,0.123263836,222.09762999162837,1545.1535781924617,665.9970913484676,1583.7665622100735,2776.984964105659,0.01857034474584411,0.0727455930723943,13.751228996802553,-297.02493,165.72989,42.647507,-9.370375,-0.0712598,16.625458,-3.4070325,-7.28568,-8.091465,-5.949621,-23.611149,0.49787235,-2.0840354
1191,19.85,0.085855804,0.0,1218.3017205917322,345.0746759662735,1641.245243740555,1916.5083502199313,0.01857034474584411,0.0727455930723943,13.751228996802553,-336.84683,173.70285,62.932686,2.799335,5.987858,19.85203,4.2114124,-9.120027,-13.762526,-10.747814,-16.261503,-5.9713387,-9.071737
1192,19.866666666666667,0.027898211,0.0,2392.9704582729987,394.4066455519721,1457.8817506959047,2926.6970241562476,0.01857034474584411,0.0727455930723943,13.751228996802553,-413.09702,127.76457,58.18063,13.346373,6.495182,10.007699,5.4326277,-1.8760068,-8.078503,-12.735281,-13.580448,-7.4414024,-4.170767
1193,19.883333333333333,0.0071152425,0.0,3190.2159316778975,364.7643365221004,1582.6703207225607,2987.820308340544,0.01857034474584411,0.0727455930723943,13.751228996802553,-448.0796,95.89443,51.34503,15.674864,6.306931,11.727155,13.783419,5.1825447,-5.869693,-10.937553,-9.178816,-7.289153,-9.258253
1194,19.9,0.0027658294,0.0,5071.741949213995,382.2363430981717,1623.743805020786,3167.7558226676074,0.01857034474584411,0.0727455930723943,13.751228996802553,-484.13095,57.145065,37.18263,18.992111,11.010681,11.27494,11.792303,7.2535877,-1.0205086,-8.430816,-12.358662,-13.429739,-12.928078
1195,19.916666666666668,0.0016587006,0.0,5320.077483040682,1171.7062698154828,2101.2067498897113,3384.376947403987,0.01857034474584411,0.0727455930723943,13.751228996802553,-494.96396,46.15026,35.352814,23.642262,15.63517,12.210758,10.774551,8.060926,2.9276547,-3.0350637,-7.178074,-8.025017,-6.221588
1196,19.933333333333334,0.009347615,0.0,5093.63069314466,508.39963096827046,1640.001819733687,2873.824484794625,0.01857034474584411,0.0727455930723943,13.751228996802553,-494.08752,48.397427,39.611107,28.635708,18.312325,9.8117485,3.0471847,-2.0762184,-5.094906,-5.574668,-3.9372115,-1.4447417,0.65420413
1197,19.95,0.034385003,258.471929180348,1657.5848958179313,461.45779651943,1790.7510992359537,2946.1103955622116,0.01857034474584411,0.0727455930723943,13.751228996802553,-402.03192,130.78394,59.754784,33.1742,25.41305,20.26931,-2.731379,-36.527412,-34.93213,-21.245232,-9.176723,8.244308,-1.266478
1198,19.966666666666665,0.06874505,244.23852223650692,1663.1840487440468,336.84020380635724,2143.9596332077053,2942.335328702442,0.01857034474584411,0.0727455930723943,13.751228996802553,-344.99457,141.05898,44.0448,36.905052,47.643044,17.36712,-15.366909,-43.95961,-14.759627,0.23917404,-14.344395,2.6677508,-11.747026
1199,19.983333333333334,0.086455606,232.2002555424245,2231.4329181197927,352.9967224012563,2299.9345353098415,3087.931941562255,0.01857034474584411,0.0727455930723943,13.751228996802553,-318.0985,120.75552,24.822397,32.83555,48.013428,14.4039,-22.844948,-36.1223,-9.468535,7.8576565,-15.73588,-13.980018,-26.5289
1200,20.0,0.07061535,223.9024921534144,2222.8057373807897,369.324622887351,2241.5068053822156,2859.8247058669162,0.01857034474584411,0.0727455930723943,13.751228996802553,-309.24994,139.28827,31.461239,33.379333,56.72349,5.407836,-23.065138,-28.302704,-7.7416143,9.935917,-16.551517,-27.87049,-34.40166
1201,20.016666666666666,0.050975617,231.40891729119673,2894.8250207244837,351.1594428321584,2086.2943561429183,2799.002410611026,0.01857034474584411,0.0727455930723943,13.751228996802553,-326.9683,134.13257,20.125832,28.084763,43.875183,-1.2489877,-21.670147,-26.052021,-21.583496,22.012001,15.140675,-17.698391,-27.85971
1202,20.033333333333335,0.07872915,234.96357622596716,2057.375945532382,357.28199602159157,2145.726357641636,2751.1187741211775,0.01857034474584411,0.0727455930723943,13.751228996802553,-304.40067,140.60562,23.427633,35.238045,46.132935,4.3952117,-25.467659,-30.353657,-22.818085,21.537914,11.627331,-27.972612,-35.8144
1203,20.05,0.10026235,224.35406178820017,1670.583903295032,357.42881176145227,2385.671041199813,2796.921063011466,0.01857034474584411,0.0727455930723943,13.751228996802553,-329.59573,117.093765,26.431026,55.67222,48.801647,15.368517,-24.923508,-35.93392,-13.199194,14.415373,-9.835178,-33.604538,-36.268097
1204,20.066666666666666,0.08825669,216.40202275293143,1976.9938420511353,307.49410227726514,2448.546274095029,2710.483303506532,0.01857034474584411,0.0727455930723943,13.751228996802553,-340.2285,94.64877,25.926567,71.2692,47.78836,26.140524,-13.445168,-37.19149,-9.28697,11.300467,-13.448616,-31.2975,-33.841675
1205,20.083333333333332,0.060137104,0.0,4307.975514291833,596.346275972689,2472.101613735327,2698.918807357248,0.01857034474584411,0.0727455930723943,13.751228996802553,-326.70438,55.518475,6.234028,88.44389,23.393414,22.354004,-2.6388774,-42.19449,-12.538355,25.262753,-13.633291,-35.240444,-31.726822
1206,20.1,0.043664414,0.0,7762.097306477902,1844.4799476994008,2826.5989081831735,4104.51164910142,0.01857034474584411,0.0727455930723943,13.751228996802553,-259.89737,-20.865425,-4.981842,98.37282,-5.455781,23.77649,-11.85327,-28.16394,-15.794788,40.605785,-10.249966,-23.240341,-35.336433
1207,20.116666666666667,0.058915623,0.0,8810.583897079789,474.6418232185467,2297.875123546729,3466.9670071435075,0.01857034474584411,0.0727455930723943,13.751228996802553,-246.16258,-55.886307,3.7452967,104.03763,-15.145585,25.872597,-16.800524,-28.557468,-24.005238,38.38885,-11.689969,-10.566387,-33.002052
1208,20.133333333333333,0.06513522,0.0,9621.869832299668,2109.65156704034,2681.0951361379693,4218.849000528572,0.01857034474584411,0.0727455930723943,13.751228996802553,-257.00665,-78.22154,10.096245,97.71481,-20.290283,29.341488,-7.450197,-14.4792385,-21.007648,36.00728,-14.239551,-5.030946,-33.372177
1209,20.15,0.06281721,0.0,9956.428537835385,2168.820044853078,2563.2213918832854,4062.657768221475,0.01857034474584411,0.0727455930723943,13.751228996802553,-271.63284,-91.75574,4.0272274,88.24495,-20.846123,29.844528,-4.7283754,-13.057606,-19.068954,28.533514,-19.154789,-3.881236,-34.85572
1210,20.166666666666668,0.05946031,0.0,9912.785272716814,2075.3438616329395,2954.339235555667,4088.238835485495,0.01857034474584411,0.0727455930723943,13.751228996802553,-290.55853,-104.1815,-5.0261493,83.51289,-22.704874,31.798506,1.1144992,-10.213915,-18.241512,33.516052,-14.719463,-3.8906593,-32.48976
1211,20.183333333333334,0.053970944,0.0,9861.563592332051,1970.3558853230027,2762.1281032918755,3848.3210601815204,0.01857034474584411,0.0727455930723943,13.751228996802553,-313.39133,-116.99097,-6.520008,83.53066,-28.078667,26.22922,-4.504114,-16.76175,-18.59053,32.37994,-9.384568,3.684214,-22.146322
1212,20.2,0.05176958,0.0,9869.238761386325,975.5524630181827,2225.9691163747416,3465.04180699957,0.01857034474584411,0.0727455930723943,13.751228996802553,-317.01184,-116.369965,-3.3763132,80.56938,-34.95952,26.644257,-5.324416,-5.9141974,-12.27247,33.124187,-9.478729,2.5600057,-22.028572
1213,20.216666666666665,0.056990042,0.0,10024.706989710572,1102.1172358999336,2218.1425173984626,3663.031193387008,0.01857034474584411,0.0727455930723943,13.751228996802553,-318.53827,-129.81,-5.0144706,84.93218,-29.521618,30.711832,2.6593683,-5.855713,-17.282782,31.8507,-9.358627,3.3413706,-25.114574
1214,20.233333333333334,0.05159527,0.0,9779.29438273432,1708.6344000368288,2232.4818065255504,3759.607191115097,0.01857034474584411,0.0727455930723943,13.751228996802553,-315.10367,-131.6304,-15.537294,80.99075,-27.042107,34.005226,0.55777633,-10.485941,-18.841011,36.039303,-2.687076,4.8753524,-26.49641
1215,20.25,0.037264913,0.0,9200.719690471964,2255.648970922368,2442.040405923211,3975.7686573018223,0.01857034474584411,0.0727455930723943,13.751228996802553,-331.29785,-105.54688,-32.653854,76.426834,-8.043341,32.771214,-5.1173997,-12.297921,-17.313427,36.71914,-0.5381783,-8.08988,-24.180796
1216,20.266666666666666,0.016525647,0.0,8493.185850394751,1929.0474746830887,2624.863771677,3947.2435465359176,0.01857034474584411,0.0727455930723943,13.751228996802553,-375.80344,-57.71996,-30.902676,70.60578,9.781695,29.354006,-4.5546513,-12.322731,-6.781545,31.505709,-4.5744567,-13.982936,-10.495249
1217,20.283333333333335,0.037548997,229.92647651416166,5415.289297550651,224.14099803448036,2326.080394401246,3266.8543349619263,0.01857034474584411,0.0727455930723943,13.751228996802553,-400.28195,27.198019,31.558159,85.54262,35.662792,30.289371,3.036858,-9.990451,-11.49833,-0.398762,-16.56463,-21.970951,-20.858719
1218,20.3,0.072268724,221.82490230069482,2858.3411439553693,288.21018527878886,2632.3714082103506,3608.67833322677,0.01857034474584411,0.0727455930723943,13.751228996802553,-367.79575,54.910244,44.802673,101.45521,52.739235,11.205376,-15.683816,-2.8383856,-10.549129,-15.976153,-24.99155,-19.24378,-18.149416
1219,20.316666666666666,0.09642139,215.52793323216451,2547.6593735187157,345.0868603880288,2742.7778313162535,3616.6972228734935,0.01857034474584411,0.0727455930723943,13.751228996802553,-364.71793,52.52129,36.61463,103.11243,50.890045,8.006281,-21.971628,3.8254027,-8.245076,-15.415775,-23.955746,-19.001907,-12.417199
1220,20.333333333333332,0.108883284,212.54482108722158,2283.1433893306953,372.890847094422,2743.2828448045752,3314.9628537310086,0.01857034474584411,0.0727455930723943,13.751228996802553,-362.81,58.542698,33.1809,99.59482,59.048836,10.576832,-34.54211,-0.8929504,1.2610538,-11.694643,-32.611713,-13.719738,-2.4535136
1221,20.35,0.11686098,210.90053441783684,2329.101412072103,385.33087935579624,2597.3578214739473,3206.930580220092,0.01857034474584411,0.0727455930723943,13.751228996802553,-348.24542,63.01941,32.175102,101.65688,58.642986,16.09205,-42.15342,-8.427504,2.9213696,-6.1510262,-31.081726,-16.081686,-3.297437
1222,20.366666666666667,0.1251539,209.80983967809908,2304.871538943289,393.97700445123263,2460.577283301454,3303.8611404963017,0.01857034474584411,0.0727455930723943,13.751228996802553,-343.13678,61.41207,33.96962,97.88268,58.614616,24.639502,-33.95505,-14.569976,-3.2773647,0.9299967,-26.08128,-22.527905,-16.688496
1223,20.383333333333333,0.12339396,210.35815147698497,2293.4920727106273,406.57280615258077,2378.368539125598,3382.121196842892,0.01857034474584411,0.0727455930723943,13.751228996802553,-347.51117,70.80781,51.263573,86.780556,44.211296,25.609745,-29.681263,-24.075264,-17.422537,-0.4953153,-18.339043,-11.959695,-21.582983
1224,20.4,0.110239774,209.7050867893172,2125.9317149960593,405.4391621674228,2191.2947709539185,3219.0479911287403,0.01857034474584411,0.0727455930723943,13.751228996802553,-367.5284,78.32233,58.917274,73.74383,45.526863,26.558647,-17.150513,-25.351412,-27.78696,-3.0819006,-12.720872,-9.246593,-21.942423
1225,20.416666666666668,0.08834072,205.61409094870652,2182.6224588517107,383.24120904636914,1906.9776807580854,3408.283740520676,0.01857034474584411,0.0727455930723943,13.751228996802553,-387.92798,81.98529,69.32155,66.75308,42.58911,33.04088,-3.2260752,-21.622807,-35.28843,-6.090188,-4.464487,-1.0340989,-21.808311
1226,20.433333333333334,0.066314355,200.68687314954622,2370.4313720097684,334.78911219793457,1820.240194059709,3339.62877118556,0.01857034474584411,0.0727455930723943,13.751228996802553,-396.2793,90.00956,75.37315,61.029793,38.38299,35.627342,3.505664,-17.261606,-40.552444,-10.252036,-4.302818,2.2677305,-4.1536317
1227,20.45,0.052868873,198.22864066658846,2365.5094070849464,347.24048777204837,1820.4993001035211,3421.1205399054675,0.01857034474584411,0.0727455930723943,13.751228996802553,-416.7635,91.609604,81.33222,56.427437,29.924473,27.402046,5.798313,-13.119854,-36.686405,-14.829078,-10.416167,3.122253,1.7383683
1228,20.466666666666665,0.040514287,196.443050308882,2427.3946571204137,301.05680780125545,1805.9851995849733,3797.924758802977,0.01857034474584411,0.0727455930723943,13.751228996802553,-429.8068,93.13907,75.64096,51.6723,30.326443,28.321789,12.832289,-14.590174,-32.71421,-17.729498,-10.965001,4.021668,4.994048
1229,20.483333333333334,0.02964699,195.72036015221596,2347.656516395463,286.9417517108471,1715.0896757021558,3275.927158234831,0.01857034474584411,0.0727455930723943,13.751228996802553,-442.86584,96.11537,76.151184,51.804867,31.391956,24.380426,13.977841,-11.789307,-20.874277,-14.565069,-10.505146,6.0889015,3.7826257
1230,20.5,0.02168866,197.71797513143102,2615.3216186973436,227.18203968314208,1682.4767977295926,3295.9234781668056,0.01857034474584411,0.0727455930723943,13.751228996802553,-462.95816,81.29941,64.07088,48.128685,33.10365,25.95092,16.51115,-5.4756546,-13.835859,-13.950655,-10.607843,1.3432972,0.3123433
1231,20.516666666666666,0.013739884,0.0,3057.9960160279925,213.36869150335752,1633.4952665027347,3019.1079904500875,0.01857034474584411,0.0727455930723943,13.751228996802553,-484.19107,60.169937,50.622185,41.453876,31.27493,24.329601,16.354048,3.9223096,-4.134924,-7.0974665,-7.314467,-2.9767935,-1.5531653
1232,20.533333333333335,0.0074296743,0.0,3506.343213996576,235.2482945068081,1635.2196305064087,3108.8728527458256,0.01857034474584411,0.0727455930723943,13.751228996802553,-493.15048,51.386948,46.68452,40.12024,32.60837,24.510239,16.00734,7.685856,0.58443344,-4.4197016,-7.2453194,-8.572281,-9.168308
1233,20.55,0.002821138,0.0,4916.585960811174,516.1612822079829,1835.6963902566395,3166.475318917333,0.01857034474584411,0.0727455930723943,13.751228996802553,-502.28775,39.202843,36.31427,31.83191,26.205067,19.97371,13.696854,7.8819847,2.9260716,-0.9233808,-3.5827432,-5.12158,-5.7307935
1234,20.566666666666666,0.0011135318,0.0,6556.780512835394,1681.844041984435,2476.305030650495,3864.129392591213,0.01857034474584411,0.0727455930723943,13.751228996802553,-511.43637,26.73482,25.195728,22.76928,19.646238,16.061699,12.26861,8.510649,4.9981136,1.8898497,-0.71663404,-2.7862854,-4.339306
1235,20.583333333333332,0.0006528803,0.0,7874.423879933875,1283.4187802458455,1745.8539916891143,3139.3929673923853,0.01857034474584411,0.0727455930723943,13.751228996802553,-518.3682,17.21059,16.480478,15.314135,13.782404,11.975281,9.993948,7.9422703,5.918552,4.0085225,2.2800226,0.7800753,-0.46582097
1236,20.6,0.0004044324,0.0,8378.821441776407,1188.037168370791,1715.3413219848296,2968.2869081183453,0.01857034474584411,0.0727455930723943,13.751228996802553,-519.9028,15.030894,14.27387,13.067399,11.489281,9.63884,7.628546,5.5747156,3.5883317,1.7667438,0.18700367,-1.0984926,-2.0638723
1237,20.616666666666667,0.00039536983,0.0,8286.603806512132,1368.395858805792,2232.0618589640144,3241.9955808848117,0.01857034474584411,0.0727455930723943,13.751228996802553,-521.88934,12.348601,11.961536,11.335065,10.495966,9.479388,8.326887,7.0840244,5.798013,4.5153513,3.27978,2.130464,1.1006317
1238,20.633333333333333,0.00035290056,0.0,8735.946177942282,1231.3495843626233,2074.9965845781494,3314.481611370161,0.01857034474584411,0.0727455930723943,13.751228996802553,-523.55597,10.02572,9.738892,9.273711,8.64874,7.88853,7.0223103,6.0824223,5.1026306,4.116415,3.1552896,2.2473354,1.4159856
1239,20.65,0.0003131284,0.0,9110.97799273936,1370.7251067375778,1910.2407741558934,3151.703614200803,0.01857034474584411,0.0727455930723943,13.751228996802553,-525.2663,7.6206017,7.375085,6.9792,6.4520226,5.8184223,5.107582,4.351041,3.5808387,2.8276005,2.1188514,1.4776164,0.9214212
1240,20.666666666666668,0.00027627408,0.0,9599.140880814462,1427.4545084792508,2200.77913260075,3274.9661073733514,0.01857034474584411,0.0727455930723943,13.751228996802553,-526.987,5.2399235,5.1493044,5.0005817,4.7971582,4.543623,4.2456684,3.9098659,3.5434976,3.1543345,2.7504113,2.3397996,1.9303797
1241,20.683333333333334,0.00031273483,0.0,8982.334037166172,1529.133324613693,2092.7419221736527,3490.420570506945,0.01857034474584411,0.0727455930723943,13.751228996802553,-525.68207,6.965278,6.530746,5.860825,5.028965,4.1231713,3.2339427,2.4420543,1.8080876,1.3652031,1.1160854,1.0345446,1.0713198
1242,20.7,0.00033612773,0.0,8334.322074132084,1199.1267563937502,2270.6163088402204,3301.5343956813444,0.01857034474584411,0.0727455930723943,13.751228996802553,-523.54297,9.972796,9.48341,8.716181,7.737208,6.626966,5.470457,4.347301,3.3231692,2.443769,1.7321074,1.1892314,0.7980924
1243,20.716666666666665,0.00031776645,0.0,8737.38071280969,1189.4938943533712,2279.257174093394,3232.56882056929,0.01857034474584411,0.0727455930723943,13.751228996802553,-525.334,7.4776554,7.0999784,6.5138855,5.7783527,4.964698,4.1473403,3.394413,2.7595742,2.2762003,1.9545593,1.7825224,1.7293304
1244,20.733333333333334,0.00026760757,0.0,9093.16490954817,709.7513785297508,1956.233866373445,3122.958167680727,0.01857034474584411,0.0727455930723943,13.751228996802553,-526.8557,5.35268,5.053326,4.5886574,4.0051503,3.3588428,2.70787,2.1049643,1.5908867,1.1898738,0.90748763,0.73146397,0.6350376
1245,20.75,0.0002621284,0.0,9385.395365753211,868.7713830467765,1983.1841922737863,3071.220748097058,0.01857034474584411,0.0727455930723943,13.751228996802553,-528.2235,3.5122366,3.483899,3.4368973,3.3715508,3.2883365,3.1878204,3.0707152,2.9378333,2.7900949,2.6285233,2.4542289,2.2683988
1246,20.766666666666666,0.0002541227,0.0,9514.544902617126,617.0625060076675,1736.0261847979887,2741.8249142768386,0.01857034474584411,0.0727455930723943,13.751228996802553,-526.83075,5.429591,5.247691,4.9549584,4.5663004,4.101121,3.5820699,3.0335214,2.480061,1.9449682,1.4489188,1.0088466,0.6371723
1247,20.783333333333335,0.00023689495,0.0,9445.010969904613,1199.9329219813487,2183.108847302751,3118.9388546039722,0.01857034474584411,0.0727455930723943,13.751228996802553,-528.15814,3.5529644,3.3747501,3.0946214,2.7358782,2.3273005,1.8999314,1.4836544,1.104012,0.77974963,0.52112335,0.32952595,0.1980604
1248,20.8,0.00023901007,0.0,9251.115063052204,1258.8218531734947,2457.037904512438,2963.4368595729666,0.01857034474584411,0.0727455930723943,13.751228996802553,-529.49866,1.5645399,1.1736542,0.70122,0.2700318,-0.10538679,-0.4878222,-0.91340375,-1.3149748,-1.5476358,-1.4975716,-1.1776346,-0.7235724
1249,20.816666666666666,0.00025471475,0.0,8889.09233439877,951.9475883959357,2040.8197754491703,3059.7503771500747,0.01857034474584411,0.0727455930723943,13.751228996802553,-525.9308,6.58899,6.0963335,5.376081,4.552483,3.7529423,3.0769176,2.5731075,2.2310328,1.9889199,1.7556036,1.4401501,0.98098075
1250,20.833333333333332,0.00025893794,0.0,9345.375928193655,1213.2250068724238,2275.7601744365465,3286.1663601482055,0.01857034474584411,0.0727455930723943,13.751228996802553,-527.2166,4.895009,4.7455893,4.505166,4.186116,3.8047597,3.3803737,2.934102,2.487721,2.0623822,1.6774068,1.3491821,1.090271
1251,20.85,0.00025628475,0.0,9463.949853788108,1202.3387636607104,2434.8369328737085,3336.401126967036,0.01857034474584411,0.0727455930723943,13.751228996802553,-528.4679,3.1499662,3.072932,2.9492273,2.785524,2.5904634,2.3740373,2.1468728,1.919488,1.7015989,1.5014496,1.3253565,1.1773574
1252,20.866666666666667,0.00025507135,0.0,9053.464021175718,1090.956587045383,2310.55028901514,3211.7177427006527,0.01857034474584411,0.0727455930723943,13.751228996802553,-526.4411,5.943535,5.6536636,5.1922283,4.5896816,3.8848443,3.1215649,2.3452168,1.5992082,0.9218942,0.34414792,-0.11243742,-0.43644083
1253,20.883333333333333,0.0002715218,0.0,9476.124256837684,1086.021705462778,2230.691457115574,3320.947075059222,0.01857034474584411,0.0727455930723943,13.751228996802553,-528.1567,3.5873594,3.5035715,3.3721957,3.2044144,3.0136204,2.8135533,2.616449,2.4314532,2.2634828,2.1128573,1.9754869,1.843843
1254,20.9,0.00027180024,0.0,9019.34946042069,1287.0977519905048,2150.8755174961952,3099.6090046849185,0.01857034474584411,0.0727455930723943,13.751228996802553,-526.11774,6.417096,6.1737537,5.782962,5.265881,4.650182,3.9682517,3.255124,2.5462494,1.8752885,1.2720387,0.7606966,0.3584925
1255,20.916666666666668,0.0002637251,0.0,9187.136078689857,1185.5868427251658,2094.049037012351,3004.23150512223,0.01857034474584411,0.0727455930723943,13.751228996802553,-526.59674,5.7079887,5.3744383,4.8487005,4.1725464,3.3979974,2.581861,1.7800739,1.0424773,0.40868136,-0.0944873,-0.45391813,-0.6693857
1256,20.933333333333334,0.00027156694,0.0,9402.208092066514,1141.435993759189,2153.7065209322604,3052.2560633224507,0.01857034474584411,0.0727455930723943,13.751228996802553,-526.2885,6.0800285,5.5656123,4.7721996,3.7866986,2.7141252,1.6638062,0.73541874,0.0067003816,-0.47541764,-0.6990528,-0.68660504,-0.48917603
1257,20.95,0.0002810306,0.0,9156.611793336415,1044.5411467548906,2076.0723524816167,3162.3064005092356,0.01857034474584411,0.0727455930723943,13.751228996802553,-526.2707,6.2134204,6.010435,5.694851,5.297223,4.853881,4.4016705,3.9728146,3.5905733,3.266509,2.9995875,2.7774463,2.5794039
1258,20.966666666666665,0.00027494106,0.0,9220.502378649815,1231.7987879466436,2410.539075954688,3346.091786032578,0.01857034474584411,0.0727455930723943,13.751228996802553,-526.479,5.8880343,5.595582,5.1392407,4.561918,3.9166403,3.2606132,2.6488175,2.1280456,1.7319416,1.4778078,1.365286,1.3772495
1259,20.983333333333334,0.00027913536,0.0,9245.24939971948,1130.1023579639868,2288.653744741887,3312.0647952933577,0.01857034474584411,0.0727455930723943,13.751228996802553,-527.77924,4.0897985,3.914225,3.6377249,3.282586,2.8765068,2.449606,2.0313654,1.6477585,1.3190359,1.0582412,0.87079203,0.7548841
1260,21.0,0.00030499467,0.0,8700.761913168397,859.0710477979168,2125.938110017622,2930.90889165586,0.01857034474584411,0.0727455930723943,13.751228996802553,-526.0268,6.5237627,6.223375,5.764207,5.2000494,4.591318,3.994273,3.4519079,2.9884057,2.6082196,2.2996721,2.0418406,1.8128686
1261,21.016666666666666,0.00040528394,0.0,8528.340498808702,964.390556675085,2474.9734137636083,3533.596187843998,0.01857034474584411,0.0727455930723943,13.751228996802553,-524.6982,8.320787,7.780068,6.9385576,5.878196,4.6995993,3.51014,2.411585,1.4886854,0.80034405,0.37423897,0.20563316,0.2602414
1262,21.033333333333335,0.0017904175,0.0,5753.515198583806,877.2932710105401,3246.8632340925433,3590.651298850509,0.01857034474584411,0.0727455930723943,13.751228996802553,-471.29578,18.504532,-6.989752,51.7741,17.125748,-27.91189,0.63625336,5.993415,-13.916472,-18.887857,-5.8689456,7.4981213,-11.353115
1263,21.05,0.0018397094,0.0,5799.35984540507,569.4997812586274,2210.634581457154,3483.71561910839,0.01857034474584411,0.0727455930723943,13.751228996802553,-481.73013,18.688936,-2.1121502,44.58399,19.73729,-19.347572,1.4540083,8.1758995,-11.686382,-18.037544,-3.620654,6.3329725,-11.151593
1264,21.066666666666666,0.0007508526,0.0,6960.3052172319785,598.6869234962564,2175.4805301188744,3464.274045553102,0.01857034474584411,0.0727455930723943,13.751228996802553,-510.00674,12.521969,2.5331197,19.373749,15.075935,-5.581444,0.11744735,9.557161,-4.4262447,-10.454686,2.036164,2.0535803,-7.661677
1265,21.083333333333332,0.0006362793,0.0,6919.396701368648,540.7751873061025,2078.8547232487704,3523.329190655204,0.01857034474584411,0.0727455930723943,13.751228996802553,-511.0811,15.678558,7.231635,17.918743,15.349607,-0.37477535,0.54892904,6.7014513,-2.6256838,-8.726088,-0.2529627,1.7115,-5.932025
1266,21.1,0.0005207327,0.0,7848.567979115056,686.6635571297517,1975.3613509021736,3601.0258476055646,0.01857034474584411,0.0727455930723943,13.751228996802553,-519.4604,12.2036495,8.957264,11.50136,10.738465,5.0435276,3.7329378,4.941371,0.995129,-2.6182075,-0.5382685,-0.61902434,-4.9604545
1267,21.116666666666667,0.00041895107,0.0,8027.4261728163,744.513467439881,2118.0695078203744,3732.870350681717,0.01857034474584411,0.0727455930723943,13.751228996802553,-521.78595,10.610331,7.726349,7.5405493,8.043113,6.3155518,3.2316258,0.79371214,-0.21754128,0.078474626,-0.056508496,-2.2394443,-4.1686816
1268,21.133333333333333,0.00039792072,0.0,7410.570908134092,920.1148623451959,2107.111754046155,3695.269434049939,0.01857034474584411,0.0727455930723943,13.751228996802553,-520.0298,13.453131,10.337547,8.629811,8.171321,6.4015894,2.5978413,-0.73019195,-1.379872,-0.5565964,-0.8882744,-2.4240289,-2.6725564
1269,21.15,0.0003775609,0.0,8640.143527558095,1132.1345066286185,2118.9217295354006,3357.258884977251,0.01857034474584411,0.0727455930723943,13.751228996802553,-524.5636,7.3368015,5.1876307,5.1447573,6.7309527,6.8618965,4.5367703,2.3708267,2.6758392,4.022572,3.463191,1.0297118,-0.2912658
1270,21.166666666666668,0.0003540155,0.0,8875.063438205001,1085.4524903244885,2139.3851597325465,3432.2242812310983,0.01857034474584411,0.0727455930723943,13.751228996802553,-525.28564,7.4590473,6.961668,6.4421015,5.944507,5.326049,4.5510216,3.7838368,3.1473258,2.5450435,1.8462021,1.1551071,0.7317275
1271,21.183333333333334,0.0003318925,0.0,8862.03813353954,674.0236245172706,2113.889952107246,3299.167353829717,0.01857034474584411,0.0727455930723943,13.751228996802553,-523.6929,9.44201,8.429539,7.596405,6.9362216,5.8697863,4.260914,2.766439,1.9787133,1.6335902,1.0656247,0.23140356,-0.22405103
1272,21.2,0.00033388476,0.0,9408.579490323871,688.1470561922112,2046.303994903605,2974.1855335249447,0.01857034474584411,0.0727455930723943,13.751228996802553,-525.19116,7.6597614,7.222765,6.538927,5.668808,4.6858687,3.6672578,2.6846762,1.7966187,1.0430592,0.4433583,-0.0027100146,-0.3110464
1273,21.216666666666665,0.00030335225,0.0,9138.531748045472,919.2264529831035,2172.1203655459612,3050.9927158919636,0.01857034474584411,0.0727455930723943,13.751228996802553,-525.8122,6.7991877,6.4144998,5.814971,5.0576305,4.2122216,3.3529298,2.549729,1.8607517,1.3264551,0.9664745,0.7791852,0.7440709
1274,21.233333333333334,0.00027836606,0.0,9307.849329449899,1152.0495189689007,2100.263057128211,3377.4274715853053,0.01857034474584411,0.0727455930723943,13.751228996802553,-527.54535,4.383935,4.1015882,3.6569896,3.0865512,2.4363997,1.7581464,1.1042216,0.52325404,0.05591446,-0.26826072,-0.43303108,-0.43620872
1275,21.25,0.00027259512,0.0,9335.598492026227,1046.514936739845,2045.6453086034849,3388.6047930546174,0.01857034474584411,0.0727455930723943,13.751228996802553,-527.3973,4.516489,4.032238,3.3347912,2.5484493,1.784178,1.10903,0.5371447,0.044463247,-0.40108606,-0.80876863,-1.1485002,-1.3566856
1276,21.266666666666666,0.00027397124,0.0,9269.045000175218,1202.953752330771,2170.9150229540414,3319.898774835202,0.01857034474584411,0.0727455930723943,13.751228996802553,-526.8081,5.188116,4.4372826,3.8218796,3.729634,4.0677576,4.3540525,4.1353602,3.3763866,2.491076,1.9942139,2.0716798,2.431448
1277,21.283333333333335,0.0002788912,0.0,9301.763185380465,631.127574466472,1843.3755247932359,2974.2586796296437,0.01857034474584411,0.0727455930723943,13.751228996802553,-526.68475,5.5687747,5.1988277,4.6367006,3.9544985,3.235865,2.5625124,2.0016823,1.5966191,1.361722,1.2828143,1.3225211,1.4291127
1278,21.3,0.00027084202,0.0,9528.615246246638,539.0495091895638,1544.7763251593835,2761.0221827525434,0.01857034474584411,0.0727455930723943,13.751228996802553,-526.4643,5.919451,5.6553364,5.2359657,4.6906176,4.056551,3.3757362,2.6911998,2.0433805,1.4667445,0.98723173,0.62034607,0.3704736
1279,21.316666666666666,0.0002721039,0.0,9121.659763261467,1103.8841611432274,2165.5501668959328,3445.5488917589914,0.01857034474584411,0.0727455930723943,13.751228996802553,-527.4369,4.5901947,4.468526,4.2920303,4.080454,3.8380842,3.5547311,3.2189817,2.8330383,2.417207,2.0001507,1.6025493,1.2267194
1280,21.333333333333332,0.00026624167,0.0,9166.648615784034,1119.8441074881728,2215.8380872895427,3284.404636141594,0.01857034474584411,0.0727455930723943,13.751228996802553,-527.5343,4.432164,4.2438717,3.944007,3.5523324,3.094173,2.5984342,2.0952508,1.613667,1.1794096,0.81306696,0.52867997,0.33295506
1281,21.35,0.00080820883,0.0,9347.585339242443,1348.7899016504875,2781.2733321229134,3902.970439107208,0.01857034474584411,0.0727455930723943,13.751228996802553,-526.94006,5.2330275,4.928706,4.443769,3.8096383,3.0666256,2.2606175,1.4395168,0.6495828,-0.067811996,-0.6789448,-1.1595595,-1.495858
1282,21.366666666666667,0.002415795,0.0,9253.074798491725,651.6693015498549,2104.6980622154956,3311.630034439513,0.01857034474584411,0.0727455930723943,13.751228996802553,-506.0779,-7.1218143,4.9281554,23.655132,-6.709029,4.036517,12.654934,-1.7147882,-7.581853,17.56425,-10.496516,-3.2539637,15.068686
1283,21.383333333333333,0.008387624,0.0,7912.958808768566,678.9874471937584,2048.276990215224,3913.735212103217,0.01857034474584411,0.0727455930723943,13.751228996802553,-460.6407,-45.637726,-14.297704,67.597244,-32.793423,-0.88018656,26.426037,-1.2219312,-13.906461,15.60867,2.5261948,-10.4864025,7.7524047
1284,21.4,0.022175422,0.0,8231.268645852393,725.1709108405942,2115.799235685967,3952.4943296848146,0.01857034474584411,0.0727455930723943,13.751228996802553,-413.30817,-89.55226,-13.266036,83.800385,-43.18833,-4.0203795,22.926418,5.772168,-28.669216,19.616703,-2.8931222,-8.228009,-0.009347975
1285,21.416666666666668,0.03609565,0.0,8712.568824171172,811.5609483451312,2247.7241265595885,3758.115761652433,0.01857034474584411,0.0727455930723943,13.751228996802553,-363.2723,-110.05769,-9.399736,89.2437,-49.67819,-8.873117,8.632648,7.1104436,-36.218117,22.217669,-6.193177,-3.937661,-8.491387
1286,21.433333333333334,0.050603542,0.0,8914.646081043638,1125.1247806400004,2127.120821324526,3663.4175123412097,0.01857034474584411,0.0727455930723943,13.751228996802553,-311.87305,-115.09896,-29.99809,79.91942,-45.66841,-10.069264,-7.284297,6.243276,-28.632023,32.71602,-1.9371759,-5.537078,-23.30399
1287,21.45,0.056588855,0.0,8829.952027695083,769.691582024301,2200.242905049965,3500.9510307563573,0.01857034474584411,0.0727455930723943,13.751228996802553,-253.83098,-89.52624,-41.62117,68.32109,-39.792877,-19.72536,-33.41693,-18.7836,-34.77263,40.575317,-5.1910005,-6.739059,-20.32138
1288,21.466666666666665,0.045533992,0.0,8502.631670635532,865.0325967428904,2316.221896231445,3155.2180426347563,0.01857034474584411,0.0727455930723943,13.751228996802553,-246.30975,-55.12906,-42.687897,65.32637,-12.734799,-9.643849,-35.02214,-23.861418,-24.270023,40.22116,-10.76289,-16.507915,-29.339504
1289,21.483333333333334,0.047424756,275.9641665922244,7027.0880377930325,523.926080321036,2348.685958852815,3019.984588475326,0.01857034474584411,0.0727455930723943,13.751228996802553,-311.25708,15.219988,-3.597084,77.426544,30.988894,14.840313,-18.480984,-16.025627,-16.721115,21.172018,-14.398789,-24.399883,-22.911646
1290,21.5,0.089612864,253.0638758672357,2673.485291847092,332.6399795160949,2547.8488185734404,3165.5177414765285,0.01857034474584411,0.0727455930723943,13.751228996802553,-299.13586,86.48074,39.41594,87.627815,47.82868,11.182178,-45.30117,-27.062351,-13.273585,6.5633144,-26.765062,-29.594282,-19.465656
1291,21.516666666666666,0.12339324,237.8678762104281,2254.26990463642,368.3511420743222,2511.5899435562856,2987.544314419374,0.01857034474584411,0.0727455930723943,13.751228996802553,-304.5752,89.754135,31.274702,80.283394,52.51526,11.225688,-47.620903,-28.249016,-3.4651787,14.283544,-25.779812,-32.53597,-15.29637
1292,21.533333333333335,0.15828753,230.75808853309326,1527.9816197197995,344.182736492092,2278.12497855578,2908.7330428333194,0.01857034474584411,0.0727455930723943,13.751228996802553,-320.5809,120.33455,41.27305,62.167618,45.71737,9.302505,-36.48033,-26.147919,-8.645185,12.12347,-20.16172,-34.31058,-25.148045
1293,21.55,0.17856121,227.0116742985223,1050.8317863796788,253.87583449132333,1948.1554366159698,2830.5212529731048,0.01857034474584411,0.0727455930723943,13.751228996802553,-343.76352,135.42874,44.918106,44.7428,35.314724,13.67424,-3.7474513,-10.096836,-6.1137447,16.630642,-7.4737744,-25.9216,-24.295036
1294,21.566666666666666,0.19467904,224.90199394067474,950.8205025603935,245.5825732820426,1988.4589897136668,2789.600661422962,0.01857034474584411,0.0727455930723943,13.751228996802553,-358.80875,135.96014,39.82885,31.144741,28.996162,9.977512,-1.0496628,-12.199957,-12.917328,11.391634,0.62523896,-21.505352,-26.639666
1295,21.583333333333332,0.1971534,227.71134061171244,1336.4138005926413,256.74934082774803,1922.0290089281186,2707.8738207217184,0.01857034474584411,0.0727455930723943,13.751228996802553,-303.12137,153.05981,28.523716,11.186247,33.74748,10.287059,-20.18755,-20.479927,-25.200583,3.545914,11.646465,-6.8953214,-19.825798
1296,21.6,0.2022216,228.17783470958906,1879.9761935951697,270.02469858166484,1660.855864633971,2423.158516993532,0.01857034474584411,0.0727455930723943,13.751228996802553,-276.0888,137.443,25.215794,-3.2411733,19.186756,16.756521,-14.189197,2.4928958,-32.442116,-8.257949,-10.664534,-5.700341,-8.1430235
1297,21.616666666666667,0.1967847,226.21367815025434,1880.8604750537247,269.37948861572676,1390.262450781593,2865.069412507418,0.01857034474584411,0.0727455930723943,13.751228996802553,-283.40732,135.31204,34.68301,-2.8677642,0.5942973,9.403007,-4.55214,15.936234,-26.658653,-7.839697,-16.420881,-7.6602077,-7.140537
1298,21.633333333333333,0.16463314,224.34003133464816,1760.3923590302713,265.5917612091561,1265.6863505079834,2939.3389523265087,0.01857034474584411,0.0727455930723943,13.751228996802553,-303.35428,140.96814,52.7659,4.267758,-1.3569101,-1.6940765,-6.6283216,15.492685,-33.22087,-5.3075633,-15.346933,-13.427219,-7.29809
1299,21.65,0.11312413,223.4715242461023,1643.5276474868726,269.3954409875424,1550.4977523684804,3246.433610028449,0.01857034474584411,0.0727455930723943,13.751228996802553,-355.4029,140.02554,68.31979,12.813107,0.025699914,2.1272206,5.5042076,11.512272,-31.820457,-11.409949,-11.911369,-8.565908,-8.819972
1300,21.666666666666668,0.038257755,229.7477371578368,3587.5862438506074,315.0916812367003,1606.6907994884837,3063.4766040004984,0.01857034474584411,0.0727455930723943,13.751228996802553,-409.52625,103.68124,50.531357,15.295099,-0.98081064,6.038701,18.510765,-0.21234542,-25.899855,-2.5022287,-8.607925,-8.483595,-5.8825274
1301,21.683333333333334,0.01056906,0.0,3669.5023068834726,434.1567719890458,1701.2942750087254,3086.224150339564,0.01857034474584411,0.0727455930723943,13.751228996802553,-440.06787,102.169586,57.89228,18.632904,2.4301152,2.6569796,3.4289584,-3.6114917,-13.203466,-8.83091,-3.617228,-3.1818225,-4.4481654
1302,21.7,0.008374214,0.0,4893.941688474316,337.4300137381451,1628.7597635720017,2617.238935560148,0.01857034474584411,0.0727455930723943,13.751228996802553,-468.3138,72.51563,44.022514,22.789677,15.552986,12.463977,6.243226,0.070657104,-3.1536474,-2.2093496,-6.5551987,-12.869005,-13.74611
1303,21.716666666666665,0.030006327,258.7682946161004,5085.309623191925,556.1703170760779,2108.5247153423124,2445.7869002153925,0.01857034474584411,0.0727455930723943,13.751228996802553,-323.2873,83.228424,-1.3088187,31.971504,2.70073,13.913719,-5.7103252,-33.208015,-28.653717,25.445465,1.2731569,-13.378557,-15.412991
1304,21.733333333333334,0.07691275,241.11403128887622,2009.5673520923287,330.50303658182366,2346.3494705916155,2973.407545548069,0.01857034474584411,0.0727455930723943,13.751228996802553,-310.6475,122.06564,35.044815,63.31642,29.967817,20.992329,-25.44867,-32.77637,-23.365677,4.5161705,-14.827814,-32.11364,-18.753418
1305,21.75,0.09559574,226.61805458828755,2011.241611679542,347.5150075529626,2264.5304688261745,2839.7693960048055,0.01857034474584411,0.0727455930723943,13.751228996802553,-301.93607,111.44989,28.081627,60.636784,32.611855,21.484243,-40.526993,-35.340645,-14.908657,9.36344,-10.035049,-38.175438,-30.809004
1306,21.766666666666666,0.08423827,218.7972488632313,4266.167718111392,289.21715584918275,2195.5330319936884,2766.0593859538076,0.01857034474584411,0.0727455930723943,13.751228996802553,-264.16064,58.12203,10.482254,92.34167,10.770818,20.961151,-13.6371565,-37.041306,-21.794165,21.401165,-16.006096,-30.211197,-24.981232
1307,21.783333333333335,0.06763403,0.0,8120.84061359672,660.4440213364768,2419.390903595852,3367.5898873479796,0.01857034474584411,0.0727455930723943,13.751228996802553,-212.97107,-5.7294917,14.465985,96.52092,-4.8268795,26.312302,-14.936049,-30.262007,-36.836517,31.840466,-5.4404125,-6.6456923,-28.370293
1308,21.8,0.069122,0.0,8756.752295122335,2200.0884274474674,3679.9244109078445,4663.431934055881,0.01857034474584411,0.0727455930723943,13.751228996802553,-210.5471,-41.2995,1.7601805,93.03607,-20.246622,19.491539,-10.882829,-18.552238,-27.6968,42.803726,-4.9694433,-10.131611,-30.635279
1309,21.816666666666666,0.07395658,0.0,8960.457891761806,1894.443919602193,3214.1773716379757,4246.5568331314635,0.01857034474584411,0.0727455930723943,13.751228996802553,-208.38666,-48.330387,-4.630374,86.53952,-23.060406,14.932941,-21.614777,-28.351173,-33.313522,38.71398,-8.423304,-10.291273,-34.49414
1310,21.833333333333332,0.057366844,0.0,8639.168456054278,542.5067442977233,2268.3511239070053,2996.3202861667423,0.01857034474584411,0.0727455930723943,13.751228996802553,-205.25284,-33.36943,-10.347215,84.71135,-12.990851,8.624242,-35.6091,-35.606377,-36.339783,43.326096,-6.8163815,-18.024717,-34.30887
1311,21.85,0.0373684,0.0,7443.214075839729,544.1130784142523,2262.507195990953,2809.9182588659583,0.01857034474584411,0.0727455930723943,13.751228996802553,-240.73183,15.699071,-10.649447,69.63898,5.4594393,6.5487742,-40.322556,-34.745377,-25.361593,36.85586,-8.578841,-24.056911,-28.291275
1312,21.866666666666667,0.01971922,0.0,8453.224749782414,566.0095813669463,2322.442477571162,2899.074484645849,0.01857034474584411,0.0727455930723943,13.751228996802553,-292.324,21.64218,-5.149015,47.27855,27.729519,9.314947,-40.958214,-23.776226,-13.873554,40.969208,-14.385677,-11.220743,-21.68744
1313,21.883333333333333,0.06329131,240.37366749564447,5734.252668561415,390.9639593646513,2273.9765293343153,2731.5264899271383,0.01857034474584411,0.0727455930723943,13.751228996802553,-273.83252,69.84599,26.7272,45.126892,28.31562,9.032591,-43.321648,-27.621052,-16.751835,39.110275,-8.7864065,-7.9842196,-25.991753
1314,21.9,0.08926047,235.46572098372963,3824.1119755313734,504.9202904657736,2217.5267621050643,2957.024286474592,0.01857034474584411,0.0727455930723943,13.751228996802553,-253.56766,104.87833,34.140415,28.004847,18.70446,3.3900394,-36.91688,-16.214848,-17.89946,28.003262,-5.709567,-9.367869,-24.01514
1315,21.916666666666668,0.10684218,228.91241877861285,3141.0313885095948,451.61027260918013,1975.1251960787738,2751.8552461697445,0.01857034474584411,0.0727455930723943,13.751228996802553,-272.95584,116.02882,28.465763,12.371101,15.039728,9.987581,-19.711582,-9.786331,-23.487293,15.159797,-14.690905,-9.125849,-15.927353
1316,21.933333333333334,0.1282794,224.58907083261798,1792.6615354801647,291.3154225411874,1270.947666178222,2652.8212258066646,0.01857034474584411,0.0727455930723943,13.751228996802553,-311.11487,147.35574,50.9543,10.534302,12.879044,8.945637,-0.7424668,-7.9917207,-23.598402,0.39079955,-30.438347,-17.634499,-18.628609
1317,21.95,0.15289898,225.22667178396398,1206.7903364497881,249.41219649791614,1325.3239375155867,2403.54252313267,0.01857034474584411,0.0727455930723943,13.751228996802553,-354.77255,140.20107,56.287395,13.6109705,18.374542,18.826317,12.762251,-2.3332398,-19.3591,-2.0411901,-23.463985,-18.40996,-18.717031
1318,21.966666666666665,0.1732711,226.3902214148174,1006.2127239764121,245.2044001481156,1206.088732981677,2116.356003580133,0.01857034474584411,0.0727455930723943,13.751228996802553,-374.2468,141.93022,63.34591,16.298607,19.11974,21.263086,19.642895,1.8976157,-16.83326,-7.419256,-20.174482,-14.170914,-18.299982
1319,21.983333333333334,0.17444687,225.99166086770634,834.5471706558374,239.0393886157064,1201.9792675603624,2098.6974670355917,0.01857034474584411,0.0727455930723943,13.751228996802553,-384.7518,147.02965,63.99028,9.764396,13.222969,22.687069,19.934855,8.112014,-3.4450407,-6.64717,-15.866804,-13.070847,-16.034512
1320,22.0,0.18402992,225.63609704656398,769.3464692314827,251.54742399059484,1200.0585908777202,2156.764730629931,0.01857034474584411,0.0727455930723943,13.751228996802553,-371.48947,166.60098,70.56329,9.680806,6.0356016,18.448238,13.877472,-4.473079,-13.525263,-14.752809,-17.530079,-15.54377,-21.001568
1321,22.016666666666666,0.1851668,226.81382571287378,939.6097172226258,300.01760929942714,1570.5102705036384,2541.24147754006,0.01857034474584411,0.0727455930723943,13.751228996802553,-334.20828,168.98135,63.995094,12.799609,8.128153,8.652323,5.7413425,-21.898766,-25.895197,-11.942852,-32.783436,-17.213993,-18.532255
1322,22.033333333333335,0.19283164,225.6133544676772,1574.7458851562283,271.4965709317463,1918.7859061951863,2605.8547511296606,0.01857034474584411,0.0727455930723943,13.751228996802553,-317.61343,129.84654,48.885006,30.025372,20.9431,11.034395,-7.471788,-22.189388,-5.8056602,22.503,-22.303017,-20.552042,-18.551777
1323,22.05,0.15482855,222.8847374046702,1847.8589185910444,261.54238411828,2358.7519120789348,2804.5184424938066,0.01857034474584411,0.0727455930723943,13.751228996802553,-307.345,111.680405,37.454094,43.57627,26.215046,23.056705,-4.4392595,-20.042198,5.455121,36.026287,-23.967285,-25.739521,-13.800431
1324,22.066666666666666,0.10551848,221.79310196394158,3708.451179564231,580.3748024493956,2665.704804088949,3199.698261183882,0.01857034474584411,0.0727455930723943,13.751228996802553,-282.9606,74.72534,9.482545,81.84183,19.08544,15.397582,5.6655045,-22.123966,-12.923627,38.142807,-7.835558,-37.33297,-19.378033
1325,22.083333333333332,0.050773345,0.0,7626.902936434418,1940.7464174351603,4024.703463175147,4939.083465629802,0.01857034474584411,0.0727455930723943,13.751228996802553,-229.01738,0.9231242,-3.300662,86.00171,-10.323822,13.567248,-2.1010737,-15.449382,-34.922035,38.118893,1.5378247,-18.635572,-27.575054
1326,22.1,0.0692476,0.0,8667.237937752905,544.6064683485824,2076.3526124560476,3517.452828711028,0.01857034474584411,0.0727455930723943,13.751228996802553,-199.67851,-31.77499,-1.8325727,88.165825,-16.353613,7.2289505,-14.998038,-20.36893,-50.66337,35.729168,-2.2347875,-13.775826,-32.10338
1327,22.116666666666667,0.08252522,0.0,9039.0475149967,882.48913513436,2079.6738697765013,3472.382253506046,0.01857034474584411,0.0727455930723943,13.751228996802553,-192.97455,-49.263916,-16.628593,73.29846,-29.78379,6.9696026,-15.222382,-12.828731,-37.82016,45.32952,6.1182966,-4.5276556,-29.465178
1328,22.133333333333333,0.09114407,0.0,9373.651117960108,1751.1084042245693,2227.8419090840675,3831.2663428759824,0.01857034474584411,0.0727455930723943,13.751228996802553,-197.63895,-56.767532,-18.05848,70.812325,-30.567276,7.925225,-15.166648,-16.573526,-42.546417,42.126835,4.4856915,7.354128,-29.37761
1329,22.15,0.09273057,0.0,9038.321305092271,1826.7629775564183,3045.349765339709,3883.8910284276567,0.01857034474584411,0.0727455930723943,13.751228996802553,-193.4921,-60.874077,-32.21039,65.46568,-37.50939,7.138834,-7.9334106,-8.903006,-49.24246,34.2331,2.3869848,10.877461,-23.483166
1330,22.166666666666668,0.0766577,0.0,8651.463371640766,1773.318986780573,2341.9478425685106,4120.326875492512,0.01857034474584411,0.0727455930723943,13.751228996802553,-184.11858,-45.930454,-48.39003,47.47322,-32.263866,19.055096,2.7292926,-9.357476,-54.92847,26.187344,0.97191656,19.671837,-13.250723
1331,22.183333333333334,0.04599306,0.0,7895.321534614608,1671.8464749816203,2361.0824943284506,3803.380103030387,0.01857034474584411,0.0727455930723943,13.751228996802553,-239.83685,-8.381883,-45.360664,33.07167,-19.286995,27.893822,12.302613,-15.73546,-52.88137,5.056345,-9.1417885,12.160311,-3.6211107
1332,22.2,0.009602257,0.0,9013.940491763718,1652.0373301860404,2168.3920670281623,3629.466620118949,0.01857034474584411,0.0727455930723943,13.751228996802553,-352.5113,-17.659077,-33.385166,25.820307,-6.437211,13.813138,13.503279,2.6999333,-43.878822,-2.1668618,1.7195624,10.823706,-8.837889
1333,22.216666666666665,0.0054228185,0.0,8003.242558567234,1617.3815471906767,2145.6014952564014,3823.728301142096,0.01857034474584411,0.0727455930723943,13.751228996802553,-393.8823,-6.446308,-39.308807,17.72289,8.475592,24.072453,25.781008,-5.859241,-45.177616,5.620714,9.484457,3.151722,-12.011816
1334,22.233333333333334,0.0030212011,0.0,8564.850223074467,1676.7914716623723,2126.908021054628,3735.096352180599,0.01857034474584411,0.0727455930723943,13.751228996802553,-437.4234,0.3017456,-29.151321,0.46216303,9.187494,27.136017,28.203203,-10.907509,-39.7458,5.91333,8.09143,1.1113744,-10.055748
1335,22.25,0.011015711,0.0,7741.791257828581,1532.39276479069,2132.1777801265257,3619.5342147514248,0.01857034474584411,0.0727455930723943,13.751228996802553,-439.80487,26.951767,-20.8294,4.860569,3.3905144,7.892865,15.298932,-26.631626,-33.12699,13.969807,3.0698519,-12.062647,-8.185655
1336,22.266666666666666,0.017974444,0.0,6593.73530911456,601.0982146362335,2037.9645872197727,2457.8110216958476,0.01857034474584411,0.0727455930723943,13.751228996802553,-262.5626,68.527756,-27.405045,5.1459265,12.586153,5.913273,-0.60279,-33.6418,-41.16407,20.30589,5.2649984,-22.085155,-30.973373
1337,22.283333333333335,0.0714972,241.68655080898412,4909.921521730841,292.3296172815714,2197.60677008051,2555.7522165513305,0.01857034474584411,0.0727455930723943,13.751228996802553,-280.94315,86.68026,12.155691,29.991741,32.576607,17.680355,-9.190294,-23.63966,-27.469563,5.490617,-13.384306,-23.33156,-32.25136
1338,22.3,0.113453075,242.87791724591162,1817.538981613099,322.22889771959285,1853.2519156466572,2751.1169797613456,0.01857034474584411,0.0727455930723943,13.751228996802553,-300.00836,130.26422,13.891684,33.476067,59.23272,13.843151,-17.75623,-11.052002,-31.9871,-9.959206,-15.325255,-16.804665,-21.6422
1339,22.316666666666666,0.1370085,242.4578275049178,1571.7371764313268,343.9772907677371,1987.8679321720326,2947.495164191306,0.01857034474584411,0.0727455930723943,13.751228996802553,-312.09586,128.71567,12.25708,34.471382,58.812386,10.500539,-18.89435,-0.29894233,-23.375301,-13.766706,-14.015555,-9.289048,-17.384668
1340,22.333333333333332,0.13832308,241.40967333447682,1547.185767128095,358.9432042101579,2021.9571259864665,2917.378883547174,0.01857034474584411,0.0727455930723943,13.751228996802553,-320.70804,128.8145,11.696396,33.452427,60.132652,10.764602,-15.257071,3.2990546,-23.849838,-19.484787,-17.22219,-3.3851812,-11.930859
1341,22.35,0.13276707,244.9275093440815,1561.2867090828788,409.71740792699904,2246.8225131413224,2914.843132901709,0.01857034474584411,0.0727455930723943,13.751228996802553,-298.94876,142.50458,13.559347,29.896637,48.02355,-0.30652618,-27.845055,-16.720661,-32.07086,-16.401114,-5.4647512,5.3607454,-7.3466516
1342,22.366666666666667,0.13200334,244.22454555345155,2585.1137554125658,642.4433307892025,2147.9363995795816,3144.159704295689,0.01857034474584411,0.0727455930723943,13.751228996802553,-236.36653,135.19322,11.600029,9.994994,26.298756,-4.828942,-46.89995,-24.07264,-35.176353,6.5282335,-2.7473183,8.843026,-21.405764
1343,22.383333333333333,0.12801145,243.16362571068518,3028.7071786473584,722.9618959268977,2072.3325921218725,2900.1175827221286,0.01857034474584411,0.0727455930723943,13.751228996802553,-233.47302,123.874664,9.014502,-1.9989915,13.689457,2.6571734,-34.204445,-20.677097,-29.30908,25.88611,-0.22168577,10.106895,-22.753326
1344,22.4,0.13120215,244.59515170198438,3630.299385662527,744.6525674622294,2051.3410980810454,2902.8810401142914,0.01857034474584411,0.0727455930723943,13.751228996802553,-231.86395,127.34718,18.624382,-15.129892,7.7895155,-3.177956,-24.818008,-7.8178988,-28.940561,30.658976,-3.800378,20.534351,-24.188349
1345,22.416666666666668,0.13144724,246.12591719727763,3433.201284972048,803.3024921608148,1866.8010275799113,2840.9966452133394,0.01857034474584411,0.0727455930723943,13.751228996802553,-229.21255,141.93869,24.93555,-22.593887,9.744808,-6.85166,-22.18868,0.07627773,-23.760311,27.13846,-5.654404,14.47707,-27.485744
1346,22.433333333333334,0.13209158,247.78464402768535,3295.990559782053,836.7844688941653,1808.2199256096555,2498.735705974735,0.01857034474584411,0.0727455930723943,13.751228996802553,-244.68585,135.97769,32.554123,-22.739277,2.3006845,-8.758671,-13.9869,8.55848,-17.618023,29.351734,-5.2752256,7.1269584,-20.663914
1347,22.45,0.1338897,248.61829142060964,2980.3565359995036,798.8695102506107,1426.0005138608942,2691.582035014867,0.01857034474584411,0.0727455930723943,13.751228996802553,-258.9407,134.18796,26.949614,-25.885725,-0.7423391,-8.753197,-14.675143,7.082936,-21.367874,20.37662,-14.035272,7.5864224,-15.206926
1348,22.466666666666665,0.13830256,250.09364455172545,2540.729626501549,755.4700936909992,1448.5574931884616,2803.2903424185242,0.01857034474584411,0.0727455930723943,13.751228996802553,-279.11197,136.90192,40.668446,-15.486574,-5.03082,-6.882683,-10.351616,8.09189,-23.089428,12.821428,-11.084456,11.018757,-4.1698704
1349,22.483333333333334,0.13463612,253.4454449502613,2019.5697574933026,748.0745901962077,1385.7307834321143,2764.530833948578,0.01857034474584411,0.0727455930723943,13.751228996802553,-287.37845,152.24945,47.813316,-12.985939,-13.122403,-10.352173,-8.3663845,13.014465,-16.709621,5.3062677,-19.849524,9.732388,-3.77456
1350,22.5,0.13596784,256.55315746015134,1931.1533845455667,671.1096663678533,1256.6690274919865,2713.4024207762573,0.01857034474584411,0.0727455930723943,13.751228996802553,-300.01248,152.64468,49.24614,-15.403553,-11.155376,-7.375228,-4.494363,14.40992,-17.15939,3.5964272,-19.856045,11.623464,-5.3448234
1351,22.516666666666666,0.13094182,260.85874355319015,1883.730471038777,386.47292848357563,1034.2722137288767,2744.2892464856272,0.01857034474584411,0.0727455930723943,13.751228996802553,-319.95554,149.44382,72.13099,-0.27852547,-14.28563,-14.211988,-3.4127107,12.976843,-16.42574,0.69023216,-26.394325,4.3961496,-6.6299467
1352,22.533333333333335,0.12146442,264.6923180827138,1862.2323337225976,413.0598992393383,1039.8567805086227,2674.8112842792048,0.01857034474584411,0.0727455930723943,13.751228996802553,-342.11572,140.1167,77.70062,7.3056655,-19.376692,-16.091406,2.3710203,16.078356,-15.223578,-2.3726258,-24.30848,4.4787126,-10.905409
1353,22.55,0.11145884,267.2337422578506,1737.2454802953384,427.39251934543773,562.6020318339889,1484.3041788493222,0.01857034474584411,0.0727455930723943,13.751228996802553,-359.1329,137.70364,81.95639,6.059458,-21.91832,-16.111555,6.0122204,21.95203,-15.689903,-5.712021,-28.094074,-4.0004783,-15.721195
1354,22.566666666666666,0.09883392,270.0186428735281,1604.6552032463624,471.5660289465555,1226.517737474249,2926.808628742145,0.01857034474584411,0.0727455930723943,13.751228996802553,-374.7176,137.16006,88.25344,10.023369,-19.55017,-15.733191,-0.75982696,17.465307,-15.251318,-10.572094,-27.443129,-2.5387502,-6.024878
1355,22.583333333333332,0.08670822,273.09349524401784,1578.1993303680306,500.5594621933104,1218.1760081302164,3344.501619181098,0.01857034474584411,0.0727455930723943,13.751228996802553,-385.6822,137.51503,85.09383,9.48967,-21.14265,-21.695328,-5.165994,15.4938755,-12.155264,-9.396353,-23.192415,-2.3637016,-6.139075
1356,22.6,0.0660199,274.4405832375943,1554.1624134375884,533.9837541718855,1170.2263440338068,3009.5412052587308,0.01857034474584411,0.0727455930723943,13.751228996802553,-404.0252,129.43692,80.217255,13.154025,-17.79273,-21.958122,-6.577731,10.967178,-4.8390236,-4.4368525,-15.814257,-3.749177,-4.755248
1357,22.616666666666667,0.047022726,273.98238823638115,1614.683898930154,529.2242243250745,1041.8955760149227,2629.9576933333174,0.01857034474584411,0.0727455930723943,13.751228996802553,-423.63037,123.5979,77.95116,21.651947,-9.110594,-16.794106,-10.845177,-2.3965082,-9.867458,-12.447115,-16.53186,-6.7713323,-0.8045251
1358,22.633333333333333,0.026353478,268.1584883269829,1854.207868852856,498.36235524028064,1090.054754162485,3103.635948806926,0.01857034474584411,0.0727455930723943,13.751228996802553,-439.88257,112.22563,72.59652,29.039373,0.003306985,-9.044565,-5.26792,-0.8802518,-2.67727,-8.58003,-11.935862,-8.71496,-1.5789788
1359,22.65,0.011983042,0.0,2799.7463815966876,400.3713915149945,1306.9794622878587,3025.9931145955593,0.01857034474584411,0.0727455930723943,13.751228996802553,-462.96332,85.09061,58.51174,28.984371,8.161087,-0.3036058,-0.963701,-1.0148036,-4.0958385,-8.402748,-9.849433,-6.7150197,-1.4645948
1360,22.666666666666668,0.0052899728,0.0,3866.5656152162937,347.6715530528623,1278.5620364157267,3167.0855092610063,0.01857034474584411,0.0727455930723943,13.751228996802553,-481.15836,62.74137,44.298943,23.175179,7.383585,0.11037498,-0.9744473,-0.73578495,-2.609334,-6.633561,-10.455734,-11.867034,-10.558441
1361,22.683333333333334,0.0027456058,0.0,4392.744570192967,380.1956470396891,1318.4149423771178,2830.9900259604437,0.01857034474584411,0.0727455930723943,13.751228996802553,-491.68616,51.260567,40.86362,27.45933,14.802409,5.2769427,-0.730836,-4.238089,-6.475116,-7.997877,-8.616252,-7.9724145,-6.1674767
1362,22.7,0.0014735325,0.0,5897.261548806429,429.8924169363547,1537.8519782827866,2972.677997964409,0.01857034474584411,0.0727455930723943,13.751228996802553,-504.13034,35.493908,29.772858,21.931686,13.785399,6.795179,1.6505704,-1.7335881,-3.8693259,-5.237739,-5.9931335,-5.9773283,-4.992904
1363,22.716666666666665,0.0008545764,0.0,6647.372023522985,495.8163267962734,1880.8752610504262,3207.3345366159306,0.01857034474584411,0.0727455930723943,13.751228996802553,-510.09506,28.270359,25.743614,21.952232,17.389389,12.544113,7.8223877,3.5341668,-0.07622991,-2.803047,-4.4916105,-5.091264,-4.7124376
1364,22.733333333333334,0.00049661286,0.0,8456.060154885588,988.7853669020024,2068.3629554361414,3420.1490002227,0.01857034474584411,0.0727455930723943,13.751228996802553,-519.1073,15.957504,14.668283,12.7554,10.48138,8.083727,5.732816,3.5387974,1.5880448,-0.026197411,-1.2053356,-1.8783541,-2.0414267
1365,22.75,0.00033743648,0.0,9036.608358373864,1357.4151437663584,2486.6337557285806,3797.73325794127,0.01857034474584411,0.0727455930723943,13.751228996802553,-523.80774,9.640698,9.274418,8.698655,7.9573684,7.0988617,6.1682024,5.2030525,4.233437,3.284615,2.3807688,1.5472867,0.8101634
1366,22.766666666666666,0.00031933715,0.0,8937.563012014682,1091.5098450118542,2157.3741650173447,3611.1101772783,0.01857034474584411,0.0727455930723943,13.751228996802553,-525.2469,7.6507807,7.4159184,7.0457306,6.5687647,6.018962,5.430924,4.8354597,4.2560964,3.7072434,3.1940358,2.7140684,2.2603064
1367,22.783333333333335,0.00028750254,0.0,8886.316006345345,1011.3029480366326,2140.273149410654,3202.84792751301,0.01857034474584411,0.0727455930723943,13.751228996802553,-524.7868,8.224487,7.763891,7.033797,6.0871315,4.991501,3.823375,2.661661,1.5811111,0.6463152,-0.09341496,-0.6074976,-0.8859054
1368,22.8,0.0002643595,0.0,9751.235516557634,977.895076214068,1952.966810128049,2782.275208853043,0.01857034474584411,0.0727455930723943,13.751228996802553,-528.81445,2.6715147,2.6285655,2.5584095,2.4631104,2.3454766,2.2089016,2.0572867,1.8948565,1.7260392,1.5552546,1.3867996,1.2246529
1369,22.816666666666666,0.00027667085,0.0,9547.97420536964,1120.6622605405894,2244.222085314598,3282.125771167603,0.01857034474584411,0.0727455930723943,13.751228996802553,-527.50494,4.492545,4.3612247,4.1565933,3.8947992,3.591126,3.2579618,2.9057727,2.545924,2.192789,1.8632671,1.5733578,1.3336742
1370,22.833333333333332,0.00028395743,0.0,9088.849483349488,1256.4467432877493,2249.6224501374268,3591.6966920634636,0.01857034474584411,0.0727455930723943,13.751228996802553,-526.4258,5.9888067,5.768738,5.4200945,4.968381,4.446005,3.8894057,3.335806,2.8200097,2.3713996,2.0116062,1.7528448,1.5972748
1371,22.85,0.00030255702,0.0,9397.147863319147,852.6678437038233,1703.4415641145315,2882.888017333411,0.01857034474584411,0.0727455930723943,13.751228996802553,-527.7383,4.1522923,4.0029507,3.8016362,3.5909557,3.3916879,3.1952815,2.9757671,2.7128253,2.4107637,2.100914,1.8254805,1.6131935
1372,22.866666666666667,0.0004766399,0.0,9844.747371721984,1094.576223819801,2108.1688663212694,3432.1056494789123,0.01857034474584411,0.0727455930723943,13.751228996802553,-524.2739,8.837539,8.108164,7.1140795,6.0613127,5.0668373,4.1235833,3.1491532,2.0829573,0.96580255,-0.052510247,-0.78480375,-1.1133004
1373,22.883333333333333,0.0088646645,0.0,9489.118289149661,842.6239717855358,1003.6885786223468,2837.8927874250676,0.01857034474584411,0.0727455930723943,13.751228996802553,-501.77408,29.864847,32.566864,20.87751,13.915964,9.40773,-2.8908644,0.52411723,-10.925259,-5.010647,-10.076056,-6.9168015,-3.599563
1374,22.9,0.0437412,255.38251514118096,2450.806120055341,405.84701126446043,1094.510999246417,3075.3825260676495,0.01857034474584411,0.0727455930723943,13.751228996802553,-386.08823,136.75008,90.61934,13.050524,-18.251026,-21.696053,-15.062264,8.364422,-26.417995,-8.504427,-29.129295,-16.793182,-13.822847
1375,22.916666666666668,0.057390027,246.66594076993957,2516.2532664454975,423.334635219174,1083.266903879617,3720.035645627879,0.01857034474584411,0.0727455930723943,13.751228996802553,-332.93707,145.82332,89.965385,9.852191,-12.381037,-24.165886,-14.196659,24.555069,-39.073776,-7.858746,-27.928505,-8.626219,-17.077637
1376,22.933333333333334,0.052875496,231.2470234770218,3280.526375022092,287.58854516578447,1379.305409189383,3086.4075055740727,0.01857034474584411,0.0727455930723943,13.751228996802553,-321.9669,120.1868,49.476517,22.709255,-5.3273096,-11.979231,9.963572,21.035137,-31.227262,-4.828023,-22.129017,2.580771,-11.15076
1377,22.95,0.029446566,0.0,7190.767844173391,394.08668620507353,1766.323045692999,3792.8996693981644,0.01857034474584411,0.0727455930723943,13.751228996802553,-255.62946,50.328922,6.046174,39.397343,-10.515404,3.7124226,19.38458,15.147654,-47.032505,0.21152484,-4.829322,5.2216406,-29.766651
1378,22.966666666666665,0.038148474,0.0,9204.18601701558,609.9974562001235,1848.5024808073829,3777.4062842372,0.01857034474584411,0.0727455930723943,13.751228996802553,-198.09364,1.4041133,-5.222501,49.87238,-20.982868,1.1305614,-3.2847714,14.665432,-55.19924,8.297165,-0.60716146,12.306513,-26.0751
1379,22.983333333333334,0.04895305,0.0,10152.449097300767,828.135677740558,2300.7867668743856,3824.0843824668486,0.01857034474584411,0.0727455930723943,13.751228996802553,-203.96062,-29.89794,-1.9335234,57.923805,-22.27779,9.169659,-4.875781,5.842306,-56.959602,12.064804,-11.9072075,0.5783355,-29.409962
1380,23.0,0.055674415,0.0,9829.922226352091,1890.940464667831,3682.6725377648945,4550.077474988621,0.01857034474584411,0.0727455930723943,13.751228996802553,-228.10211,-58.03984,-13.158855,67.67052,-24.767836,14.190685,-0.4186897,3.9938502,-54.3662,18.948803,-8.61753,-0.76611364,-28.707535
1381,23.016666666666666,0.050869185,0.0,9151.36745614056,1933.355645892435,3076.4937712528927,3971.9218592977472,0.01857034474584411,0.0727455930723943,13.751228996802553,-229.27432,-62.73758,-30.791859,67.66203,-21.055473,12.467312,-0.013645887,3.0894148,-41.045612,28.35568,-2.8581991,-1.9064472,-29.031225
1382,23.033333333333335,0.03583735,0.0,8422.035650067673,1950.350220939458,3725.7200563804645,4150.2909239044675,0.01857034474584411,0.0727455930723943,13.751228996802553,-267.7015,-36.360596,-38.127705,59.4899,-7.328573,0.5900036,-12.211735,-7.040303,-41.810028,25.059185,6.0559125,3.7755394,-26.203121
1383,23.05,0.029694917,244.3704357327731,7625.343996708006,1706.9697610613157,2694.004399079574,3910.4455047786864,0.01857034474584411,0.0727455930723943,13.751228996802553,-342.67303,14.883764,-10.427467,53.42872,33.671364,24.581566,-11.641138,-10.357769,-32.630257,19.911697,5.684181,-3.7720065,-19.97227
1384,23.066666666666666,0.07284676,243.53562124137153,3566.560320781468,268.294268686918,1903.9109159044378,2872.6803661238064,0.01857034474584411,0.0727455930723943,13.751228996802553,-339.72116,70.324104,28.9208,61.12093,40.800575,22.693056,-11.305342,-17.36753,-36.98925,14.646412,3.7352543,-1.4824387,-11.698994
1385,23.083333333333332,0.10010885,239.35956143136585,1931.4398456945846,266.9934215227099,1941.7118769746096,3428.4346852673702,0.01857034474584411,0.0727455930723943,13.751228996802553,-353.64236,99.78618,43.573025,47.026657,32.2063,20.402386,5.653881,-9.512352,-35.18911,3.3233097,-5.443136,-3.969122,-9.563417
1386,23.1,0.12228918,235.14605014328015,1493.7758250823078,249.7389009531764,1918.292669049244,3131.885819434757,0.01857034474584411,0.0727455930723943,13.751228996802553,-375.86057,110.653465,42.790325,37.930588,31.002731,20.285769,17.844913,-3.8380075,-31.65909,3.1013896,-6.6219716,-17.901417,-19.405209
1387,23.116666666666667,0.14154598,230.50038593218827,1061.5788786033322,251.6228879212583,1318.8447235611584,2013.5517395774189,0.01857034474584411,0.0727455930723943,13.751228996802553,-380.92334,128.15637,48.002666,29.430387,25.663673,28.309875,30.025623,-2.0482955,-24.155195,4.010169,-2.751346,-18.472118,-21.957434
1388,23.133333333333333,0.15997395,226.9091037054092,848.9531971700319,251.5755062637417,1155.20228901986,1926.1042070570245,0.01857034474584411,0.0727455930723943,13.751228996802553,-382.8006,142.52274,56.589096,24.425133,19.354069,26.881624,25.122643,-3.527125,-17.963985,-2.6937618,-6.5644355,-17.010845,-18.33885
1389,23.15,0.17089641,224.77634044397948,708.0785062205871,242.70962224403394,1399.2291622773107,2147.115962379748,0.01857034474584411,0.0727455930723943,13.751228996802553,-384.90256,146.84088,53.937454,14.635525,14.231751,25.407276,22.389748,-0.7115449,-12.564957,-4.2503667,-3.1849968,-14.636409,-20.975685
1390,23.166666666666668,0.16964516,223.94733061792337,801.135844743891,265.0547022211863,1681.0262453714204,2490.746426580213,0.01857034474584411,0.0727455930723943,13.751228996802553,-353.11243,166.4452,47.120384,9.51173,12.27093,24.261684,19.097736,-14.982035,-35.47193,-18.191471,-2.3333666,-6.047444,-19.238522
1391,23.183333333333334,0.14902247,219.86351249675127,1236.1555779139237,279.12725746152216,1296.6283242354507,2201.482419319361,0.01857034474584411,0.0727455930723943,13.751228996802553,-329.1028,141.52905,32.33246,23.024948,9.534914,21.959091,5.6260643,-16.360113,-30.204525,-5.918004,2.2787118,-13.179445,-30.643105
1392,23.2,0.11087963,215.93683238598328,1477.8724075303144,276.3960070686981,2005.9492535174704,3441.02674031613,0.01857034474584411,0.0727455930723943,13.751228996802553,-342.74097,120.82478,37.14251,42.885075,18.98235,22.867891,11.312884,-12.651938,-32.296307,-0.45692617,5.3127384,-12.757965,-21.131895
1393,23.216666666666665,0.07373182,0.0,5451.5079285226875,316.2162267412122,1994.4703739724991,4009.2118022862583,0.01857034474584411,0.0727455930723943,13.751228996802553,-277.41406,43.689716,12.085609,89.93272,-7.1698503,19.58105,15.224749,-21.688843,-42.90411,16.692871,19.24573,-6.303546,-23.34254
1394,23.233333333333334,0.056763876,0.0,8325.824961648494,893.2671638006149,2015.297957190692,4115.481597706394,0.01857034474584411,0.0727455930723943,13.751228996802553,-227.25249,-27.667902,5.3950276,92.64775,-29.119823,14.908697,0.12280458,-20.129486,-53.060867,31.337261,20.461397,9.314535,-23.731209
1395,23.25,0.06669073,0.0,8748.948396774169,1963.8358269129094,2295.3417378503127,4176.555273369328,0.01857034474584411,0.0727455930723943,13.751228996802553,-215.08119,-50.55693,-10.533675,89.73567,-14.630204,25.843508,3.99583,-13.556055,-56.942024,26.77989,12.819319,3.541957,-26.027683
1396,23.266666666666666,0.05628358,0.0,8291.903805725484,1875.0771588267987,2317.1719715090317,4208.8982005667585,0.01857034474584411,0.0727455930723943,13.751228996802553,-196.13025,-32.258568,-38.786522,65.43331,-10.536095,32.05282,-2.3568745,-19.767994,-66.41829,16.353083,13.257564,17.32788,-16.187117
1397,23.283333333333335,0.036799226,0.0,7508.971878834342,1782.628962785239,2431.991996467235,4481.296780492808,0.01857034474584411,0.0727455930723943,13.751228996802553,-252.86865,6.1127787,-28.775082,47.643845,6.400755,31.261606,4.121821,-24.875084,-66.875626,7.2356777,12.455755,8.977787,-13.500677
1398,23.3,0.009122771,0.0,7780.754241251459,1747.4331673801835,2990.7757510171914,3859.267119914186,0.01857034474584411,0.0727455930723943,13.751228996802553,-343.72906,2.4070349,-22.788727,56.05706,14.786037,19.925217,10.837532,-12.371634,-38.661697,-7.9167576,2.5297508,15.230097,-14.847869
1399,23.316666666666666,0.0052216817,0.0,8496.991743521066,1762.9028129836843,2476.844873605244,3697.9073646450433,0.01857034474584411,0.0727455930723943,13.751228996802553,-404.86197,16.589949,-9.51962,25.773304,29.347641,24.88707,16.78401,-2.5133946,-39.56041,-3.5359735,3.5976193,2.8426833,-13.144097
1400,23.333333333333332,0.01429174,0.0,9098.37981464005,1562.0338188373323,2367.5061118479744,3401.3738863089325,0.01857034474584411,0.0727455930723943,13.751228996802553,-419.31137,35.446976,4.5484815,18.272396,19.433586,9.881775,9.472967,-15.902641,-34.699814,6.509079,0.75869447,-10.073179,-12.402496
1401,23.35,0.017060626,0.0,5722.481024385594,488.56619385823603,2133.9882322200515,2496.7654709260646,0.01857034474584411,0.0727455930723943,13.751228996802553,-253.93732,73.553185,-26.453054,10.353794,14.771648,7.009231,-15.46624,-26.174778,-46.90648,8.233628,4.5230966,-16.057804,-26.472271
1402,23.366666666666667,0.059857685,233.80435528131994,3570.6004724834993,360.7860181986583,2122.5734139054257,2606.435073622226,0.01857034474584411,0.0727455930723943,13.751228996802553,-303.93018,108.08082,8.399489,30.79575,48.015656,18.605265,-4.947698,-17.738298,-28.347622,11.681791,-8.1283045,-24.157135,-28.115513
1403,23.383333333333333,0.094717294,224.80511083716067,1859.1250683481712,383.256701519465,1964.0446938455607,2684.3601559912627,0.01857034474584411,0.0727455930723943,13.751228996802553,-310.88535,133.29756,25.255291,29.079174,49.977623,9.645716,-14.924074,-7.073289,-27.07885,-1.9137769,-16.779053,-20.651001,-19.330147
1404,23.4,0.11460257,218.9541055981177,1492.220748170832,412.7272281173565,1609.5966027049092,2720.3068378856437,0.01857034474584411,0.0727455930723943,13.751228996802553,-306.15277,144.42633,16.097115,24.342308,41.790607,-3.012652,-20.270527,-12.943713,-30.115372,-8.0633135,-9.6640625,-18.186504,-27.989288
1405,23.416666666666668,0.110491805,213.23961423902404,2366.307111117571,487.5325239329174,1538.9326093306286,2378.948375239009,0.01857034474584411,0.0727455930723943,13.751228996802553,-265.54428,146.70753,20.822336,3.9759002,41.737022,-5.9787564,-38.22854,-11.506535,-37.44607,3.8994584,1.6147313,-7.3481584,-32.0594
1406,23.433333333333334,0.09782837,209.11828895571233,2835.323602273781,558.1803795448076,1521.7759921562886,2390.187816788706,0.01857034474584411,0.0727455930723943,13.751228996802553,-266.0356,136.89993,20.565878,-8.424535,33.14853,-0.005785823,-39.176437,-6.8975835,-36.23075,9.273156,3.2819567,-2.7772925,-26.870924
1407,23.45,0.093741946,207.95472732943466,2786.2674700696057,565.4025439600915,1716.172702744127,2471.1769000792992,0.01857034474584411,0.0727455930723943,13.751228996802553,-269.74802,141.89072,22.61298,-20.500265,31.837719,12.305201,-37.464092,-5.9236927,-31.920479,9.43589,4.775082,-6.1119347,-20.538616
1408,23.466666666666665,0.09349137,205.58826557570822,2580.33362665773,600.8778275728039,2047.605809554655,2639.8796811897623,0.01857034474584411,0.0727455930723943,13.751228996802553,-286.676,149.27657,34.19643,-25.792292,37.271736,19.842312,-44.36115,-15.517239,-31.501276,9.794853,-2.025174,-14.018319,-22.042986
1409,23.483333333333334,0.08101905,198.97976375879242,2152.1764643130628,515.6888149512047,2043.7729004265184,2700.836505653747,0.01857034474584411,0.0727455930723943,13.751228996802553,-303.78278,152.13498,46.083473,-11.962724,39.90186,23.949827,-38.057686,-22.650585,-39.43547,2.2225764,-4.745285,-17.398663,-25.785706
1410,23.5,0.06959252,203.88314823072443,2822.806381040373,365.63367057846756,2044.6198914552729,2659.3307400482718,0.01857034474584411,0.0727455930723943,13.751228996802553,-327.59094,136.56345,42.706093,7.281946,45.30412,24.27104,-10.539379,-16.905294,-24.3228,4.943137,0.69368374,-10.867068,-35.820686
1411,23.516666666666666,0.070988595,209.3727772134902,2602.839900610662,401.2748769790877,1902.1871602498175,2426.581133098175,0.01857034474584411,0.0727455930723943,13.751228996802553,-282.02216,146.44995,44.102383,4.934086,22.558195,8.1053505,-22.932707,-30.852066,-32.331642,12.908958,4.848837,-5.282179,-36.39422
1412,23.533333333333335,0.0712264,206.36347347209937,3192.901560629586,541.2035941989933,1168.4814866973086,2207.4010165080604,0.01857034474584411,0.0727455930723943,13.751228996802553,-281.53873,128.29427,29.407791,12.206076,13.951784,2.4391975,-6.466714,-25.904266,-39.532173,25.452477,15.884601,1.629611,-20.320074
1413,23.55,0.048422087,199.0609844687045,3402.854928213972,530.4825811656251,1937.3565042580806,2345.095263172871,0.01857034474584411,0.0727455930723943,13.751228996802553,-304.87146,129.5721,26.587698,-2.6062708,8.250259,13.48131,-4.8458524,-36.51938,-38.74813,36.692894,16.184818,1.8080423,-7.979074
1414,23.566666666666666,0.034797832,195.2625472225487,3478.6196364249604,623.3813535795405,1984.0482502696493,2612.6059154866534,0.01857034474584411,0.0727455930723943,13.751228996802553,-328.37256,127.78111,23.706717,-9.406423,11.71641,23.504866,4.842662,-31.042423,-32.52108,33.707108,10.170378,-8.288397,-14.865149
1415,23.583333333333332,0.02507619,192.12720643016678,3785.124590007599,1512.751985175586,2294.7393528839143,3868.7492466924027,0.01857034474584411,0.0727455930723943,13.751228996802553,-353.92978,114.52747,17.598999,-15.740705,0.7102518,32.704105,19.93362,-28.902409,-21.881075,26.373417,2.7978778,3.0991683,-4.4319744
1416,23.6,0.017917693,187.42634808334424,3789.3700029498787,145.02849119353988,1800.1020833147081,2409.710322782374,0.01857034474584411,0.0727455930723943,13.751228996802553,-384.4468,105.55151,20.916523,-6.8602734,5.29255,37.017677,20.407814,-29.757797,-20.231188,16.742884,2.2997243,9.901826,-0.21920997
1417,23.616666666666667,0.0100750495,0.0,3879.8243539594414,371.11216522357347,1734.2549707162384,2448.1720121978974,0.01857034474584411,0.0727455930723943,13.751228996802553,-413.48587,97.75484,18.133131,-5.513217,7.5702357,33.23568,16.25689,-26.513828,-18.664288,7.3929176,3.8420873,8.096979,-2.9852128
1418,23.633333333333333,0.004708515,0.0,4066.065449321344,503.9448947706533,1679.9124873846183,2378.9306206146102,0.01857034474584411,0.0727455930723943,13.751228996802553,-445.38205,79.07959,18.158043,-0.28303486,14.530909,38.513153,23.83216,-15.63379,-17.268196,0.02005738,9.567646,14.195475,-1.828228
1419,23.65,0.0029314635,0.0,4381.788098175977,1673.8638193061022,1843.1641522852533,2655.4777643572643,0.01857034474584411,0.0727455930723943,13.751228996802553,-469.07077,60.032677,16.948463,5.26853,23.544426,41.83008,27.219023,-6.663548,-16.633924,-3.6227436,9.908221,12.526705,-2.4039154
1420,23.666666666666668,0.0016590111,0.0,5225.937393115613,1689.982789468686,2512.892818295163,4095.7799009020723,0.01857034474584411,0.0727455930723943,13.751228996802553,-493.3118,41.157784,18.616669,8.22768,16.517847,27.451786,23.172838,5.350197,-8.247776,-6.0197153,4.2605915,6.2185435,-5.058543
1421,23.683333333333334,0.0010509468,0.0,5849.804908747427,1500.4765770868378,2394.036640849743,3842.2248308910953,0.01857034474584411,0.0727455930723943,13.751228996802553,-504.31897,31.234776,19.608326,14.358509,18.415363,22.70897,17.766916,5.41296,-3.6297293,-2.7715015,2.9931433,3.884166,-2.650499
1422,23.7,0.00078326586,0.0,7193.192025586356,357.1222099437294,1719.3156900020176,2577.520126485822,0.01857034474584411,0.0727455930723943,13.751228996802553,-514.5788,20.742481,16.620659,14.238492,14.561551,14.744705,11.816883,6.4899025,2.4272108,1.9001045,3.1690283,2.7659504,-0.17504404
1423,23.716666666666665,0.0005017085,0.0,7964.6215730272625,187.48016825680943,1780.4731953873531,2672.6149174471125,0.01857034474584411,0.0727455930723943,13.751228996802553,-517.31714,17.858124,15.508707,13.572653,12.57132,11.393501,8.810019,5.1399584,2.049179,0.71054024,0.5225694,-0.090320766,-1.7679266
1424,23.733333333333334,0.00041559394,0.0,8417.02879014031,466.9201255171155,1938.3970658242854,3032.4473974451453,0.01857034474584411,0.0727455930723943,13.751228996802553,-520.91406,13.651228,13.043195,12.077015,10.8183975,9.349819,7.7623334,6.147094,4.587219,3.1512747,1.8887011,0.8279666,-0.022937253
1425,23.75,0.00037162483,0.0,8588.392846611147,987.5039436958552,1963.7038349479844,3107.8207100837994,0.01857034474584411,0.0727455930723943,13.751228996802553,-522.3174,11.581587,10.770025,9.607452,8.288633,6.9597635,5.683793,4.46095,3.2837815,2.1854272,1.2460085,0.5516987,0.13337745
1426,23.766666666666666,0.0003263625,0.0,9145.376628024282,1171.470880535786,2249.433186403824,3442.5557582772904,0.01857034474584411,0.0727455930723943,13.751228996802553,-524.90906,7.9223537,7.1795077,6.2605762,5.4405837,4.8307934,4.3294544,3.7121592,2.802413,1.6121905,0.3610035,-0.64000076,-1.1666081
1427,23.783333333333335,0.00033228574,0.0,8951.21626554659,1143.665730388237,2292.576285874981,3355.5543948446584,0.01857034474584411,0.0727455930723943,13.751228996802553,-523.3001,10.284023,9.711639,8.8412285,7.763592,6.5612125,5.3013835,4.047143,2.8710885,1.8552699,1.0722039,0.5585565,0.30056322
1428,23.8,0.0003195194,0.0,8904.3022411332,1085.141540176703,2498.323955802456,3135.953305115431,0.01857034474584411,0.0727455930723943,13.751228996802553,-524.5792,8.481268,7.927342,7.0886,6.0596104,4.9291525,3.769584,2.6428683,1.6122195,0.7450463,0.10042639,-0.2922235,-0.44844252
1429,23.816666666666666,0.0002709591,0.0,9045.985513624251,1011.1294542258182,2130.2604314014,3566.5005353475017,0.01857034474584411,0.0727455930723943,13.751228996802553,-526.5916,5.717178,5.3899355,4.8761473,4.2194004,3.4735582,2.6967707,1.9452003,1.2672899,0.6992451,0.26232287,-0.037984446,-0.21073896
1430,23.833333333333332,0.00027509508,0.0,9032.58514993118,882.2388159438793,2162.3092380022463,3374.441772020419,0.01857034474584411,0.0727455930723943,13.751228996802553,-525.6435,6.9831724,6.443247,5.611878,4.5810843,3.4601955,2.3607543,1.3819748,0.5991332,0.05612643,-0.23696907,-0.30204865,-0.18722907
1431,23.85,0.0002778266,0.0,8823.398581696052,1087.7678689272393,2152.122009421417,3245.6353440905823,0.01857034474584411,0.0727455930723943,13.751228996802553,-526.77167,5.4268694,5.0006876,4.34597,3.5341306,2.6451924,1.7551802,0.9268268,0.20447448,-0.38746712,-0.843595,-1.175137,-1.4061006
1432,23.866666666666667,0.0003006435,0.0,8762.31889594032,1213.6097545309347,2261.61379799338,3257.5806468379465,0.01857034474584411,0.0727455930723943,13.751228996802553,-525.8011,6.807184,6.3987966,5.758555,4.941827,4.016458,3.0547433,2.1252756,1.285697,0.57740283,0.022742122,-0.37493157,-0.6286386
1433,23.883333333333333,0.00038575372,0.0,8466.437823199034,1077.4454445602075,2147.2073516845867,3316.530791951912,0.01857034474584411,0.0727455930723943,13.751228996802553,-520.57605,14.0137005,13.089992,11.69264,10.001534,8.211828,6.4969845,4.981889,3.731054,2.752087,2.0097518,1.4446687,0.9903183
1434,23.9,0.0004189911,0.0,8203.193949394987,1058.9454861873705,2082.481972961099,3295.658166686866,0.01857034474584411,0.0727455930723943,13.751228996802553,-521.598,12.661371,12.024628,11.117008,10.093876,9.064929,8.06032,7.043033,5.956258,4.7752743,3.5338173,2.3121574,1.1979194
1435,23.916666666666668,0.0003803885,0.0,8918.357586104794,589.2192260049208,1952.202714464407,3008.0399746561525,0.01857034474584411,0.0727455930723943,13.751228996802553,-523.47614,10.064636,9.565918,8.778472,7.7607946,6.5821586,5.313428,4.019106,2.7520938,1.5517133,0.44495472,-0.5503633,-1.4215949
1436,23.933333333333334,0.00037594384,0.0,8496.323662241535,662.1477795372591,2014.8802601418074,3291.6730602757343,0.01857034474584411,0.0727455930723943,13.751228996802553,-522.87427,10.935709,10.490507,9.773083,8.818127,7.6701345,6.3801217,5.0021114,3.5900083,2.195026,0.86380744,-0.36267284,-1.4497156
1437,23.95,0.00037634934,0.0,8738.30421702125,1338.7995970221687,2147.799764064301,3590.296416772375,0.01857034474584411,0.0727455930723943,13.751228996802553,-521.9304,12.260918,11.787333,11.023699,10.006574,8.783451,7.4095187,5.9440556,4.4467764,2.9745781,1.5784883,0.30168316,-0.8220593
1438,23.966666666666665,0.0003883038,0.0,9036.360220728573,1136.5243501552018,2181.253727210158,3213.1344335326703,0.01857034474584411,0.0727455930723943,13.751228996802553,-521.7425,12.516966,12.015001,11.206981,10.133814,8.848887,7.414645,5.8985147,4.3687086,2.8900986,1.5203897,0.3070996,-0.71476495
1439,23.983333333333334,0.00039993133,0.0,8634.30568703069,1037.1427105623416,2083.5580564889688,3194.5568386939563,0.01857034474584411,0.0727455930723943,13.751228996802553,-523.3583,10.29514,9.985216,9.503357,8.893533,8.203348,7.474786,6.7371645,6.0043473,5.276432,4.5453234,3.8022363,3.0448556
1440,24.0,0.00043067962,0.0,8194.809530824103,1210.6747381892555,2004.5348847492264,3344.339997916017,0.01857034474584411,0.0727455930723943,13.751228996802553,-522.6692,11.252802,10.887359,10.298252,9.514157,8.572756,7.518476,6.399828,5.266556,4.166728,3.1440225,2.235297,1.4686894
1441,24.016666666666666,0.00041342326,0.0,8464.550818256212,1157.7040448234502,2022.4396490295858,3139.6281571970444,0.01857034474584411,0.0727455930723943,13.751228996802553,-522.65405,11.222784,10.713535,9.917917,8.907912,7.770108,6.594305,5.4621477,4.437718,3.5612156,2.8468924,2.2848954,1.8469291
1442,24.033333333333335,0.00039385573,0.0,8508.900857592072,1162.0074290971593,1683.8318164041773,2969.038699937825,0.01857034474584411,0.0727455930723943,13.751228996802553,-521.0051,13.278862,12.029277,10.243412,8.222252,6.186682,4.2259426,2.3356614,0.51076055,-1.1749718,-2.5598557,-3.4641414,-3.7941537
1443,24.05,0.00037100253,0.0,8395.785810608304,1186.9997643256365,2234.249994218124,3572.8390038474095,0.01857034474584411,0.0727455930723943,13.751228996802553,-521.85724,12.329393,11.7665615,10.895629,9.7838,8.484227,7.034709,5.4759054,3.8716953,2.3127654,0.89724195,-0.29896417,-1.2415679
1444,24.066666666666666,0.00038386608,0.0,8266.297039581554,1355.220363918254,2711.298267259181,3925.769177533105,0.01857034474584411,0.0727455930723943,13.751228996802553,-522.3993,11.52243,10.842308,9.794785,8.489674,7.048486,5.5842648,4.1870117,2.916795,1.80388,0.85369694,0.05481893,-0.61174655
1445,24.083333333333332,0.00038704037,0.0,7806.402412608784,1008.0700365847508,2160.409734129379,3247.2829229267877,0.01857034474584411,0.0727455930723943,13.751228996802553,-519.1833,15.884694,14.690013,12.916084,10.829033,8.701222,6.749401,5.0951204,3.7574515,2.676958,1.7596815,0.9240651,0.13416985
1446,24.1,0.00039925083,0.0,8354.414139774792,1157.2383698889769,2241.443183093644,3121.4251915933505,0.01857034474584411,0.0727455930723943,13.751228996802553,-520.6005,13.991852,13.110914,11.789196,10.187859,8.449633,6.674019,4.926511,3.2685912,1.7825975,0.56996435,-0.2797932,-0.73110193
1447,24.116666666666667,0.00035891423,0.0,8010.43376839596,1136.1186840521211,2368.852289662623,2998.6634335313315,0.01857034474584411,0.0727455930723943,13.751228996802553,-520.40875,14.241924,13.299652,11.882332,10.157231,8.2705765,6.32209,4.376259,2.4959702,0.77028024,-0.68693477,-1.7704225,-2.4294624
1448,24.133333333333333,0.0003459058,0.0,8435.64026441176,1146.6650881617945,2329.3732271696213,2579.677193555483,0.01857034474584411,0.0727455930723943,13.751228996802553,-521.65454,12.545048,11.764734,10.5269165,8.919558,7.0543,5.056443,3.0539207,1.1664329,-0.5041442,-1.8812866,-2.9184718,-3.6007683
1449,24.15,0.00033035068,0.0,8184.57494254154,1393.1026155127495,1894.8737761870493,3004.2868739266623,0.01857034474584411,0.0727455930723943,13.751228996802553,-521.9119,12.202822,11.485073,10.342441,8.850813,7.107755,5.2248316,3.3188753,1.5031238,-0.12116596,-1.4717395,-2.4907045,-3.147582
1450,24.166666666666668,0.0003605501,0.0,8394.828963457065,961.7617822353288,2133.564089650168,3093.552494513057,0.01857034474584411,0.0727455930723943,13.751228996802553,-522.90393,10.750914,9.940903,8.79726,7.534898,6.3155937,5.198551,4.148948,3.0954854,2.0021846,0.91440976,-0.045744106,-0.73065895
1451,24.183333333333334,0.00036497944,0.0,8309.141175501765,629.8552772535467,1985.2984625418994,2909.6490884346167,0.01857034474584411,0.0727455930723943,13.751228996802553,-520.56604,13.968069,12.870516,11.201302,9.165922,6.993376,4.897941,3.0508542,1.5664332,0.5019225,-0.13404816,-0.37046131,-0.26522017
1452,24.2,0.00038877694,0.0,8591.104863135626,1012.3440446646443,2521.3473573029482,2674.2826307438236,0.01857034474584411,0.0727455930723943,13.751228996802553,-523.25446,10.178415,9.181555,7.8451605,6.4880095,5.3231034,4.4001536,3.6533043,3.0113456,2.4897459,2.1998105,2.267726,2.7194674
1453,24.216666666666665,0.0004016564,0.0,7907.578045376693,1096.4253129391916,2274.31637729711,3223.6004861712895,0.01857034474584411,0.0727455930723943,13.751228996802553,-519.9717,14.639044,13.165302,11.219849,9.276199,7.5964637,6.143635,4.688096,3.0329647,1.2089422,-0.48974282,-1.6544598,-2.0042648
1454,24.233333333333334,0.0003990878,0.0,8042.223786178392,1190.7610914305005,2527.3809448108277,3672.9706946079305,0.01857034474584411,0.0727455930723943,13.751228996802553,-520.11957,14.647047,13.679258,12.1875515,10.334123,8.31013,6.3074827,4.4916778,2.98046,1.8314623,1.0406291,0.55098987,0.26972073
1455,24.25,0.00035603758,0.0,8495.279272486567,1169.6245015153468,2502.147247350651,3062.651416962783,0.01857034474584411,0.0727455930723943,13.751228996802553,-524.25867,8.956985,8.455767,7.6657715,6.649105,5.4818134,4.2450547,3.0164258,1.8624477,0.8333322,-0.039739177,-0.74463034,-1.2861326
1456,24.266666666666666,0.00033748627,0.0,7967.395005369699,1218.6349008333752,2169.895558588781,3295.80558596018,0.01857034474584411,0.0727455930723943,13.751228996802553,-522.7986,11.034103,10.579003,9.890121,9.043285,8.101115,7.094672,6.022364,4.8659573,3.6156461,2.2916675,0.9517292,-0.31998256
1457,24.283333333333335,0.00036939344,0.0,8149.522012391739,1240.5263847255937,2373.3759870027834,3633.8559621591435,0.01857034474584411,0.0727455930723943,13.751228996802553,-523.3869,10.217272,9.799124,9.147255,8.314885,7.355798,6.3172083,5.2402234,4.1650286,3.1348758,2.1940708,1.3795245,0.710223
1458,24.3,0.00040643103,0.0,8518.63962528761,1268.3860818849398,2018.5568598557447,3271.9833977943345,0.01857034474584411,0.0727455930723943,13.751228996802553,-521.13116,13.332733,12.6891,11.66028,10.308501,8.713889,6.9683523,5.1685762,3.408976,1.7750131,0.3376686,-0.85081196,-1.7593398
1459,24.316666666666666,0.00046284814,0.0,8461.356639705262,1321.3573856230921,2450.7945920529423,3278.5949442656583,0.01857034474584411,0.0727455930723943,13.751228996802553,-521.556,12.817612,12.423698,11.786671,10.934574,9.90436,8.739777,7.4888706,6.201293,4.92562,3.706712,2.5835023,1.5871211
1460,24.333333333333332,0.00061266456,0.0,8522.90158797711,1286.9493783815958,2269.1262188521446,3223.0464103579043,0.01857034474584411,0.0727455930723943,13.751228996802553,-521.3327,13.093765,12.585844,11.775232,10.711569,9.456596,8.078017,6.6434116,5.2151585,3.8468826,2.5817306,1.4521904,0.48114663
1461,24.35,0.0017754536,0.0,9621.460176724857,1042.4604240900635,2233.122095212265,3438.8030160242856,0.01857034474584411,0.0727455930723943,13.751228996802553,-511.14062,20.179981,19.113235,17.99009,13.6732435,9.152674,9.065218,3.4311624,2.844308,2.1440787,1.6370615,0.83079433,-2.1272402
1462,24.366666666666667,0.048040047,244.33455258543685,4949.860058729615,457.19412195567793,2107.274090423003,2837.021864442104,0.01857034474584411,0.0727455930723943,13.751228996802553,-359.12408,91.83445,54.92514,37.33274,31.480179,2.2888865,-36.8956,-36.598446,-25.488548,2.7382536,-3.4599159,-2.7318158,-33.994896
1463,24.383333333333333,0.11031875,238.85125215154574,4329.1512434494925,441.67094600748266,2182.0541080769644,3029.9716673545727,0.01857034474584411,0.0727455930723943,13.751228996802553,-214.69322,102.49113,14.86144,22.597876,45.282135,24.322723,-55.687004,-29.407082,-22.184198,8.389372,-10.285997,-1.8716238,-40.882484
1464,24.4,0.15256962,230.5377991202294,3281.2490103167092,308.84168204204354,2131.6737383389645,2437.3208459448642,0.01857034474584411,0.0727455930723943,13.751228996802553,-190.67908,117.139435,9.883086,23.74071,46.873363,22.368813,-45.154816,-19.541718,-17.455734,8.377119,-8.763552,-8.707167,-44.79024
1465,24.416666666666668,0.19375288,225.41284407060155,2106.6867511099854,293.7213348770981,1895.0169845647174,2384.8997859727738,0.01857034474584411,0.0727455930723943,13.751228996802553,-261.0045,130.78145,36.434834,23.038485,43.63517,19.146177,-30.089481,-11.048464,-13.710108,-0.20742796,-8.154332,-18.915167,-44.14946
1466,24.433333333333334,0.21389546,224.44017993499406,1251.2180480780041,244.24534016680005,2200.4535114069918,2948.590106768668,0.01857034474584411,0.0727455930723943,13.751228996802553,-308.31128,146.31326,37.282745,20.788345,51.041832,18.122196,-26.904808,-2.5441566,-10.01319,3.0721889,-6.644995,-16.97659,-27.020657
1467,24.45,0.24386927,226.23078848637385,1136.7748323777387,241.91468081306124,2064.4501820986306,2837.306733558583,0.01857034474584411,0.0727455930723943,13.751228996802553,-322.82407,143.93677,34.398117,14.0440645,44.995937,18.443722,-20.64442,-3.934668,-11.396632,8.087467,-0.27991962,-20.55753,-36.696976
1468,24.466666666666665,0.26851264,228.1987183243528,1013.113316873083,241.3570758819625,2048.782873137665,2584.1274583350005,0.01857034474584411,0.0727455930723943,13.751228996802553,-318.25763,151.06866,19.801767,-1.506814,34.21947,8.024721,-12.608075,-0.77984405,-10.656345,15.049101,8.329276,-17.942238,-38.289566
1469,24.483333333333334,0.28903893,229.19091233457982,912.0443791599878,243.95508762957587,1881.4834273663091,2345.453321579801,0.01857034474584411,0.0727455930723943,13.751228996802553,-309.3134,164.15683,7.93579,-7.9478884,34.61561,8.821463,-5.6549816,7.5165505,-7.4770913,4.1777115,3.2180603,-15.404392,-34.95502
1470,24.5,0.30173334,228.76758259923938,820.0548888574513,245.61016464496686,1780.7830035142463,2099.1278107280377,0.01857034474584411,0.0727455930723943,13.751228996802553,-315.1025,166.66528,9.795498,1.1566806,48.87996,21.286068,0.37782913,-1.092855,-20.893658,-11.74761,0.3666135,-8.3406315,-27.79752
1471,24.516666666666666,0.31182268,232.42947929742886,1046.7939845778742,270.51925052629997,1735.6672107820455,2113.201069468702,0.01857034474584411,0.0727455930723943,13.751228996802553,-246.08168,186.50815,-3.9353848,0.23261654,52.600685,23.186737,-6.6384764,-21.593773,-29.047306,-16.755655,-14.571438,-4.625855,-31.100834
1472,24.533333333333335,0.30597612,232.4104962480575,1930.3668068576221,316.2017909961346,2040.3332960887492,2478.123994271156,0.01857034474584411,0.0727455930723943,13.751228996802553,-199.86461,131.04526,-20.66262,14.917056,44.16986,20.310677,-28.536943,-12.245132,-23.525375,3.2420444,-18.394852,-10.465305,-31.65871
1473,24.55,0.28946137,232.5260749410074,2684.0215286344087,316.197690099547,2174.5815236998205,2647.463632714072,0.01857034474584411,0.0727455930723943,13.751228996802553,-199.7727,96.66762,-13.953806,31.959087,42.4937,21.393358,-32.685856,-2.4469335,-17.100742,15.394061,-23.317493,-21.863714,-35.439804
1474,24.566666666666666,0.28191525,234.11834402949034,2817.794073499709,314.2460839041674,2252.7987483083134,2631.490017412022,0.01857034474584411,0.0727455930723943,13.751228996802553,-207.81166,90.09976,-8.929991,28.843452,36.231876,21.289726,-22.276566,-9.402777,-14.570001,14.565352,-25.153183,-20.338535,-29.359116
1475,24.583333333333332,0.27110302,235.96666445940937,2943.912677180373,324.30892019198484,2192.2645326572274,2621.260290081444,0.01857034474584411,0.0727455930723943,13.751228996802553,-222.14557,89.184494,2.3640306,30.160007,36.704903,20.177177,-23.549965,-16.70517,-15.73389,13.482622,-31.592377,-21.805832,-34.648712
1476,24.6,0.25054324,239.3823415623556,2668.504529523675,324.73589277252137,2252.8240257635066,2785.2871825577195,0.01857034474584411,0.0727455930723943,13.751228996802553,-234.8444,90.55745,5.17799,33.98582,42.163666,26.29552,-27.81033,-20.542946,-22.729008,10.299303,-27.471828,-10.664858,-25.400139
1477,24.616666666666667,0.23889466,242.5320887005891,2449.0800860787153,353.9061830380871,2384.6635953739215,2890.2502161470916,0.01857034474584411,0.0727455930723943,13.751228996802553,-243.21983,92.406136,0.16788477,40.903725,47.997757,25.224804,-24.577187,-15.9309845,-22.83548,8.888241,-26.608702,-16.883709,-26.856037
1478,24.633333333333333,0.2462045,244.0051172697889,2449.408791760071,345.3041506456877,2408.4765049277116,2933.9829394285016,0.01857034474584411,0.0727455930723943,13.751228996802553,-235.08171,90.70445,-6.4114904,47.83207,48.91088,23.34164,-27.76678,-21.003662,-21.766787,11.250303,-25.908726,-16.05918,-31.449463
1479,24.65,0.26354936,245.054976278204,2352.0068208351513,360.19924731800785,2361.739671543305,2919.4425008462335,0.01857034474584411,0.0727455930723943,13.751228996802553,-230.4099,89.42351,-8.114864,53.289307,48.17855,23.638107,-29.629267,-29.968102,-27.81483,10.854638,-26.936668,-6.5709743,-33.288765
1480,24.666666666666668,0.27358484,246.85655021776466,2499.2213398420467,394.5100731342376,2192.964764393989,2835.804806402347,0.01857034474584411,0.0727455930723943,13.751228996802553,-221.29149,88.82747,-3.242185,50.24844,46.992283,25.53101,-30.195728,-38.466026,-42.43878,1.8922848,-17.051773,2.2786155,-37.874855
1481,24.683333333333334,0.2697716,247.4044433595275,2572.4605809076807,418.2301796340483,2000.5439442442453,2768.0100696649815,0.01857034474584411,0.0727455930723943,13.751228996802553,-219.3762,97.87148,6.559256,41.37438,45.83761,25.448902,-28.952839,-31.7109,-48.171978,7.7080975,-0.6431097,11.323517,-34.828224
1482,24.7,0.25751033,246.62821569216538,2443.23643708551,435.1930361571537,1977.0245136975,2828.0253175383,0.01857034474584411,0.0727455930723943,13.751228996802553,-226.54404,100.516594,7.9605656,35.62039,48.643852,32.890778,-26.911795,-28.894966,-49.208355,0.9212159,-3.0893729,11.454847,-32.007633
1483,24.716666666666665,0.24388364,246.03643428272466,2321.761314215517,446.0012559690337,1973.2468842512976,2907.9376710592505,0.01857034474584411,0.0727455930723943,13.751228996802553,-222.18564,105.54856,2.820663,29.02924,43.364014,30.356848,-33.22254,-31.686153,-49.964794,-2.8103733,-1.3466507,11.048927,-32.950848
1484,24.733333333333334,0.22367263,244.64212044307192,2544.0179512000964,450.29516002299084,1992.6004899562301,2853.7702402559835,0.01857034474584411,0.0727455930723943,13.751228996802553,-213.57205,101.71807,-1.4095054,31.462715,41.681557,26.116749,-35.61631,-32.31196,-40.82093,1.8015974,-2.226974,8.313942,-29.139374
1485,24.75,0.20112109,241.8120567452277,2939.540736713101,457.35807181405283,2113.3095848890352,2785.0493348693217,0.01857034474584411,0.0727455930723943,13.751228996802553,-203.38712,101.27191,-13.984261,19.390919,44.492264,25.704388,-30.560131,-24.631924,-39.608147,4.8799906,-6.7197313,1.0560944,-24.225842
1486,24.766666666666666,0.1848353,238.89079715430233,3262.2743561475636,471.95222658027814,2244.573425063865,2803.7842819248094,0.01857034474584411,0.0727455930723943,13.751228996802553,-189.27031,103.94415,-15.06382,16.30077,43.418022,20.114033,-36.572052,-17.461964,-38.605663,4.999369,-5.736849,-5.5407515,-23.693853
1487,24.783333333333335,0.16713886,234.93969087640048,3373.5379375605994,477.3923541225651,2255.974389957009,2739.2729896276874,0.01857034474584411,0.0727455930723943,13.751228996802553,-185.56956,111.330215,-21.236202,7.7720895,38.27263,9.446389,-30.896702,-7.06136,-32.366035,8.203514,-7.817305,-6.3169174,-27.72128
1488,24.8,0.15703934,230.44079823119637,3118.0817588550235,419.76093091462354,2143.5371960811476,2598.940376544396,0.01857034474584411,0.0727455930723943,13.751228996802553,-185.4647,130.44522,-7.8929124,5.358164,34.013863,8.055199,-38.400185,-7.3021727,-33.049988,-1.4905748,-10.783842,-12.655333,-33.45116
1489,24.816666666666666,0.1593392,228.53371341409033,1841.0241436680303,331.58847663856176,1922.9380292001738,3114.252675990081,0.01857034474584411,0.0727455930723943,13.751228996802553,-231.5861,149.8024,8.676242,36.748756,46.001373,4.6254787,-25.779915,1.5446695,-28.892942,-13.962861,-10.440456,-10.000804,-37.365356
1490,24.833333333333332,0.16741945,226.57538311665053,1701.737520375238,363.15599345103703,1834.5068213459306,3197.7923887556617,0.01857034474584411,0.0727455930723943,13.751228996802553,-263.12656,138.24863,3.393077,39.892822,43.650764,6.5530834,-15.543524,9.733926,-23.916872,-21.238434,-13.034948,-7.679163,-29.725674
1491,24.85,0.15619569,224.80085835221217,1595.6766727916363,448.33971923279626,1870.9247008894647,3197.5426357795295,0.01857034474584411,0.0727455930723943,13.751228996802553,-244.0064,162.21272,13.123026,18.068493,23.63228,-12.640302,-32.197468,-12.324451,-40.289,-16.83094,-3.516728,-1.5158759,-28.272705
1492,24.866666666666667,0.1295842,220.27143560767456,3333.3301047417503,747.2667915855816,1967.944455048078,3056.5764946621107,0.01857034474584411,0.0727455930723943,13.751228996802553,-200.61101,134.01898,7.6913304,4.9743395,13.906469,-15.883282,-20.020695,-9.796962,-40.820274,16.291561,-2.8923266,9.252669,-21.233536
1493,24.883333333333333,0.09544181,215.39972819028463,3416.5431663016675,812.7262269933714,1912.5625349315526,2917.0151756880155,0.01857034474584411,0.0727455930723943,13.751228996802553,-225.90292,131.73041,8.889469,-7.2657385,7.349514,-9.135206,-16.71841,-1.0594839,-25.88511,23.67284,-8.46103,3.2427976,-18.817719
1494,24.9,0.087207034,213.48673212921577,3191.4866720209293,819.5249880101233,1942.3130775023853,2844.766092410923,0.01857034474584411,0.0727455930723943,13.751228996802553,-241.35487,135.0322,13.244381,-9.444154,5.970828,-0.9773048,-17.399258,-2.6912484,-27.402985,23.834421,-7.9564056,1.8837723,-19.690384
1495,24.916666666666668,0.08781347,215.91592429899666,3129.066441467898,758.5798623044815,1921.5307049612768,2819.4849684276805,0.01857034474584411,0.0727455930723943,13.751228996802553,-245.67195,139.5267,22.890743,0.47738534,7.4213815,1.90011,-13.39122,-7.9759574,-36.06559,28.987095,3.070989,4.619219,-20.844013
1496,24.933333333333334,0.06933108,217.12114072597137,3142.1695544517834,609.2269377718583,1943.2341209629076,3078.328662462542,0.01857034474584411,0.0727455930723943,13.751228996802553,-266.2666,118.249084,24.566807,32.905876,-0.526759,2.5190275,-2.3709297,-21.577442,-32.348076,21.24374,-1.2380426,0.83201873,-3.7805011
1497,24.95,0.049758185,0.0,7962.331969428771,692.4514177173764,2247.620036598255,4217.598570126921,0.01857034474584411,0.0727455930723943,13.751228996802553,-232.25406,18.251554,21.421728,77.65498,-34.95179,-1.7403375,0.36439118,-6.7691746,-35.984924,22.917582,2.828576,-4.8143525,-15.945978
1498,24.966666666666665,0.052183714,0.0,9162.464269385728,756.1028893140633,2288.876055243004,4019.153806461988,0.01857034474584411,0.0727455930723943,13.751228996802553,-227.79572,-29.692102,16.263878,82.185196,-40.98979,6.351343,1.3092319,4.624795,-32.27951,25.01117,-5.212657,-0.36022496,-10.772696
1499,24.983333333333334,0.060083978,0.0,9582.136881909115,615.7526036999814,2015.3719743074205,3876.247260883649,0.01857034474584411,0.0727455930723943,13.751228996802553,-240.5213,-55.62778,11.703999,85.74664,-39.507675,13.266496,3.2847066,12.893587,-40.94368,25.574188,-8.614079,1.4421701,-14.107828
1500,25.0,0.05498303,0.0,9685.247283329894,647.9175374395212,2052.835630325125,4094.094197713497,0.01857034474584411,0.0727455930723943,13.751228996802553,-240.45586,-55.808582,7.5436654,82.83873,-31.7266,1.4171691,1.957664,10.666604,-57.578125,23.144287,-5.063614,6.2773523,-18.334862
1501,25.016666666666666,0.037549216,0.0,10098.140960066965,707.1258213658331,1946.6409951451803,3632.074516261131,0.01857034474584411,0.0727455930723943,13.751228996802553,-259.782,-41.999195,-9.001076,60.64878,-9.339989,-9.571255,-7.5635915,15.095726,-51.430115,19.29731,-7.875107,17.675041,-25.379055
1502,25.033333333333335,0.01568022,0.0,9350.555339145729,493.2793832754027,1933.8400484023923,3594.106500883168,0.01857034474584411,0.0727455930723943,13.751228996802553,-385.66748,-3.8596578,1.142684,45.508484,7.944965,-4.6942925,0.28932518,7.929147,-34.912586,4.3273225,-3.6829944,6.8382864,-15.280333
1503,25.05,0.0024864504,0.0,9029.96701930004,360.5837298231755,1916.2752928199104,3786.174572751571,0.01857034474584411,0.0727455930723943,13.751228996802553,-444.13278,10.37381,12.103344,41.03204,3.6221836,-10.302662,7.7772474,6.727543,-23.25257,8.655385,6.651141,8.567098,-5.7314663
1504,25.066666666666666,0.013141879,0.0,7950.620311411425,716.4355976648492,2011.6659119217375,3496.7206521355242,0.01857034474584411,0.0727455930723943,13.751228996802553,-447.63165,40.393646,21.638113,33.961372,1.9553148,-16.198648,3.9662309,4.85526,-19.38747,10.152691,4.0966797,-2.5478911,-9.081898
1505,25.083333333333332,0.064582326,233.71135803950102,1913.168603126186,440.5326735421835,1331.7378684501039,2559.205701128004,0.01857034474584411,0.0727455930723943,13.751228996802553,-301.00772,166.32928,38.748634,-7.109225,-1.3568897,-11.241926,-16.931828,-5.890214,-42.069267,-11.846958,-27.932524,-15.970311,-8.015969
1506,25.1,0.10935253,234.9777790277992,1986.985815926118,599.2393357757779,1423.5912750403731,2525.7937362936277,0.01857034474584411,0.0727455930723943,13.751228996802553,-233.34116,171.25766,6.933952,-16.6772,8.780549,-4.1447506,-11.703217,2.5438433,-46.55626,-1.9146864,-24.130259,-6.6505733,-1.9608698
1507,25.116666666666667,0.13474397,236.0307034807826,2629.9599626005765,661.4826846196355,1536.8424633800507,2496.473586182633,0.01857034474584411,0.0727455930723943,13.751228996802553,-212.977,148.69647,-10.912918,-31.886063,7.0005207,-5.207282,-12.0072155,9.869843,-45.95709,11.182886,-13.57715,-0.6250874,-9.244429
1508,25.133333333333333,0.13342066,236.56319027455373,3088.851910308692,674.4206540265179,1649.4732949682407,2665.823692926501,0.01857034474584411,0.0727455930723943,13.751228996802553,-211.62184,145.23701,-0.20133266,-32.579666,6.0895944,-0.8090694,-6.468182,7.093391,-34.737343,24.609814,-15.417976,0.60860676,-10.21109
1509,25.15,0.11607535,237.2008276927085,3019.835473286242,658.0365488889049,1744.3722052491255,2672.0528658824906,0.01857034474584411,0.0727455930723943,13.751228996802553,-224.85767,143.5597,7.192591,-23.524738,-2.5338135,1.2468166,-7.956381,-6.7143984,-31.10839,27.47583,-7.5081453,-2.0286613,-12.749584
1510,25.166666666666668,0.09293185,229.62119681292327,3023.0708838812952,357.2535545263727,1721.8494866981953,2808.5630645005567,0.01857034474584411,0.0727455930723943,13.751228996802553,-241.4692,132.17166,5.952683,-8.033631,-6.716179,2.3472145,-15.714655,-2.9098263,-28.312567,16.325094,-14.47036,-7.8412547,-12.426437
1511,25.183333333333334,0.06685439,225.3734944205106,5383.967802323186,396.5562212706753,1820.7912862225596,2786.0872844165283,0.01857034474584411,0.0727455930723943,13.751228996802553,-208.72768,79.41551,-0.92173874,41.69754,-18.999363,6.8917866,0.35700285,-6.628808,-34.874947,22.01858,0.96830225,6.54851,-5.3622894
1512,25.2,0.056476127,0.0,7883.50520708616,515.2313674500895,2010.047328733366,2962.4520495516895,0.01857034474584411,0.0727455930723943,13.751228996802553,-174.66054,26.63416,-4.162658,56.67307,-32.647778,6.172697,-1.2740892,-0.8265493,-32.19973,34.52661,1.1980397,9.319752,-16.63206
1513,25.216666666666665,0.06290976,0.0,8885.617598076613,752.801776420124,1922.8026162912242,3484.7419331667043,0.01857034474584411,0.0727455930723943,13.751228996802553,-171.17278,-0.57090247,3.5119154,59.60399,-47.33754,7.360297,0.1918554,4.6888704,-33.495087,32.307266,-4.717782,12.165596,-20.634909
1514,25.233333333333334,0.064931974,0.0,9886.700234388038,681.5378617263823,1957.1799016354005,3444.930568846818,0.01857034474584411,0.0727455930723943,13.751228996802553,-197.0467,-30.902996,10.249355,57.716244,-48.529335,23.092417,0.8729374,3.8474908,-30.96914,32.328415,-8.279404,16.331102,-24.324898
1515,25.25,0.050517946,0.0,11122.38969833295,497.6263683214731,2022.1471986929164,3448.8018799504507,0.01857034474584411,0.0727455930723943,13.751228996802553,-256.52325,-54.972393,40.018475,62.126698,-41.70871,38.301987,-11.461682,-4.4565935,-30.588692,23.267742,-13.951801,13.596406,-20.914091
1516,25.266666666666666,0.033629306,0.0,11969.170697213358,250.74306695579187,1727.883102647896,2966.8195717940835,0.01857034474584411,0.0727455930723943,13.751228996802553,-323.26447,-46.035324,48.022648,47.426163,-30.249466,33.060307,0.06319313,17.245796,-28.855186,11.304087,-26.118477,3.0352664,-20.590515
1517,25.283333333333335,0.018771878,0.0,11719.90306001409,452.2511852961774,1905.1439226544408,3173.4448436710863,0.01857034474584411,0.0727455930723943,13.751228996802553,-334.98032,-42.476974,42.5673,51.26337,-25.521156,22.0088,-13.219128,0.27333927,-40.329765,15.632549,-16.055557,-4.032541,-18.985004
1518,25.3,0.024299432,0.0,8852.869128294356,553.2094965973226,2009.17325856713,2914.598294998762,0.01857034474584411,0.0727455930723943,13.751228996802553,-314.9913,21.55391,31.830366,49.722206,-17.932186,10.393375,-22.430992,-22.384912,-35.896336,19.259754,-6.387699,-6.7361894,-23.233444
1519,25.316666666666666,0.06842255,252.52439958592456,3194.132536162342,377.52603233901203,1974.704627407422,2918.532883942428,0.01857034474584411,0.0727455930723943,13.751228996802553,-295.50058,113.37375,55.97202,38.737915,8.592178,12.288931,-35.315163,-29.57582,-33.895264,16.38875,-1.4783914,-6.7283416,-29.699953
1520,25.333333333333332,0.09467687,246.41461515437135,2453.9872407313856,411.2031541387485,1927.2896139375162,2761.588715828605,0.01857034474584411,0.0727455930723943,13.751228996802553,-280.61066,125.33719,38.499535,26.329927,26.589062,23.027933,-33.83864,-25.899496,-37.03643,11.862072,0.5356892,-3.8542795,-29.99958
1521,25.35,0.08994824,240.77239251115833,2978.1738459400917,323.5291212821418,1961.9343867953662,2809.424012901601,0.01857034474584411,0.0727455930723943,13.751228996802553,-287.00037,94.446976,25.336506,59.671562,7.667486,18.934204,1.6006432,-28.657455,-33.210056,19.66497,-7.0821705,-8.163986,-11.053503
1522,25.366666666666667,0.06480839,230.19836483358188,5967.4887271294665,287.08232938264325,1997.8079172484743,2849.9508362520755,0.01857034474584411,0.0727455930723943,13.751228996802553,-263.99258,38.3096,15.813675,79.67341,-16.29227,20.65483,1.0000613,-16.999615,-34.854137,14.838045,-11.880379,-18.06453,-26.494724
1523,25.383333333333333,0.04727151,0.0,7598.312668997565,322.2794659257404,2049.055476486014,3415.289132285936,0.01857034474584411,0.0727455930723943,13.751228996802553,-250.46672,1.9027703,24.237516,96.142044,-21.989681,20.587759,11.2414665,-14.356823,-37.55005,24.441002,-10.878703,-6.391692,-23.612995
1524,25.4,0.046620797,0.0,8238.750598487311,348.68124615905805,2004.8357208779114,3727.1817545210906,0.01857034474584411,0.0727455930723943,13.751228996802553,-247.22359,-31.642311,3.7488308,96.15615,-22.974073,10.600279,0.24958749,-7.846973,-37.522995,24.166935,-4.723176,0.5303072,-23.038683
1525,25.416666666666668,0.0385882,0.0,8445.105414084375,322.7438011658938,2090.0997013182337,3468.698561640596,0.01857034474584411,0.0727455930723943,13.751228996802553,-252.15887,-32.610542,2.4533286,96.79506,-16.493069,11.956373,-8.245134,-9.296293,-34.21428,24.080902,-5.4112663,-1.3298011,-27.222454
1526,25.433333333333334,0.07649977,256.55122704170594,6166.429748516006,414.6549115079964,2100.032496985853,3025.5309499162063,0.01857034474584411,0.0727455930723943,13.751228996802553,-264.48547,38.86872,21.793379,93.91406,8.904892,21.440454,-10.111155,-30.131323,-46.448414,19.423674,-5.0938387,-16.666525,-20.130848
1527,25.45,0.105210006,245.976565825767,2308.0898765664588,407.7802929950661,2151.151483169971,2675.6176115191874,0.01857034474584411,0.0727455930723943,13.751228996802553,-231.62854,117.283615,-0.12208289,53.305428,40.07916,20.769888,-35.662865,-39.956314,-43.525284,11.8631525,-0.9975753,-20.156769,-26.018478
1528,25.466666666666665,0.103015244,238.12414151342796,2071.2720391305,364.20993193833664,2171.4124640734335,2583.8097404668556,0.01857034474584411,0.0727455930723943,13.751228996802553,-267.5983,122.99112,0.8548006,45.128815,42.25975,28.413864,-23.609709,-33.6332,-35.555252,3.4892466,-5.6796465,-22.926308,-21.885944
1529,25.483333333333334,0.052680947,237.75891953812337,3174.133868913128,388.4035435316407,2177.0086323862834,2637.6884746126875,0.01857034474584411,0.0727455930723943,13.751228996802553,-367.88922,102.198,20.040466,37.610863,38.64376,21.117054,-3.3816433,-19.71125,-27.547264,-1.6423341,-12.324108,-23.14011,-12.256157
1530,25.5,0.013684793,239.3844104946086,3318.262090878187,394.1049924046425,2258.27362203546,2832.9112410651533,0.01857034474584411,0.0727455930723943,13.751228996802553,-408.1151,95.14624,31.397652,37.795177,35.73335,15.438534,-1.0613749,-18.613663,-19.21109,1.0748074,-11.549559,-21.897068,-14.392924
1531,25.516666666666666,0.02290689,0.0,6503.716041971356,423.7794376740716,2092.6943425653308,2784.982866502775,0.01857034474584411,0.0727455930723943,13.751228996802553,-296.9081,62.631172,-2.5920863,40.31406,2.8461714,19.440563,1.7592008,-37.022156,-37.92356,10.421526,-15.391666,-0.8978584,-13.716433
1532,25.533333333333335,0.023586115,0.0,6860.702570457119,482.8559407291815,1970.398359776299,2671.083080567521,0.01857034474584411,0.0727455930723943,13.751228996802553,-204.80219,55.774906,-13.327083,33.71637,-10.4547,23.118366,-5.578614,-34.29223,-50.678288,9.877741,-24.413582,-3.20088,-22.335846
1533,25.55,0.06166183,234.1685162818604,4391.263880984254,240.43501657242405,1958.0507795291683,2797.4005117074353,0.01857034474584411,0.0727455930723943,13.751228996802553,-302.76492,80.02815,21.260204,42.488785,17.638468,41.084244,2.5350666,-19.732033,-34.61233,1.2945752,-7.169302,-9.08172,-14.855576
1534,25.566666666666666,0.070415616,226.21258729851368,3180.53989485313,293.8949014347943,1955.6496889617733,2937.4184015942783,0.01857034474584411,0.0727455930723943,13.751228996802553,-284.64444,88.65222,34.793034,59.552666,6.850173,34.40884,4.5079775,-23.659164,-37.984795,2.7542875,-8.713242,-10.768665,-25.99858
1535,25.583333333333332,0.06693298,219.4662792971129,6966.971209779937,268.88453101792516,1933.8529898331956,3053.693469360229,0.01857034474584411,0.0727455930723943,13.751228996802553,-264.67932,17.834412,29.52967,81.022514,-11.966335,31.045443,5.289336,-19.609259,-44.870056,15.689967,-17.257812,-5.912092,-26.293663
1536,25.6,0.04553507,0.0,8798.684461704981,595.9855313102046,2292.7209021276617,3630.7103303063473,0.01857034474584411,0.0727455930723943,13.751228996802553,-265.0704,-23.851288,28.113852,91.14223,-19.79935,25.64409,4.006856,-13.491851,-40.72924,21.444447,-15.621513,2.0282063,-24.226662
1537,25.616666666666667,0.037382923,0.0,9358.57917354858,2102.599913299241,3682.6766677627097,4323.139534011955,0.01857034474584411,0.0727455930723943,13.751228996802553,-272.84412,-43.760437,23.363682,91.758316,-17.581478,28.909908,5.474943,-12.871378,-34.81558,29.749146,-12.007297,2.5643792,-20.452248
1538,25.633333333333333,0.03474328,0.0,8784.509052463694,1739.3513217250684,3311.235108004402,4300.345288224692,0.01857034474584411,0.0727455930723943,13.751228996802553,-285.02863,-36.456448,13.745966,93.56582,-7.432164,28.858894,9.593222,-15.752504,-36.141075,26.681868,-9.328656,-5.468171,-29.792053
1539,25.65,0.05933214,224.59302448471863,6695.419711894161,240.60196737516122,2094.6662761991442,3964.9586618517924,0.01857034474584411,0.0727455930723943,13.751228996802553,-295.3715,3.1894102,29.740986,106.5007,10.443422,28.59782,7.917862,-17.98385,-38.13699,23.571712,-5.146297,-18.459015,-33.81722
1540,25.666666666666668,0.08214126,220.51200819378172,3868.7685811522147,280.2445885551809,2059.379697688145,3536.7650386261544,0.01857034474584411,0.0727455930723943,13.751228996802553,-298.4438,49.920868,29.132652,100.553894,22.88182,29.604645,0.023949504,-28.126282,-35.191116,13.748217,0.13174705,-21.284637,-33.478046
1541,25.683333333333334,0.09106302,216.65830378370188,3383.068986352956,306.59876020926094,2026.05598129263,2895.83082330323,0.01857034474584411,0.0727455930723943,13.751228996802553,-301.38657,58.477074,20.487253,94.249466,20.361279,24.100412,-2.1522007,-34.987236,-37.300354,18.473244,1.8351607,-21.568026,-30.909843
1542,25.7,0.07886293,213.13506970850764,4138.286981453326,314.64878827926293,2127.2470897709304,4136.048024065294,0.01857034474584411,0.0727455930723943,13.751228996802553,-299.28433,47.75743,28.91455,102.37663,6.5913844,18.56346,1.6793184,-31.900425,-39.819923,16.934994,-0.19603264,-14.675913,-30.443565
1543,25.716666666666665,0.05974509,211.89520959501905,6173.329197525973,285.62383970627957,2059.0405369308623,3866.1638145724487,0.01857034474584411,0.0727455930723943,13.751228996802553,-298.34482,19.84708,47.52655,108.31114,-6.8229113,18.259914,2.3409843,-22.119913,-35.98661,22.418793,-2.5414371,-1.7218455,-23.047787
1544,25.733333333333334,0.047306307,209.87304894298754,7358.675395814887,264.37533704093937,2069.5376042701278,3782.2439437299454,0.01857034474584411,0.0727455930723943,13.751228996802553,-264.4537,39.30346,49.823315,73.19114,-21.519995,17.868275,-9.099869,-15.375138,-39.46463,26.991005,1.2808506,1.8159362,-27.58524
1545,25.75,0.06274897,216.2237075923315,4432.3689626081505,260.50051358989657,2079.1163504115207,3640.2881404739196,0.01857034474584411,0.0727455930723943,13.751228996802553,-320.91763,68.21931,58.064526,69.06698,-0.9032595,18.376226,-0.92837745,-13.360117,-29.243885,19.067667,-1.6793426,-4.4891415,-29.814068
1546,25.766666666666666,0.06564586,217.20572078868776,3280.901981239672,250.15893836479643,2064.796311515784,3656.0404515986443,0.01857034474584411,0.0727455930723943,13.751228996802553,-358.99298,61.00367,60.442497,84.42601,-1.5006669,18.153706,13.351637,-29.180805,-23.982758,17.81865,-6.2030697,-3.297997,-23.810478
1547,25.783333333333335,0.055644173,0.0,7955.34015980949,239.409924922787,2047.7913192312676,3855.6859444945953,0.01857034474584411,0.0727455930723943,13.751228996802553,-314.98734,-10.359838,54.215744,99.37843,-16.137806,21.492672,12.110028,-8.569063,-37.188374,28.990438,-2.1733174,-4.1049385,-27.183744
1548,25.8,0.049587328,0.0,9659.869359258628,596.9817048413529,2399.0950242241875,4015.0385839146074,0.01857034474584411,0.0727455930723943,13.751228996802553,-290.44736,-67.5158,38.214024,108.7718,-22.5195,13.989342,7.85422,-5.6195393,-39.38221,34.75734,-6.6160326,-2.8822742,-26.340551
1549,25.816666666666666,0.060867507,0.0,9413.231757411433,2154.303771140237,3681.163613279776,4516.627181407105,0.01857034474584411,0.0727455930723943,13.751228996802553,-278.13608,-90.255135,17.764812,119.161865,-11.322714,25.087425,12.263868,4.3183966,-36.335457,30.98804,-6.9918356,-6.121604,-33.666183
1550,25.833333333333332,0.07363705,0.0,9093.701518569744,2158.493859983801,3678.6861051339797,4524.584954323892,0.01857034474584411,0.0727455930723943,13.751228996802553,-254.87666,-89.95038,-7.0003905,112.207855,0.76149726,26.492691,1.9341986,0.36694127,-44.52951,26.377487,-6.6861076,-11.676689,-29.466948
1551,25.85,0.07265766,0.0,8776.92646803501,2182.198400700086,3458.1208401402605,4321.256429181008,0.01857034474584411,0.0727455930723943,13.751228996802553,-221.47716,-81.037735,-37.12072,91.91051,6.6244707,17.868515,-15.055864,-17.451672,-49.992966,29.73504,-0.18604302,-3.8746233,-29.720608
1552,25.866666666666667,0.058281247,0.0,8715.106680672376,2204.572552370941,2622.196286342401,4009.2998386888075,0.01857034474584411,0.0727455930723943,13.751228996802553,-209.24486,-56.739685,-48.272636,73.17971,18.23806,15.141177,-31.141962,-31.45666,-44.937904,23.468943,-8.596116,-7.189493,-37.801506
1553,25.883333333333333,0.031900488,0.0,7055.762324240892,2231.0682758086728,2626.8377782775574,3679.1179823620732,0.01857034474584411,0.0727455930723943,13.751228996802553,-271.6011,-13.7385845,-54.753403,66.8082,34.7704,7.9777794,-31.061283,-28.584705,-27.315468,12.771259,-6.2187886,-5.085516,-24.873995
1554,25.9,0.033332743,260.49139021213125,6072.758918817815,1854.2654532228812,2583.865160827701,3519.289631211996,0.01857034474584411,0.0727455930723943,13.751228996802553,-327.85858,32.31015,-22.057415,67.99768,48.0841,15.039775,-20.526907,-17.671974,-16.726683,9.869492,-2.4021766,-14.043309,-18.4001
1555,25.916666666666668,0.07273359,241.91079931672678,2671.097525574435,346.2007790749971,2314.099574694194,2604.5685715623895,0.01857034474584411,0.0727455930723943,13.751228996802553,-285.33157,104.918526,15.147839,62.35958,47.633858,14.530483,-34.514935,-42.535976,-27.211048,9.881349,-6.20545,-28.186996,-30.64574
1556,25.933333333333334,0.1030665,228.4497069503324,2262.8057753564917,345.3562875656202,2089.9165624490875,2554.4233936602545,0.01857034474584411,0.0727455930723943,13.751228996802553,-271.65234,117.93615,-5.1990557,38.34745,41.26012,20.269064,-26.312393,-30.34262,-15.5399,10.44416,-2.0858326,-28.003614,-29.176998
1557,25.95,0.12558825,225.49654852749575,2021.6933794346407,333.08502041251467,1966.1508488071618,2303.7073491115975,0.01857034474584411,0.0727455930723943,13.751228996802553,-275.56537,127.60159,1.0900009,26.810972,25.259693,14.163696,-19.959332,-13.373785,-12.68092,1.6126921,5.054686,-19.510633,-24.653996
1558,25.966666666666665,0.13630098,224.11985398696646,1807.7817436771893,311.4786817604045,1754.4972536570435,2228.150749810507,0.01857034474584411,0.0727455930723943,13.751228996802553,-280.7791,131.55338,3.89638,23.475676,23.461948,18.172361,-12.176636,-2.667885,-12.308647,-2.4409924,7.618355,-15.38599,-18.737083
1559,25.983333333333334,0.14527221,223.15150107625468,1706.0999841230441,320.81156250431223,1856.3186744065229,2233.0923863060575,0.01857034474584411,0.0727455930723943,13.751228996802553,-281.4037,134.86188,1.4286102,16.568642,26.58818,20.140743,-10.847429,-6.495892,-17.33541,-9.971739,0.81588936,-12.6201515,-19.490662
1560,26.0,0.13897897,222.18461404669708,1538.0246609283195,316.1287539755341,1851.8866170575648,2142.162622922896,0.01857034474584411,0.0727455930723943,13.751228996802553,-281.66565,146.3345,9.803139,19.774712,33.51526,16.339905,-19.807156,-12.765497,-19.739584,-16.976612,3.836901,-13.12335,-26.991337
1561,26.016666666666666,0.13783388,222.3312800273844,1148.6679676758772,326.0587829491718,1912.7143026694048,2760.8242976329393,0.01857034474584411,0.0727455930723943,13.751228996802553,-318.0018,167.99936,32.455193,11.9001,33.986763,16.00149,-11.072744,-11.844972,-18.203907,-8.433579,3.0845616,-14.461136,-23.037086
1562,26.033333333333335,0.14588876,222.38979452422726,982.5900381962563,281.9922128888938,1902.6828925753032,2657.9343110024984,0.01857034474584411,0.0727455930723943,13.751228996802553,-345.39517,156.19418,26.031944,0.033992536,26.259544,16.897337,-2.1368575,-14.172831,-14.861298,-0.6755847,3.306438,-10.12344,-22.393892
1563,26.05,0.16107202,223.7195420146755,839.0798706344048,272.10778747411814,1829.627772114293,2664.583524269829,0.01857034474584411,0.0727455930723943,13.751228996802553,-356.64246,160.26631,40.6599,11.962841,27.379112,18.778278,4.3764935,-11.217668,-16.291029,-0.21595943,11.351706,-5.787712,-23.448141
1564,26.066666666666666,0.17396994,227.31649926687393,1019.6344742522921,276.15101108831686,1957.6060062241202,2888.421747763395,0.01857034474584411,0.0727455930723943,13.751228996802553,-321.40152,158.47363,13.112701,17.347643,36.38111,21.131592,-7.565736,-22.873072,-16.727777,8.223625,11.354215,-11.892271,-24.840137
1565,26.083333333333332,0.18033002,228.1974799960643,1335.3049273774986,287.77874389839,2201.9062545828774,2888.835103954313,0.01857034474584411,0.0727455930723943,13.751228996802553,-295.23077,136.41792,-4.4053407,36.195038,37.20259,20.419676,-21.571354,-20.270859,-2.4810202,11.680508,1.7727847,-25.369658,-25.789436
1566,26.1,0.18809192,227.7368367376328,1366.2511843674197,281.53544669744855,2207.2505335563364,2978.6149926192843,0.01857034474584411,0.0727455930723943,13.751228996802553,-294.97,131.37422,-4.5262957,40.03454,34.440742,21.735203,-23.023348,-16.10759,4.015977,15.395039,5.6474123,-26.048332,-27.80727
1567,26.116666666666667,0.18495075,229.71182707586482,1792.7816601293173,250.10202950796452,2087.1009516446416,3033.2825840441515,0.01857034474584411,0.0727455930723943,13.751228996802553,-286.27713,107.68011,7.0102444,62.803963,21.62899,11.536463,-31.122025,-7.81643,-3.163398,14.351301,2.0064363,-25.100918,-26.357424
1568,26.133333333333333,0.14728792,227.52457616455797,3425.512613796106,238.80006287174754,2096.1119317624766,3455.2208190111705,0.01857034474584411,0.0727455930723943,13.751228996802553,-273.0197,60.402668,15.658885,103.30971,10.738313,20.27607,-5.011856,-8.642033,-18.00236,15.152036,0.21936893,-14.879997,-21.434097
1569,26.15,0.09234454,0.0,7549.111325528274,246.22017335368955,2141.812657438582,3494.7410622740013,0.01857034474584411,0.0727455930723943,13.751228996802553,-245.18353,-14.361042,26.317139,119.31969,-5.742075,27.771631,-2.3532493,-3.154779,-25.51226,33.65116,-13.015738,-10.954947,-25.7085
1570,26.166666666666668,0.059847336,0.0,9314.848745264564,276.46304086121546,2043.4133241616976,3880.0853000155707,0.01857034474584411,0.0727455930723943,13.751228996802553,-251.98756,-50.78367,32.434517,103.63433,-27.458038,27.942806,1.9712561,4.233848,-26.56223,32.177322,-13.014767,-3.8660698,-31.132156
1571,26.183333333333334,0.048213035,0.0,10057.844829870517,276.6380004170704,2072.943352588373,3650.068203644361,0.01857034474584411,0.0727455930723943,13.751228996802553,-269.41614,-55.608604,45.069656,100.84255,-26.613594,30.85968,-0.46166283,6.255394,-30.13895,30.778542,-12.2044,-2.968742,-27.551992
1572,26.2,0.031610645,0.0,9604.00178445934,247.84206538235009,2038.1421826357112,3579.0620140303154,0.01857034474584411,0.0727455930723943,13.751228996802553,-308.4093,-48.74836,29.6343,88.862526,-19.356771,31.410467,9.665655,-1.1051769,-28.107037,30.102901,-3.9963534,-2.7241259,-30.636429
1573,26.216666666666665,0.040904313,241.72465343614905,7826.5622454871545,207.93933122352908,2019.6978606516775,3195.4875292833476,0.01857034474584411,0.0727455930723943,13.751228996802553,-352.11945,7.381378,20.275433,73.897705,21.425747,37.678925,1.889622,-12.204844,-28.696384,12.232687,-8.4879055,-11.223666,-27.557085
1574,26.233333333333334,0.07922786,236.1405585967511,2939.2704709042905,313.9246479697699,2173.5549121090007,2951.6268547215427,0.01857034474584411,0.0727455930723943,13.751228996802553,-298.1159,86.9873,30.273146,60.05639,44.35431,26.942207,-30.81226,-27.244038,-33.712585,6.9324102,-6.4094095,-24.726503,-33.915688
1575,26.25,0.10558055,226.88378795584057,2557.04458559246,355.9954621313991,2084.0731168937023,2708.9312477846483,0.01857034474584411,0.0727455930723943,13.751228996802553,-266.3298,108.33537,8.614467,45.032146,40.195827,14.894651,-27.274418,-26.109747,-27.888138,9.867235,-3.9264686,-22.261227,-32.124653
1576,26.266666666666666,0.11565182,221.01952884970248,1880.9502030816348,365.98565617576907,1861.4946306101806,2235.6994195109683,0.01857034474584411,0.0727455930723943,13.751228996802553,-287.80484,132.86227,25.888245,39.685745,44.68524,8.101182,-24.705189,-18.134922,-32.965603,1.7485515,-0.03553462,-23.523048,-44.359283
1577,26.283333333333335,0.11477874,219.25964389606202,1480.2316702455191,349.1105390089853,1930.9329866766277,2727.7765210934526,0.01857034474584411,0.0727455930723943,13.751228996802553,-323.60852,130.8829,23.812223,48.554947,51.862206,4.143363,-11.080433,1.4054925,-23.296604,-13.006489,-3.939459,-15.296355,-37.11885
1578,26.3,0.10243437,215.29022972955812,1453.0535836244565,343.6707973652677,2033.587109963869,3356.521510416219,0.01857034474584411,0.0727455930723943,13.751228996802553,-350.30722,127.27928,26.023764,47.15254,54.107567,6.777273,-2.1759088,1.5843737,-20.515951,-8.135977,1.0316466,-10.266024,-30.41533
1579,26.316666666666666,0.09155318,215.8853525740922,1540.1557715051786,372.9364464681418,2173.87475657417,3358.984460746983,0.01857034474584411,0.0727455930723943,13.751228996802553,-320.35907,143.75221,31.454742,57.315178,43.23336,-5.7684965,-21.619724,-23.576694,-28.677036,5.450906,-2.5041113,-17.293238,-19.412048
1580,26.333333333333332,0.0964601,215.00594027747013,1793.3667972090464,359.30622278091187,2187.465407086027,2891.434749634678,0.01857034474584411,0.0727455930723943,13.751228996802553,-319.89313,125.04855,31.019081,53.704247,36.55684,13.360647,-21.444323,-35.33052,-16.598316,20.755863,-3.8704047,-17.174107,-27.314919
1581,26.35,0.083055556,213.04148943356785,2127.6051238064147,324.8861224342375,2261.8258887514958,3225.243217269036,0.01857034474584411,0.0727455930723943,13.751228996802553,-322.07108,102.615845,29.006586,78.122345,37.77027,17.813396,-3.9404974,-36.88389,-23.087727,29.507135,-0.38868392,-20.804482,-23.049482
1582,26.366666666666667,0.054125894,0.0,6664.710135220816,596.968767244666,2231.3774190106888,2944.6211425079164,0.01857034474584411,0.0727455930723943,13.751228996802553,-279.58765,23.671474,24.956818,96.129776,8.260443,33.388466,0.7724215,-39.218826,-33.282745,29.095585,-2.2098389,-13.229261,-24.046715
1583,26.383333333333333,0.038207542,0.0,9223.151238490955,1833.900980582543,2835.8256873945647,4284.854960368858,0.01857034474584411,0.0727455930723943,13.751228996802553,-261.16144,-39.15407,18.953289,92.821655,-13.639725,33.3042,0.14811468,-23.51508,-32.945374,36.035347,-3.1260788,-2.6377773,-20.299625
1584,26.4,0.046830866,0.0,9840.125159623174,576.801938426911,2138.6791542890032,3634.711506674696,0.01857034474584411,0.0727455930723943,13.751228996802553,-263.33627,-58.758106,22.04587,91.667755,-26.867104,29.844048,-8.330877,-15.131983,-31.509132,42.77909,5.397987,-1.9897485,-25.464823
1585,26.416666666666668,0.04961401,0.0,10320.388568321076,659.0415233094956,2110.2320897061686,3564.052234432335,0.01857034474584411,0.0727455930723943,13.751228996802553,-280.28076,-80.99046,17.592209,82.591644,-30.64714,32.361786,-4.5391583,-6.597193,-31.42522,33.788475,-6.399251,-11.575439,-21.9885
1586,26.433333333333334,0.0489384,0.0,10611.35928437688,846.8730573465702,2460.306637819626,3939.743906080999,0.01857034474584411,0.0727455930723943,13.751228996802553,-298.03326,-97.11528,10.977407,76.76036,-34.70198,22.753525,-9.773343,-0.056575686,-34.235386,33.545395,-6.313473,-9.398703,-24.229607
1587,26.45,0.042392015,0.0,11242.707677247596,2108.3314640279063,3891.803066149405,4765.683745974728,0.01857034474584411,0.0727455930723943,13.751228996802553,-310.14938,-102.19685,14.102097,74.19139,-25.198029,15.857733,2.6391501,4.750707,-38.80911,44.746895,-10.092955,0.6616166,-34.238823
1588,26.466666666666665,0.03126242,0.0,12179.152046575997,1784.1585366099011,3508.0642717992378,4278.501701819813,0.01857034474584411,0.0727455930723943,13.751228996802553,-333.52267,-90.16788,22.441603,74.5367,-2.937201,4.423502,6.8867145,15.043736,-39.678005,30.91259,-14.854551,5.002236,-36.509693
1589,26.483333333333334,0.011964877,0.0,11758.42762890151,390.9204410652033,2124.361379672384,3593.6222581002085,0.01857034474584411,0.0727455930723943,13.751228996802553,-440.62955,-26.026785,28.858067,44.78901,12.812455,6.3529854,9.517982,10.097902,-19.357944,5.7131977,-12.798509,0.32330054,-19.650278
1590,26.5,0.0019153932,0.0,10794.556464557852,439.6958253441511,2118.176276279626,3755.9698219307825,0.01857034474584411,0.0727455930723943,13.751228996802553,-479.35297,-6.177062,23.997246,32.98899,5.5237465,6.8605795,8.787602,4.311676,-13.41464,4.596626,-10.209311,-2.1798658,-6.089447
1591,26.516666666666666,0.001259591,0.0,10715.01795081403,488.4885546598491,1950.6634543241296,3468.8600616240383,0.01857034474584411,0.0727455930723943,13.751228996802553,-501.35654,-0.067219034,15.48482,19.315472,6.2315187,6.8322287,11.585118,2.6546736,-6.067237,8.799146,-7.8355036,-1.9314278,-3.0677178
1592,26.533333333333335,0.0010230212,0.0,10500.188889960911,407.52555553650075,1934.8460446360536,2466.7374567822308,0.01857034474584411,0.0727455930723943,13.751228996802553,-508.87842,14.250938,20.6081,18.396818,12.937021,7.6593246,10.213256,3.1432009,-2.8976636,3.7529674,-7.1501646,-3.472754,-4.070298
1593,26.55,0.01543362,0.0,7966.855134603863,1144.0534077293796,2102.935842061224,3522.2500286635072,0.01857034474584411,0.0727455930723943,13.751228996802553,-373.36417,52.059746,7.8967214,15.119982,-3.894712,9.37435,14.085884,-9.126718,-17.869995,17.677433,-18.622078,-11.768016,-15.955334
1594,26.566666666666666,0.049453024,233.96051490474918,2708.929525554331,523.5853453353675,1202.8016771568523,2323.7453121294548,0.01857034474584411,0.0727455930723943,13.751228996802553,-276.8642,155.30713,36.616405,-12.416692,-29.447716,-13.788023,0.985224,-9.071626,-34.018307,11.13928,-15.195645,-4.285964,-14.827027
1595,26.583333333333332,0.070333876,232.50861338266643,2358.1065430679664,680.2923075078794,1468.4366510214074,2168.3300194211456,0.01857034474584411,0.0727455930723943,13.751228996802553,-265.01605,160.9516,16.044956,-27.533195,-10.38406,-9.703054,0.69528466,1.03313,-36.673016,8.6662445,-11.473585,2.574462,-15.369017
1596,26.6,0.086982474,230.75707257630827,2373.059167527708,762.2088465348257,1543.3779183033312,2433.496964760557,0.01857034474584411,0.0727455930723943,13.751228996802553,-258.02228,163.372,5.392329,-37.432915,-6.4362135,-6.241006,3.7358742,-0.2603911,-26.026508,15.131563,-12.410409,6.3023705,-17.443142
1597,26.616666666666667,0.0962264,229.45130636703072,2295.5883532911,896.8370513673755,1635.5128710635959,2411.762831758332,0.01857034474584411,0.0727455930723943,13.751228996802553,-254.9277,165.37453,8.756175,-38.591534,-8.902371,-2.8986592,4.4824066,-7.759605,-28.092327,23.471804,-9.021737,0.779367,-21.05833
1598,26.633333333333333,0.10087475,227.73959031995315,2512.6841704849526,881.7491052676023,1758.2983947081302,2508.861310381255,0.01857034474584411,0.0727455930723943,13.751228996802553,-254.80728,156.04803,5.7736025,-41.17534,-11.78352,1.6267257,8.682085,-10.889478,-27.407547,33.93238,-9.545266,-0.6794648,-16.307533
1599,26.65,0.09593016,227.50246232026265,2534.071362585213,792.1455732150547,1781.8355627090878,2571.3689352847073,0.01857034474584411,0.0727455930723943,13.751228996802553,-257.15195,153.64957,12.717144,-31.541029,-7.8301487,7.9126816,-3.790764,-15.084652,-28.033936,41.306175,-2.5790417,2.297018,-12.751192
1600,26.666666666666668,0.07402148,221.9781313956885,2822.5731030684287,628.4066774209273,1780.6197415983524,2611.774751705127,0.01857034474584411,0.0727455930723943,13.751228996802553,-265.83688,142.62164,15.124282,-5.3882475,-3.4312308,10.418775,4.9208612,-14.628376,-30.50544,33.381172,-2.4650826,7.138998,-4.438137
1601,26.683333333333334,0.047337353,0.0,6740.032250894768,494.40772129516677,1814.7527154129205,2748.900071482979,0.01857034474584411,0.0727455930723943,13.751228996802553,-228.80753,51.411366,7.271636,60.634823,-31.514244,6.2596397,14.429556,-7.3751154,-34.296753,27.704235,-0.9645462,2.2941437,-8.975922
1602,26.7,0.05242101,0.0,8257.620741592422,688.2404309404226,1916.6251305314283,3988.581082412366,0.01857034474584411,0.0727455930723943,13.751228996802553,-211.75832,-2.114738,7.611039,73.60706,-47.61429,1.9337711,7.36679,1.4587772,-44.367653,22.451107,-4.0516944,1.8377682,-16.914322
1603,26.716666666666665,0.064194426,0.0,8529.501110293952,731.7553779658266,2016.6080807629878,3925.740009624953,0.01857034474584411,0.0727455930723943,13.751228996802553,-218.57803,-33.34798,-3.6195686,83.54901,-33.953552,2.6199725,6.758642,15.718494,-40.579666,32.998528,5.185065,-0.062788576,-19.70158
1604,26.733333333333334,0.06107998,0.0,8510.153213884609,1122.1132664173524,2432.8102089977074,4066.6300166676983,0.01857034474584411,0.0727455930723943,13.751228996802553,-219.84465,-43.235397,-21.229017,81.891846,-21.545635,-3.6652825,-7.723915,17.407036,-36.773937,31.456814,4.6427455,-4.1743546,-18.67939
1605,26.75,0.049763843,0.0,8833.654653431722,2141.09630748629,3637.910238539296,4535.194779668488,0.01857034474584411,0.0727455930723943,13.751228996802553,-228.6944,-49.176414,-32.4604,75.3916,-6.8211246,1.8995457,-16.978323,2.1958275,-40.17383,31.605324,-0.7927973,-2.9917412,-22.28106
1606,26.766666666666666,0.03532633,0.0,8369.93231158443,2141.5002936249666,2824.320182295775,3957.1559122299204,0.01857034474584411,0.0727455930723943,13.751228996802553,-256.09476,-29.051594,-35.219086,64.51712,4.673024,-5.9347944,-20.225803,-7.2523193,-33.892464,30.487186,2.7350132,-2.504607,-21.962744
1607,26.783333333333335,0.041806255,247.9088389499172,5048.377258715696,2031.2503408678288,2995.59297971745,3711.2072647639166,0.01857034474584411,0.0727455930723943,13.751228996802553,-327.3932,56.655792,7.7707596,73.02725,45.499504,5.7994256,-22.043545,-17.398674,-37.49263,-0.58447444,-10.684286,-23.636526,-24.830357
1608,26.8,0.07293737,242.20490382320398,2287.5577064950294,413.7926144538715,2223.97752120826,2422.550746004572,0.01857034474584411,0.0727455930723943,13.751228996802553,-295.5989,109.03299,3.092012,55.015594,64.218185,23.455235,-29.73677,-35.184044,-42.84202,3.9168646,-5.08525,-20.074009,-23.642212
1609,26.816666666666666,0.09176572,236.4583119424205,1986.502769250581,403.05708437893236,2081.890855014635,2397.725225987074,0.01857034474584411,0.0727455930723943,13.751228996802553,-295.8598,121.66797,3.738243,36.16349,49.635246,26.179008,-22.444994,-33.3636,-39.68255,4.1149745,-6.175652,-17.455729,-21.310993
1610,26.833333333333332,0.08143539,234.10319747301844,1928.269116454475,335.64869162726114,1923.3630769061283,2435.8421295119997,0.01857034474584411,0.0727455930723943,13.751228996802553,-309.46384,130.51208,9.961479,25.885445,45.490677,33.802773,-10.311251,-27.432741,-38.695408,6.4906406,1.9697105,-13.566657,-14.5840225
1611,26.85,0.055050686,231.59765466717587,2193.14694814765,318.76971213007454,1818.603054309054,2495.1762983479935,0.01857034474584411,0.0727455930723943,13.751228996802553,-359.0952,115.94043,26.733833,40.449863,37.25248,29.438198,9.6496525,-20.344746,-35.07904,-0.9199512,3.141015,-5.4735103,-12.096275
1612,26.866666666666667,0.019376487,233.32463324572544,2934.8414669709364,378.7877458829078,1972.9593813264264,2225.2847583964444,0.01857034474584411,0.0727455930723943,13.751228996802553,-418.512,93.65654,30.386284,33.57875,37.609787,28.693172,15.349953,-17.426968,-33.250458,-9.62747,-6.2909107,-16.53514,-13.14316
1613,26.883333333333333,0.011599621,0.0,3300.074957247794,334.4006315944957,1968.92887420172,2216.341536977028,0.01857034474584411,0.0727455930723943,13.751228996802553,-445.922,84.62603,37.36889,28.547735,32.44125,27.00727,12.268692,-12.974144,-25.98633,-13.019682,-8.3427925,-14.991096,-8.334174
1614,26.9,0.005831454,0.0,4402.530265199312,384.7871788733268,1854.6497619948452,2353.154294539122,0.01857034474584411,0.0727455930723943,13.751228996802553,-472.17142,68.411026,45.898262,33.684784,31.018433,22.196123,6.1920605,-9.518583,-12.729393,-9.8633995,-11.785124,-16.048294,-13.561672
1615,26.916666666666668,0.009172412,0.0,9182.646201098245,369.82362499569854,1137.868753518384,2349.163232149912,0.01857034474584411,0.0727455930723943,13.751228996802553,-356.84076,84.55671,55.4402,-8.305957,-27.751608,-40.737995,15.147894,13.880621,-28.93431,8.350422,-36.134254,0.10135871,-26.680622
1616,26.933333333333334,0.024787946,0.0,7189.892532307197,587.2863832344323,1200.1150283706334,2608.9455361978175,0.01857034474584411,0.0727455930723943,13.751228996802553,-346.50143,98.9429,58.003872,-0.070427656,-25.819328,-38.268494,18.48271,22.015804,-23.971611,6.299445,-37.73857,-2.6874328,-16.560884
1617,26.95,0.06674144,241.01133948866857,2441.3653950690605,328.4255712454998,1249.215738239073,2612.5306668904755,0.01857034474584411,0.0727455930723943,13.751228996802553,-304.4713,154.02115,44.546658,-2.6893597,-5.7506175,-19.925642,-2.2907484,7.8288474,-22.019054,2.0460804,-20.677063,-4.0342293,-15.924079
1618,26.966666666666665,0.094699234,233.90566333370094,1864.5355196487278,358.2887050656046,1477.935466275871,2409.444044989837,0.01857034474584411,0.0727455930723943,13.751228996802553,-272.91833,170.02979,15.401812,-16.944212,13.00142,1.8382823,-5.543083,-1.1278319,-21.448849,0.91140854,-17.160278,0.32845068,-15.0053835
1619,26.983333333333334,0.1224852,228.41879367954942,1410.1921676040504,314.9066178106035,1684.6508912531126,2928.89270107006,0.01857034474584411,0.0727455930723943,13.751228996802553,-310.47922,161.26906,12.32464,-11.217465,30.748676,12.267481,-4.6628284,5.218747,-13.181049,-13.235022,-17.740238,3.5684571,-11.770176
1620,27.0,0.13797082,224.18732240699254,1207.717721836099,297.99948646205485,1711.185342194557,2923.0896348771166,0.01857034474584411,0.0727455930723943,13.751228996802553,-313.31317,160.11072,9.377188,-2.7590315,32.404358,10.021325,-3.5463648,8.262114,-7.8958373,-21.381641,-21.524044,7.734376,-13.516558
1621,27.016666666666666,0.13692799,219.57829812570202,1125.3601356792806,307.1358895670627,1695.2307579250435,2892.5440115343035,0.01857034474584411,0.0727455930723943,13.751228996802553,-322.29474,160.23999,8.63266,4.7180405,36.674686,11.082433,-3.8521357,6.1628895,-7.814866,-23.361763,-16.114311,5.898313,-13.2346115
1622,27.033333333333335,0.119121,216.05523126994527,1234.3224831420298,375.93028494485463,1652.6364596083938,2829.5587876845034,0.01857034474584411,0.0727455930723943,13.751228996802553,-309.06815,168.80669,12.589964,-0.46333683,25.972408,6.1080103,-5.4049273,-0.47619504,-8.445706,-14.361692,-10.440918,4.050913,-18.86868
1623,27.05,0.101227455,211.72593760117886,3973.4316553247563,617.3198772881597,1671.748061053414,2694.6791961071253,0.01857034474584411,0.0727455930723943,13.751228996802553,-226.00745,111.79772,10.601603,17.510288,-9.026268,8.658302,8.47434,-16.656792,-15.410666,17.950996,-22.162966,12.149013,-19.094057
1624,27.066666666666666,0.08695865,209.90847415870732,4868.010225351798,521.8928335002063,1540.2545892155786,2131.6903589706103,0.01857034474584411,0.0727455930723943,13.751228996802553,-218.29893,94.128784,8.157604,10.392906,-17.537485,18.586693,14.542103,-12.239252,-12.495404,22.7295,-24.681753,15.31381,-15.692178
1625,27.083333333333332,0.08591327,209.58573136135513,3192.7591692793667,904.8946877697956,1787.692735329113,2817.8328468060945,0.01857034474584411,0.0727455930723943,13.751228996802553,-271.80832,127.13702,22.64164,-13.55139,-4.788555,15.637459,10.689951,0.75301003,-17.398859,17.924294,-15.155811,6.494794,-13.067133
1626,27.1,0.08671459,209.29600746619982,2708.322238907238,868.2161602529404,1556.5015078486535,2726.151137310301,0.01857034474584411,0.0727455930723943,13.751228996802553,-289.5771,137.34067,33.20334,-14.899946,-11.734894,7.9606905,6.100626,0.41707587,-19.81194,13.955569,-23.50122,0.915793,-3.3798816
1627,27.116666666666667,0.09142805,209.47083442327707,2289.1252664536205,747.5681952657844,1390.115192539768,2604.759030591313,0.01857034474584411,0.0727455930723943,13.751228996802553,-301.37518,147.0174,40.847946,-18.438457,-18.90664,3.3752599,3.0881643,-0.99978465,-16.21343,13.461684,-24.256535,1.5684721,-6.2500963
1628,27.133333333333333,0.09516763,209.1333171972278,1763.7585033672242,368.860681213451,984.6417477122354,2209.309348423429,0.01857034474584411,0.0727455930723943,13.751228996802553,-321.15515,155.76689,55.495735,-8.6349945,-15.105657,-1.3133152,2.3033776,-2.3248174,-13.974873,8.724638,-25.173712,-2.0210242,-6.465346
1629,27.15,0.08840341,208.63039724482854,1527.5739146756046,370.6541668335132,999.0427495921618,2191.9646473763473,0.01857034474584411,0.0727455930723943,13.751228996802553,-343.14764,162.39073,74.82085,1.754886,-15.657956,-4.8418684,5.2722073,-0.2700681,-3.293742,6.2022443,-22.247635,0.42141217,-6.234696
1630,27.166666666666668,0.08055898,210.9576802111073,1357.6928064001477,319.4124351929951,935.5117894493044,2245.214424617934,0.01857034474584411,0.0727455930723943,13.751228996802553,-369.7042,156.35312,78.83989,9.841238,-12.640104,-6.3134365,3.4020848,1.8030096,-1.3907025,0.9947567,-18.947742,-9.799792,-16.577179
1631,27.183333333333334,0.08203013,215.06385403462335,1188.399171798414,332.7398030978509,1016.6472416205213,2797.8578043484717,0.01857034474584411,0.0727455930723943,13.751228996802553,-385.58105,155.25862,87.929214,18.522081,-16.688627,-14.409156,-2.693432,1.6450086,3.5668669,2.608418,-14.762464,-13.714225,-15.514724
1632,27.2,0.09731685,218.5888248181205,1051.1961972951838,439.3144222328499,1055.302639651885,3234.036411399902,0.01857034474584411,0.0727455930723943,13.751228996802553,-378.62354,161.37909,89.53585,17.830109,-27.970875,-28.304173,-5.8917994,1.5173244,7.9391437,2.0691795,-22.558615,-18.432726,-17.838451
1633,27.216666666666665,0.11444932,220.7659696126053,953.6553694226441,485.6321441311227,1096.4730325654848,3532.23596394475,0.01857034474584411,0.0727455930723943,13.751228996802553,-371.95602,165.31517,90.168884,21.21923,-26.138683,-29.060865,-2.982412,9.517065,12.559656,2.4402618,-24.740423,-18.708757,-21.563095
1634,27.233333333333334,0.11965719,221.29604092047379,1019.2139787967394,491.9233281161881,1105.0604640593956,3659.922361002482,0.01857034474584411,0.0727455930723943,13.751228996802553,-364.31363,163.06354,80.56859,15.796899,-33.162052,-34.20781,-2.8871827,14.257669,8.31223,-6.590914,-30.839954,-15.407553,-17.790363
1635,27.25,0.11214403,221.20582001985193,1077.6852023970646,355.1930883123761,1070.377197927262,3547.584426094071,0.01857034474584411,0.0727455930723943,13.751228996802553,-361.71066,159.75089,77.974915,21.136417,-22.75608,-31.116009,-4.468298,15.931593,3.0257518,-14.406575,-35.04027,-10.556032,-9.852501
1636,27.266666666666666,0.08873333,220.12594440500072,1384.8458928940777,276.8948732543669,1137.120109810409,3446.2113228712274,0.01857034474584411,0.0727455930723943,13.751228996802553,-349.32944,153.29001,72.24991,29.488678,-12.62652,-27.914448,8.541741,26.008198,-2.3632143,-7.326873,-24.158016,-7.860596,-6.10421
1637,27.283333333333335,0.05779845,0.0,5468.922953147912,336.66684046628103,1430.015849413272,3784.5892926984166,0.01857034474584411,0.0727455930723943,13.751228996802553,-268.86816,68.24963,16.18917,64.98869,-20.262142,-18.659878,27.021248,28.140255,-36.585934,-1.555532,1.2613608,5.5518017,-18.893024
1638,27.3,0.03763857,0.0,8599.532105633043,671.1902326734883,1709.5110912824998,3832.101416786073,0.01857034474584411,0.0727455930723943,13.751228996802553,-235.83702,-6.136483,11.535282,75.19551,-28.328266,-9.691325,12.592463,24.466808,-47.181133,12.199663,-1.1118541,7.0179853,-21.792194
1639,27.316666666666666,0.047771513,0.0,9444.992823943434,476.4872946914179,1914.97908902683,3865.0400562406726,0.01857034474584411,0.0727455930723943,13.751228996802553,-252.58197,-49.92084,0.7710891,74.65259,-27.90074,3.5542116,7.3789625,20.177551,-57.301258,12.610397,-6.995505,-2.707261,-27.0472
1640,27.333333333333332,0.056544807,0.0,9343.656163005162,821.5802823466922,2343.7037986252362,3961.7785700181103,0.01857034474584411,0.0727455930723943,13.751228996802553,-262.51883,-62.90535,-5.177599,80.76018,-34.829613,5.8714046,8.635578,27.101542,-52.931328,25.771095,-4.9280853,-7.670073,-23.852314
1641,27.35,0.048370633,0.0,8140.097267622239,1895.8679674732332,3660.0680353432704,4502.044494363677,0.01857034474584411,0.0727455930723943,13.751228996802553,-271.3017,-67.00615,-31.235722,80.94421,-13.906344,20.589462,26.216293,20.393707,-60.253838,25.535358,11.126633,-3.14153,-28.678913
1642,27.366666666666667,0.03208433,0.0,8308.63059623514,1895.1795847146261,2583.3797021987607,3883.3141384648907,0.01857034474584411,0.0727455930723943,13.751228996802553,-360.81702,-34.925117,-23.147995,60.574913,3.6537585,23.285397,29.953789,11.088617,-42.341248,21.086147,16.413788,-0.64633983,-19.701832
1643,27.383333333333333,0.0032338456,0.0,8687.560532672578,1944.02866181247,2270.7470742665537,3871.9920608039815,0.01857034474584411,0.0727455930723943,13.751228996802553,-449.62222,-9.759324,-6.088575,43.566048,7.448637,6.0802894,20.789549,7.958899,-30.050766,13.532408,12.503778,-10.412299,-11.29401
1644,27.4,0.0020303482,0.0,8943.169080695217,1764.171420657688,2453.356757503131,3544.41368762134,0.01857034474584411,0.0727455930723943,13.751228996802553,-471.75073,-7.0751877,-8.191034,37.668236,12.708824,-2.130688,14.263836,5.4067144,-19.9421,9.672838,4.31371,-9.456106,-3.966876
1645,27.416666666666668,0.00845901,0.0,7680.828078335158,581.4443569972279,2209.7586982137095,2643.7730299133555,0.01857034474584411,0.0727455930723943,13.751228996802553,-336.64206,39.28998,-19.49477,25.502892,26.164928,4.928719,-14.664431,-38.17846,-30.253738,9.636985,-2.3783069,-17.95746,-18.337547
1646,27.433333333333334,0.029426908,0.0,6437.85671893496,482.7270084765121,2228.0284106393897,2702.391520130062,0.01857034474584411,0.0727455930723943,13.751228996802553,-296.58948,53.578213,-16.239885,53.874454,38.919693,8.6980095,-11.500826,-32.047947,-23.316706,9.689569,-8.178867,-16.209621,-19.744804
1647,27.45,0.061214887,230.06426732446698,2312.0002912006753,317.5203860348604,2338.594915725932,2574.746637200532,0.01857034474584411,0.0727455930723943,13.751228996802553,-328.93808,103.85879,14.82684,63.769062,55.066776,15.741798,-20.46006,-32.849274,-20.224018,3.6995726,-9.046343,-25.24075,-26.386242
1648,27.466666666666665,0.07003415,227.35280938769577,2342.1349796479817,307.21677532045794,2297.8238652443606,2843.7649223781177,0.01857034474584411,0.0727455930723943,13.751228996802553,-316.722,93.37904,5.3224564,71.501724,48.60676,12.98739,-8.00826,-24.194313,-21.165365,13.121458,-6.595039,-38.48522,-31.274752
1649,27.483333333333334,0.061020646,0.0,6379.499526393526,260.5306867353861,2106.1767993730896,3699.711253091204,0.01857034474584411,0.0727455930723943,13.751228996802553,-259.4718,10.101866,3.671423,108.47505,18.136871,14.6431465,-7.3103085,-11.751291,-44.284485,18.960865,2.4010432,-23.072237,-31.386158
1650,27.5,0.04217171,0.0,8090.667916456918,597.4618812322755,2413.864310874184,3848.555438343592,0.01857034474584411,0.0727455930723943,13.751228996802553,-252.24948,-29.93806,2.0749903,109.57454,7.9518743,15.321985,-5.309904,0.9704112,-50.4917,22.98729,1.6294447,-13.357054,-27.594282
1651,27.516666666666666,0.04761086,0.0,8263.48245403972,2030.5381981211237,3819.4256965513337,4623.007259878169,0.01857034474584411,0.0727455930723943,13.751228996802553,-261.1881,-35.5828,-7.528439,100.343575,9.921585,23.520756,-3.446344,0.35561356,-54.04305,23.305952,11.872133,-7.06946,-32.959625
1652,27.533333333333335,0.042402707,0.0,7701.895354595876,1955.1931535531721,3720.028649256914,4408.911834230555,0.01857034474584411,0.0727455930723943,13.751228996802553,-244.52731,-44.42379,-39.45975,84.973,14.124255,26.688618,5.010365,7.004218,-67.65915,4.8065143,10.705719,2.6106653,-30.042242
1653,27.55,0.036603093,0.0,7492.040369970024,1843.7515977401638,2685.841198132293,3961.0758009287315,0.01857034474584411,0.0727455930723943,13.751228996802553,-277.36044,-13.265554,-37.4576,64.47961,28.677517,33.365128,14.689989,0.14834833,-63.724304,-6.6406794,4.6498995,7.4724464,-22.921099
1654,27.566666666666666,0.0077422354,0.0,7506.66177642731,1757.192014063991,2405.43989995029,3920.7367339132256,0.01857034474584411,0.0727455930723943,13.751228996802553,-405.39914,15.65224,-11.955251,45.24258,30.476295,18.914898,17.968815,9.443545,-41.283733,-11.068901,8.067598,2.977913,-9.574816
1655,27.583333333333332,0.0029854374,0.0,8035.001773046087,1679.4680181891695,2762.096820852174,4057.8567866637904,0.01857034474584411,0.0727455930723943,13.751228996802553,-436.94754,14.058747,-8.186599,36.640812,22.22419,9.794498,22.064983,8.3579235,-35.576202,-11.20475,3.9165444,6.0802517,-9.40304
1656,27.6,0.020592976,0.0,4993.3504360990755,1435.9169765683953,3378.6850220144684,4368.510392059816,0.01857034474584411,0.0727455930723943,13.751228996802553,-428.1697,61.8994,25.05112,50.341255,31.628424,11.71975,20.1568,6.4942102,-37.05716,-31.282845,-8.082658,-2.7585626,-11.307276
1657,27.616666666666667,0.043335438,229.14481538698757,1610.6002825031155,338.1069922552134,1776.5138747779756,3290.7461664508432,0.01857034474584411,0.0727455930723943,13.751228996802553,-366.44897,125.414246,12.689502,36.430107,54.333214,20.430943,5.128572,-10.442247,-46.14562,-39.47897,-6.3915353,-12.804739,-29.446556
1658,27.633333333333333,0.056579106,227.75613239947052,1667.272908793689,324.7249112478402,2005.2573496045013,2619.3865928905325,0.01857034474584411,0.0727455930723943,13.751228996802553,-348.13828,127.32199,-20.778797,26.802788,83.65848,34.70703,-14.595374,-24.212807,-32.03665,-26.821827,-5.9723277,-14.773567,-32.950695
1659,27.65,0.050110787,219.67665252616786,1513.2405394295279,256.6751599134312,2275.6193723183565,2813.903709165366,0.01857034474584411,0.0727455930723943,13.751228996802553,-368.80173,122.88091,-3.8859425,32.483006,83.81158,29.409626,-28.167015,-25.150272,-13.579926,-11.022754,-4.14055,-9.2417755,-19.90796
1660,27.666666666666668,0.034349848,228.43131194158147,1606.3694574800575,280.1557411307211,1983.2455989292962,2639.6333580946275,0.01857034474584411,0.0727455930723943,13.751228996802553,-414.50726,105.74076,24.954056,27.766426,56.01593,33.419632,-6.5292587,-19.206846,-14.421384,-6.697874,-2.958683,-9.7067795,-15.201036
1661,27.683333333333334,0.0113296,0.0,2889.2852297619106,310.79387609071466,2095.919076267269,2639.069448724034,0.01857034474584411,0.0727455930723943,13.751228996802553,-456.01447,72.1131,24.701763,27.364834,49.320747,35.631157,1.5939671,-11.496946,-6.3805785,-6.574439,-13.552626,-15.718536,-9.863328
1662,27.7,0.0032611333,0.0,4286.619649323874,387.3574175917959,2262.2123197926626,2763.635237357915,0.01857034474584411,0.0727455930723943,13.751228996802553,-480.96768,56.06459,34.152096,31.175686,37.74147,27.091217,2.520656,-10.528568,-5.4293976,-1.9888291,-10.623804,-18.005245,-11.921742
1663,27.716666666666665,0.003775399,0.0,7640.4171416574045,401.6534372619428,2242.3482467684576,3097.1493307597952,0.01857034474584411,0.0727455930723943,13.751228996802553,-474.50653,44.955704,37.026005,35.35626,27.453907,15.405352,3.9759734,-10.468908,0.68609047,-4.5485744,-9.428043,-4.531911,-12.569682
1664,27.733333333333334,0.017676128,0.0,10047.771461036089,835.1716726476845,2350.7857332292583,3544.2413717872064,0.01857034474584411,0.0727455930723943,13.751228996802553,-354.5163,49.85668,-1.3502609,28.498302,39.633167,-20.200478,-5.1496935,-14.337297,-6.1746826,-2.5681672,-22.297352,10.644671,-22.992004
1665,27.75,0.045163196,0.0,7385.78704864853,2263.8709953184944,3057.7035010204204,3546.2576262003395,0.01857034474584411,0.0727455930723943,13.751228996802553,-226.66432,2.3089423,-73.407745,47.14917,41.98697,-13.121245,-18.305647,-26.010761,-16.328957,12.237734,-30.175213,12.764307,-31.764427
1666,27.766666666666666,0.055133708,0.0,6769.153215507664,1808.4564770234592,2641.2119654269068,3450.6373645767007,0.01857034474584411,0.0727455930723943,13.751228996802553,-168.40437,6.9939327,-82.49182,33.526875,20.625385,-11.608965,-32.78173,-32.74979,-30.55885,23.478313,-14.600433,14.416023,-22.241539
1667,27.783333333333335,0.04631174,0.0,6512.824000167554,696.2016724495004,2109.2819748803827,2876.117978060368,0.01857034474584411,0.0727455930723943,13.751228996802553,-205.06158,16.812012,-71.04308,24.092571,22.727913,1.2782557,-28.529423,-36.35428,-41.471054,16.558983,-14.892284,8.5588875,-16.390118
1668,27.8,0.027892755,0.0,5195.524353846952,637.5117841386837,2063.109481811075,2762.844722546263,0.01857034474584411,0.0727455930723943,13.751228996802553,-256.2191,62.56016,-61.70202,8.6475935,29.221382,-8.022797,-33.502876,-35.661736,-28.432209,19.848366,-7.7742033,6.8606415,-20.268272
1669,27.816666666666666,0.022295656,0.0,5516.316558108127,743.672239774424,1998.1464458719495,2814.718990621414,0.01857034474584411,0.0727455930723943,13.751228996802553,-269.83725,85.38165,-35.726616,-4.983508,32.5287,-10.458881,-43.53129,-30.25254,-27.736473,26.377916,-7.432087,18.633018,-15.111132
1670,27.833333333333332,0.0515264,230.8806228785375,3694.1362223422866,618.5942449505758,1878.5418807519761,2585.4137959916884,0.01857034474584411,0.0727455930723943,13.751228996802553,-255.4961,130.95157,-2.3841567,-6.100592,26.98985,-9.024987,-30.289593,-21.482122,-29.361967,28.634743,-3.9564562,14.628733,-13.374086
1671,27.85,0.067765266,224.55486192665137,2631.9357824330423,670.5982625136961,1580.3338882831972,2123.0405447647368,0.01857034474584411,0.0727455930723943,13.751228996802553,-245.69699,152.91016,0.6218537,-12.667801,10.328468,-17.739902,-12.097374,-10.778363,-33.428955,20.747364,-7.9128976,13.239223,-14.425407
1672,27.866666666666667,0.06759096,214.76012980117483,2312.4406320369258,809.244723749308,1810.7179273803522,2990.2555057001728,0.01857034474584411,0.0727455930723943,13.751228996802553,-267.42404,161.16182,12.480792,-16.744274,3.5332599,-21.795885,-14.582856,-5.487068,-18.902449,16.461964,-14.727364,8.14477,-14.699867
1673,27.883333333333333,0.054868814,212.84303735731334,2755.2301891730467,921.2390106995568,1903.6275885763816,3118.133327764614,0.01857034474584411,0.0727455930723943,13.751228996802553,-289.72037,143.54337,10.983582,-16.417658,-0.5922694,-17.779907,-8.708967,3.6658278,-18.308079,13.4136715,-18.841549,3.3862133,-10.464973
1674,27.9,0.04889905,213.07620772426066,3230.4673514834612,922.2697315268559,2233.7700870484464,3715.473349987887,0.01857034474584411,0.0727455930723943,13.751228996802553,-312.78873,126.88826,19.590496,-7.950331,4.059811,-8.471531,-5.100317,-2.6279137,-15.553561,24.201828,-10.224777,12.331228,-6.795903
1675,27.916666666666668,0.049223945,210.1093807277223,2759.164385688924,866.1322818901589,2372.7835588995545,3957.9137580934007,0.01857034474584411,0.0727455930723943,13.751228996802553,-321.42673,129.17102,18.708313,-5.8407907,3.8497376,-12.986218,-5.6568146,1.7196584,-7.905156,23.750141,-3.0089798,7.3540373,-5.032006
1676,27.933333333333334,0.05041824,207.248620143843,2594.0688198903977,811.0371925626706,1742.0837096595885,3541.379116424876,0.01857034474584411,0.0727455930723943,13.751228996802553,-319.3337,138.86517,28.275158,-1.2283221,-4.720115,-8.372318,6.001127,0.50257415,-17.146387,21.044249,-2.1827602,13.221024,1.0783341
1677,27.95,0.046153367,205.5311941079173,2297.0947866207894,693.0981509035446,1617.2446483818771,3144.02017001964,0.01857034474584411,0.0727455930723943,13.751228996802553,-331.33212,143.73053,33.152214,-5.7268763,-7.9244995,2.7719388,10.468735,-3.1298726,-21.451908,13.275769,-7.606583,9.140096,2.945376
1678,27.966666666666665,0.04016032,202.80961168062404,2433.6032180640195,291.05876008402583,920.4598909089765,2203.720778499339,0.01857034474584411,0.0727455930723943,13.751228996802553,-349.7318,142.64911,42.77936,-9.504682,-13.866619,-0.26644135,3.6068034,-8.018595,-14.316723,14.323933,-11.84838,-1.5748435,0.41663405
1679,27.983333333333334,0.028340034,200.33808555084167,2664.4147493079863,312.13102291849754,1179.601347729978,2353.905916127006,0.01857034474584411,0.0727455930723943,13.751228996802553,-377.52707,133.52505,47.445877,-11.753351,-19.86071,-2.4731944,8.435331,-3.0873408,-8.16096,11.442837,-7.8616014,-2.1540082,-0.9465475
1680,28.0,0.018198678,200.10211107662926,2732.85139224845,713.1955305238571,1596.9941141872855,2619.6287266128857,0.01857034474584411,0.0727455930723943,13.751228996802553,-397.34286,127.23175,42.51233,-9.751407,-14.354696,0.87055165,6.8274584,-4.4802694,-8.951498,4.056675,-0.6948464,6.0555415,7.0949974
1681,28.016666666666666,0.010520361,0.0,3096.532432401889,489.94676665522013,1470.2983448965574,2408.6283801958284,0.01857034474584411,0.0727455930723943,13.751228996802553,-419.0552,112.058685,33.57882,-12.809847,-11.591621,7.6375904,12.250824,0.007395223,-3.719874,1.1104175,-1.2393736,2.831202,5.8669195
1682,28.033333333333335,0.0053504608,0.0,3476.3200607263366,959.3067871633932,1592.6552946681043,2702.8223995842027,0.01857034474584411,0.0727455930723943,13.751228996802553,-440.49994,93.19196,26.621452,-11.716776,-7.3966355,10.064808,14.460931,8.633154,5.9525337,6.505575,6.3807645,7.07654,4.264137
1683,28.05,0.002222997,0.0,4605.678989772275,757.7088914039432,1613.7601150267913,2769.0578804039515,0.01857034474584411,0.0727455930723943,13.751228996802553,-472.51892,65.587204,29.127975,0.35333806,-5.5517416,3.4070535,9.462628,5.4073505,-0.7315143,0.915215,8.532644,10.919716,1.725601
1684,28.066666666666666,0.0011015253,0.0,5861.91140902982,722.7132435249342,1642.415292646363,2749.079774085449,0.01857034474584411,0.0727455930723943,13.751228996802553,-492.6954,41.447693,15.880967,-0.8931917,0.9948249,10.865721,11.795374,0.2516626,-11.229009,-10.103811,1.069721,7.9832172,1.6645665
1685,28.083333333333332,0.0007456805,0.0,6305.4730925399945,645.1714037910521,1679.7431492803332,2621.3976570794794,0.01857034474584411,0.0727455930723943,13.751228996802553,-501.4882,33.186436,16.369625,5.4634743,6.620871,12.345409,11.670379,3.2396283,-3.9174733,-2.1131227,5.265009,7.6805086,0.1691174
1686,28.1,0.000542317,0.0,7594.427781159356,697.6782967915228,1719.1628653768876,2856.6268020072216,0.01857034474584411,0.0727455930723943,13.751228996802553,-516.99255,14.638391,5.2128286,0.16490734,2.5311937,6.4950314,4.9143867,-1.9905316,-7.1024523,-5.1673064,0.8560673,3.3889694,-0.76038456
1687,28.116666666666667,0.00041888878,0.0,7903.994705799783,904.0306410770376,1738.110278940045,3060.922529461,0.01857034474584411,0.0727455930723943,13.751228996802553,-517.427,15.656056,9.657237,6.927285,9.033731,11.27799,8.580444,1.759671,-3.380331,-2.9651685,0.43725908,1.0742632,-3.036092
1688,28.133333333333333,0.00038711628,0.0,8852.48895139424,724.4810187005633,1745.7307807907619,2800.14336279215,0.01857034474584411,0.0727455930723943,13.751228996802553,-524.17303,8.779766,7.7748036,6.9575768,6.5146427,5.962389,4.8774295,3.5266728,2.5725813,2.2340686,1.9943112,1.2460817,0.05714503
1689,28.15,0.0003421928,0.0,8375.862315593113,571.5102622540622,1721.227225251226,2965.1607436173954,0.01857034474584411,0.0727455930723943,13.751228996802553,-522.8086,10.964995,10.42643,9.757925,9.030588,8.151318,7.0383415,5.787155,4.613551,3.642332,2.805406,1.9750174,1.1623354
1690,28.166666666666668,0.0003450939,0.0,8687.154818129333,628.0976566565984,1701.7467938647294,2863.111030910048,0.01857034474584411,0.0727455930723943,13.751228996802553,-522.9177,10.765228,10.007423,8.815534,7.2885246,5.550447,3.737966,1.9869677,0.41974688,-0.8658856,-1.8044603,-2.3668752,-2.5604744
1691,28.183333333333334,0.00035795922,0.0,8769.478961646473,1117.304132976211,1893.1822949767306,3631.452286892075,0.01857034474584411,0.0727455930723943,13.751228996802553,-524.32806,8.921738,8.602964,8.098288,7.4448175,6.6891966,5.883045,5.0780325,4.321162,3.6507163,3.0933657,2.6625962,2.3586318
1692,28.2,0.0003485405,0.0,8713.468579552547,1437.8074757225281,2715.932108670976,3820.6080671835107,0.01857034474584411,0.0727455930723943,13.751228996802553,-523.7299,9.740545,9.344448,8.722567,7.9256506,7.0135474,6.0478926,5.086231,4.1777954,3.3603795,2.6582153,2.0803146,1.620574
1693,28.216666666666665,0.00036097286,0.0,8509.487796931959,1012.7747606381938,2141.6353449622825,3220.04621722228,0.01857034474584411,0.0727455930723943,13.751228996802553,-524.18243,9.143365,8.869507,8.432106,7.8573923,7.177784,6.428428,5.6437016,4.854239,4.084858,3.3535554,2.671751,2.0454183
1694,28.233333333333334,0.0003703087,0.0,8714.129581436433,667.5583375958319,1979.6228928622206,2778.1029192140977,0.01857034474584411,0.0727455930723943,13.751228996802553,-522.17303,11.918735,11.456781,10.739161,9.833243,8.814243,7.751996,6.7009006,5.6949606,4.749012,3.8646648,3.039342,2.2746775
1695,28.25,0.00039122158,0.0,8239.682582740845,1202.160948358958,2309.254867165214,3126.687003147919,0.01857034474584411,0.0727455930723943,13.751228996802553,-522.5409,11.346577,10.7540655,9.882255,8.836725,7.6805506,6.429451,5.088623,3.69974,2.3595455,1.1938169,0.30460998,-0.27138966
1696,28.266666666666666,0.000365533,0.0,8611.624534575605,1139.2206038144748,2080.585524180621,3245.4244153865843,0.01857034474584411,0.0727455930723943,13.751228996802553,-522.22455,11.871777,11.479664,10.855266,10.0389185,9.080744,8.035419,6.956666,5.892277,4.88027,3.9465404,3.1043718,2.3555684
1697,28.283333333333335,0.0003569585,0.0,8944.12086444594,544.6054709703373,1878.2608198713283,2649.867916030801,0.01857034474584411,0.0727455930723943,13.751228996802553,-524.39777,8.816774,8.476637,7.929125,7.2021456,6.332391,5.363256,4.342252,3.3182871,2.3388627,1.4474003,0.68086684,0.067796856
1698,28.3,0.000346649,0.0,8738.137209693065,476.85664616965096,1925.64347819783,2881.1264277067526,0.01857034474584411,0.0727455930723943,13.751228996802553,-524.1204,9.215402,8.896536,8.390545,7.7326813,6.9668245,6.1409397,5.302182,4.4924784,3.744923,3.0815609,2.5125499,2.036931
1699,28.316666666666666,0.00038015892,0.0,8482.175890892422,1411.8771233095101,2327.5149642970046,3106.457584289369,0.01857034474584411,0.0727455930723943,13.751228996802553,-522.9213,10.794285,10.158115,9.218679,8.108043,6.939989,5.7862444,4.681404,3.6482081,2.7231054,1.9628755,1.4260254,1.1397026
1700,28.333333333333332,0.00040091798,0.0,8940.413222368657,1281.209874154628,2471.3324231119095,3442.5484568564934,0.01857034474584411,0.0727455930723943,13.751228996802553,-523.5786,9.92028,9.450682,8.782896,8.024503,7.2381134,6.423185,5.5406475,4.562421,3.512163,2.4694932,1.5339816,0.7713269
1701,28.35,0.000352555,0.0,8819.632779108184,1091.9163000009426,2108.106163114955,3159.461483383226,0.01857034474584411,0.0727455930723943,13.751228996802553,-522.9638,10.745449,10.123127,9.154507,7.93317,6.5728984,5.193446,3.906075,2.8007689,1.9369892,1.3389363,0.99601984,0.8679547
1702,28.366666666666667,0.00035134712,0.0,9174.743729810782,1002.0821589071687,2189.9112219407234,2721.7462106193416,0.01857034474584411,0.0727455930723943,13.751228996802553,-523.6097,9.86904,9.361508,8.590895,7.6439962,6.6043925,5.5388813,4.4976554,3.5233867,2.659037,1.9461459,1.4124541,1.0564678
1703,28.383333333333333,0.00036740422,0.0,8718.112265262285,1374.6996770217895,2221.917874884941,3401.966692293647,0.01857034474584411,0.0727455930723943,13.751228996802553,-522.9114,10.859476,10.350742,9.55233,8.531866,7.371746,6.1590176,4.974915,3.8856332,2.9354873,2.1434164,1.5031679,0.9870589
1704,28.4,0.00037333884,0.0,8594.820764304479,887.0478128499718,2312.2203471613025,3255.00015272884,0.01857034474584411,0.0727455930723943,13.751228996802553,-521.77057,12.334961,11.445129,10.110685,8.517706,6.8651333,5.3269606,4.0269804,3.0306816,2.3519688,1.9676019,1.83145,1.8827277
1705,28.416666666666668,0.00039215968,0.0,8808.966278897902,1043.4319272636728,2191.1698112107515,3223.45991213103,0.01857034474584411,0.0727455930723943,13.751228996802553,-522.5797,11.299692,10.703016,9.754093,8.5170765,7.0739155,5.5173945,3.9434528,2.4434152,1.0969934,-0.033545345,-0.9072393,-1.5063585
1706,28.433333333333334,0.00037041883,0.0,8678.081804844152,1030.3509108350686,2107.1229978142374,3366.769532867232,0.01857034474584411,0.0727455930723943,13.751228996802553,-521.7589,12.433172,11.761393,10.708068,9.363743,7.838727,6.249674,4.706088,3.298633,2.0909548,1.1158255,0.37601167,-0.15079173
1707,28.45,0.0003958834,0.0,8844.876942815443,877.1677521997876,1902.25429174294,3023.303789459261,0.01857034474584411,0.0727455930723943,13.751228996802553,-522.27234,11.606318,10.689377,9.386433,7.9347477,6.524173,5.2544365,4.1506667,3.2147064,2.469675,1.963321,1.7281797,1.7288651
1708,28.466666666666665,0.00041552688,0.0,8527.788133001475,573.2682735996682,1815.318580661735,2755.840058990075,0.01857034474584411,0.0727455930723943,13.751228996802553,-522.6798,11.150355,10.543884,9.6197195,8.491471,7.2889085,6.1356955,5.129245,4.3264,3.7374568,3.3292725,3.0364017,2.7775712
1709,28.483333333333334,0.0003748874,0.0,8715.926596819958,554.9512261913982,1825.2198261223132,2646.0780078282046,0.01857034474584411,0.0727455930723943,13.751228996802553,-521.9675,12.133062,11.447821,10.377593,9.020193,7.494214,5.9240603,4.4250174,3.0903544,1.9824051,1.1284181,0.52182406,0.12797469
1710,28.5,0.00035626208,0.0,8481.784228642611,550.644514622843,1736.978783581419,2862.720187567706,0.01857034474584411,0.0727455930723943,13.751228996802553,-522.8643,10.843094,10.094384,8.92245,7.4265904,5.722451,3.9289522,2.1595616,0.5174971,-0.9080237,-2.0468283,-2.8544264,-3.3177366
1711,28.516666666666666,0.00041075092,0.0,8074.159765987122,950.0565385704635,2022.7307336355668,3287.2328719308894,0.01857034474584411,0.0727455930723943,13.751228996802553,-519.8225,15.050634,14.0375595,12.479969,10.541115,8.398323,6.217772,4.1423006,2.2895584,0.75224364,-0.40661755,-1.1641648,-1.5474982
1712,28.533333333333335,0.00040691218,0.0,8002.022392621746,894.1298560333884,2054.816931529318,3195.2031501164747,0.01857034474584411,0.0727455930723943,13.751228996802553,-518.43634,17.027227,16.044296,14.484084,12.456322,10.100821,7.575301,5.0419292,2.6537995,0.5427325,-1.1906142,-2.4832993,-3.3129635
1713,28.55,0.00040759877,0.0,8252.562267928184,676.5622801260286,1948.193339483157,2945.50542298307,0.01857034474584411,0.0727455930723943,13.751228996802553,-520.2235,14.521855,13.6090145,12.176992,10.348719,8.2756,6.1202335,4.0385985,2.1639705,0.5945196,-0.6137015,-1.4482629,-1.9360843
1714,28.566666666666666,0.0004046333,0.0,8188.569448186439,1247.782274349607,2089.718485233987,3306.3567354288343,0.01857034474584411,0.0727455930723943,13.751228996802553,-520.8739,13.697573,13.059105,12.0451565,10.725998,9.190567,7.5383453,5.8705034,4.2812757,2.8504872,1.6378361,0.6795229,-0.012722403
1715,28.583333333333332,0.00040312347,0.0,8167.92466957664,757.4964626878855,2036.7623164804327,3329.8834687166295,0.01857034474584411,0.0727455930723943,13.751228996802553,-520.86145,13.688343,12.976875,11.864448,10.450621,8.855652,7.2050886,5.6146746,4.177699,2.9567375,1.9805946,1.2465682,0.727069
1716,28.6,0.00037037686,0.0,8289.849188604716,912.1507959989888,2000.6101212870292,3296.221845826735,0.01857034474584411,0.0727455930723943,13.751228996802553,-521.3867,12.871977,12.026594,10.859753,9.470203,7.841968,6.026947,4.2453055,2.7445216,1.5967145,0.7036599,-0.0057452023,-0.46332186
1717,28.616666666666667,0.00032353995,0.0,8542.912601170377,668.5871781699663,1886.0380741928354,2784.581469363937,0.01857034474584411,0.0727455930723943,13.751228996802553,-523.0122,10.647011,9.935553,8.821287,7.4021306,5.797984,4.136705,2.5399132,1.1105961,-0.0758284,-0.97635764,-1.5805061,-1.9065803
1718,28.633333333333333,0.00033826125,0.0,8393.000334828106,748.863224753453,1909.338359152905,3321.6371736168344,0.01857034474584411,0.0727455930723943,13.751228996802553,-521.9489,12.044504,11.039976,9.517426,7.6767654,5.748085,3.953167,2.4698682,1.405626,0.78488994,0.5521299,0.5895349,0.7452441
1719,28.65,0.00034718387,0.0,8234.78097244759,1038.2076007285186,2029.4517005914367,3199.368604543526,0.01857034474584411,0.0727455930723943,13.751228996802553,-522.1351,11.9439,11.389999,10.501166,9.326071,7.9275284,6.3779583,4.7545033,3.134148,1.589212,0.18339929,-1.0314636,-2.0179
1720,28.666666666666668,0.0003482048,0.0,8947.5029572491,665.2217426695613,2004.094273520336,2688.580391777273,0.01857034474584411,0.0727455930723943,13.751228996802553,-522.98175,10.697299,10.006287,8.9222145,7.538137,5.9687557,4.3374834,2.7630343,1.3473413,0.16633567,-0.73556614,-1.3464955,-1.6842154
1721,28.683333333333334,0.0003253257,0.0,8722.127658230656,1096.0294574706597,2203.9243370260565,3344.8077217794344,0.01857034474584411,0.0727455930723943,13.751228996802553,-523.3803,10.164526,9.570007,8.65756,7.5296535,6.3030705,5.0897055,3.9801264,3.0329442,2.2710905,1.6845357,1.2378058,0.87973577
1722,28.7,0.00030774414,0.0,9253.679539256897,1244.2025212057895,1960.6874260710083,3235.023237329185,0.01857034474584411,0.0727455930723943,13.751228996802553,-525.432,7.250105,6.6126404,5.6158724,4.350266,2.927487,1.467802,0.08691782,-1.1160893,-2.0682507,-2.728548,-3.0895216,-3.1747065
1723,28.716666666666665,0.000293461,0.0,8912.735634780702,766.8558301069235,1658.8514676973477,2857.1556761266766,0.01857034474584411,0.0727455930723943,13.751228996802553,-525.98486,6.484023,5.890163,4.9548893,3.7547908,2.3873208,0.9620732,-0.40889853,-1.6209493,-2.5859132,-3.2395751,-3.5468888,-3.504468
1724,28.733333333333334,0.00032435788,0.0,8979.936214740716,1245.034847723302,2488.633941177842,3708.799657309931,0.01857034474584411,0.0727455930723943,13.751228996802553,-524.4469,8.691027,8.192951,7.4160438,6.4331713,5.3333683,4.2111397,3.1554704,2.240036,1.5159577,1.0077758,0.7132231,0.60633564
1725,28.75,0.00031262197,0.0,8483.886407941833,649.5854993391205,1946.0031639936801,3037.053860187003,0.01857034474584411,0.0727455930723943,13.751228996802553,-523.4082,10.0690155,9.3097515,8.13471,6.666925,5.055444,3.4563084,2.0133238,0.84136677,0.014466286,-0.43988204,-0.53963596,-0.34103215
1726,28.766666666666666,0.00029446796,0.0,9273.408829144908,1184.6768490900747,2151.381701711044,3587.6109834805648,0.01857034474584411,0.0727455930723943,13.751228996802553,-527.56805,4.3285627,3.9792926,3.432928,2.7391136,1.9598187,1.1628672,0.41495708,-0.2250416,-0.7117348,-1.0172987,-1.1334283,-1.0711691
1727,28.783333333333335,0.0002858035,0.0,8906.11865991276,1346.5249712682046,2680.29979039251,3896.402086298102,0.01857034474584411,0.0727455930723943,13.751228996802553,-524.9294,8.033937,7.605584,6.926364,6.044981,5.0233126,3.930948,2.8391745,1.8150789,0.9163336,0.18706578,-0.34478748,-0.668568
1728,28.8,0.00033582022,0.0,8671.967322890916,871.9804054950816,2249.3729990225906,3712.1765019497066,0.01857034474584411,0.0727455930723943,13.751228996802553,-524.8459,8.124815,7.624831,6.8579445,5.913986,4.9007277,3.9290192,3.097993,2.4821682,2.1225297,2.0225823,2.15001,2.4433012
1729,28.816666666666666,0.0003893134,0.0,8339.761902586411,1062.1072588319685,2373.178181375428,3307.6279599450536,0.01857034474584411,0.0727455930723943,13.751228996802553,-522.49146,11.082868,10.005224,9.161836,8.330488,6.815936,4.7937326,3.19921,2.328135,1.4869908,0.26863614,-0.7003685,-0.7980842
1730,28.833333333333332,0.0004495821,0.0,8088.641019468211,854.5251232849753,2219.906732125134,3436.2405129795525,0.01857034474584411,0.0727455930723943,13.751228996802553,-520.60596,9.886063,8.192092,12.355591,8.748202,4.4061794,7.871792,6.0852356,0.48483658,3.2896879,4.1764874,-1.3863695,0.3090632
1731,28.85,0.00046971947,0.0,8187.014169744882,631.7094446177509,1837.936602900403,2865.919331125411,0.01857034474584411,0.0727455930723943,13.751228996802553,-521.4911,9.63323,8.206153,11.033323,7.730541,3.9347596,6.0263247,3.8713818,-1.0878599,0.4292968,0.3021368,-4.4830837,-3.4654844
1732,28.866666666666667,0.0004889381,0.0,8136.849598034636,637.3490500570213,2061.300780275048,3381.602693716277,0.01857034474584411,0.0727455930723943,13.751228996802553,-520.7345,10.831106,9.247509,11.759884,8.6132965,4.741874,6.6590767,5.021333,0.2446086,1.4960455,1.8853801,-2.6596594,-2.2212539
1733,28.883333333333333,0.0008423666,0.0,8042.7357793865085,485.29573785685733,2293.0021213937143,3203.5289023073396,0.01857034474584411,0.0727455930723943,13.751228996802553,-513.6119,18.100956,15.881914,19.211369,12.008169,6.9339905,8.510889,3.417527,-1.9275702,-1.022794,-2.0287485,-6.038775,-5.5063386
1734,28.9,0.02449447,0.0,6072.23475276416,405.0685117395783,2282.0386713418834,3165.3677621851893,0.01857034474584411,0.0727455930723943,13.751228996802553,-459.46756,54.374702,47.60248,47.144455,28.440151,11.012669,2.249275,-8.445113,-9.61793,0.91825116,-1.9884565,-10.62573,-12.758198
1735,28.916666666666668,0.07915725,241.74674890338085,3642.6079964489436,306.00986836740185,2353.4347757111964,3447.21004889332,0.01857034474584411,0.0727455930723943,13.751228996802553,-325.25198,81.015945,44.665943,65.73327,45.292713,6.479369,-52.678528,-9.223546,-2.8932552,5.059429,9.104864,-3.713038,-34.676712
1736,28.933333333333334,0.13323884,232.81674483681095,2371.326038765291,285.6634346428797,2339.4821147290995,3437.481702145115,0.01857034474584411,0.0727455930723943,13.751228996802553,-273.80768,117.052444,20.640072,64.84268,62.91496,-4.8701644,-68.05542,-1.1922708,-2.3726325,-2.6786377,10.145044,-4.51688,-51.20607
1737,28.95,0.18496513,230.36694291066837,1392.9005709271737,268.60973409059056,2094.6111588178137,3364.0387309214784,0.01857034474584411,0.0727455930723943,13.751228996802553,-304.12296,139.64703,22.145336,51.84543,61.997482,-7.6446385,-43.836308,1.3404988,-3.6933675,-3.7494473,3.2300687,-2.0167356,-49.313545
1738,28.966666666666665,0.22310956,230.32206742146357,1263.6620614988124,270.98022008535287,2028.2148497816313,3479.084444848498,0.01857034474584411,0.0727455930723943,13.751228996802553,-312.61258,126.8,10.325426,47.7791,50.797718,-7.2073507,-32.88079,2.7839973,-0.508404,-3.7213902,10.607683,6.9785028,-48.060616
1739,28.983333333333334,0.23564738,229.31391651390214,1312.3867572214176,280.2563656615612,1930.1829925237048,3102.2962093714004,0.01857034474584411,0.0727455930723943,13.751228996802553,-291.29028,135.64929,-6.5325212,46.505867,54.264137,-6.8997526,-29.577847,1.1705372,-5.425706,-10.455063,6.728839,5.8836412,-48.385155
1740,29.0,0.23830952,228.4780508637724,1457.0298125332708,298.4620883611416,1845.8176225349619,3156.708767502062,0.01857034474584411,0.0727455930723943,13.751228996802553,-264.16904,147.2998,-27.657925,36.31242,57.26957,-8.304918,-24.504671,0.27582207,-11.965271,-20.756432,-0.60630894,6.612985,-41.612095
1741,29.016666666666666,0.22817105,225.1526066663116,1965.1018838742727,364.96769869125274,1851.5465033518349,3033.977899052146,0.01857034474584411,0.0727455930723943,13.751228996802553,-193.23932,142.55226,-40.11314,17.390095,35.580395,-0.55958426,-23.372017,-10.162895,-24.155169,-4.8941493,2.6393309,-2.4767106,-37.69156
1742,29.033333333333335,0.20618522,222.25244318895705,3608.356891303093,515.664549455544,1857.4772053220584,3042.553133316354,0.01857034474584411,0.0727455930723943,13.751228996802553,-150.23323,104.05415,-34.396034,20.854103,11.132392,8.310432,-6.015112,-10.186882,-11.863213,13.961395,-3.5170186,6.923127,-33.627586
1743,29.05,0.17846058,220.36000466015037,2520.9806900621843,595.1396975665286,1808.538635198366,3083.9254543662137,0.01857034474584411,0.0727455930723943,13.751228996802553,-189.87512,134.942,-15.398899,-0.35357857,10.819075,7.500675,-18.470156,8.634626,-13.987923,14.362259,4.845916,6.6251774,-17.557825
1744,29.066666666666666,0.13353224,218.62365807048494,2336.0852170775966,549.2727225912429,1803.663329446214,2943.5636273929435,0.01857034474584411,0.0727455930723943,13.751228996802553,-227.475,147.59981,6.267065,-7.2730246,8.748624,4.6731615,-10.587141,1.7786365,-20.11866,7.688861,-4.3049026,7.542013,-12.929081
1745,29.083333333333332,0.08421255,203.39344334966924,3729.6320052939495,537.865420293021,1744.3567670449304,3099.221464105961,0.01857034474584411,0.0727455930723943,13.751228996802553,-257.19556,123.97487,19.026194,-0.98646545,8.35512,7.9752893,-5.662091,2.4493332,-19.02104,5.024095,-11.46966,12.817757,-8.744613
1746,29.1,0.030110031,0.0,11050.678988598964,1309.7462473424357,2123.468799556874,3453.7214835808395,0.01857034474584411,0.0727455930723943,13.751228996802553,-240.06242,36.393482,9.583244,4.0586076,2.8349938,18.77664,-3.311384,5.8847375,-24.424126,15.407904,-19.350403,12.473593,-20.464184
1747,29.116666666666667,0.033246804,0.0,12557.98695713518,1493.3082798284056,2172.6066548250205,3684.6387466799797,0.01857034474584411,0.0727455930723943,13.751228996802553,-223.07913,8.437745,1.7539732,0.35899347,0.80265737,20.176968,-2.214704,8.354511,-32.417496,18.590042,-24.995964,14.477009,-20.08722
1748,29.133333333333333,0.044186804,0.0,13594.24867936848,1495.8194020838064,2062.103717328949,3457.1720188515455,0.01857034474584411,0.0727455930723943,13.751228996802553,-235.2295,-24.351524,3.0656004,4.5510664,1.1998872,21.871326,-2.4119086,17.82204,-36.989807,23.350243,-26.48167,10.954496,-23.843655
1749,29.15,0.046301015,0.0,13490.047846485762,1130.1372034610836,2052.420008292692,2934.783288008734,0.01857034474584411,0.0727455930723943,13.751228996802553,-230.08739,-26.70372,0.95446044,-10.291056,-10.0988245,17.39926,-15.94513,17.57872,-40.763573,26.797653,-18.093647,12.187256,-22.98955
1750,29.166666666666668,0.037345033,0.0,11340.494525479062,1090.9161538503722,1988.018037782248,2315.6121322972754,0.01857034474584411,0.0727455930723943,13.751228996802553,-198.14725,12.989658,-7.958068,-17.6422,-34.526657,0.8146768,-25.172062,6.1450043,-42.466774,14.321751,-29.007677,-5.3007345,-40.139725
1751,29.183333333333334,0.022089878,0.0,10313.346991996064,1079.4374934131915,1939.0926788444435,2373.120012273362,0.01857034474584411,0.0727455930723943,13.751228996802553,-244.02296,31.055101,-12.719586,-20.508131,-24.329268,-5.9791145,-18.615095,6.804123,-36.427696,4.4042764,-24.501987,-5.855576,-24.01455
1752,29.2,0.03242638,0.0,7172.188950262176,666.2727062981223,1586.115997473946,2410.756226814467,0.01857034474584411,0.0727455930723943,13.751228996802553,-319.3894,83.54434,14.977446,-10.019152,1.5054612,1.3576598,-13.156958,4.1485567,-31.716269,-0.4255638,-13.850576,-11.380966,-22.499378
1753,29.216666666666665,0.09457735,248.61033687028143,1748.943456047671,388.26107400641484,784.9092374321916,2436.9163757567253,0.01857034474584411,0.0727455930723943,13.751228996802553,-311.38205,160.84857,74.67364,16.825054,-0.5925262,-23.412155,-26.898663,-0.057403147,-26.40654,-1.1098857,-9.828283,-6.569867,-22.266712
1754,29.233333333333334,0.14489576,246.74515688701848,1314.9777767069124,363.3977349766972,735.7371055273567,2731.1548040010216,0.01857034474584411,0.0727455930723943,13.751228996802553,-318.939,156.20886,73.9034,35.33454,3.602315,-29.170568,-23.749352,9.297369,-21.27903,-9.648295,-7.0260644,2.958406,-23.772795
1755,29.25,0.16836432,245.6792236058007,1311.72363364622,342.37681474622195,763.8584594059754,3112.9980122908137,0.01857034474584411,0.0727455930723943,13.751228996802553,-335.37155,140.03479,74.62941,47.130116,5.9701567,-34.53781,-22.29119,18.452354,-15.311022,-8.072691,-2.0911584,6.8465853,-20.719425
1756,29.266666666666666,0.17300789,246.66212003530998,1203.102859637196,352.096170073267,905.3919226777059,3702.2321377391,0.01857034474584411,0.0727455930723943,13.751228996802553,-342.05942,148.53532,84.45211,40.438927,-10.517475,-38.01445,-17.0616,28.860058,-1.4411135,-2.1700864,-6.509447,-5.4174967,-26.075264
1757,29.283333333333335,0.18116626,250.72321436237596,1244.1550700099763,364.06607761605017,1021.5469337421853,3480.8734518610313,0.01857034474584411,0.0727455930723943,13.751228996802553,-329.09225,153.48103,81.32599,30.393885,-24.19601,-44.54325,-12.389616,32.96705,5.612191,-3.4589622,-21.625614,-11.014965,-30.805653
1758,29.3,0.19673255,253.26367030543565,1550.6709424147614,438.2514158359263,1083.1461946310646,3496.6792812063263,0.01857034474584411,0.0727455930723943,13.751228996802553,-290.6319,145.45554,50.84882,16.748072,-18.411774,-34.23533,3.1476507,34.83955,-14.50171,-15.187445,-28.326418,3.8386846,-9.206454
1759,29.316666666666666,0.20515744,253.90550722424788,2113.452654014013,722.6763156980567,1509.3056620201414,3594.635595608778,0.01857034474584411,0.0727455930723943,13.751228996802553,-244.1034,139.34787,15.428652,-3.9818785,-1.7468187,-22.692333,-0.67305374,20.814255,-25.13081,-2.052279,-11.63817,20.686737,-0.3711987
1760,29.333333333333332,0.21623224,253.81567952046953,2265.189149289276,766.4965249504469,1755.8882968206065,3379.4823827041437,0.01857034474584411,0.0727455930723943,13.751228996802553,-214.77005,137.58109,-13.636627,-17.927118,7.2038507,-23.405922,-10.767321,15.992742,-36.495125,9.292981,-4.62788,18.857697,-1.7891846
1761,29.35,0.20888484,253.4398402366327,2287.0236429297943,737.8586965514529,1915.3319567739384,3314.0573599610993,0.01857034474584411,0.0727455930723943,13.751228996802553,-207.90825,137.66045,-18.608158,-9.07576,12.796253,-19.397305,-10.882372,9.67881,-40.678017,12.927057,-7.800028,9.5225315,-12.840789
1762,29.366666666666667,0.18056639,252.91526578935094,2235.554272158194,681.6749060917252,1865.8860012217606,3302.3140760740107,0.01857034474584411,0.0727455930723943,13.751228996802553,-227.1491,139.88602,-1.7676297,-6.805407,19.580582,-14.417176,-8.775859,5.6017656,-45.060726,3.7026,-9.120771,4.003174,-20.300575
1763,29.383333333333333,0.120679975,253.2754576252847,1975.0905057871157,368.32313345496647,1414.8844976853725,2915.3335582751424,0.01857034474584411,0.0727455930723943,13.751228996802553,-290.94327,148.9173,32.514225,6.0412436,24.98632,-3.9018347,-1.7951599,6.7381573,-37.173508,-9.037894,-14.785715,-2.3543196,-13.019875
1764,29.4,0.03635004,253.15910701920447,3450.803750729772,420.66906238016804,1515.7984880657843,2390.845655322708,0.01857034474584411,0.0727455930723943,13.751228996802553,-378.43707,122.029434,33.22,-1.8678468,17.276314,9.124397,5.276231,7.0112314,-14.191016,-3.1969604,-0.91921103,2.0800736,-12.448288
1765,29.416666666666668,0.009388826,0.0,3879.043903728416,410.0988194436758,1576.2086828990507,2899.8619717065767,0.01857034474584411,0.0727455930723943,13.751228996802553,-426.2924,102.75529,33.46605,1.4752698,7.2740135,12.544158,14.522165,3.99773,-10.36509,-10.324013,-2.412633,-5.925217,-15.292647
1766,29.433333333333334,0.0100088995,0.0,4792.4154207085985,635.303465786672,1785.5969877673529,3429.306239809447,0.01857034474584411,0.0727455930723943,13.751228996802553,-452.187,85.67346,38.203312,8.307106,0.39064297,3.7876854,8.069504,3.1889286,-6.889434,-8.946491,-3.9674134,-4.4069614,-10.094896
1767,29.45,0.03546987,0.0,3823.781593844081,552.4273891989895,1734.614316421734,3653.2124520872603,0.01857034474584411,0.0727455930723943,13.751228996802553,-316.90424,116.80324,12.522284,50.088005,-9.364465,-36.81913,20.837345,-18.333223,-40.225426,6.509816,-13.187012,-0.20257044,-6.662862
1768,29.466666666666665,0.065191984,231.60525952135762,1539.4312310648634,409.5111587636631,1407.5474727277776,3725.390044857818,0.01857034474584411,0.0727455930723943,13.751228996802553,-304.54736,165.42139,50.09511,41.616608,-10.917881,-34.420677,17.592426,0.13934743,-39.714195,-8.265094,-21.393692,-8.672036,-13.26125
1769,29.483333333333334,0.087220885,226.62726347870313,1328.049615383503,424.020972635452,1241.369224084267,3862.6970874449457,0.01857034474584411,0.0727455930723943,13.751228996802553,-329.84366,161.66315,55.68783,29.869705,-8.169121,-37.73287,7.008386,22.516884,-35.018593,-26.13927,-17.71294,-6.6431217,-19.990175
1770,29.5,0.07732034,222.10847658854047,1324.1045973750897,365.75538928936135,1121.572417179287,3953.2859168689165,0.01857034474584411,0.0727455930723943,13.751228996802553,-343.19498,151.69328,60.9571,45.253143,-12.593393,-38.54593,14.927972,18.940006,-23.616138,-14.574386,-17.365688,-11.807564,-19.079884
1771,29.516666666666666,0.052032847,224.3804025646355,1931.6261162252076,340.4782831073859,1217.9535395497794,3721.126482390308,0.01857034474584411,0.0727455930723943,13.751228996802553,-380.4014,123.20019,57.014816,59.479355,0.49673718,-18.798582,25.784365,12.095917,-21.271507,-17.003895,-23.339806,-19.85989,-15.257988
1772,29.533333333333335,0.014008054,0.0,2713.0221108895275,364.22283157193937,1208.8404984935707,3195.0771192203324,0.01857034474584411,0.0727455930723943,13.751228996802553,-432.1859,108.38514,61.07905,29.67558,-1.3355999,-8.681314,7.919405,7.554565,-5.772679,-14.163305,-19.99163,-17.710308,-8.361972
1773,29.55,0.00635575,0.0,2979.4570779681244,372.78484091085255,1237.3155207679933,2929.0509355429804,0.01857034474584411,0.0727455930723943,13.751228996802553,-460.75223,86.88308,58.838417,28.950329,7.9701223,1.6481295,4.8140554,6.6992216,2.239648,-7.8282104,-17.85846,-21.340786,-17.986057
1774,29.566666666666666,0.003992505,0.0,3348.7632492988796,388.26699917736045,1228.377594684923,2921.0640719297094,0.01857034474584411,0.0727455930723943,13.751228996802553,-474.9477,70.785614,50.641968,28.097694,12.345356,6.7891507,7.9277787,8.836551,4.465843,-5.0329714,-15.007383,-20.06839,-17.936584
1775,29.583333333333332,0.0026885546,0.0,4299.986314615142,353.7762090037655,1426.93509819213,2736.0989703392293,0.01857034474584411,0.0727455930723943,13.751228996802553,-490.95108,52.595123,43.02233,30.823372,19.56892,11.403639,6.3317165,2.7882023,-0.98319036,-5.6621637,-10.449015,-13.677867,-13.965641
1776,29.6,0.0010905457,0.0,6442.353780230451,469.3489651673004,1587.2350150722846,3077.175776125119,0.01857034474584411,0.0727455930723943,13.751228996802553,-506.20612,32.977913,28.38049,22.001038,15.168331,8.895227,3.6190205,-0.70625734,-4.2813816,-7.1437907,-9.074313,-9.774039,-9.167936
1777,29.616666666666667,0.0044129295,0.0,7822.723109235581,988.1140833003578,2096.677756185262,3625.455984269153,0.01857034474584411,0.0727455930723943,13.751228996802553,-509.6081,27.791695,22.478788,15.971033,10.349121,6.6033583,4.2947865,2.156373,-0.8167392,-4.544104,-7.8540955,-9.279565,-8.098746
1778,29.633333333333333,0.017371465,0.0,5280.090349618715,603.3584216668717,1904.9526663903625,3456.2202664214155,0.01857034474584411,0.0727455930723943,13.751228996802553,-324.16364,92.71524,17.327663,27.196243,-13.16313,-13.187628,11.941679,-29.8451,-43.470566,3.7515707,-21.78682,-2.4833956,-22.00803
1779,29.65,0.053057395,235.3344592614362,2996.148102886984,539.5162131286476,1883.7318452508468,3331.8962190891843,0.01857034474584411,0.0727455930723943,13.751228996802553,-287.33286,133.55911,42.58142,28.707718,-5.8009925,-11.584946,-2.7986712,-17.195198,-38.370888,10.651415,-8.75242,-0.35098386,-20.812847
1780,29.666666666666668,0.0725529,232.3077553804399,2789.055833690182,682.8131846272189,1942.504357122024,3628.406613260627,0.01857034474584411,0.0727455930723943,13.751228996802553,-247.60385,139.17268,15.841627,7.3195386,4.7866,-19.268665,-13.621495,-6.076406,-38.810158,7.403621,2.6629312,1.7703934,-22.973572
1781,29.683333333333334,0.08019755,227.54602234146222,3086.3933304093925,762.0905605893586,1910.8678653555291,3321.331911884012,0.01857034474584411,0.0727455930723943,13.751228996802553,-257.81406,128.55862,5.47935,-1.3140793,9.762894,-26.440468,-18.395493,-3.3714228,-33.891037,15.127025,-2.7985578,0.35870016,-17.291315
1782,29.7,0.07871728,224.02936815377032,3172.1270187980776,863.427091054958,2026.3316478790944,3609.002328855796,0.01857034474584411,0.0727455930723943,13.751228996802553,-271.48978,129.8129,18.519573,-6.3642178,8.447534,-17.880302,-21.767902,6.374419,-33.974113,16.956764,-4.7958694,-1.2413809,-16.551357
1783,29.716666666666665,0.0815531,223.2625427099364,3280.3505068222385,897.5184306088246,2081.5343623890217,3322.6648810167785,0.01857034474584411,0.0727455930723943,13.751228996802553,-252.73396,137.84727,14.346216,-22.341652,4.7586436,-16.178947,-22.664131,10.674347,-28.61224,29.000778,-0.31441653,-2.279442,-16.45768
1784,29.733333333333334,0.084995486,228.49048283832155,3251.957746751573,862.3300762474391,2222.9485427545987,3063.7582293830583,0.01857034474584411,0.0727455930723943,13.751228996802553,-236.72202,152.66476,22.123295,-17.10188,12.1200695,-22.143362,-31.468468,12.828113,-26.03201,34.460587,4.418125,-4.29909,-17.189991
1785,29.75,0.08534131,234.61067114791737,3295.663135349771,740.4630039736851,2191.4267381411278,2954.0429544085378,0.01857034474584411,0.0727455930723943,13.751228996802553,-255.90245,145.2388,26.438818,-9.893318,18.961292,-13.44607,-29.705053,7.280614,-27.90599,33.067986,7.6767626,-5.207781,-17.93306
1786,29.766666666666666,0.082286395,235.7655727077919,2963.2754407140455,615.6821168731952,2012.0709562966426,3194.699629174326,0.01857034474584411,0.0727455930723943,13.751228996802553,-300.3404,132.13174,30.705881,-7.0950317,18.678694,-4.297765,-19.452051,7.4277477,-33.723583,18.071606,10.344522,-0.34713686,-13.027107
1787,29.783333333333335,0.07181458,237.10006542553114,2363.050327030684,301.1352491666957,2017.1517488190782,3366.3808641116616,0.01857034474584411,0.0727455930723943,13.751228996802553,-346.0399,128.75818,42.79741,15.894449,29.726475,1.008244,-10.339546,2.070523,-23.51167,10.712915,8.336485,-1.366995,-14.344873
1788,29.8,0.0569089,235.60675284283047,2363.169504756951,284.27881411024987,1992.1226522061936,3840.090174184275,0.01857034474584411,0.0727455930723943,13.751228996802553,-381.0122,116.19193,49.251358,21.494556,21.114513,1.1672969,5.3325005,3.4172564,-25.661648,2.7751408,8.019639,-1.7019012,-17.733799
1789,29.816666666666666,0.041156042,229.92043442735428,2385.2797022059,265.3508988534857,1981.0908216883793,3698.80093581529,0.01857034474584411,0.0727455930723943,13.751228996802553,-414.1589,106.07173,53.75346,30.09813,19.896023,0.6332884,3.161652,4.487351,-16.705303,0.062844634,11.993462,-2.3105946,-20.550734
1790,29.833333333333332,0.028015934,227.36674753300676,2237.216040040883,251.35563838943702,1827.1119066931878,3403.936313283367,0.01857034474584411,0.0727455930723943,13.751228996802553,-446.6965,95.586464,63.85267,40.405083,25.056934,10.081283,3.4528322,-2.2338076,-10.096394,-2.0053341,4.558276,-6.547454,-17.37711
1791,29.85,0.018009225,228.7899723605908,2508.0333992774754,246.5050845393494,1104.065562069958,2127.8395864240565,0.01857034474584411,0.0727455930723943,13.751228996802553,-469.89325,78.63815,61.67572,43.407707,27.144966,13.762923,4.3775406,-0.8118534,-1.5773361,1.230481,2.545656,-1.7992249,-8.2755995
1792,29.866666666666667,0.008634939,0.0,3772.120729426678,251.27386648480834,1930.8088290339565,2787.442639960466,0.01857034474584411,0.0727455930723943,13.751228996802553,-488.72168,54.88855,44.610542,34.483406,26.859844,19.596182,10.97954,3.1834893,-0.5791366,-0.9754338,-2.3137383,-7.0850153,-12.574742
1793,29.883333333333333,0.003695911,0.0,4051.3271472363367,267.1927828253359,1946.5187471918423,3170.5464141444672,0.01857034474584411,0.0727455930723943,13.751228996802553,-497.8415,44.91633,40.537094,34.229927,27.087795,20.048885,13.655919,8.033903,3.0586488,-1.403699,-5.325697,-8.498453,-10.649885
1794,29.9,0.002178968,0.0,5135.771146489604,253.06319132345126,1803.6755623619017,2823.024739168187,0.01857034474584411,0.0727455930723943,13.751228996802553,-505.64474,34.60413,32.20234,28.613462,24.27319,19.559742,14.764883,10.143518,5.95578,2.4345706,-0.30443653,-2.324276,-3.8270693
1795,29.916666666666668,0.001135747,0.0,6658.202347014432,443.3457108296295,1966.4039324486291,3114.90776677813,0.01857034474584411,0.0727455930723943,13.751228996802553,-510.79382,27.597609,25.939243,23.368614,20.13533,16.520016,12.789137,9.161703,5.7942376,2.783945,0.18411714,-1.9771271,-3.6833222
1796,29.933333333333334,0.0005701309,0.0,7748.159000449101,1345.7146670791244,2496.045085604887,3118.1375004073834,0.01857034474584411,0.0727455930723943,13.751228996802553,-517.3464,18.611952,17.753235,16.381226,14.579208,12.453447,10.124153,7.7156506,5.3466535,3.121695,1.1244059,-0.5867294,-1.9799709
1797,29.95,0.0005373457,0.0,8058.293891641693,1351.8518222613077,2413.824729255237,3868.2531849379443,0.01857034474584411,0.0727455930723943,13.751228996802553,-520.01624,14.94516,14.40699,13.547629,12.419589,11.089144,9.630155,8.117471,6.620696,5.199026,3.8974934,2.7452717,1.7557023
1798,29.966666666666665,0.0004813284,0.0,7815.569735873329,1197.6321713084415,2201.964517743806,3327.2191872866974,0.01857034474584411,0.0727455930723943,13.751228996802553,-519.0863,16.208136,15.518784,14.425182,13.004471,11.353645,9.580148,7.79175,6.0868993,4.546536,3.2283401,2.163724,1.3579308
1799,29.983333333333334,0.00038461873,0.0,8938.153540445675,1138.8158779703379,2046.4074428030742,3608.1258601596796,0.01857034474584411,0.0727455930723943,13.751228996802553,-524.17035,9.138623,8.800516,8.259882,7.549137,6.7099857,5.7901955,4.8398485,3.9075675,3.0368562,2.263093,1.6111228,1.0939523
1800,30.0,0.00032978592,0.0,8952.829226173075,943.5834005037925,2210.44361107848,3541.982840388576,0.01857034474584411,0.0727455930723943,13.751228996802553,-523.932,9.365651,8.713017,7.6977177,6.4183183,4.9943085,3.551243,2.2058399,1.0534265,0.15918814,-0.44571856,-0.76328707,-0.823614
1801,30.016666666666666,0.00032291314,0.0,8708.498711926011,956.8116008696619,2022.6916936057435,3222.444210715752,0.01857034474584411,0.0727455930723943,13.751228996802553,-523.8133,9.598419,9.131085,8.39558,7.451283,6.3708878,5.2316995,4.106929,3.0579624,2.1287904,1.3431742,0.704854,0.2004973
1802,30.033333333333335,0.00029128222,0.0,8756.951513437883,556.0663239370527,1894.6171689321486,2960.2349117540844,0.01857034474584411,0.0727455930723943,13.751228996802553,-523.0988,10.534668,9.854618,8.795913,7.460266,5.970962,4.457123,3.0377383,1.8077464,0.82803166,0.12068296,-0.33006907,-0.5715468
1803,30.05,0.00026397742,0.0,9701.494214007833,812.6743558076842,1832.5857276749755,2874.342794695162,0.01857034474584411,0.0727455930723943,13.751228996802553,-528.8024,2.674317,2.5903409,2.4567356,2.2824469,2.078873,1.858861,1.6355894,1.4214303,1.2268448,1.0595962,0.9240376,0.8208473
1804,30.066666666666666,0.00026387983,0.0,9341.769148122254,701.6267509628236,1913.218407951902,3166.979795421218,0.01857034474584411,0.0727455930723943,13.751228996802553,-527.2447,4.676137,4.171257,3.6951933,3.2694662,2.6392496,1.6761998,0.6127359,-0.22283012,-0.8042532,-1.3866243,-2.0991929,-2.7231185
1805,30.083333333333332,0.00028656272,0.0,8889.2955178879,567.2712528851572,1867.9488379682407,2949.90504769346,0.01857034474584411,0.0727455930723943,13.751228996802553,-525.1164,7.6545544,6.9011736,5.7425456,4.309716,2.7595432,1.2530824,-0.06593846,-1.0893738,-1.7569242,-2.0607584,-2.0421102,-1.7806466
1806,30.1,0.0002981194,0.0,8595.349264348915,841.1644557160151,1884.878938063163,3024.9187162987955,0.01857034474584411,0.0727455930723943,13.751228996802553,-523.49286,9.937113,9.151345,7.963217,6.533019,5.045438,3.6785886,2.574985,1.8195252,1.428409,1.3506097,1.4815755,1.6861184
1807,30.116666666666667,0.0003022561,0.0,8907.689932739388,1086.1430719986965,2182.1770049831334,3083.4096960556735,0.01857034474584411,0.0727455930723943,13.751228996802553,-525.6538,6.921791,6.260709,5.282894,4.1365447,2.970748,1.9073792,1.0292766,0.38216186,-0.018345706,-0.18334402,-0.15243925,0.004216403
1808,30.133333333333333,0.00035346395,0.0,8872.845100680914,1047.665628328277,2086.62503254168,3347.7288280520293,0.01857034474584411,0.0727455930723943,13.751228996802553,-523.62933,9.815277,9.225735,8.310224,7.1587243,5.8779516,4.5762978,3.3494523,2.2691865,1.376841,0.68245965,0.16895382,-0.19971336
1809,30.15,0.0003575644,0.0,9103.184821469085,1093.1715039121827,2143.109988987629,3379.8522869984176,0.01857034474584411,0.0727455930723943,13.751228996802553,-522.5865,11.377996,11.035849,10.481054,9.735932,8.83003,7.7985687,6.6806045,5.5170355,4.3485374,3.213612,2.1467915,1.1771712
1810,30.166666666666668,0.0003446479,0.0,8930.518586413551,1003.7851457232516,2013.7772441615714,3249.7101662301907,0.01857034474584411,0.0727455930723943,13.751228996802553,-526.72125,5.5076694,5.111501,4.5118246,3.787254,3.026239,2.3114765,1.7068661,1.2493914,0.9473326,0.7842337,0.7271019,0.73617697
1811,30.183333333333334,0.0003330697,0.0,8798.067754726773,892.2315392890924,2059.908959576456,3174.9126695469367,0.01857034474584411,0.0727455930723943,13.751228996802553,-524.6176,8.456835,7.981041,7.242981,6.3167496,5.290901,4.2562275,3.2936802,2.4643784,1.8031461,1.3164566,0.9849822,0.7700805
1812,30.2,0.00040926036,0.0,8522.844187872151,1215.8499224162642,1974.8654056452679,3173.8344925883102,0.01857034474584411,0.0727455930723943,13.751228996802553,-523.41705,10.095684,9.451675,8.461414,7.236946,5.912031,4.6233473,3.4917197,2.6062708,2.0135984,1.7140284,1.664494,1.7882478
1813,30.216666666666665,0.00039496284,0.0,8368.42223363892,1084.2132464379204,2100.1228939174143,3172.002440900185,0.01857034474584411,0.0727455930723943,13.751228996802553,-521.8918,12.1881275,11.406964,10.336975,9.199929,8.133364,7.1517377,6.189126,5.19023,4.1861477,3.3024926,2.6925535,2.4381037
1814,30.233333333333334,0.0003539694,0.0,9215.551112539015,682.842725071294,1901.9305686756538,2900.415183408569,0.01857034474584411,0.0727455930723943,13.751228996802553,-526.31555,6.065126,5.6197186,4.938271,4.1026683,3.2101378,2.359281,1.6362371,1.1032294,0.79119295,0.6975055,0.78904855,1.0098388
1815,30.25,0.00031386467,0.0,8748.633831090989,948.0291829354713,2056.88966396422,3125.107800498092,0.01857034474584411,0.0727455930723943,13.751228996802553,-526.66785,5.581891,5.184965,4.5895004,3.8686085,3.0870094,2.2881827,1.4967301,0.73150986,0.019210279,-0.6016536,-1.0898526,-1.4181806
1816,30.266666666666666,0.00036043607,0.0,8312.15952352218,1321.8773504739236,2167.8351484842096,3416.6670438967544,0.01857034474584411,0.0727455930723943,13.751228996802553,-523.50055,10.063465,9.659283,9.012259,8.159993,7.150668,6.039394,4.8841486,3.741989,2.6656756,1.7011176,0.8854601,0.24600679
1817,30.283333333333335,0.00039225566,0.0,8728.72603078702,1558.5372286148752,1882.0430524184674,2892.3186085316343,0.01857034474584411,0.0727455930723943,13.751228996802553,-523.98517,9.42988,9.177035,8.769916,8.228954,7.58081,6.8565774,6.0897408,5.3140035,4.5610905,3.8587947,3.2292829,2.6878939
1818,30.3,0.00034143776,0.0,8626.096372134714,918.1312863473196,2226.3365819435135,3378.9123580424593,0.01857034474584411,0.0727455930723943,13.751228996802553,-523.7739,9.651107,9.179522,8.451225,7.5425034,6.5419054,5.536831,4.6015296,3.7889352,3.1272626,2.6214094,2.2579918,2.012208
1819,30.316666666666666,0.00033070656,0.0,9353.724972921684,1319.4264733007835,2362.7585122856185,3262.8529089308713,0.01857034474584411,0.0727455930723943,13.751228996802553,-524.54407,8.591689,8.1994705,7.572933,6.7502894,5.780241,4.717786,3.6196065,2.5395308,1.5244242,0.61108845,-0.1758236,-0.82444465
1820,30.333333333333332,0.00034373545,0.0,9106.13158405044,1289.6256806958072,2226.9560014729304,3226.368532453082,0.01857034474584411,0.0727455930723943,13.751228996802553,-525.41345,7.4081798,7.150074,6.734269,6.1814194,5.5185905,4.7776794,3.9934125,3.201295,2.4355426,1.7270432,1.1017277,0.57916725
1821,30.35,0.0003792629,0.0,8876.80735667887,1250.3201308182674,2116.838408109673,3275.438640550215,0.01857034474584411,0.0727455930723943,13.751228996802553,-524.44446,8.781862,8.534405,8.139064,7.6196394,7.0060644,6.3315206,5.629469,4.93084,4.2618446,3.6423676,3.0853744,2.5969763
1822,30.366666666666667,0.00040829417,0.0,8114.150476728878,780.5480529251757,1906.8923027644823,3228.4198546697803,0.01857034474584411,0.0727455930723943,13.751228996802553,-518.6186,16.69019,15.492933,13.644812,11.334406,8.772206,6.158551,3.6627378,1.4159167,-0.4857526,-1.9748154,-3.009734,-3.5786514
1823,30.383333333333333,0.00050462375,0.0,8402.670325311274,733.8756691160893,1945.326192671688,3214.876537688802,0.01857034474584411,0.0727455930723943,13.751228996802553,-521.3092,13.040523,12.28506,11.099649,9.585392,7.8664145,6.075778,4.3412204,2.7728806,1.4543551,0.43809563,-0.25493965,-0.63191026
1824,30.4,0.0016637119,0.0,6977.535206608782,947.5659145861913,2108.458445500137,3136.9698032224724,0.01857034474584411,0.0727455930723943,13.751228996802553,-512.8472,24.47685,22.362484,19.550732,16.699284,14.167133,11.892667,9.545231,6.844016,3.8341513,0.9392389,-1.2477891,-2.3059945
1825,30.416666666666668,0.03599026,238.15414185826484,1833.8913123169816,245.9134944869432,1893.634022467641,3005.055106177849,0.01857034474584411,0.0727455930723943,13.751228996802553,-484.88284,62.29916,55.2595,45.05305,33.467033,22.211308,12.516436,4.9611926,-0.46039096,-4.122238,-6.5275793,-8.144693,-9.34153
1826,30.433333333333334,0.08904524,236.33604333134656,1321.4027882366431,277.900855415684,2100.6600430014837,3162.0550796213806,0.01857034474584411,0.0727455930723943,13.751228996802553,-394.3761,126.04027,63.72277,51.019325,45.833294,11.283052,-12.916941,-27.65495,-19.735176,-5.193937,-0.10293527,-11.555421,-28.806967
1827,30.45,0.12974457,230.56654163993193,2383.017529263713,298.0073011877534,2159.748627672267,3307.1276617889916,0.01857034474584411,0.0727455930723943,13.751228996802553,-302.83237,104.47529,26.311905,53.436157,52.438507,-1.6138306,-24.280106,-22.147692,-15.477343,9.595257,0.29463643,-9.708539,-45.220535
1828,30.466666666666665,0.15855618,226.81995177886526,3130.3370809320268,300.0998564914194,2169.0334076340123,3216.41214521565,0.01857034474584411,0.0727455930723943,13.751228996802553,-266.07846,86.97208,12.467544,47.173653,44.93488,-1.283906,-31.637434,-14.820917,-12.669691,18.656004,0.024489045,-11.569092,-45.89447
1829,30.483333333333334,0.1691011,225.28374201036056,3358.369891225049,305.5295061840768,2159.3761245579244,3043.7922527030314,0.01857034474584411,0.0727455930723943,13.751228996802553,-248.62727,95.09352,21.959166,42.220085,40.553436,-7.3848524,-33.804726,-16.105965,-22.845566,28.378515,2.0923412,-2.6577907,-41.322426
1830,30.5,0.17806043,225.4913780408841,2393.1284785165385,288.43278235751933,1935.1804531325145,2482.160966519266,0.01857034474584411,0.0727455930723943,13.751228996802553,-270.35287,117.88873,27.38425,42.33866,49.070084,-11.777702,-34.231712,-12.283704,-25.543728,6.625439,-6.98536,-5.168395,-51.53444
1831,30.516666666666666,0.16920713,225.29062885185385,1758.6506085314861,341.9688843791425,2024.2561788892212,3265.3552656537595,0.01857034474584411,0.0727455930723943,13.751228996802553,-297.41568,121.099556,15.69459,48.372032,61.535336,-15.764347,-31.253933,4.2434125,-21.89769,-7.2440634,-7.314106,-12.467895,-46.857025
1832,30.533333333333335,0.15653864,228.58904447063134,2219.2582229155905,455.03126003549,2171.955532650517,3329.194325720584,0.01857034474584411,0.0727455930723943,13.751228996802553,-233.94638,141.046,23.307354,30.92114,43.537914,-18.2482,-47.03414,-17.658567,-40.956947,-1.9633764,-6.026395,0.34445933,-39.483894
1833,30.55,0.14302947,225.65584513123088,2893.6579766189725,703.1060824800044,2262.22100847562,3058.7869498319733,0.01857034474584411,0.0727455930723943,13.751228996802553,-211.35345,132.26479,4.6243854,10.764675,30.26954,-10.084728,-47.22391,-16.705215,-33.686104,17.278744,2.5419774,-6.1763783,-27.98043
1834,30.566666666666666,0.1301645,221.1474648575711,3588.684097935417,743.8022166844004,2212.344105365437,3054.8628515144756,0.01857034474584411,0.0727455930723943,13.751228996802553,-206.62764,125.57476,8.672062,7.4477983,21.054508,-14.649045,-40.213417,-10.166544,-25.89333,29.338917,0.9918113,-5.164624,-24.189007
1835,30.583333333333332,0.11053648,219.2774251133899,3130.6123756612433,610.0402346640298,2255.911258347125,3208.9776802054835,0.01857034474584411,0.0727455930723943,13.751228996802553,-233.12407,128.18207,16.546446,11.406965,29.542328,-6.5490885,-33.082893,-5.9713163,-28.075916,23.82259,2.7700217,-5.412203,-29.251848
1836,30.6,0.07735615,224.0003436289878,3108.0246602578004,413.5240217957352,2293.982377364614,3798.007454317275,0.01857034474584411,0.0727455930723943,13.751228996802553,-282.73294,128.8823,29.691906,18.756536,37.465668,-2.9604647,-21.185339,-6.024269,-25.324022,18.97794,-2.9240413,-5.4172134,-25.762724
1837,30.616666666666667,0.034746684,0.0,4362.81774558205,533.7427042296258,1928.4405946107279,3017.991607555552,0.01857034474584411,0.0727455930723943,13.751228996802553,-398.4141,107.30408,43.535156,17.59436,23.430408,3.6341438,-4.4288874,-3.751049,-8.949088,1.1941642,-6.5831966,-1.6258407,-13.982183
1838,30.633333333333333,0.0035117082,0.0,5659.2507653826015,645.4328374381081,2101.4705982346086,2677.2108254855093,0.01857034474584411,0.0727455930723943,13.751228996802553,-441.7437,81.05066,26.757961,10.434669,17.59275,6.670628,-9.444511,-21.791273,-8.79916,15.924078,11.981594,-7.4225698,-13.674314
1839,30.65,0.016521636,0.0,9709.066686698958,764.808444946103,2046.1837439050764,2886.0439867337077,0.01857034474584411,0.0727455930723943,13.751228996802553,-398.70126,60.075226,13.970968,-5.2585883,1.7039428,-8.331333,11.326239,-45.722893,-33.52259,25.592888,0.06265238,0.67134345,-21.648285
1840,30.666666666666668,0.01829798,0.0,8156.925863837016,727.9287227743808,1918.467939610882,2305.1138283333876,0.01857034474584411,0.0727455930723943,13.751228996802553,-240.39645,70.14344,-6.3134327,-26.638445,-15.141866,3.5306737,5.0373087,-36.132507,-51.965157,41.338142,-7.740301,1.3531452,-20.398521
1841,30.683333333333334,0.056892116,230.5715405250975,5094.051089018656,613.3402852798914,1943.3492495521346,2418.535349656056,0.01857034474584411,0.0727455930723943,13.751228996802553,-264.60468,114.17175,31.99359,-2.8032918,-1.4929765,9.263771,-4.802425,-26.582653,-52.532104,27.620922,-11.007397,-13.544094,-20.353046
1842,30.7,0.08832546,226.3775333838021,2664.4807697478714,530.279222357822,1846.2204703570762,2566.96892491682,0.01857034474584411,0.0727455930723943,13.751228996802553,-236.03418,146.47858,22.631191,-2.2774346,6.576442,8.026852,-22.314007,-13.39492,-54.470688,11.984563,-1.6153889,-21.854641,-18.914467
1843,30.716666666666665,0.110583894,221.19594324760632,2670.1403503953743,518.3587603208518,1794.061198972539,2616.748400743499,0.01857034474584411,0.0727455930723943,13.751228996802553,-253.19795,128.18903,12.137573,-4.222886,0.32285702,17.751596,-10.225796,-5.530905,-42.70957,9.1106,-6.033473,-10.452562,-25.750103
1844,30.733333333333334,0.12595576,217.37699185069164,1946.5514835039107,381.00339622307524,1825.5449642102305,2509.200404535548,0.01857034474584411,0.0727455930723943,13.751228996802553,-285.96252,137.13693,27.407307,11.5387,3.7066717,18.801239,1.602697,-25.40894,-35.51656,4.3067093,-19.602325,-9.570843,-28.007996
1845,30.75,0.13813499,215.96798636330084,2639.1945364763787,333.96887169115746,1781.3189130434546,2551.7076849172745,0.01857034474584411,0.0727455930723943,13.751228996802553,-262.50674,121.62569,28.708233,18.546467,-0.88261205,31.713955,8.700125,-17.424091,-35.53964,16.502659,-21.724686,-10.182962,-24.469978
1846,30.766666666666666,0.14572628,214.7137884067364,1555.5570455273603,310.77945294280244,1864.3286455856673,2584.339058004161,0.01857034474584411,0.0727455930723943,13.751228996802553,-306.36142,140.57173,30.18436,10.94628,18.769274,22.34576,-0.5977999,-20.34508,-32.312183,16.70525,-7.6686115,-16.295984,-30.287228
1847,30.783333333333335,0.12863173,213.62406548014042,1379.3289289308302,297.0723884780827,1925.501677098232,2558.9480540423665,0.01857034474584411,0.0727455930723943,13.751228996802553,-338.583,144.4085,48.321014,16.250732,20.253849,13.370322,0.991454,-16.56777,-29.034096,17.046787,1.0479517,-10.328341,-24.242289
1848,30.8,0.08868001,214.5832456085605,4920.634058840546,302.47432664463537,2055.9563986382536,2580.7540068234457,0.01857034474584411,0.0727455930723943,13.751228996802553,-251.49182,70.71286,35.833977,74.64972,-23.464743,19.205017,14.313221,-17.281507,-31.571222,28.97947,-0.3931638,-15.073248,-20.107409
1849,30.816666666666666,0.06635931,0.0,9060.377182022668,555.5144557178774,1976.118773905231,3888.5505700418794,0.01857034474584411,0.0727455930723943,13.751228996802553,-230.64542,-25.898548,33.547806,90.218895,-44.583733,18.22016,14.768722,5.94942,-45.234917,30.406025,2.7621875,-5.0136876,-20.08825
1850,30.833333333333332,0.080781646,0.0,8978.869119788846,548.4245174657336,2028.5538123845251,3722.986451305823,0.01857034474584411,0.0727455930723943,13.751228996802553,-224.50215,-55.82927,16.333426,94.03768,-41.200104,14.337928,14.8904,7.9196405,-53.63951,31.098057,11.398257,0.24602163,-24.488867
1851,30.85,0.08658792,0.0,9024.06038993671,647.0668847158092,2076.1018387158706,3625.519876358971,0.01857034474584411,0.0727455930723943,13.751228996802553,-225.45705,-71.65227,-2.8108246,93.35393,-32.877007,12.711443,4.322018,3.73406,-44.668324,34.061203,5.022312,1.3611872,-16.036648
1852,30.866666666666667,0.07862903,0.0,9278.161807229179,901.5027061471695,2123.372822172988,3718.3853172245063,0.01857034474584411,0.0727455930723943,13.751228996802553,-240.6445,-86.42349,-9.639834,90.66686,-32.502544,11.846695,3.2585173,7.31598,-34.161003,33.914085,-0.2116729,-1.6029036,-18.025826
1853,30.883333333333333,0.06844427,0.0,9066.189734307878,841.3582131571229,2378.8938539194887,3873.4897400956406,0.01857034474584411,0.0727455930723943,13.751228996802553,-250.2187,-83.09308,-21.262035,90.326706,-26.470123,14.215093,-12.879976,-2.5461202,-37.24837,30.758198,1.4947159,-5.934191,-19.090946
1854,30.9,0.056091685,0.0,8995.153816483664,2186.8632020998375,3442.3663572266432,4342.27916572599,0.01857034474584411,0.0727455930723943,13.751228996802553,-276.05923,-107.485275,-37.716484,87.85007,-17.509418,14.593746,-13.489323,-2.0446906,-36.940495,25.659529,-1.1677296,-1.5653841,-11.263578
1855,30.916666666666668,0.051359564,0.0,9168.722919549258,2273.945015347926,3239.229098754781,4029.0670832276032,0.01857034474584411,0.0727455930723943,13.751228996802553,-274.48657,-106.64073,-46.241436,82.95207,-6.9593844,12.551599,-22.763031,-1.40898,-22.393135,33.771854,-1.1701349,-6.6453056,-17.80302
1856,30.933333333333334,0.03893571,0.0,8331.067489969466,2408.9176114278007,2783.247070540187,4078.688789126686,0.01857034474584411,0.0727455930723943,13.751228996802553,-267.94214,-81.863846,-58.006836,83.38307,19.603695,15.255615,-30.228437,-13.999563,-17.569153,31.414454,-9.110216,-9.793089,-19.420605
1857,30.95,0.039595176,0.0,7015.981715058097,1982.3549325586512,2963.4418622133107,3305.3323485843584,0.01857034474584411,0.0727455930723943,13.751228996802553,-311.82266,-12.231768,-35.590744,85.778694,48.87811,18.468721,-23.72251,-8.93769,-9.450634,18.760124,-9.924744,-16.219482,-20.723906
1858,30.966666666666665,0.08823165,232.9967680195085,2845.822546676364,295.78749525306057,2469.5853220722574,2790.751876721836,0.01857034474584411,0.0727455930723943,13.751228996802553,-293.50574,80.129776,3.8174438,88.46791,66.84139,12.703039,-51.993404,-28.574577,-12.349167,5.677757,-9.59111,-27.868391,-23.307655
1859,30.983333333333334,0.1334248,231.71213229318334,2353.0443729279623,325.83695695547317,2249.2883753089145,2714.321635671536,0.01857034474584411,0.0727455930723943,13.751228996802553,-262.4244,95.067406,-14.463264,68.74567,66.214966,15.692451,-48.62627,-16.969427,-13.315743,6.3044653,-8.588207,-27.521574,-31.679504
1860,31.0,0.1719093,230.28043657090188,2105.161298235381,308.68864747061053,2013.9529839349786,2719.218683134891,0.01857034474584411,0.0727455930723943,13.751228996802553,-252.73132,108.5123,-15.466902,42.050766,51.597847,19.401024,-27.987434,-2.9921758,-19.028965,3.515375,1.5109456,-9.535236,-35.466705
1861,31.016666666666666,0.19453911,230.13633833042374,2003.3252438496252,297.5048383549077,1851.774111950975,2749.912306666861,0.01857034474584411,0.0727455930723943,13.751228996802553,-252.74937,114.37075,-10.291254,20.785297,36.778427,17.867645,-16.729767,-0.59824544,-32.95906,-10.427099,3.7402923,-0.69797236,-32.12127
1862,31.033333333333335,0.20051005,229.1433661337984,1768.5058402438383,281.1460111244047,1849.286491772445,3301.9445034993682,0.01857034474584411,0.0727455930723943,13.751228996802553,-264.27478,127.46448,3.1968522,14.990699,24.963379,17.144882,-2.2846591,5.8769298,-33.186264,-11.693506,0.77321154,-6.227298,-26.502905
1863,31.05,0.21310328,227.61006638193197,1222.6877547856482,248.10530410314917,1852.0388609599413,3215.4491461182643,0.01857034474584411,0.0727455930723943,13.751228996802553,-308.59814,145.29333,15.90387,10.529415,34.60168,14.679736,2.4329667,4.5222673,-34.313713,-13.378508,-3.807526,-10.555373,-27.837109
1864,31.066666666666666,0.22014925,227.66195388619818,976.9585567612385,243.04553935938563,1860.8557639272822,3034.644388552961,0.01857034474584411,0.0727455930723943,13.751228996802553,-331.43164,147.40314,18.919514,7.343947,38.151375,20.09097,5.977281,4.2629333,-25.998611,-1.5557992,6.7763157,-4.798932,-23.679892
1865,31.083333333333332,0.22502042,228.02050103542797,851.6703143737038,241.83026744010817,1869.7211221128118,2922.8218327717245,0.01857034474584411,0.0727455930723943,13.751228996802553,-348.9001,148.71518,24.536251,11.83709,36.61873,17.886292,5.9694357,-2.1106887,-28.27953,-3.94486,12.706939,-7.2917747,-31.750431
1866,31.1,0.21719572,228.28768183452675,722.7164174795968,240.87637268966816,1775.7561668156065,2883.7467291398652,0.01857034474584411,0.0727455930723943,13.751228996802553,-362.9511,151.52008,34.279694,20.860191,34.76294,17.358055,6.9180307,-4.9155097,-18.966621,0.4391627,17.696657,-9.331705,-31.561363
1867,31.116666666666667,0.208986,228.20558998035662,656.6394517914025,240.66074664333058,1118.9704444960835,2020.1514965981553,0.01857034474584411,0.0727455930723943,13.751228996802553,-375.91873,147.27548,44.786522,25.554966,30.733757,17.39738,12.051085,-1.407805,-18.005144,3.6318727,21.760002,-8.264741,-26.895382
1868,31.133333333333333,0.18696338,227.46668660714795,661.9595470080199,239.55842679082005,1195.2047595048107,2152.5062773975737,0.01857034474584411,0.0727455930723943,13.751228996802553,-392.8012,142.28677,63.99332,33.454903,20.386902,9.550049,7.960991,-9.969872,-21.494638,4.7372265,22.696903,-3.0830145,-23.404114
1869,31.15,0.17959507,231.69846811379662,1386.0983015990869,277.3104157406059,2045.513378941556,3080.7656237556675,0.01857034474584411,0.0727455930723943,13.751228996802553,-284.37003,166.13861,35.514915,37.180626,-0.31430334,0.32942283,2.2077239,-43.94436,-26.735376,17.69063,-3.6127262,-15.977636,-25.323631
1870,31.166666666666668,0.17999457,238.73684991046832,1480.0900937181582,421.5475333942991,2098.433523185264,2931.87204630583,0.01857034474584411,0.0727455930723943,13.751228996802553,-241.28612,159.4176,14.478986,38.170094,17.673004,6.165159,-14.768112,-40.27596,-26.239656,4.7925444,-4.6193027,-19.486437,-26.849077
1871,31.183333333333334,0.18030268,237.61126301080637,1926.7974020419329,379.23571416451114,2170.9391119278134,2592.5381519213524,0.01857034474584411,0.0727455930723943,13.751228996802553,-239.31317,130.58284,-8.757487,27.837395,29.660645,11.803846,-22.000443,-25.816856,-26.41557,1.3333174,-2.7518241,-17.956297,-26.656296
1872,31.2,0.15647005,235.30555022892742,2294.0606073169256,393.2173750652276,2236.1605075662674,2654.73865722453,0.01857034474584411,0.0727455930723943,13.751228996802553,-236.91614,124.47949,-16.316883,26.91542,37.288857,1.1081191,-19.391668,-18.793344,-19.016258,4.451414,-3.9226487,-18.90359,-25.29501
1873,31.216666666666665,0.15296301,231.55685380918595,2042.2557880423353,382.93755182856813,2167.5715622138455,2461.741758004068,0.01857034474584411,0.0727455930723943,13.751228996802553,-238.09254,139.94687,-3.4621978,26.03874,46.606346,1.672174,-34.2265,-19.959734,-21.548782,-9.980814,-6.8082333,-21.21111,-39.74354
1874,31.233333333333334,0.15828721,231.10998906742375,1494.7490638123977,296.56021154414407,1777.071596278976,2888.407479383807,0.01857034474584411,0.0727455930723943,13.751228996802553,-283.75162,150.76965,3.0441437,33.810806,61.0311,-3.710377,-25.346786,-3.3670912,-19.135262,-16.726938,-10.715579,-17.10701,-38.619957
1875,31.25,0.16470665,228.2433614498146,1484.9966442508162,268.2640123612153,1801.1662777887034,2841.031696069635,0.01857034474584411,0.0727455930723943,13.751228996802553,-316.64133,137.92737,-5.0301127,31.298655,67.6483,-1.310719,-16.465921,4.677448,-17.21053,-24.5958,-9.879021,-9.378088,-30.89347
1876,31.266666666666666,0.16659921,227.7121641402345,1410.1399132524966,314.1256573864328,1832.6954725849046,2860.9191957116036,0.01857034474584411,0.0727455930723943,13.751228996802553,-263.75153,165.20232,-0.30777425,34.963955,54.26001,-11.047401,-23.00407,-21.987265,-31.91613,-13.808664,-6.771217,-19.971504,-29.997612
1877,31.283333333333335,0.15941857,223.19169854823485,1716.1742906864843,358.88157556251963,2108.9475068041775,2995.3828156734394,0.01857034474584411,0.0727455930723943,13.751228996802553,-254.0754,141.77525,-1.5962303,43.357742,39.85148,-5.1588907,-21.622637,-32.954346,-27.250195,-0.7212462,-4.1909094,-18.187813,-29.981342
1878,31.3,0.122426316,218.97020874691316,1588.2847878656794,342.7178766868314,2045.9971208322486,2948.7043754076467,0.01857034474584411,0.0727455930723943,13.751228996802553,-285.57834,141.38187,17.461441,42.79084,28.803839,4.994859,-19.219944,-29.331478,-18.414198,4.46374,-2.52849,-19.911491,-31.865376
1879,31.316666666666666,0.069696434,0.0,1829.2559365824718,361.6851644034043,2039.068206483526,2956.4100271983825,0.01857034474584411,0.0727455930723943,13.751228996802553,-368.13126,132.49667,46.583614,39.192543,31.953732,13.785939,-4.634881,-16.66297,-11.390786,3.8447738,-9.575254,-24.216232,-24.047724
1880,31.333333333333332,0.008247969,0.0,3837.2902800302527,477.19918247246267,2024.3424754542837,2969.792855161673,0.01857034474584411,0.0727455930723943,13.751228996802553,-440.2726,90.50485,43.588253,34.026833,24.97792,10.426606,-8.493218,-23.745354,-9.422142,1.4014431,-11.26677,-13.030357,-10.754499
1881,31.35,0.003133448,0.0,3937.0045877338675,429.0019202961822,1981.7874207717682,2829.332997326669,0.01857034474584411,0.0727455930723943,13.751228996802553,-468.67374,75.02019,49.098713,29.68203,19.736938,9.583648,-2.896808,-10.014963,-9.029809,-6.6645226,-8.357161,-11.707924,-11.775814
1882,31.366666666666667,0.0017561052,0.0,5163.453838289346,412.4625569463842,1891.2929718042924,2864.293172478287,0.01857034474584411,0.0727455930723943,13.751228996802553,-493.30365,49.23993,40.1148,29.189476,19.12928,10.759129,3.7103786,-1.9791834,-5.765777,-7.9897823,-9.465348,-10.3195,-10.059005
1883,31.383333333333333,0.001159576,0.0,6238.591291338143,480.53771207284416,1762.0288247259725,2664.3381795203923,0.01857034474584411,0.0727455930723943,13.751228996802553,-504.0784,35.6103,30.04555,22.498466,14.692995,7.8467727,2.367807,-1.940736,-5.39235,-8.02206,-9.545568,-9.650377,-8.357775
1884,31.4,0.006322069,0.0,6057.707317135425,402.87599746958165,1804.104306369548,2683.0664863000916,0.01857034474584411,0.0727455930723943,13.751228996802553,-502.71054,33.8861,25.756643,21.510887,17.407637,13.932134,8.0249195,0.15615636,-0.80095106,0.42896548,-3.683251,-7.4091015,-8.820013
1885,31.416666666666668,0.036594596,245.8492649779303,3861.1899723360607,475.9283933301339,2026.2802733958104,2558.316798738853,0.01857034474584411,0.0727455930723943,13.751228996802553,-336.45056,105.93851,-2.9248245,48.677704,6.5689144,6.9443398,28.22972,-40.4586,-23.95514,17.118923,-4.3715897,-17.71772,-16.319029
1886,31.433333333333334,0.07252492,233.22483322080782,1707.9560698298963,403.1306267291489,2074.856687682218,2989.131179494251,0.01857034474584411,0.0727455930723943,13.751228996802553,-294.98767,147.20108,22.072235,45.523926,31.32778,6.1639986,-8.9889765,-43.41414,-25.259392,2.7233396,-5.4747705,-22.840672,-26.478565
1887,31.45,0.10063444,223.68652512837414,2335.6782550150324,441.80127465146575,2097.5815045346203,2918.730560724748,0.01857034474584411,0.0727455930723943,13.751228996802553,-264.35773,127.70905,-2.3476224,31.274647,31.986244,-0.28915453,-28.15868,-34.187088,-23.195084,2.2024243,6.253306,-17.312996,-31.632069
1888,31.466666666666665,0.11168731,221.0360663986029,2869.151879255196,549.6065852366792,2054.169353206326,2861.019944198278,0.01857034474584411,0.0727455930723943,13.751228996802553,-245.08302,117.80574,-4.3483467,21.863611,28.940487,1.9747242,-22.877453,-20.389233,-14.179527,13.944817,13.011094,-16.340492,-33.68154
1889,31.483333333333334,0.1209817,219.87396799455914,2785.776782467929,582.4448672294554,1951.2549493841786,2842.353817493202,0.01857034474584411,0.0727455930723943,13.751228996802553,-230.29048,125.34204,-3.5589304,10.796256,23.3475,-4.088624,-30.2824,-23.470688,-28.25631,11.492573,9.681141,-14.458242,-35.896385
1890,31.5,0.1047228,219.58241183381818,2860.9175408433725,535.7805069962955,1876.760947274922,2770.2498508473413,0.01857034474584411,0.0727455930723943,13.751228996802553,-235.1278,136.25546,11.987852,-0.6232935,26.089577,8.113412,-26.47808,-24.74993,-31.647324,11.082275,5.5739365,-9.123584,-25.645224
1891,31.516666666666666,0.06631337,0.0,3044.508723254892,481.63961861773987,1975.573021326841,2551.0297903846963,0.01857034474584411,0.0727455930723943,13.751228996802553,-272.48804,145.91597,14.844485,-1.1764691,25.96537,11.107347,-11.285677,-15.086573,-28.00908,3.6263633,7.7974577,-3.9640064,-25.149082
1892,31.533333333333335,0.039246213,236.8867592025453,4369.876376766032,657.5726770864475,1934.662131606473,2318.3924602983475,0.01857034474584411,0.0727455930723943,13.751228996802553,-277.75537,115.48717,-11.006707,-2.779627,17.651371,9.364525,-9.815933,-10.27849,-36.454857,1.312753,11.185719,-1.280599,-19.320665
1893,31.55,0.07886261,232.34408328326208,2298.2632510690346,324.0427864596675,1677.7952837160751,2366.0713427564924,0.01857034474584411,0.0727455930723943,13.751228996802553,-287.66257,146.98227,39.46633,4.6771507,7.9778767,11.154978,-20.225288,-15.386146,-38.43384,-11.883812,3.8676906,-2.0510144,-21.899796
1894,31.566666666666666,0.093169995,224.3491006224726,1961.6237761721854,326.39599169581805,1717.2441317282023,2622.410531988721,0.01857034474584411,0.0727455930723943,13.751228996802553,-297.85004,147.8486,36.882904,3.7778616,12.971853,18.279573,-18.553633,-13.363563,-36.26189,-13.439175,3.596525,-6.214344,-21.600397
1895,31.583333333333332,0.07322819,220.1209990150009,2024.2085070608784,282.7985844123984,1679.8836513779527,2773.566963456709,0.01857034474584411,0.0727455930723943,13.751228996802553,-341.59885,131.3581,40.30451,15.094677,12.306093,12.259602,6.988497,-13.406464,-30.71677,-2.543691,-4.187856,-5.6722484,-16.161509
1896,31.6,0.043000072,0.0,2716.418781341421,261.7478756146486,1626.1723408215355,2582.609797192557,0.01857034474584411,0.0727455930723943,13.751228996802553,-398.04886,115.60015,43.984764,19.130466,15.400257,18.0334,16.6264,-15.819792,-29.703121,-3.2934446,-1.0464283,-4.9418516,-13.008289
1897,31.616666666666667,0.07780285,232.39386311715782,1310.903815722476,245.12441330440782,1685.194802865454,2430.996473971003,0.01857034474584411,0.0727455930723943,13.751228996802553,-415.62405,123.254875,61.96086,32.07235,29.243752,24.829025,13.306093,-9.6469755,-25.926815,-9.545691,8.823549,-2.1994252,-17.690895
1898,31.633333333333333,0.12229349,227.9369493622808,751.8231028619894,238.2710805378733,1773.250811428885,2554.322913309751,0.01857034474584411,0.0727455930723943,13.751228996802553,-394.45618,143.89334,61.86917,25.005238,29.05053,28.129887,9.957249,-19.708397,-31.97483,-11.946913,7.7202873,-4.176998,-22.062351
1899,31.65,0.15860267,226.43119884827433,750.254927415865,235.77412176640942,1476.2153238098856,1954.8348694067954,0.01857034474584411,0.0727455930723943,13.751228996802553,-384.18008,140.11053,51.90242,35.466614,31.865677,18.699612,13.652248,-15.178747,-39.811302,-14.6262245,16.589664,2.438135,-22.303143
1900,31.666666666666668,0.17208676,229.49363721900608,928.6743031252859,255.69350040489698,1660.9030529550785,1870.79843539724,0.01857034474584411,0.0727455930723943,13.751228996802553,-334.6211,163.72757,31.474434,27.498007,21.629755,3.4671197,18.85109,-6.2724485,-45.703144,-26.571007,10.1753025,5.7445345,-23.657925
1901,31.683333333333334,0.18332571,229.01923847613935,843.9184928265183,251.63680437056175,1241.9690916606203,2012.4295811960603,0.01857034474584411,0.0727455930723943,13.751228996802553,-347.99588,161.1218,36.322784,5.639413,3.0516639,9.322357,15.6551075,7.100663,-20.982176,-24.567509,5.5376496,1.386377,-23.540205
1902,31.7,0.18495113,228.3311128488505,765.9237331545095,248.8771746500217,1107.1512562610444,1977.2544015579165,0.01857034474584411,0.0727455930723943,13.751228996802553,-357.2326,158.9277,42.725235,3.039382,-3.7673922,8.814891,16.798397,9.966656,-13.536442,-22.0797,1.292424,-4.3893228,-28.453772
1903,31.716666666666665,0.19129814,228.2489013031088,685.3823207600408,247.7777364700851,1012.7645543840696,1986.7584693231465,0.01857034474584411,0.0727455930723943,13.751228996802553,-370.2222,154.94179,51.543625,8.5838175,2.4229968,11.440317,6.964015,-1.6579968,-13.272951,-9.172942,15.71417,2.9865468,-25.746746
1904,31.733333333333334,0.20079793,228.84506798535972,681.661605458089,247.22897390260044,963.723441087927,2024.9104215741952,0.01857034474584411,0.0727455930723943,13.751228996802553,-374.45215,151.72665,55.992546,13.648258,3.4692283,12.627367,5.9222,-3.9177482,-12.6631565,-8.210062,14.738642,1.8258361,-21.884941
1905,31.75,0.20096225,229.49088326606503,639.7229533611928,243.0083527210759,1017.3558865578594,2019.5999461335753,0.01857034474584411,0.0727455930723943,13.751228996802553,-378.66833,156.69925,62.335564,6.7120323,0.79754555,17.267975,13.218056,-2.655487,-12.182195,-7.7125807,6.209429,-7.0344396,-27.644802
1906,31.766666666666666,0.19524223,226.51087801526091,605.4634796287099,242.8534444630001,1096.2509365944506,1972.2335336912734,0.01857034474584411,0.0727455930723943,13.751228996802553,-360.64658,180.44124,70.87108,3.6437829,-5.632679,9.674053,11.88407,-7.71909,-23.232346,-17.57713,-4.499174,-8.339077,-22.541674
1907,31.783333333333335,0.18706071,225.58061880091452,589.5915784343421,235.90659950082255,1206.511320702442,2000.9173077376313,0.01857034474584411,0.0727455930723943,13.751228996802553,-377.53247,165.06895,68.75366,8.168739,-1.0775537,14.032403,17.220322,-4.66447,-21.214077,-13.615013,-1.6587107,-7.91132,-21.711784
1908,31.8,0.18019174,224.58605471546124,590.5791321475555,234.7090086405443,1085.134089056227,1923.1544034273384,0.01857034474584411,0.0727455930723943,13.751228996802553,-395.5312,144.54228,62.327644,15.881208,9.864568,18.462208,19.52333,-0.37410367,-16.919338,-7.245326,7.886504,-3.2953582,-22.88656
1909,31.816666666666666,0.17362288,222.8035039442128,605.2380937058008,243.84287785332373,1266.109039172986,2304.0019661970773,0.01857034474584411,0.0727455930723943,13.751228996802553,-390.17438,146.27814,61.385597,22.450188,11.991613,9.083618,6.951077,-6.1634855,-14.553729,-1.8280015,8.415779,-9.112118,-28.248634
1910,31.833333333333332,0.1701844,223.09783764418697,968.6040056350037,271.0684299878918,2529.9765300761414,3681.5909720319505,0.01857034474584411,0.0727455930723943,13.751228996802553,-340.85165,139.8311,17.066442,58.509846,47.892906,-13.787701,-20.472895,-13.149839,-6.4651093,-0.34574437,-2.4205096,-6.862933,-22.08105
1911,31.85,0.1650293,221.44651273877102,1024.4194152794475,303.7420912784629,2842.713392711748,3850.419558875947,0.01857034474584411,0.0727455930723943,13.751228996802553,-346.55115,129.20886,11.754261,66.7673,53.56021,-23.43475,-27.194925,1.3912151,8.491466,-5.4497385,-9.595099,-7.5451236,-24.940487
1912,31.866666666666667,0.15208523,218.74367943727955,1178.5264970934174,339.70978407233343,2787.5929783805245,3869.020672412452,0.01857034474584411,0.0727455930723943,13.751228996802553,-341.38754,127.06174,11.257593,72.30188,62.2389,-22.801262,-35.318108,-3.2417097,13.786082,-1.0070484,-9.375795,-10.168636,-22.428358
1913,31.883333333333333,0.13532531,216.71118993285475,1187.9172296652155,367.93143716370685,2592.8757776056495,3659.5600952943782,0.01857034474584411,0.0727455930723943,13.751228996802553,-352.1258,119.53165,13.268104,75.6073,68.52614,-16.376465,-39.421844,-13.991959,11.158728,4.37538,-7.985276,-12.446581,-20.729744
1914,31.9,0.12449497,215.35278338818264,986.034855352186,355.8252300917112,2513.1104958731103,3493.933489369163,0.01857034474584411,0.0727455930723943,13.751228996802553,-355.88132,133.94873,21.718542,60.00425,64.451324,-7.4837046,-37.41086,-22.462975,0.94754386,6.341275,-4.0508723,-16.423681,-24.87159
1915,31.916666666666668,0.1022655,211.67318223964932,916.6378978678124,365.72917838052047,2627.6538029590115,3626.1339243024063,0.01857034474584411,0.0727455930723943,13.751228996802553,-374.54742,139.124,45.377205,52.89367,51.814354,-1.9513804,-24.571867,-12.966299,-2.7707007,-3.3244677,-7.928439,-16.220404,-21.355585
1916,31.933333333333334,0.080522805,213.68908784465208,1079.529685609773,311.1970975658037,2547.806171639023,3596.3360328636627,0.01857034474584411,0.0727455930723943,13.751228996802553,-405.58945,125.65941,59.574852,51.83225,47.533936,10.086876,-13.974906,-10.07922,-0.37989593,-2.6084707,-8.544088,-12.303137,-14.621658
1917,31.95,0.090859435,215.81115907780767,856.7055463666238,395.64383285006136,2402.702661144354,3463.4803162726694,0.01857034474584411,0.0727455930723943,13.751228996802553,-385.72852,140.43481,50.48401,37.84961,41.708656,6.7708054,-21.033455,-22.090658,-17.172451,-11.012068,-4.7581816,-9.300307,-17.752281
1918,31.966666666666665,0.098360665,212.9037183439104,1000.544796535657,377.52758692174945,1292.4688420886207,2577.3695328786375,0.01857034474584411,0.0727455930723943,13.751228996802553,-345.7079,154.48624,25.510445,32.146416,44.177437,-0.7520385,-17.733881,-15.674305,-20.167427,-7.2502613,5.7873926,-7.6096964,-21.95232
1919,31.983333333333334,0.08959663,210.54090831779027,1240.362305820703,422.6131616677861,1796.7210512005972,2405.5658005738733,0.01857034474584411,0.0727455930723943,13.751228996802553,-323.36096,155.49838,4.4975867,22.155563,36.37451,-2.4865985,-20.001476,-22.79541,-23.585978,-1.4578753,10.974028,-2.8121147,-18.798107
1920,32.0,0.078013174,214.93977834401886,1462.117572230194,478.6485462963676,1790.4241464949855,2085.094870009653,0.01857034474584411,0.0727455930723943,13.751228996802553,-302.68982,160.77475,-2.0448577,12.362442,27.238228,-3.7188816,-26.263609,-21.086515,-21.605724,-1.2285317,14.079829,-7.105213,-23.753044
1921,32.016666666666666,0.07193519,220.46074517470632,1648.0578044350716,497.1383042636082,1861.2159608678332,2285.8571985616436,0.01857034474584411,0.0727455930723943,13.751228996802553,-295.7998,151.52664,-25.305391,3.781501,32.433025,-1.5096078,-27.585365,-11.953991,-20.396141,-6.151295,15.377379,-13.743002,-31.823534
1922,32.03333333333333,0.06645464,223.1362367436861,1622.2030334998092,497.61573405440174,1797.318426518506,2328.44012724323,0.01857034474584411,0.0727455930723943,13.751228996802553,-303.18304,156.11403,-22.47487,-1.2513795,33.890488,-5.3299656,-29.054386,-6.9310365,-22.612228,-15.082001,13.366165,-8.978704,-29.960909
1923,32.05,0.04669518,224.94226426064097,1402.3704434643832,365.46750807447086,1864.5105447666124,2648.1198803806033,0.01857034474584411,0.0727455930723943,13.751228996802553,-334.80865,162.59106,6.2095823,-5.2963943,31.664265,6.8418217,-24.327148,-21.116913,-21.269855,-13.310756,3.3089433,-4.563983,-23.291918
1924,32.06666666666667,0.021402054,0.0,2456.252474852068,429.8449925325176,2083.4380634005224,3307.161797522494,0.01857034474584411,0.0727455930723943,13.751228996802553,-381.74448,116.23953,0.64541364,14.845028,38.65686,4.6958895,-13.111013,-9.357079,-13.967171,-8.430496,4.9139323,-1.3330091,-18.380604
1925,32.083333333333336,0.0104451375,0.0,3136.7047250599544,510.44404067018326,1886.7842860849394,3331.573897610696,0.01857034474584411,0.0727455930723943,13.751228996802553,-395.53577,99.55284,0.43300334,18.9578,32.077534,-3.7007842,-21.754765,-16.953691,-24.58125,-14.75884,6.002348,0.29156858,-18.524868
1926,32.1,0.009701527,0.0,2375.097353710082,463.0565380163939,1879.6611513457237,2762.624478356433,0.01857034474584411,0.0727455930723943,13.751228996802553,-364.4966,125.75225,9.4530945,15.460241,30.816704,10.237302,-20.336575,-28.307539,-24.99372,-0.762834,6.0939007,-8.390432,-21.574478
1927,32.11666666666667,0.0176581,0.0,5078.368291095542,558.3553793754121,1900.0646597121631,2815.8314956466443,0.01857034474584411,0.0727455930723943,13.751228996802553,-346.13303,69.86058,-18.293184,56.118977,9.2065735,-5.9227314,2.6507962,-27.544415,-35.053154,17.608341,13.594273,-4.995887,-14.018134
1928,32.13333333333333,0.023767402,0.0,7322.67592441033,674.0644974148051,1926.8478833768852,3710.3145433447503,0.01857034474584411,0.0727455930723943,13.751228996802553,-297.37988,-14.341071,-17.943813,81.90393,-32.708164,-17.332619,-10.837156,-23.565514,-55.93444,13.297825,14.34873,3.0485332,-14.410308
1929,32.15,0.03343382,0.0,9039.16273542324,665.6597749196713,1962.3370447233324,3721.672565980526,0.01857034474584411,0.0727455930723943,13.751228996802553,-287.44366,-53.313286,-11.248795,72.86869,-33.731243,-0.65526766,-16.698586,-13.043901,-50.530975,24.121536,9.623232,6.9669123,-19.897667
1930,32.166666666666664,0.038338836,0.0,9606.67367535794,666.1245754080928,2080.988679345996,3580.8036327979676,0.01857034474584411,0.0727455930723943,13.751228996802553,-288.1801,-77.51667,-9.170694,79.046524,-31.708153,4.973432,-16.430397,-10.032763,-44.821354,24.83696,4.3975897,4.584115,-19.37527
1931,32.18333333333333,0.048576877,0.0,9309.180507409925,979.9525401291701,2298.0366344854974,3845.297623180619,0.01857034474584411,0.0727455930723943,13.751228996802553,-277.66702,-86.019684,-22.424408,74.436874,-40.311867,-4.22451,-16.400093,-5.7265835,-53.39634,12.708189,6.2577143,6.7919326,-22.497982
1932,32.2,0.05434493,0.0,8999.206986512032,1970.6156470021028,3666.7160068372314,4565.3435218868135,0.01857034474584411,0.0727455930723943,13.751228996802553,-270.89676,-91.874664,-28.580976,74.54933,-42.62314,-11.181666,-12.738886,3.1888378,-55.80227,16.801243,1.6754774,-0.27368248,-21.329222
1933,32.21666666666667,0.051865768,0.0,8934.062787986579,1681.8418597217576,3382.332788373852,4353.582854086456,0.01857034474584411,0.0727455930723943,13.751228996802553,-263.6281,-81.90988,-35.915382,69.81429,-27.714317,-9.575077,-12.662287,-0.89469546,-60.46361,11.328419,6.8810415,7.0048003,-27.788345
1934,32.233333333333334,0.035952117,0.0,8654.027583247469,496.5891345199841,1977.0550068880755,3706.8158024557565,0.01857034474584411,0.0727455930723943,13.751228996802553,-254.05774,-41.351505,-30.765419,61.609406,-18.15076,-11.021634,-16.825346,-13.193186,-64.17614,2.2189662,2.4766579,13.792532,-27.87983
1935,32.25,0.01680535,0.0,7401.48026406941,674.7106652000036,1876.0165769426458,3636.283069703748,0.01857034474584411,0.0727455930723943,13.751228996802553,-326.24716,16.067966,-30.39756,30.520817,-14.083302,-12.723179,-7.012728,-9.9473,-50.13392,-8.925576,1.5964917,7.013809,-15.966689
1936,32.266666666666666,0.005024993,0.0,7106.632596889782,628.8564054810272,1710.8319646348023,3380.0493559489864,0.01857034474584411,0.0727455930723943,13.751228996802553,-382.50986,40.346367,-18.15895,5.221608,-16.591763,-22.417133,-5.6503153,-5.352955,-44.588326,-21.10479,-3.4158316,3.5752707,-9.952696
1937,32.28333333333333,0.0033631832,0.0,7194.985399266108,763.7494292586742,1660.793185661432,3415.856583563147,0.01857034474584411,0.0727455930723943,13.751228996802553,-405.6202,47.04225,-9.76179,-1.389588,-17.491604,-25.472834,-3.03272,4.4094324,-33.15133,-18.1912,-2.6021526,4.388847,-9.488109
1938,32.3,0.0024862585,0.0,7561.885020603582,936.5210412207426,1738.0908525897526,3482.5811744135967,0.01857034474584411,0.0727455930723943,13.751228996802553,-429.64117,52.541023,0.19844228,-3.1542215,-8.006955,-10.376667,15.351428,3.3562803,-31.270943,-13.928758,-0.69185895,6.1346436,-8.689386
1939,32.31666666666667,0.0019981177,0.0,8563.082395554953,979.6258642824747,1741.037493329114,3413.8330186186213,0.01857034474584411,0.0727455930723943,13.751228996802553,-450.58087,41.984863,-0.19635399,-15.318281,-7.50819,-6.5483484,12.376222,5.150206,-24.157766,-9.92172,2.8884258,5.450903,-14.21884
1940,32.333333333333336,0.0019426666,0.0,9665.577380995252,975.4693585784702,1695.834120787598,3398.758935495769,0.01857034474584411,0.0727455930723943,13.751228996802553,-467.68338,30.417198,5.926166,-13.942453,-3.6472592,3.5949583,19.333445,-3.7450593,-29.006119,-12.379042,-5.546422,7.44916,-6.9865017
1941,32.35,0.002118405,0.0,11588.761388892955,1235.8468993588845,1732.8214914427424,3482.9609338831715,0.01857034474584411,0.0727455930723943,13.751228996802553,-469.96838,17.289682,13.203089,-12.931338,2.2670488,7.7629104,22.925133,-0.3284994,-22.698689,-4.8770185,-5.1746626,9.401888,-12.125601
1942,32.36666666666667,0.0025308884,0.0,12634.42752797166,980.1149738406084,1754.6556574374374,3327.464292772371,0.01857034474584411,0.0727455930723943,13.751228996802553,-473.31467,-6.089301,11.548372,-12.301055,-4.1085167,7.692544,21.12889,3.428039,-13.013084,0.74106,-6.493276,13.1926155,-10.795404
1943,32.38333333333333,0.0030064988,0.0,12644.272376763613,1062.9794097833992,1875.807409244403,3280.529821865156,0.01857034474584411,0.0727455930723943,13.751228996802553,-455.482,-15.535302,12.494036,0.29793227,-3.5843344,6.898673,13.527996,2.1523597,-18.862812,2.7838368,-2.7278266,10.418184,-18.529469
1944,32.4,0.0031521635,0.0,12593.840381956792,1671.9623830200744,2353.638677036034,3375.4500644677223,0.01857034474584411,0.0727455930723943,13.751228996802553,-448.84216,-29.5114,3.794537,0.824179,-2.872157,9.521042,7.137404,3.6715372,-20.249834,2.7039814,-6.5058756,11.079124,-15.584891
1945,32.416666666666664,0.003041141,0.0,13047.544595481988,1295.567777260988,1855.2183610734312,3202.2220019903752,0.01857034474584411,0.0727455930723943,13.751228996802553,-468.7122,-24.388786,11.56603,0.78398186,2.8889809,4.043538,8.752462,9.806754,-10.995699,2.584539,-9.296562,7.2880507,-15.083122
1946,32.43333333333333,0.0028124752,0.0,13081.864808633674,1309.8104268769202,1894.5343605458897,2993.0006848655826,0.01857034474584411,0.0727455930723943,13.751228996802553,-467.8863,-25.283386,15.055843,0.8106525,-0.33198905,2.35178,3.2778628,6.7825747,-14.624897,-2.1465497,-14.402717,4.8718433,-13.449074
1947,32.45,0.002854523,0.0,13189.654217034318,1109.3378598338074,1846.7970259726817,3026.888213897752,0.01857034474584411,0.0727455930723943,13.751228996802553,-469.0937,-20.633396,14.728615,-6.3671994,-3.6154718,-4.7243834,-2.5401614,7.2367396,-10.309421,2.1768153,-16.240726,7.7070627,-9.878362
1948,32.46666666666667,0.0028311694,0.0,13193.031882448247,1157.2062985752536,1991.6961613227109,3015.5470489353734,0.01857034474584411,0.0727455930723943,13.751228996802553,-474.8139,-22.173075,7.973607,-13.520519,-1.179186,6.6531577,4.715576,8.455681,-7.155828,8.948011,-15.596997,4.2810407,-8.259042
1949,32.483333333333334,0.0030237625,0.0,13396.29805596325,1180.0114346973282,2002.5498878267858,2940.3822989894966,0.01857034474584411,0.0727455930723943,13.751228996802553,-472.23468,-22.518925,18.227062,-7.734601,1.8064113,8.787275,1.5419856,10.353888,-0.13297558,11.6721,-18.44474,6.022694,-5.440488
1950,32.5,0.0028831009,0.0,13785.234075968774,1179.0285501744281,1887.9398239654258,3006.5387612118025,0.01857034474584411,0.0727455930723943,13.751228996802553,-476.07068,-21.712042,20.418049,-12.882174,-5.846828,5.8378987,2.1483958,7.6644554,-7.5456114,4.671666,-23.517315,2.952887,-6.539459
1951,32.516666666666666,0.0024364232,0.0,13446.494290874769,1192.521841186206,1834.501298235731,2943.3079106161526,0.01857034474584411,0.0727455930723943,13.751228996802553,-495.7363,-17.880024,17.565613,-12.052254,-4.5428433,4.3317423,1.9126487,7.6407585,-3.3652935,3.2527995,-16.131855,3.8462703,-8.144991
1952,32.53333333333333,0.0016779724,0.0,12940.131180456854,1233.3818836488254,1462.3497665608943,2962.9804680128736,0.01857034474584411,0.0727455930723943,13.751228996802553,-499.84543,-8.336971,17.558018,-9.447414,-3.2663908,1.2380602,5.4060125,9.947087,0.45883983,2.267993,-16.483643,0.34172785,-9.338356
1953,32.55,0.0012523154,0.0,12289.56592686679,1269.8183357076007,2564.8406793199447,3403.7563818834865,0.01857034474584411,0.0727455930723943,13.751228996802553,-508.56418,3.1945906,19.74736,-0.28544492,7.9724874,5.1430035,8.79147,10.852835,1.1931043,5.9516964,-8.848538,3.7401347,-4.553163
1954,32.56666666666667,0.000912816,0.0,11966.143576534414,1282.494409707021,2642.530002949346,3005.3631550129953,0.01857034474584411,0.0727455930723943,13.751228996802553,-514.9491,9.248564,16.008375,2.8981123,8.9574375,4.3616467,8.71976,7.9191666,3.6825557,3.5440555,-4.566089,1.4890542,-3.7529137
1955,32.583333333333336,0.0006940675,0.0,11937.934698668476,1179.5387300226369,2399.120886626546,3378.595191289553,0.01857034474584411,0.0727455930723943,13.751228996802553,-521.79517,4.984193,9.247612,1.4069202,5.673262,2.6456633,6.8831654,6.4963427,5.9192467,5.3918486,0.6388671,3.0472145,-1.3384011
1956,32.6,0.00056983996,0.0,11876.08304022055,1104.2014254666742,2357.4820362934047,3312.6559347440907,0.01857034474584411,0.0727455930723943,13.751228996802553,-525.1006,4.3637123,6.1120486,2.101089,3.7376907,1.817519,3.801581,3.3729959,3.5934834,3.0214648,0.95765895,1.0585419,-1.3868706
1957,32.61666666666667,0.00047403882,0.0,11286.79285435283,1046.6723771290215,2114.5258463652585,3294.641826961414,0.01857034474584411,0.0727455930723943,13.751228996802553,-525.0797,6.534861,6.648983,4.5871797,4.583996,3.407865,3.8830698,3.4180682,3.3502688,2.6983933,1.7584155,1.4502493,0.6921058
1958,32.63333333333333,0.00040591104,0.0,11049.71919448679,1225.7491853778267,2383.625478321967,3391.5515158665526,0.01857034474584411,0.0727455930723943,13.751228996802553,-526.4983,5.7747345,5.3273,4.8793464,4.659856,4.7113457,4.8664265,4.8713007,4.5690174,4.01322,3.4325678,3.0708122,3.0150166
1959,32.65,0.00035347033,0.0,10844.218482810818,1181.4930992911645,2391.581416084595,3501.041443903402,0.01857034474584411,0.0727455930723943,13.751228996802553,-528.2349,3.4647985,3.3472102,3.1657944,2.9402661,2.6943336,2.4525015,2.2368462,2.0642412,1.9444613,1.8792686,1.8628261,1.8831092
1960,32.666666666666664,0.0003538704,0.0,10186.642947150796,805.8278366229581,1888.743926350618,2766.33350585252,0.01857034474584411,0.0727455930723943,13.751228996802553,-525.535,7.2002726,6.844331,6.2978373,5.6227264,4.890892,4.172678,3.5260615,2.9884715,2.5726123,2.2670488,2.0410614,1.8529382
1961,32.68333333333333,0.0003470986,0.0,9981.52042630347,1146.5174983578409,1976.1982159045142,3187.4006921318614,0.01857034474584411,0.0727455930723943,13.751228996802553,-523.9974,9.314713,8.782505,7.955415,6.915018,5.760182,4.5943594,3.512755,2.590992,1.8769752,1.3868572,1.1056817,0.9922448
1962,32.7,0.00036098203,0.0,10089.52607434928,1260.4708113304018,2130.7622005187986,3238.230467062373,0.01857034474584411,0.0727455930723943,13.751228996802553,-526.11536,6.4088583,6.132805,5.6939025,5.122187,4.4563127,3.7405548,3.0213346,2.3436441,1.7476647,1.2657194,0.9200436,0.72128534
1963,32.71666666666667,0.00033022487,0.0,9734.732942404476,1196.711163726999,2320.1295024311707,3431.2965227168443,0.01857034474584411,0.0727455930723943,13.751228996802553,-525.04065,7.8463573,7.3458138,6.5984545,5.703395,4.753417,3.8177013,2.941465,2.1581514,1.5026634,1.0145876,0.72766316,0.65169287
1964,32.733333333333334,0.00034719956,0.0,10457.211187901883,1064.6460445803793,2212.3799673380604,3424.633035062521,0.01857034474584411,0.0727455930723943,13.751228996802553,-529.1008,2.2680922,2.2299619,2.1678076,2.0836248,1.9800632,1.8602471,1.7276273,1.5857713,1.4381846,1.2881224,1.1384312,0.9914185
1965,32.75,0.0003450719,0.0,10339.818658671022,1253.4881805114599,2288.629678245319,3593.8098073787014,0.01857034474584411,0.0727455930723943,13.751228996802553,-527.50836,3.507028,4.28389,3.1151967,3.648375,2.5330625,2.9001713,2.048276,2.3229785,1.872037,2.0595605,2.0246253,2.0479398
1966,32.766666666666666,0.00043169095,0.0,10361.609314002442,1044.3099443349884,2057.643185111782,3221.9963256601586,0.01857034474584411,0.0727455930723943,13.751228996802553,-526.048,6.248765,5.7096233,4.6885643,3.7898135,2.7501116,2.0078812,1.2386372,0.72509867,0.24869868,0.05209202,0.06845799,0.38146397
1967,32.78333333333333,0.00060573046,0.0,10531.228539017751,994.6218126215399,2010.0318480407952,3115.9490686105137,0.01857034474584411,0.0727455930723943,13.751228996802553,-516.3983,14.972711,12.348957,3.8112335,2.9216526,0.24062568,3.8793707,4.398081,6.6841965,5.2550163,3.1799219,0.2872268,-2.492991
1968,32.8,0.0009875211,0.0,13133.546519383952,1108.788853264319,2283.3070264195135,2747.6274874202477,0.01857034474584411,0.0727455930723943,13.751228996802553,-518.31573,4.6685762,14.723961,2.7856843,11.115047,2.3556561,6.0349607,1.3071845,1.6419828,2.8019454,-1.059263,3.955738,-2.681303
1969,32.81666666666667,0.001099206,0.0,14019.385945950069,1101.0719932883285,2153.207468413795,3406.3899060279664,0.01857034474584411,0.0727455930723943,13.751228996802553,-514.65753,3.2636936,20.792158,2.908897,15.636636,2.624528,8.763818,2.9686728,2.0225382,4.224691,-3.0999813,6.1287107,-5.931403
1970,32.833333333333336,0.0010177011,0.0,13909.098273862262,859.5682077201365,2134.5474724150436,3524.9663963858557,0.01857034474584411,0.0727455930723943,13.751228996802553,-521.78314,-0.16853577,11.701117,0.14323197,9.186332,0.8820796,5.792467,2.1636457,2.3944814,3.9447465,-0.27649185,5.9225063,-1.8536719
1971,32.85,0.0006769232,0.0,13294.448647246818,1178.0582697530115,2321.19010826527,3225.9375627380778,0.01857034474584411,0.0727455930723943,13.751228996802553,-522.799,2.844603,10.598228,2.9981794,9.036102,3.4235585,6.8535204,3.980619,4.27215,4.4072294,1.6441686,4.6234035,-0.60239756
1972,32.86666666666667,0.00057707645,0.0,12904.576904050173,891.6536354579566,1988.8511020249264,3218.3546904538266,0.01857034474584411,0.0727455930723943,13.751228996802553,-525.8266,1.4003403,6.5542717,1.5838894,5.5552607,1.9338049,4.114481,2.4125729,2.511734,2.9585996,1.0408423,3.4858494,-0.05687876
1973,32.88333333333333,0.00046956056,0.0,11845.463724136765,956.3666456677996,2231.6539273262965,3202.017357577211,0.01857034474584411,0.0727455930723943,13.751228996802553,-525.0069,6.7390575,7.4956913,5.819748,5.9741616,4.3294263,4.0105247,2.7763739,2.157207,1.5659223,0.761778,0.8190683,-0.14229518
1974,32.9,0.00041378787,0.0,10460.744301839233,1282.314801412768,2508.4729880347545,3699.925729320975,0.01857034474584411,0.0727455930723943,13.751228996802553,-523.36383,10.224197,9.72987,8.956524,7.970824,6.8500957,5.6708097,4.4989653,3.3841782,2.358305,1.4382178,0.6312078,-0.058970533
1975,32.916666666666664,0.00037777834,0.0,10597.297609643672,1179.3340721708198,2048.87577833206,3340.5854363104318,0.01857034474584411,0.0727455930723943,13.751228996802553,-524.8064,7.783577,7.8657923,6.8881564,6.555375,5.385475,4.8192387,3.7242837,3.1240358,2.3224077,1.817474,1.4045472,1.0103296
1976,32.93333333333333,0.00035718217,0.0,10214.922924620003,1094.9308276393012,2110.3221721179166,3236.217132964639,0.01857034474584411,0.0727455930723943,13.751228996802553,-527.1828,4.9515514,4.8285947,4.63295,4.377596,4.078912,3.75522,3.4251876,3.106351,2.813735,2.5587695,2.3484352,2.1847754
1977,32.95,0.00034097087,0.0,9494.398605263925,888.6481281208257,1968.4122421910226,3044.4490157207138,0.01857034474584411,0.0727455930723943,13.751228996802553,-525.10266,7.8039865,7.432879,6.883063,6.236825,5.575611,4.9611707,4.4257174,3.973181,3.589064,3.2535129,2.9512882,2.6749742
1978,32.96666666666667,0.0003290048,0.0,9539.435736919924,970.6960330709134,2194.9438950905374,3215.244697651191,0.01857034474584411,0.0727455930723943,13.751228996802553,-525.4023,7.341481,6.8580713,6.1368694,5.288556,4.439055,3.7071455,3.1836743,2.9162154,2.901917,3.0897484,3.39156,3.69975
1979,32.983333333333334,0.00032847532,0.0,9484.724418520787,1139.1091597482944,2318.983991581585,3003.141171776233,0.01857034474584411,0.0727455930723943,13.751228996802553,-525.42926,7.415613,7.2447066,6.966834,6.592146,6.1342154,5.6095114,5.036645,4.4356213,3.826945,3.2308578,2.6664124,2.1507502
1980,33.0,0.00031068933,0.0,10024.183100157796,731.8150663939864,1897.175704545732,2534.303161660617,0.01857034474584411,0.0727455930723943,13.751228996802553,-526.79895,5.46142,5.243086,4.899314,4.4577756,3.952551,3.4201834,2.8955772,2.4082205,1.9792185,1.6194805,1.3292696,1.0991186
1981,33.016666666666666,0.00031435513,0.0,9725.558408687717,887.2964336521904,2354.4181968977587,2743.3498604445017,0.01857034474584411,0.0727455930723943,13.751228996802553,-526.20483,6.2132053,5.749566,5.057308,4.235279,3.3858066,2.5934043,1.9119791,1.3629307,0.9423272,0.6322172,0.41061616,0.25630105
1982,33.03333333333333,0.00032135213,0.0,10048.908949492308,947.1899242280296,2132.0273758258527,3194.0931371444385,0.01857034474584411,0.0727455930723943,13.751228996802553,-526.6195,5.673379,5.3378572,4.825186,4.1980314,3.531001,2.8999195,2.3710845,1.9920646,1.7854811,1.7465904,1.8450357,2.0303974
1983,33.05,0.0003262597,0.0,10123.016193992244,1253.0322592632829,2298.9275732861597,2995.0137536993907,0.01857034474584411,0.0727455930723943,13.751228996802553,-526.5497,5.8311787,5.6640005,5.4039774,5.076169,4.710552,4.337764,3.9850025,3.6724973,3.4112136,3.2020679,3.0367293,2.899892
1984,33.06666666666667,0.00032049327,0.0,9975.9155954842,1367.5259057100623,1903.6912006515931,2595.6399555030644,0.01857034474584411,0.0727455930723943,13.751228996802553,-526.28284,6.199398,6.0031695,5.689588,5.2777405,4.7922482,4.261344,3.7147245,3.1812906,2.68701,2.2530184,1.8941824,1.6181805
1985,33.083333333333336,0.0003005406,0.0,10741.963351559687,1283.1342004596618,2285.840438997458,3446.487335213843,0.01857034474584411,0.0727455930723943,13.751228996802553,-527.55566,4.4166203,4.2705956,4.03533,3.7225165,3.3475847,2.928886,2.4866385,2.0418391,1.615068,1.2254634,0.8896067,0.6206883
1986,33.1,0.0003181755,0.0,9966.809907138484,1162.5273005602996,2283.013819437379,3365.598640153093,0.01857034474584411,0.0727455930723943,13.751228996802553,-527.5956,4.338143,4.135428,3.8330188,3.470769,3.0854158,2.704629,2.3483667,2.0349154,1.785664,1.6240796,1.5681751,1.6208333
1987,33.11666666666667,0.0003441482,0.0,9637.181575437478,1169.9143047139019,2214.325091430078,3226.4170171186033,0.01857034474584411,0.0727455930723943,13.751228996802553,-526.47437,5.888514,5.6285667,5.35756,5.2085223,5.220443,5.314213,5.344618,5.195015,4.8535533,4.421941,4.051097,3.84517
1988,33.13333333333333,0.0003485925,0.0,9292.340595585852,1235.428230449274,2475.4284022151087,2976.394650258761,0.01857034474584411,0.0727455930723943,13.751228996802553,-524.3901,8.721951,8.114859,7.2547274,6.2756243,5.257264,4.229641,3.2217588,2.2998197,1.5530689,1.037519,0.73006725,0.539482
1989,33.15,0.00052037684,0.0,11383.930381483071,1169.45636770767,2304.7296990113364,3223.31374918016,0.01857034474584411,0.0727455930723943,13.751228996802553,-525.99945,3.8101592,5.8526583,3.0389633,3.8158724,1.7269007,1.5272478,0.31171772,-0.05367136,-0.6657582,-0.49907142,-0.7773484,-0.05695024
1990,33.166666666666664,0.0015922417,0.0,14912.252891597745,1217.7032239395508,2132.2682693949305,3211.24475363892,0.01857034474584411,0.0727455930723943,13.751228996802553,-520.90826,-3.8587708,12.003898,-1.9371786,8.862032,-0.9307067,6.802043,-0.45749876,4.6834083,1.0535727,2.5908928,2.2922387,1.6808689
1991,33.18333333333333,0.0015977295,0.0,15069.13008479133,1203.9870850743814,2071.376639769707,3319.3417010138414,0.01857034474584411,0.0727455930723943,13.751228996802553,-519.2386,0.0016200021,15.185072,-0.12627652,12.407755,-0.21446182,8.732752,-0.035033025,4.99766,0.5673797,1.6717995,1.6043241,-1.1537741
1992,33.2,0.00063559343,0.0,12950.938910788525,1131.18686919077,2208.3428277684156,3252.6345822475505,0.01857034474584411,0.0727455930723943,13.751228996802553,-524.7026,3.5334363,7.891675,2.9262433,6.233038,1.9512372,3.966228,0.9761332,1.6358745,0.33142182,-0.30126053,0.1727581,-1.6060524
1993,33.21666666666667,0.00046293534,0.0,11942.42245927984,0.0,0.0,0.0,0.01857034474584411,0.0727455930723943,13.751228996802553,-522.09094,9.475694,11.078491,7.66075,8.317285,5.053757,5.233858,2.928554,2.93883,1.9045928,1.6428874,1.6403825,0.7606299
