Frame,Time_Seconds,Volumen_RMS,Pitch_F0,Centroide_Espectral,Formante_F1,Formante_F2,Formante_F3,Jitter_Global,Shimmer_Global,HNR_Global,MFCC_1,MFCC_2,MFCC_3,MFCC_4,MFCC_5,MFCC_6,MFCC_7,MFCC_8,MFCC_9,MFCC_10,MFCC_11,MFCC_12,MFCC_13
0,0.0,2.296917e-06,0.0,8536.903225271393,0.0,0.0,0.0,0.016091630377224445,0.06403854314183756,17.354868380743728,-519.1675,0.0,0.0,0.0,0.0,0.0,0.0,0.0,0.0,0.0,0.0,0.0,0.0
1,0.016666666666666666,0.00019647715,0.0,4541.936791665485,0.0,0.0,0.0,0.016091630377224445,0.06403854314183756,17.354868380743728,-519.1675,0.0,0.0,0.0,0.0,0.0,0.0,0.0,0.0,0.0,0.0,0.0,0.0
2,0.03333333333333333,0.00047501028,0.0,3163.584197886059,870.0542782875024,2338.5860301891685,3869.3268588699607,0.016091630377224445,0.06403854314183756,17.354868380743728,-509.53293,13.191586,11.983444,10.251631,8.330281,6.540059,5.1005034,4.0790825,3.392058,2.8541672,2.2586243,1.458241,0.42049783
3,0.05,0.00066444837,0.0,3199.081132803109,881.0950238605288,2204.0415401848713,3927.155632989043,0.016091630377224445,0.06403854314183756,17.354868380743728,-502.78653,20.231096,16.259937,13.828047,8.770367,4.118826,4.423418,4.7795715,3.3990045,4.707316,5.624802,2.2368293,-0.43172985
4,0.06666666666666667,0.0008300627,0.0,3125.117192514414,948.70593704305,2195.816670959553,3979.8587464368816,0.016091630377224445,0.06403854314183756,17.354868380743728,-501.41016,21.959045,18.691751,18.363163,14.530463,9.877905,10.450859,10.246832,6.4094276,5.764486,6.3688784,2.510138,-0.2086179
5,0.08333333333333333,0.0010211744,0.0,2755.7766438358553,783.2305909532062,2179.472770891395,3918.0745830927967,0.016091630377224445,0.06403854314183756,17.354868380743728,-499.22278,26.686808,23.12947,18.880566,14.448914,10.850829,9.108847,8.490431,7.8038774,6.989501,5.8164797,3.610476,0.94228977
6,0.1,0.0010095901,0.0,2884.297633761278,480.49026774237285,2073.0489645482426,3599.521591718701,0.016091630377224445,0.06403854314183756,17.354868380743728,-496.89355,29.795826,25.779625,20.796806,15.28342,10.512359,7.737764,6.2223716,5.0254645,4.301297,3.5027065,1.7974813,-0.08151311
7,0.11666666666666667,0.0010129985,0.0,3144.052846034322,395.74687411859134,2100.256360933714,3603.4696671541005,0.016091630377224445,0.06403854314183756,17.354868380743728,-497.82034,28.071362,23.948893,19.413929,13.466093,8.106606,5.5776615,4.0124307,2.7865052,3.3790011,4.176903,3.7100005,3.7600877
8,0.13333333333333333,0.0009421369,0.0,3179.368001457726,385.1317092313836,2035.1365803065726,3564.7271635673123,0.016091630377224445,0.06403854314183756,17.354868380743728,-497.6133,26.99601,22.631762,20.85955,15.518241,8.783283,7.6749268,7.4788218,3.981307,3.5105247,5.8221817,3.8869557,1.2580242
9,0.15,0.001119808,0.0,3059.1487762793786,1156.0106056137727,2714.23932960413,3689.070009841166,0.016091630377224445,0.06403854314183756,17.354868380743728,-499.62082,26.875515,24.69858,21.45881,17.639816,13.751189,10.221598,7.323864,5.1476164,3.6192572,2.5559173,1.7331476,0.9470402
10,0.16666666666666666,0.0011491183,0.0,3152.652245979367,1712.145578997784,3327.9798725842256,4506.046377619432,0.016091630377224445,0.06403854314183756,17.354868380743728,-498.43182,28.178593,25.94365,23.535164,20.264698,16.8449,14.487461,12.157423,9.111088,6.4787865,4.1960793,1.3994561,-0.83023864
11,0.18333333333333332,0.00085314125,0.0,3967.526557288301,1011.5209050396624,2412.6206701205024,3960.478219263545,0.016091630377224445,0.06403854314183756,17.354868380743728,-503.85648,19.437893,17.258808,17.20602,14.254052,10.10708,9.510021,8.419633,4.5893617,3.2315722,3.3481905,0.278299,-2.178166
12,0.2,0.0008264278,0.0,3810.276869217237,768.2449654792094,2157.973406833565,3440.494417767968,0.016091630377224445,0.06403854314183756,17.354868380743728,-500.20474,24.82083,22.54316,21.789547,18.456093,13.933974,12.206047,9.976824,5.3176174,2.6578314,1.4665852,-2.02847,-4.591613
13,0.21666666666666667,0.0009304426,0.0,4197.042599726278,881.6895545097184,2230.9382090768636,3320.2876255715273,0.016091630377224445,0.06403854314183756,17.354868380743728,-504.06442,19.278522,16.932217,16.1399,12.995092,9.447381,8.899462,7.5354567,4.333844,3.3975935,3.1083992,0.7201661,-0.41544777
14,0.23333333333333334,0.001021197,0.0,3627.5601627733467,1218.315731437857,2400.9929963755285,3925.1440912891167,0.016091630377224445,0.06403854314183756,17.354868380743728,-502.1467,22.275875,18.75639,15.358128,12.029465,9.986628,9.661446,8.760897,6.705414,4.777562,2.4831648,-0.23740602,-1.8791399
15,0.25,0.00096130604,0.0,3187.2715571671874,1218.3644504296162,2245.4330255265772,3844.607980915109,0.016091630377224445,0.06403854314183756,17.354868380743728,-500.77893,23.390884,18.11448,13.705734,10.966543,10.246027,11.130096,10.8872175,8.485191,6.2431,4.917695,3.1132827,1.1833389
16,0.26666666666666666,0.0008305624,0.0,3375.494518704516,1222.1239552319873,2319.9851254005,3930.400317545012,0.016091630377224445,0.06403854314183756,17.354868380743728,-501.94476,21.876158,17.076296,12.863527,9.339905,7.6469193,7.9164753,6.894125,3.8246207,1.2216599,-0.8021953,-2.7564154,-3.1990843
17,0.2833333333333333,0.00074702635,0.0,3124.229986196887,1136.2967998892814,2287.952035307065,3884.625671411055,0.016091630377224445,0.06403854314183756,17.354868380743728,-497.13525,28.572094,22.164097,14.840117,9.071831,5.815477,4.347128,3.0695465,1.0982488,-1.1113641,-2.7479305,-3.5192444,-3.5970924
18,0.3,0.0007428468,0.0,2905.8257738026514,1076.6179304281118,2234.495896674702,3935.1091797182876,0.016091630377224445,0.06403854314183756,17.354868380743728,-498.183,27.865204,23.41669,18.183231,13.529198,10.162138,7.873271,5.715584,3.339668,1.2703571,-0.2249799,-1.2706943,-1.8902881
19,0.31666666666666665,0.0008180801,0.0,2907.651392563002,1096.1643818796358,2240.368585922688,4098.385962858535,0.016091630377224445,0.06403854314183756,17.354868380743728,-499.28687,26.453484,22.145607,16.807487,12.041245,8.620812,6.3337564,4.475667,2.5312734,0.5242203,-1.136195,-2.0700665,-2.2228708
20,0.3333333333333333,0.0008165063,0.0,2802.424602335243,1301.8442894570342,2093.045537624077,4050.9919053574927,0.016091630377224445,0.06403854314183756,17.354868380743728,-499.45554,25.929295,21.957542,18.315804,15.180568,12.680714,10.673936,7.443072,2.891705,-0.37086388,-1.2956741,-1.0654656,-0.1694443
21,0.35,0.0008913635,0.0,2914.9375361952216,1368.811122502623,2140.4110470821456,4067.3555747972555,0.016091630377224445,0.06403854314183756,17.354868380743728,-498.67,25.481373,18.643507,13.72464,11.722258,11.894935,12.709414,11.161612,7.157351,4.17233,2.9212105,1.3623261,-0.05434059
22,0.36666666666666664,0.00091126125,0.0,2920.968959065096,1304.2273188195973,2255.838117510558,4112.877047364159,0.016091630377224445,0.06403854314183756,17.354868380743728,-494.5858,29.375595,22.595036,19.971746,14.216135,9.457921,10.904831,9.212512,3.7595387,3.6306717,4.5106373,1.4163091,0.65934724
23,0.38333333333333336,0.0008234171,0.0,2677.7190830795685,1189.4776242919954,2316.34892245076,4064.3282869370146,0.016091630377224445,0.06403854314183756,17.354868380743728,-495.20728,30.394667,23.90532,18.4063,13.226404,10.215748,10.952633,10.772949,7.2298236,3.903152,1.5708835,-0.87896514,-0.77240837
24,0.4,0.0007307168,0.0,3165.9701491488886,1192.7531908990206,2351.5698497560547,4143.634318601718,0.016091630377224445,0.06403854314183756,17.354868380743728,-500.63315,22.716602,18.556286,16.94471,12.0767765,7.2068143,7.3526077,6.087599,1.8666749,1.2139223,1.684913,-0.50365525,-0.1660378
25,0.4166666666666667,0.0006796164,0.0,3140.093935197361,1192.6628818779789,2376.2009028595635,4196.903439577187,0.016091630377224445,0.06403854314183756,17.354868380743728,-502.90637,21.207188,18.5298,16.475792,12.942087,9.629152,8.743369,7.561876,5.463502,5.0301113,4.8629303,3.3243246,2.837445
26,0.43333333333333335,0.00076215167,0.0,2907.6041993399244,1191.7354811356026,2388.287218989064,4051.537362227648,0.016091630377224445,0.06403854314183756,17.354868380743728,-503.604,21.328724,19.789368,17.884554,15.568084,13.2101555,11.132747,8.883196,6.3884816,4.224779,2.434307,0.9015513,-0.011429012
27,0.45,0.00078299094,0.0,2990.4561016550874,1275.43822521537,2341.1855886497065,3871.4563562888725,0.016091630377224445,0.06403854314183756,17.354868380743728,-500.70642,23.05777,18.051975,14.854877,12.575245,12.605784,14.108477,11.683981,6.017159,1.7014803,-1.4269477,-2.6378372,-0.012126431
28,0.4666666666666667,0.0007515342,0.0,2904.9206701941507,1278.6327396535087,2312.2239798891455,3926.464240019115,0.016091630377224445,0.06403854314183756,17.354868380743728,-502.59125,21.203955,16.98802,13.837562,12.046816,11.803919,12.128598,10.153938,5.936789,2.169146,-0.47967517,-1.9436203,-1.4377233
29,0.48333333333333334,0.0007502943,0.0,2748.078996097639,1259.6533689985577,2326.437499498111,4019.516591469033,0.016091630377224445,0.06403854314183756,17.354868380743728,-499.10477,25.460022,19.429024,14.040846,10.462626,9.52039,10.627982,10.324738,7.345889,4.2672524,2.3189769,1.0037658,0.7611245
30,0.5,0.0007637764,0.0,2968.93413025504,1215.91583310229,2192.849813118855,3736.6260800225605,0.016091630377224445,0.06403854314183756,17.354868380743728,-500.60068,21.797674,14.614849,11.009045,9.465929,10.769091,14.811657,14.09211,7.206378,2.1812797,0.8639331,0.2806576,1.9512253
31,0.5166666666666667,0.0007745373,0.0,2719.5489557815117,1150.049435173036,2200.0489153676403,3740.147240422659,0.016091630377224445,0.06403854314183756,17.354868380743728,-497.1336,27.57683,20.680367,14.604479,9.075438,5.6742506,5.689678,5.316313,2.7572203,0.50256824,-1.8557614,-5.0587406,-5.905708
32,0.5333333333333333,0.0007194641,0.0,2889.5015070668505,1150.2376128780684,2242.462886772372,3945.1834421550375,0.016091630377224445,0.06403854314183756,17.354868380743728,-502.57053,21.707237,18.464512,15.529595,12.059402,9.015058,7.865347,6.82872,4.785521,3.0758688,1.1193789,-1.9856169,-3.8731477
33,0.55,0.00057317124,0.0,3117.183967377268,1196.3583508080055,2291.5665717922607,3953.8434789134717,0.016091630377224445,0.06403854314183756,17.354868380743728,-504.94217,18.399685,14.535244,10.818306,8.145411,6.0720134,4.5335054,4.046454,4.2218494,3.557043,1.3762381,-1.0246978,-2.0085688
34,0.5666666666666667,0.0005314103,0.0,3123.0906518788206,903.0374141936857,1988.286245354287,3133.6252963134148,0.016091630377224445,0.06403854314183756,17.354868380743728,-504.6195,19.315796,16.43272,13.507467,11.119955,8.845068,6.5228357,4.6090765,3.241684,1.8693522,0.22326827,-1.0338814,-1.260981
35,0.5833333333333334,0.0005423861,0.0,3087.7184223683334,699.463555997537,1870.436088539869,2795.0576643281966,0.016091630377224445,0.06403854314183756,17.354868380743728,-504.06363,19.447647,16.260822,13.931608,10.909851,7.571376,5.5857787,3.5922194,0.96645224,-0.59595025,-1.9432908,-4.2924676,-5.167185
36,0.6,0.00057728315,0.0,2846.463179053359,1160.2359948824387,2265.9658511983757,3762.636926750922,0.016091630377224445,0.06403854314183756,17.354868380743728,-503.72052,20.682,18.05003,15.366135,12.929937,10.233784,7.497527,5.749979,5.280275,5.0576262,4.196502,3.1950898,2.983009
37,0.6166666666666667,0.00074548554,0.0,2760.7480261274495,1268.5166610886217,2316.1587650415563,4230.091783257512,0.016091630377224445,0.06403854314183756,17.354868380743728,-500.75433,23.494179,18.262901,14.056818,11.679998,10.0689125,8.281527,5.7906303,3.093476,1.2696917,0.27984348,-0.33458215,-0.12186609
38,0.6333333333333333,0.00086702075,0.0,2436.480922417647,1033.8605806825994,1938.5295374233942,3436.2905052705937,0.016091630377224445,0.06403854314183756,17.354868380743728,-495.92612,30.33818,24.311867,17.910568,13.06063,9.697626,7.113549,5.0624933,3.4474907,1.8662765,0.10022777,-1.3653157,-1.8796308
39,0.65,0.0010528342,0.0,2294.747211408854,654.7585840212502,1419.368546455512,2285.0635982743543,0.016091630377224445,0.06403854314183756,17.354868380743728,-495.9183,30.743168,25.350246,19.032341,13.9074135,10.771638,9.121517,7.966325,6.589358,4.7850533,2.7268848,0.8044841,-0.49821454
40,0.6666666666666666,0.0010599929,0.0,3010.9707640259776,717.1257055040132,1601.4555202876743,2806.624613864444,0.016091630377224445,0.06403854314183756,17.354868380743728,-488.0764,29.002808,17.168919,26.986063,20.88184,2.5195725,7.810153,15.629733,1.4003333,-3.0684881,10.6716175,8.445557,-3.6220582
41,0.6833333333333333,0.00094787084,0.0,2805.878578225974,982.4475333704331,1915.2575040117551,3864.621560901662,0.016091630377224445,0.06403854314183756,17.354868380743728,-495.0405,27.603413,18.697342,16.443241,12.606239,6.2772717,6.655091,9.074879,5.2083645,3.1833441,7.55402,6.854247,-0.32487625
42,0.7,0.0007251141,0.0,2863.9654490430303,1180.6680859661756,1993.446343883472,4002.3643487962468,0.016091630377224445,0.06403854314183756,17.354868380743728,-500.43582,24.24461,19.023808,13.897007,10.658943,8.674004,6.399111,3.5849214,1.591907,1.6344042,3.1755006,4.372523,3.9814405
43,0.7166666666666667,0.0006602687,0.0,2837.5959544381176,1020.0587126799056,1910.7131136001449,3348.8549365380395,0.016091630377224445,0.06403854314183756,17.354868380743728,-498.90924,25.642307,18.725449,12.129722,8.292417,6.305316,4.029515,1.1264207,-0.5084865,0.741681,3.8876834,6.0106273,5.1086435
44,0.7333333333333333,0.0007357394,0.0,2921.650587318544,1157.1390241250133,2045.7655358410227,3131.336690597508,0.016091630377224445,0.06403854314183756,17.354868380743728,-501.33466,22.74625,17.19531,12.290458,10.143324,9.881023,9.343542,7.704243,6.180306,6.143791,7.076414,7.0317516,4.9305687
45,0.75,0.0008417134,0.0,3253.7198388010474,1317.6877486421563,2418.3778826333596,4130.548616853822,0.016091630377224445,0.06403854314183756,17.354868380743728,-503.18985,20.755432,17.725471,15.810803,13.808647,11.631677,10.033734,8.072529,6.376362,6.609093,7.095134,6.0906076,4.947428
46,0.7666666666666667,0.0015521388,0.0,5401.569965318964,1337.8766233917231,2438.8244081516164,4202.907816290468,0.016091630377224445,0.06403854314183756,17.354868380743728,-478.97577,24.12894,0.19147918,18.215302,14.075732,7.656659,24.02996,8.329715,-15.469778,7.3410807,15.8625555,-4.422703,-1.0434201
47,0.7833333333333333,0.001537918,0.0,5764.145014980815,1700.5784632393593,2538.0751531249625,4384.458216832419,0.016091630377224445,0.06403854314183756,17.354868380743728,-463.90918,31.931145,-1.7173349,21.508816,16.508799,6.0802803,27.708439,12.212838,-19.940136,7.7922106,19.660383,-3.4983778,-0.21134022
48,0.8,0.0010811512,0.0,4359.246210872163,1495.3462541545325,2392.794215648099,4005.809261519019,0.016091630377224445,0.06403854314183756,17.354868380743728,-494.483,23.377213,13.31176,18.21122,15.464358,10.272885,14.415037,10.110325,0.89467824,4.6321964,5.8323975,-2.1991043,-0.19930542
49,0.8166666666666667,0.0011171364,0.0,3675.424536252427,1190.1721855494088,1828.6999548786168,3537.0384586477135,0.016091630377224445,0.06403854314183756,17.354868380743728,-492.00372,28.49287,20.85593,24.61416,16.594667,7.442911,13.40241,12.729768,3.6401272,6.5852437,8.812838,0.21229616,-0.23660544
50,0.8333333333333334,0.0013523475,0.0,3914.774831267851,1120.603153840219,1636.4638790292165,3478.8103857603273,0.016091630377224445,0.06403854314183756,17.354868380743728,-473.5442,35.706768,13.192532,26.588768,10.242832,-11.593194,9.040476,16.179928,-4.6654453,-0.9753766,6.8107243,-8.918804,-11.075771
51,0.85,0.0015758056,0.0,3073.5178023722924,1034.9738661812535,1746.120399041049,3300.053071133682,0.016091630377224445,0.06403854314183756,17.354868380743728,-475.0555,50.01643,29.592852,15.299534,0.8608228,-5.7837505,2.7153502,7.867197,2.8744853,1.179543,-0.403814,-7.1969433,-6.385383
52,0.8666666666666667,0.0017848932,0.0,2293.1470215183435,770.0809753307038,1134.3978602233403,2657.824499428982,0.016091630377224445,0.06403854314183756,17.354868380743728,-456.07532,72.47084,37.889008,7.708726,-10.744783,-12.021713,2.4786572,13.351203,9.405015,1.6757221,-2.7887802,-6.133534,-3.588726
53,0.8833333333333333,0.0019032157,0.0,5282.366213390602,780.171288929178,1303.6090580732123,3391.569145774799,0.016091630377224445,0.06403854314183756,17.354868380743728,-447.67932,66.904526,33.699326,10.172787,-16.771358,-13.75701,1.6731795,14.799343,0.46224433,1.7933432,6.459386,-8.204978,7.5665197
54,0.9,0.0016530255,0.0,4624.456742923936,986.6466282685674,1245.196409381104,2948.8763642167114,0.016091630377224445,0.06403854314183756,17.354868380743728,-454.29736,64.227036,26.449322,-1.4021806,-23.487999,-22.232105,-4.4049716,10.27581,1.5036,-0.07995844,4.0634656,-4.0497704,2.0383554
55,0.9166666666666666,0.0013689443,0.0,3547.5966239125282,1135.9101544088546,1550.5610525232466,2465.3821888950333,0.016091630377224445,0.06403854314183756,17.354868380743728,-468.70786,56.63536,27.719343,6.143978,-2.9512827,0.82366747,12.813249,16.851063,7.751634,-0.45022202,-1.6937661,-1.9376459,0.09911078
56,0.9333333333333333,0.0011972307,0.0,3448.650022698728,1000.0318970693335,1585.236560382391,3186.7936661039585,0.016091630377224445,0.06403854314183756,17.354868380743728,-475.00183,51.28006,29.226192,10.219969,-3.8959293,-8.209011,-0.603638,5.597337,3.1210318,0.49455565,-0.3860446,-3.4175432,-3.0480256
57,0.95,0.00117671,0.0,3041.8254120703987,915.367472767515,1559.0430494358584,3103.2494523319674,0.016091630377224445,0.06403854314183756,17.354868380743728,-474.30438,50.891636,27.903667,10.310081,-3.2042499,-7.2812586,2.4807324,9.8455,5.901843,2.45936,1.4196508,-3.6929696,-5.486372
58,0.9666666666666667,0.0031590448,0.0,3465.422897469332,884.6917283661103,1723.2897211154395,3678.739704433065,0.016091630377224445,0.06403854314183756,17.354868380743728,-461.37292,54.95012,25.680973,19.707575,-5.1416693,-20.68465,1.8461602,8.786363,-4.1137533,3.3309655,5.8620887,-9.002024,-5.5368896
59,0.9833333333333333,0.010961248,0.0,4479.631284871766,691.3754795710529,1651.7309540764443,3409.8129924945756,0.016091630377224445,0.06403854314183756,17.354868380743728,-391.76917,91.46651,18.714802,37.15992,5.6776576,-47.766182,-5.18843,11.690765,-8.5963745,3.7075276,5.775545,-9.122487,8.23958
60,1.0,0.06385035,0.0,1922.7355786944888,598.2035217967895,2382.6606661448163,3552.763088758862,0.016091630377224445,0.06403854314183756,17.354868380743728,-347.0347,145.795,51.42537,27.227257,8.64847,-36.78198,-24.389492,-17.991718,-16.255583,0.6648649,-11.330235,-28.059263,-7.767337
61,1.0166666666666666,0.10070976,0.0,1125.947599358538,650.0088931617329,1908.451389492124,2926.1903178205653,0.016091630377224445,0.06403854314183756,17.354868380743728,-261.0821,203.53793,16.665846,15.198179,19.190145,-42.05382,-37.044266,-15.402896,-18.200916,-2.7037272,-1.9751806,-23.819916,-6.050456
62,1.0333333333333334,0.12967244,137.07739108045422,1200.4481606607512,687.4584291134754,1928.0656835465463,2965.026149736394,0.016091630377224445,0.06403854314183756,17.354868380743728,-229.23514,216.71774,-4.9655466,11.9227085,17.74487,-48.75741,-32.97072,-3.8752131,-20.70414,-3.332366,6.125347,-17.896952,-4.015128
63,1.05,0.13688326,134.53511182218952,1316.2240192337158,711.0104760753475,1898.782663547531,3025.4265604991974,0.016091630377224445,0.06403854314183756,17.354868380743728,-210.33247,217.67001,-8.501678,4.224968,18.466362,-44.590828,-31.98012,8.345974,-26.15829,-1.4930346,9.065107,-10.332835,-3.0834377
64,1.0666666666666667,0.13800035,133.26852616987637,1349.1138681248572,741.9330847731193,1797.3126884620929,3104.850264351872,0.016091630377224445,0.06403854314183756,17.354868380743728,-206.44724,215.43234,-10.178586,-3.446732,15.745944,-36.030403,-31.069126,18.195797,-23.12946,-7.1814976,5.7853756,-6.561904,0.6516477
65,1.0833333333333333,0.14115483,131.83579114364156,1447.0601226632848,727.3027863177116,1677.375218961714,3168.757705582046,0.016091630377224445,0.06403854314183756,17.354868380743728,-192.65181,220.50859,-11.538113,3.231261,16.852848,-39.49707,-19.388565,25.250538,-27.260994,-8.156053,12.4742985,-2.0345998,4.08461
66,1.1,0.12954722,130.1983375056871,1493.3252542126072,668.8049091017306,1533.7766189972297,3215.3188563392227,0.016091630377224445,0.06403854314183756,17.354868380743728,-199.93988,215.17151,-15.452475,2.13278,19.657557,-41.208424,-14.583588,27.085747,-25.017006,-19.815832,7.8836875,5.451555,6.1446686
67,1.1166666666666667,0.12816757,129.60677628640508,1404.1024151423594,621.8033046468508,1364.7601154456277,3283.4940035609825,0.016091630377224445,0.06403854314183756,17.354868380743728,-224.91127,212.83432,-8.50162,-6.206971,5.7816286,-43.76448,-16.38541,34.794235,-18.395018,-34.939827,-6.3509817,4.736561,3.8496366
68,1.1333333333333333,0.11931092,129.7135594633048,1057.0567142581117,574.8443271251309,1186.1657573398224,3329.818165537481,0.016091630377224445,0.06403854314183756,17.354868380743728,-259.38568,213.49048,16.12381,-8.548595,-7.466823,-42.89746,-20.697725,26.546242,-3.231793,-28.118462,-9.254888,-2.512826,-6.498589
69,1.15,0.10945521,129.2016951084249,946.8577172110711,481.7686896088507,1098.5424984903977,2937.9931439396532,0.016091630377224445,0.06403854314183756,17.354868380743728,-297.3513,194.23224,32.080677,-6.925269,-3.074152,-20.694763,-19.718372,12.631325,-3.2851653,-20.245592,-6.5565386,-9.226993,-13.3609295
70,1.1666666666666667,0.1031035,184.1758944684532,968.9569388398729,384.5001005256064,1057.244046213886,2352.9635618361476,0.016091630377224445,0.06403854314183756,17.354868380743728,-318.34128,176.9007,31.134888,-7.0310726,-3.3686764,-16.316484,-19.42281,6.8413153,-6.7050505,-19.37294,-5.1367574,-13.212952,-16.96773
71,1.1833333333333333,0.10472981,261.25463779574784,947.3979248876578,319.7795242348946,931.5056628152282,2330.0106072595318,0.016091630377224445,0.06403854314183756,17.354868380743728,-341.0984,161.43887,39.0306,-2.0486171,-2.266591,-6.9941473,-12.097063,7.2814074,-7.284795,-15.629547,-3.582892,-11.932429,-10.433737
72,1.2,0.10364469,261.68676695346306,927.4158147941263,303.1699217593352,850.6692456185124,2291.0599600451364,0.016091630377224445,0.06403854314183756,17.354868380743728,-350.79523,156.5412,45.38282,7.920791,-0.68275905,-12.73587,-12.313867,6.3438005,-8.064972,-12.1364355,1.6259257,-9.905162,-14.80324
73,1.2166666666666666,0.099098675,260.9159533388595,919.593638916586,318.01445054628766,870.2597468479875,2198.8492476623355,0.016091630377224445,0.06403854314183756,17.354868380743728,-354.84067,154.7195,49.0607,8.952491,-3.6839535,-11.105015,-7.9501405,9.255838,-7.587286,-14.352154,1.5799557,-11.051952,-14.319736
74,1.2333333333333334,0.09591605,260.1298675752754,950.7687963122315,360.6132538859269,880.7455614322007,2115.8840752661013,0.016091630377224445,0.06403854314183756,17.354868380743728,-352.71136,157.31293,49.68881,2.2306395,-9.337584,-11.775261,-12.311896,5.8663344,-7.74747,-11.087893,5.4203305,-5.314071,-7.8372984
75,1.25,0.099018574,260.3388127922005,885.322883542236,410.60462036506965,878.5644122294644,2193.114166992776,0.016091630377224445,0.06403854314183756,17.354868380743728,-348.03976,164.60672,53.543587,1.1651144,-11.768107,-13.888239,-15.415545,0.44122982,-11.272982,-13.646845,0.9344187,-13.290265,-17.73486
76,1.2666666666666666,0.09946491,260.830644794556,819.200371768515,423.28837037183985,900.4598440442064,2265.168347893198,0.016091630377224445,0.06403854314183756,17.354868380743728,-353.98016,162.25162,54.711647,1.2082665,-10.664272,-12.628437,-15.185564,-1.1862693,-7.646558,-10.432763,-3.975429,-16.144285,-13.253531
77,1.2833333333333334,0.101714335,260.7550035952072,856.0764203991675,396.7847208638343,881.139532453345,2262.321065245088,0.016091630377224445,0.06403854314183756,17.354868380743728,-353.7662,160.1866,52.140068,-2.62623,-16.79404,-19.165594,-18.93924,1.0920565,-5.4426184,-5.2273245,6.6756134,-3.5804708,-6.860726
78,1.3,0.10405123,261.2157325807772,867.9547598505475,375.6870306871476,813.1541331431106,2194.215461605284,0.016091630377224445,0.06403854314183756,17.354868380743728,-360.30502,155.9856,53.229813,-1.2593637,-16.930557,-20.492872,-19.83779,-0.8840641,-8.130111,-8.134203,6.6445103,-0.5404207,-7.35748
79,1.3166666666666667,0.10205654,261.6275876522824,843.4926153866024,371.91224300224286,807.910337913438,2158.887931025103,0.016091630377224445,0.06403854314183756,17.354868380743728,-354.32004,164.98192,59.607903,0.76597613,-21.324924,-27.12017,-21.601906,-3.0517862,-10.9964695,-10.278148,5.0633793,-2.3378222,-10.7167845
80,1.3333333333333333,0.09761618,261.6494445155221,842.4849789233336,384.6678088421151,806.3525587549121,2134.4058086782547,0.016091630377224445,0.06403854314183756,17.354868380743728,-365.7234,153.36133,55.133446,1.440209,-14.645619,-17.289938,-17.170609,-4.358546,-11.387022,-10.553164,3.4616652,-1.0735979,-2.1988325
81,1.35,0.09436005,261.5397285274411,803.5787636113591,413.7554449470995,858.5655457196051,2107.995392623083,0.016091630377224445,0.06403854314183756,17.354868380743728,-363.8616,158.99536,60.758507,3.3555646,-12.846964,-14.470943,-14.773224,-2.8688781,-9.452473,-13.010929,-4.1761007,-8.646936,-10.693881
82,1.3666666666666667,0.0873325,261.5033342056338,762.325303577032,399.7603348857928,907.2042153720947,2284.229710208257,0.016091630377224445,0.06403854314183756,17.354868380743728,-369.19992,156.05818,60.319763,6.7017183,-6.585141,-10.216034,-11.08481,-3.7762733,-7.7180343,-9.686389,-3.8621092,-8.816171,-12.3890505
83,1.3833333333333333,0.08362402,261.9258601698268,773.7926718372671,365.46170582341455,879.4858716574552,2340.255414641104,0.016091630377224445,0.06403854314183756,17.354868380743728,-382.6139,142.99101,53.99946,3.7646952,-9.212488,-13.22232,-11.208061,-2.1327105,-1.3631697,-2.41739,1.0116353,-5.1588984,-12.4916
84,1.4,0.08253371,261.6353594813569,805.3619739639637,351.37310288223216,899.5825612398122,2338.130773524771,0.016091630377224445,0.06403854314183756,17.354868380743728,-372.19824,149.7562,49.78879,-5.191249,-13.735944,-11.047403,-9.185312,-1.468483,-4.823161,-7.755386,-5.70249,-11.853974,-13.975122
85,1.4166666666666667,0.08547012,261.481514537267,779.6572106371167,333.8167149840986,909.0577053455362,2447.1670803901716,0.016091630377224445,0.06403854314183756,17.354868380743728,-364.1838,156.8642,53.207695,0.22473264,-7.051659,-7.409219,-9.5927105,0.7018707,0.09768677,-5.825995,-6.3663297,-12.713005,-11.101284
86,1.4333333333333333,0.0867389,262.219916673843,750.6343976000762,326.65202639580315,914.3270347836136,2479.363651595635,0.016091630377224445,0.06403854314183756,17.354868380743728,-358.73367,164.19699,57.615967,5.892145,-3.9218264,-9.538744,-6.8671927,3.6942716,1.378489,-5.147111,-5.593915,-9.650291,-10.422696
87,1.45,0.08740371,262.11010563945933,744.5632084171822,323.71339358797263,940.9101763738511,2443.0491082683093,0.016091630377224445,0.06403854314183756,17.354868380743728,-358.402,165.15234,58.1421,2.0633454,-7.000104,-7.760353,-7.597883,1.5875899,1.1974341,-5.6931543,-7.6032224,-9.717902,-7.6831636
88,1.4666666666666666,0.0878182,261.56491634034023,702.1695116470745,337.2189497637715,932.9564255804452,2293.11657939462,0.016091630377224445,0.06403854314183756,17.354868380743728,-367.1007,160.90259,62.461155,6.0625143,-8.039861,-10.27216,-4.9348087,2.9508562,1.2394226,-3.2721548,-4.3454294,-8.149598,-11.308607
89,1.4833333333333334,0.09135655,261.76156323096546,693.5899646591057,389.6249987796109,942.1024010337719,2302.6190041739774,0.016091630377224445,0.06403854314183756,17.354868380743728,-368.70453,166.98999,76.11723,7.28318,-17.408928,-13.885293,-5.2951527,0.81417966,-2.672563,-8.495861,-9.530136,-10.404438,-7.392748
90,1.5,0.094034955,261.5888609602392,650.207318592529,428.7861692880062,934.5719490026031,2638.560354839664,0.016091630377224445,0.06403854314183756,17.354868380743728,-367.55038,169.45544,77.86754,7.572951,-16.396915,-14.309675,-10.51293,-4.3071814,-0.62442815,-5.052696,-11.776123,-12.405402,-3.2901988
91,1.5166666666666666,0.10118487,261.14572386030875,642.5996709799615,427.27233741979074,877.7404420632846,2113.5222103861634,0.016091630377224445,0.06403854314183756,17.354868380743728,-364.0253,174.0013,81.23339,10.434332,-15.45133,-17.483742,-14.609355,-5.3083143,2.1104505,-1.3660111,-9.016391,-9.725115,-1.7778273
92,1.5333333333333334,0.10655945,261.1452990864837,694.1211161609766,441.12190924615027,844.1030664757982,2104.843696599008,0.016091630377224445,0.06403854314183756,17.354868380743728,-364.9547,169.73526,77.56871,7.827633,-26.222103,-29.752068,-15.655054,-2.083615,-0.49056268,-1.1228435,-4.0616026,-10.803568,-6.761656
93,1.55,0.10449402,260.89583523894464,753.0200294932756,510.31945475524026,911.5732288652397,3184.570506933623,0.016091630377224445,0.06403854314183756,17.354868380743728,-365.002,164.65189,73.8266,9.840183,-26.778898,-33.590607,-19.08451,0.225725,4.7413054,4.6222425,-3.4720109,-18.633757,-10.853198
94,1.5666666666666667,0.099629216,261.35050655530347,780.3008760534921,588.1946760748727,1080.4828856859226,3183.9188413454876,0.016091630377224445,0.06403854314183756,17.354868380743728,-365.47437,162.53876,71.33008,10.64649,-29.883387,-40.073227,-11.603886,13.367921,4.7198324,-6.4226246,-14.654312,-19.02906,-6.7402115
95,1.5833333333333333,0.096796274,262.1592522596751,786.2057664116976,497.91396004590376,986.3746060771317,3081.69531516765,0.016091630377224445,0.06403854314183756,17.354868380743728,-367.6999,150.65027,58.105423,17.3544,-6.5062704,-24.431545,-12.617672,11.350971,-1.3217117,-18.094833,-15.569046,-9.315326,-0.2773448
96,1.6,0.08466153,259.7828913534483,791.9241286296754,384.43345524843267,727.126155173325,2872.353086240225,0.016091630377224445,0.06403854314183756,17.354868380743728,-369.3187,140.93304,43.14083,26.66886,22.106462,-16.551668,-31.64881,-10.590334,-4.18476,-11.091491,-13.513134,-14.601488,-12.40729
97,1.6166666666666667,0.062598445,248.62200959240457,1005.6970064300206,326.79697077478227,1526.3632148684521,2867.6125974203487,0.016091630377224445,0.06403854314183756,17.354868380743728,-380.84268,131.46089,47.84737,39.726986,37.186016,-10.170638,-36.358505,-5.6474733,11.037099,-6.8319945,-22.204836,-15.051958,-4.586899
98,1.6333333333333333,0.030805701,238.18367219286085,2777.4308820048086,578.7482396419506,2831.4032968331585,3499.19592711478,0.016091630377224445,0.06403854314183756,17.354868380743728,-389.7227,93.90939,14.833424,40.550552,54.923668,3.5431304,-26.308735,22.946392,22.940197,-1.6189253,-17.129982,-15.199332,0.30861142
99,1.65,0.0066247536,0.0,2307.456022327386,907.66056406087,2950.166611871619,4061.852944887556,0.016091630377224445,0.06403854314183756,17.354868380743728,-447.04987,79.44801,43.998924,25.971752,7.2527647,-11.699766,-4.9710474,13.00338,12.477489,4.396207,3.7510097,0.09120929,-5.060501
100,1.6666666666666667,0.0032511535,0.0,2383.3476917854587,808.7296039228302,2739.9907472832087,3960.161699424828,0.016091630377224445,0.06403854314183756,17.354868380743728,-458.82883,72.81884,47.731293,25.429213,6.418501,-5.5427227,-2.6124718,6.716915,8.8090925,6.2565184,4.6226454,0.69534385,-2.9826062
101,1.6833333333333333,0.01842087,0.0,2986.3480514904254,822.3490242011902,2731.4004391591034,3856.3853311158396,0.016091630377224445,0.06403854314183756,17.354868380743728,-369.5004,107.37425,-5.7057285,24.263557,24.10815,-40.853806,-30.809944,17.809622,14.873013,-4.681118,-8.554886,-1.0630597,12.55564
102,1.7,0.027411815,0.0,3277.3716985869387,700.8125268844167,2721.0097739654793,3430.0009309481743,0.016091630377224445,0.06403854314183756,17.354868380743728,-256.73898,138.80983,-44.628983,30.251255,31.082565,-60.221832,-37.853157,25.434803,-3.6524854,-1.3591254,-1.407469,-12.656645,26.6377
103,1.7166666666666666,0.029533833,0.0,3816.248636003876,586.5051453426004,2439.576321768963,3110.7140782074307,0.016091630377224445,0.06403854314183756,17.354868380743728,-296.80804,94.37555,-68.58293,47.63694,63.66214,-32.183716,-28.605333,21.561052,-5.544261,3.5162463,8.8651085,-14.9333515,12.876339
104,1.7333333333333334,0.041639253,0.0,2916.1619617433453,487.9867115302271,2268.4594941605324,2967.3495062404113,0.016091630377224445,0.06403854314183756,17.354868380743728,-331.82605,113.83198,-24.740292,43.624855,73.01938,-8.117982,-18.330936,11.921265,9.981554,19.320103,15.690675,-13.89956,-1.7598807
105,1.75,0.12752198,270.42065633227037,1232.6694284047367,407.7787658540945,2414.5096566164716,3268.0367835125435,0.016091630377224445,0.06403854314183756,17.354868380743728,-292.25693,173.8851,24.086422,35.088516,44.998116,-17.01084,-31.564053,-2.9301958,-7.3586626,-4.3227873,0.61029685,-21.067684,-6.217737
106,1.7666666666666666,0.21564786,261.6828478476204,1070.6812986954712,506.27986840183553,2099.3290882061933,3371.977087325151,0.016091630377224445,0.06403854314183756,17.354868380743728,-251.32808,191.29646,6.2416067,20.37552,36.62311,-20.349236,-33.438854,-9.851055,-24.235897,-7.887015,3.5506628,-30.488968,-8.398935
107,1.7833333333333334,0.26376718,253.88565478698376,1362.17175687799,498.01342507069904,1515.2897253748079,2797.1843436631166,0.016091630377224445,0.06403854314183756,17.354868380743728,-222.9842,184.2701,-29.489317,14.375039,37.20242,-23.358826,-27.011677,0.20662129,-39.48073,-15.223672,3.0834365,-33.083805,-4.419423
108,1.8,0.2721339,249.96518065876953,1378.9590885723405,492.14328140089106,1791.3496107120782,2921.3748197664754,0.016091630377224445,0.06403854314183756,17.354868380743728,-232.50676,178.57954,-45.2751,9.524974,35.163868,-24.644455,-21.612072,-1.0731832,-46.830612,-20.557365,-1.8506031,-33.55178,-8.767174
109,1.8166666666666667,0.22916391,246.99560089028114,818.0044139281063,484.8409517267297,1983.4450546937978,2993.1756709076867,0.016091630377224445,0.06403854314183756,17.354868380743728,-293.2493,180.61923,7.6932435,8.322468,26.757944,-12.351373,-21.999416,-17.043087,-30.037613,-12.462265,-5.7269835,-24.550343,-7.8253736
110,1.8333333333333333,0.15408865,244.91720707350842,884.4474684073913,443.7358753003662,2225.5958386529887,2816.747674594825,0.016091630377224445,0.06403854314183756,17.354868380743728,-310.22623,168.00131,3.3673353,8.608431,39.554073,0.61671084,-22.773203,-19.65559,-19.168797,-7.055869,-3.0196009,-13.878271,-9.30903
111,1.85,0.07015416,242.98672914456665,1438.8345878904838,342.0862406364205,2121.728205390248,2696.1663893495,0.016091630377224445,0.06403854314183756,17.354868380743728,-322.64606,137.02472,-22.03947,17.4017,49.80214,-1.8004191,-15.6311,-13.6165,-21.663147,1.1441462,7.8277807,-14.586273,-10.026941
112,1.8666666666666667,0.037410177,241.98915391325173,1799.2661029931055,317.0661923745587,2131.193600058593,2861.5611993426014,0.016091630377224445,0.06403854314183756,17.354868380743728,-347.10135,112.82718,-31.169565,16.222847,56.43212,6.333067,-12.581449,-7.7861514,-11.535366,5.7835484,6.499776,-17.626244,-13.953702
113,1.8833333333333333,0.021725573,244.5701302839931,2487.7880785682773,1120.1990127551944,2237.380506090086,3081.0803927209463,0.016091630377224445,0.06403854314183756,17.354868380743728,-345.8084,102.42737,-45.11912,20.717018,63.031258,6.947688,-3.8587584,-2.7294164,-22.975185,-6.0304003,1.0103177,-22.697826,-12.603874
114,1.9,0.0208962,0.0,3048.2316969020403,2049.51064912614,2426.9836289994437,3320.797496978152,0.016091630377224445,0.06403854314183756,17.354868380743728,-345.42584,81.96478,-79.061646,11.711394,68.61955,6.8440437,-3.7690287,3.6438608,-7.2201476,11.882132,4.8992624,-25.034119,-7.9736757
115,1.9166666666666667,0.024047276,0.0,2870.923062844043,1903.8800467861931,2501.2358969849115,3340.981712055729,0.016091630377224445,0.06403854314183756,17.354868380743728,-341.0775,85.41229,-83.2461,6.2508616,71.39038,7.213113,-12.938829,-2.439265,-12.304113,-4.618102,-12.684572,-30.388355,-4.914029
116,1.9333333333333333,0.050629087,256.74414868146954,2581.638723687921,1211.2863545519792,2355.890454174281,3131.151026928668,0.016091630377224445,0.06403854314183756,17.354868380743728,-326.94318,109.22896,-56.16813,25.665493,74.08543,-3.5757844,-21.128815,1.0250009,-6.637707,-1.1860683,-3.8452835,-21.74733,-10.379814
117,1.95,0.10969822,253.75038420794482,895.0963272243198,391.34277026982784,2326.1997048176413,3158.680430414455,0.016091630377224445,0.06403854314183756,17.354868380743728,-314.13696,165.9964,11.7132015,21.215649,44.425552,-19.938906,-55.934868,-21.838535,-10.802961,-21.733614,-23.529268,-25.3988,-23.829731
118,1.9666666666666666,0.13637972,247.51802922563868,964.8964605058284,490.22053956875953,2781.062213725368,3473.7832802627627,0.016091630377224445,0.06403854314183756,17.354868380743728,-334.09213,144.83578,17.148077,37.210415,46.36302,-26.958565,-56.297455,-4.8269343,-1.5984728,-23.756031,-24.92082,-26.908588,-17.517723
119,1.9833333333333334,0.114875875,244.77226041991102,971.307825386096,475.80714286760036,2832.695419362503,3296.6450294807655,0.016091630377224445,0.06403854314183756,17.354868380743728,-358.60526,130.71887,25.666689,50.043884,53.459023,-25.641447,-54.153667,-5.335597,4.631019,-17.526432,-26.996042,-31.037376,-21.841654
120,2.0,0.06713529,244.2661207551574,1367.6762504889525,462.6272159929624,2760.2880947824797,3215.4198914004037,0.016091630377224445,0.06403854314183756,17.354868380743728,-382.81766,103.821365,14.417988,57.872932,60.29525,-23.874104,-37.647064,5.6738787,0.0130470395,-20.08363,-19.669811,-29.837769,-28.890888
121,2.0166666666666666,0.018659122,244.93327204447428,2399.3106052460257,472.58327281254674,2715.57879785268,3046.8808418217495,0.016091630377224445,0.06403854314183756,17.354868380743728,-430.87402,68.44707,15.849243,48.22477,44.6242,-14.430517,-16.409113,14.813272,0.7980267,-16.89532,-10.13674,-17.19679,-21.355896
122,2.033333333333333,0.0051764348,0.0,2727.360217755494,479.45371830307687,2670.460804153079,2888.6533567902093,0.016091630377224445,0.06403854314183756,17.354868380743728,-470.11682,53.01586,34.174274,34.93786,26.18441,3.8294578,-3.2086902,0.40759432,-3.4686198,-6.6665354,-6.742838,-10.758699,-8.613377
123,2.05,0.0023368583,0.0,2542.86036654741,446.9354418145531,2687.9289063621923,3360.8117829675316,0.016091630377224445,0.06403854314183756,17.354868380743728,-488.94473,40.949493,35.92218,28.586327,20.147533,11.748501,4.2301006,-1.9286582,-6.5186667,-9.458887,-10.714378,-10.324088,-8.501875
124,2.066666666666667,0.0012745146,0.0,2670.385885599442,457.3869484248502,2716.0991013897137,3639.0626248862695,0.016091630377224445,0.06403854314183756,17.354868380743728,-494.7231,33.209377,29.330286,23.498259,16.538776,9.386217,2.919653,-2.1819277,-5.5369253,-7.094832,-7.1043043,-6.0281105,-4.427244
125,2.0833333333333335,0.00095877016,0.0,2646.570502230001,487.5598618340307,2666.272121927623,3412.0036092148803,0.016091630377224445,0.06403854314183756,17.354868380743728,-498.22177,28.575209,25.584978,21.070967,15.647264,10.0121355,4.827565,0.6123936,-2.330559,-3.9411905,-4.380782,-3.971221,-3.1109867
126,2.1,0.0008722766,0.0,2289.9436180011353,468.2801703236928,2620.77591718894,3823.832224345133,0.016091630377224445,0.06403854314183756,17.354868380743728,-498.3554,28.71814,26.652287,23.456158,19.461584,15.063414,10.665586,6.6299996,3.2357793,0.6538938,-1.0615724,-1.9663703,-2.206748
127,2.1166666666666667,0.0007282917,0.0,3379.3102974239355,440.9705892414876,2208.227281712705,3850.5617975037258,0.016091630377224445,0.06403854314183756,17.354868380743728,-505.11493,19.426285,18.127022,16.096092,13.519072,10.625547,7.6632624,4.8708677,2.4522746,0.5558529,-0.73929316,-1.4282949,-1.5765517
128,2.1333333333333333,0.0007109139,0.0,3200.6422926454306,397.21735827589,1465.9496897990416,2836.9573278275134,0.016091630377224445,0.06403854314183756,17.354868380743728,-502.7165,22.689013,21.01606,18.40606,15.102495,11.402134,7.6190457,4.0482635,0.9341085,-1.552716,-3.3271384,-4.389722,-4.8162913
129,2.15,0.0053886413,0.0,2673.2620678102076,581.9569703246926,1578.1938712980987,2863.415078611947,0.016091630377224445,0.06403854314183756,17.354868380743728,-410.34167,97.094025,12.515118,-8.76373,-5.767646,-10.303011,-3.1014147,-2.598073,-17.59956,-10.879532,9.245543,4.8491874,-6.0148563
130,2.1666666666666665,0.0074025635,0.0,2772.8806094177,745.6449869863042,1705.2861912824733,3090.1583257308885,0.016091630377224445,0.06403854314183756,17.354868380743728,-344.78467,134.13515,-3.1716685,-9.807397,3.892817,-14.006434,-5.9878626,7.4093556,-23.44976,-13.924969,16.17494,3.9857335,-3.056027
131,2.183333333333333,0.023303445,0.0,3439.0820645698923,573.8696230621615,1544.8153477955677,3030.5818701143266,0.016091630377224445,0.06403854314183756,17.354868380743728,-351.18668,128.22818,8.197409,1.6181028,11.313026,-14.35362,17.001122,27.435402,-15.336067,-24.975267,0.46472645,3.5332773,-3.2119884
132,2.2,0.062285062,251.55287509620226,1125.1834230715974,428.84765704016604,1336.6948589169956,2883.726621189734,0.016091630377224445,0.06403854314183756,17.354868380743728,-329.23254,174.5776,41.056652,6.3841486,-2.5148134,-27.001987,-20.648912,-2.8714945,-12.724153,-13.236727,-3.4473155,-2.3539832,0.2079453
133,2.216666666666667,0.090830594,242.43964361473556,1137.2454594247006,547.8944756014846,1070.5152199092952,2830.162892694432,0.016091630377224445,0.06403854314183756,17.354868380743728,-313.07144,175.3617,28.723505,-7.05652,-5.210264,-32.904335,-23.907423,5.026969,-10.212408,-16.281658,-1.5013162,0.37874424,-1.3223715
134,2.2333333333333334,0.10297038,237.53021256151382,1196.968980533878,536.6877380435087,1016.1001232342318,2792.2756209574545,0.016091630377224445,0.06403854314183756,17.354868380743728,-307.9821,170.59822,14.35285,-12.106809,4.0072646,-30.343845,-28.67192,4.72678,-3.8633718,-15.8750515,-5.678648,-1.946684,-1.6685028
135,2.25,0.10529619,235.27621540066906,1229.7460993365778,522.6366675428354,1001.8170252364191,2730.100312388863,0.016091630377224445,0.06403854314183756,17.354868380743728,-312.01056,167.97334,11.564985,-15.293362,1.0477617,-31.291824,-25.211546,9.291404,1.9498112,-17.196856,-11.646181,0.34818923,1.3286953
136,2.2666666666666666,0.10690317,234.15196525567075,1175.1085156126942,506.3118570548038,962.5720564304003,2660.610795402141,0.016091630377224445,0.06403854314183756,17.354868380743728,-310.1912,174.0161,18.431778,-16.54012,3.5597916,-24.13404,-30.938515,3.7797933,5.2653236,-9.85404,-12.627099,-3.0168798,-3.8336878
137,2.283333333333333,0.109375186,234.81325296581008,1141.4561328936643,540.6758742916513,952.7539372898707,2621.8484618035823,0.016091630377224445,0.06403854314183756,17.354868380743728,-306.78046,180.2249,15.936257,-25.160625,5.780652,-15.042581,-31.738697,-9.175206,6.9558077,-8.554596,-16.377258,-0.5699504,2.2553523
138,2.3,0.10667366,235.47559549111438,1057.495628527125,549.6292147712713,942.3830501378327,2584.708477344403,0.016091630377224445,0.06403854314183756,17.354868380743728,-312.74014,179.01727,10.769003,-27.992466,9.093205,-4.952194,-36.758392,-14.930892,10.311895,-4.1328073,-20.447046,-4.868799,4.0250125
139,2.316666666666667,0.091775276,233.58323502409635,975.6101343723831,516.0963859091879,1355.1293333749195,2627.9108832996717,0.016091630377224445,0.06403854314183756,17.354868380743728,-330.28906,175.06097,27.899578,-24.407593,6.2029324,0.9376314,-32.38723,-28.185463,1.5040519,1.3385528,-17.812326,-12.450279,2.4771783
140,2.3333333333333335,0.06576882,230.4791146142437,828.9969711408012,450.5527991867602,1487.6388744756077,2811.8801006185963,0.016091630377224445,0.06403854314183756,17.354868380743728,-378.72403,144.13693,46.60935,3.0928645,9.319256,3.1620498,-20.787315,-23.649994,-6.146929,-1.0625466,-9.168562,-7.6687007,-0.4510296
141,2.35,0.06752851,234.2379413211051,906.7504848907771,389.30943136840176,869.1506521241239,2682.6160766516077,0.016091630377224445,0.06403854314183756,17.354868380743728,-372.63412,143.30266,42.565342,15.073882,20.451805,-5.996912,-26.773293,-8.314454,3.3749778,-14.295683,-17.624939,3.8665323,4.0951934
142,2.3666666666666667,0.07236029,239.0801528014258,813.094786947958,438.57657544115733,1177.3804100463758,2729.4314405512837,0.016091630377224445,0.06403854314183756,17.354868380743728,-338.13684,165.56847,39.60845,16.993809,11.826389,-19.238144,-18.926048,-8.661193,-18.852596,-16.383179,-2.5047693,1.5089579,-0.230683
143,2.3833333333333333,0.06408778,226.30460724850914,802.4109465152262,494.4244247259697,1705.7539487333172,3146.1577182061806,0.016091630377224445,0.06403854314183756,17.354868380743728,-387.13242,135.44064,60.1419,34.081104,13.044662,-14.508351,-13.445193,-8.266471,-19.958937,-18.444202,-3.2400842,1.8050175,-3.747169
144,2.4,0.02063627,212.59517170021377,1455.0171949787941,517.6141749600267,2325.9556648766015,3825.180623025585,0.016091630377224445,0.06403854314183756,17.354868380743728,-443.384,80.94946,56.71451,53.360245,20.772205,-5.226621,2.2708783,-4.7762585,-11.6278,5.800841,6.8250775,-1.2029697,6.403368
145,2.4166666666666665,0.0073279273,0.0,3203.6702269743805,522.9891512366803,3054.094579818125,4715.018504144659,0.016091630377224445,0.06403854314183756,17.354868380743728,-442.17462,62.17118,38.298218,62.023148,13.89983,-17.88412,16.62193,0.70196867,-17.983238,16.476566,8.574972,-12.785881,10.439188
146,2.433333333333333,0.010328909,0.0,3219.3761855958187,527.6149201769151,2230.11960675818,4082.7287071956025,0.016091630377224445,0.06403854314183756,17.354868380743728,-413.29947,80.4627,29.022705,54.331234,4.087988,-40.307255,4.920819,7.3758984,-16.070042,13.261618,15.130545,-2.040101,16.47329
147,2.45,0.054405104,0.0,1057.1221201171263,431.8445445428464,958.6041931907635,3289.670574766503,0.016091630377224445,0.06403854314183756,17.354868380743728,-382.30878,127.40497,53.442825,50.671482,12.900268,-34.329506,-4.4786973,21.781002,-4.5702796,-14.382158,-3.9444137,-4.2972674,-3.544592
148,2.466666666666667,0.08841596,241.2342815278853,760.5619120869521,364.9593575625668,879.3424779580637,3290.203766767535,0.016091630377224445,0.06403854314183756,17.354868380743728,-349.80804,161.46188,62.096046,41.919582,2.258967,-45.465187,-13.391941,23.387028,-1.5640689,-22.936817,-11.910973,-1.4844615,-1.1423609
149,2.4833333333333334,0.10625977,239.43901088689586,908.1095862444007,404.95883653626714,896.4810887656439,3253.8846442146723,0.016091630377224445,0.06403854314183756,17.354868380743728,-342.61972,165.20006,59.924576,37.179787,2.3240144,-46.672348,-14.104332,27.740643,1.6136823,-28.968111,-18.804836,-4.3513346,-4.9720354
150,2.5,0.106148034,236.53093734814925,865.6463272059876,403.2232925423398,945.8233856892505,3210.1977906002576,0.016091630377224445,0.06403854314183756,17.354868380743728,-350.87778,160.4222,57.4983,30.641212,1.065075,-38.679825,-12.124983,21.596672,0.17564273,-28.826733,-21.96653,-3.2842438,-3.0936165
151,2.5166666666666666,0.10938342,235.29060465475052,849.7142690362969,429.78526325148107,1027.4357319243531,3214.079355040045,0.016091630377224445,0.06403854314183756,17.354868380743728,-343.7726,163.39757,45.182404,17.031483,-3.1398716,-35.769775,-13.469676,17.531195,-4.741397,-33.974205,-26.99813,-4.5363007,0.021714956
152,2.533333333333333,0.118059956,234.55242047768328,830.27268250733,461.22081493240273,1088.5327975901885,3167.781336233008,0.016091630377224445,0.06403854314183756,17.354868380743728,-333.86554,172.0848,43.091125,7.5906878,-8.319283,-35.040707,-15.669756,16.77896,-0.81724834,-30.823471,-24.886112,1.54391,8.120095
153,2.55,0.12810321,232.48590293651958,838.5045237186891,481.3674719530911,1115.6994916167648,3040.0686158298067,0.016091630377224445,0.06403854314183756,17.354868380743728,-309.86838,193.92319,49.603287,10.336129,-5.4966145,-39.586113,-24.217924,20.627228,4.913207,-32.771523,-26.332699,2.7193198,7.8304667
154,2.566666666666667,0.13301685,230.02073556872244,842.3285146154523,490.841247001536,1076.6798872621428,3037.815337104853,0.016091630377224445,0.06403854314183756,17.354868380743728,-303.13345,198.40706,51.974747,7.7972846,-11.129841,-41.35708,-21.508526,18.394266,3.9661434,-28.9254,-28.57742,-2.0404983,12.75994
155,2.5833333333333335,0.1354049,228.06558285002762,835.9037881524122,477.3844422074361,1026.7958730346381,3093.3675389699815,0.016091630377224445,0.06403854314183756,17.354868380743728,-314.67386,192.86914,58.132557,9.925137,-9.236089,-39.17414,-20.161236,17.125381,9.030833,-19.634277,-24.696095,0.28313494,12.378553
156,2.6,0.14050697,227.8864081811067,853.3994148017739,420.2730960648155,958.7033353504197,3137.598355514415,0.016091630377224445,0.06403854314183756,17.354868380743728,-313.28586,191.85599,60.43251,15.468731,-5.9201794,-44.486626,-21.657372,21.669853,11.8113785,-22.084654,-25.421158,-0.5354426,9.376508
157,2.6166666666666667,0.14423357,228.59094008092407,822.3680009770661,400.6302403715486,944.9609628578316,3110.907591195719,0.016091630377224445,0.06403854314183756,17.354868380743728,-320.21353,189.32373,66.30434,18.034382,-10.161303,-43.87175,-16.436653,17.241272,6.448192,-20.069725,-25.4375,-7.546839,7.1568213
158,2.6333333333333333,0.14408544,229.4915872805267,806.0375896246976,392.78153235393506,941.9749555447469,3058.2873858391167,0.016091630377224445,0.06403854314183756,17.354868380743728,-323.2662,188.52032,67.02791,23.202637,-4.9436646,-41.026756,-20.267841,16.360352,11.651583,-14.985577,-25.638124,-10.155531,6.785796
159,2.65,0.14409445,228.58093149770025,768.8739169953983,410.29367818831514,926.3556174833907,3057.7367085207993,0.016091630377224445,0.06403854314183756,17.354868380743728,-319.37674,192.18909,59.291252,14.052881,-10.381571,-39.653244,-19.183086,14.492088,6.12193,-16.231407,-22.367043,-9.468357,3.972179
160,2.6666666666666665,0.1439433,227.12824550342074,825.0889435120064,472.7939041786316,888.3105501666117,2808.8192647380415,0.016091630377224445,0.06403854314183756,17.354868380743728,-308.77307,190.30869,44.83245,11.190062,-1.5605489,-31.712065,-19.266462,7.5117188,-5.0531664,-15.009447,-15.315596,-9.0858345,9.276032
161,2.683333333333333,0.14099276,225.80685327035403,1147.7604468758761,510.8177965380608,992.4462336953566,2552.2490765123594,0.016091630377224445,0.06403854314183756,17.354868380743728,-264.74356,189.99251,-2.98038,16.35586,31.180374,-28.358093,-28.045528,2.7948155,-9.707031,-0.9571333,-0.15262584,-10.801737,1.016077
162,2.7,0.12677173,222.14491199229005,1068.7330706732193,418.777320500089,1809.6148576471696,2773.2438229321233,0.016091630377224445,0.06403854314183756,17.354868380743728,-278.32205,186.40974,5.04718,24.466686,39.46871,-22.528215,-29.28206,-7.795308,-13.843798,-2.1802182,0.056311786,-12.1520405,-2.299544
163,2.716666666666667,0.10406511,219.16708836588907,684.9545716507957,303.1783461172517,1925.2318230350174,2853.469300583862,0.016091630377224445,0.06403854314183756,17.354868380743728,-369.93683,148.69014,56.906235,33.48371,27.235617,-1.446138,-16.67925,-10.952195,-1.4192295,4.651487,-4.163984,-14.884071,-7.087013
164,2.7333333333333334,0.0891696,218.68085840846186,562.751557587779,253.4215941595386,782.5038426671847,2701.927733944374,0.016091630377224445,0.06403854314183756,17.354868380743728,-420.74078,113.83589,70.24027,42.3564,19.351824,-0.06759614,-2.9695683,-0.16794431,-0.82782686,0.42836636,-4.8002834,-18.590805,-22.045395
165,2.75,0.07831216,216.75956444552662,587.4643151174046,246.93331474122172,1418.82214111237,3279.9397407724673,0.016091630377224445,0.06403854314183756,17.354868380743728,-424.02695,105.916115,67.14857,54.842594,31.343376,-2.5510242,-7.211639,-0.17429602,-6.459284,-4.7055798,2.4586334,-8.703488,-17.901218
166,2.7666666666666666,0.065281555,217.36478017453697,895.9625935729016,398.8333439310403,2574.328349505888,3743.324821654876,0.016091630377224445,0.06403854314183756,17.354868380743728,-369.96082,130.66907,37.81118,51.516167,43.480553,-23.353144,-35.60104,-2.123982,6.085417,5.1635447,4.3180056,-9.202658,-10.020003
167,2.783333333333333,0.0955655,226.509585355217,1097.5697618991321,557.5942592951927,2721.8219770904725,3386.5023777796837,0.016091630377224445,0.06403854314183756,17.354868380743728,-307.1842,167.45074,20.959934,54.50132,52.13893,-37.937134,-44.183514,-0.388062,2.087524,4.993023,4.263744,-17.533957,-10.685753
168,2.8,0.12203283,235.18169978094923,918.7774237409435,466.97914241362787,2817.141854034231,3379.706769666115,0.016091630377224445,0.06403854314183756,17.354868380743728,-327.47217,150.49625,32.47719,66.79807,49.929016,-33.90683,-38.76455,-1.3245223,-3.6284342,-0.8871032,-10.816631,-27.214312,-3.3216708
169,2.816666666666667,0.12049122,231.66214316510917,1007.1695486182409,439.01509117789806,2724.5956356443517,3130.215415524599,0.016091630377224445,0.06403854314183756,17.354868380743728,-339.19135,141.87708,32.687984,70.89054,58.62816,-31.013405,-47.001816,-3.320522,6.183449,0.82668924,-17.846704,-28.429558,0.26089406
170,2.8333333333333335,0.08219009,225.10894789503848,1126.1373341674982,344.9490756146206,2605.2935329408447,3116.934218264347,0.016091630377224445,0.06403854314183756,17.354868380743728,-360.77936,122.468475,18.959473,61.965908,63.909714,-21.663874,-43.4627,-7.360279,9.395735,10.427338,-5.8005357,-20.757666,-2.850918
171,2.85,0.03978106,220.94021617508582,2868.4869129675253,300.504342701064,2463.026336269081,3194.2741266764638,0.016091630377224445,0.06403854314183756,17.354868380743728,-355.34482,88.286736,-34.183205,62.71742,74.902916,-29.763962,-32.061775,5.816481,3.3132358,17.054409,6.389014,-29.934322,-13.792772
172,2.8666666666666667,0.014901462,0.0,3470.1937895406627,352.1940933206247,2394.3072339343335,3335.62465074891,0.016091630377224445,0.06403854314183756,17.354868380743728,-360.64938,75.657104,-43.751175,64.434845,75.101395,-26.117031,-20.179018,1.7542049,-15.021799,15.313453,18.185907,-24.996962,-11.583361
173,2.8833333333333333,0.012656676,0.0,3667.1707489261503,1093.5113342260595,2578.0705411485446,3529.2898110248216,0.016091630377224445,0.06403854314183756,17.354868380743728,-363.8438,70.546524,-47.631348,63.26425,75.78003,-20.613495,-11.13922,4.6676316,-19.368713,14.578113,26.352865,-16.57013,-13.028982
174,2.9,0.009360054,0.0,3603.211461149779,1501.7261085690104,2564.9334392155524,3496.3415452568656,0.016091630377224445,0.06403854314183756,17.354868380743728,-372.5341,72.37648,-44.83963,43.431152,59.988174,-21.75352,-13.72747,6.0936155,-15.687019,13.511091,36.339855,0.12924224,-11.042641
175,2.9166666666666665,0.00669206,0.0,2765.580264784453,648.1896965217727,1993.9256698992215,3059.714267073893,0.016091630377224445,0.06403854314183756,17.354868380743728,-387.5122,86.18437,-17.204983,27.367638,45.09818,-13.1777725,-18.877956,2.6223896,-3.8529527,14.17198,37.194115,13.818432,-8.389393
176,2.933333333333333,0.0051947697,0.0,2418.7443124143415,682.7854777645447,1740.2032106411916,2843.6552739455865,0.016091630377224445,0.06403854314183756,17.354868380743728,-400.7797,100.215,12.157294,11.895828,22.869228,-2.4715161,-9.570213,2.3017123,3.513725,10.477751,19.849524,11.116173,1.5276523
177,2.95,0.01544187,0.0,2203.813082519413,599.2701020481732,1583.3776332091584,2835.4244812293546,0.016091630377224445,0.06403854314183756,17.354868380743728,-403.40833,102.42784,17.009441,8.756487,18.322514,-1.4691005,-4.3385987,13.578783,12.803824,3.6865697,6.8150578,7.3600826,-2.4208417
178,2.966666666666667,0.047881525,0.0,1081.220983377505,415.2171466285754,1249.8478638742563,2843.041841351477,0.016091630377224445,0.06403854314183756,17.354868380743728,-353.3422,153.5683,37.464897,10.884016,2.2873406,-27.263002,-24.062164,-4.944094,-6.225176,-4.183186,3.1753688,-1.2723522,-6.5157375
179,2.9833333333333334,0.072563685,234.95576590044695,1050.7058937063282,563.486580794763,924.5913141188845,2925.7656586426197,0.016091630377224445,0.06403854314183756,17.354868380743728,-313.6474,174.83987,20.055557,-5.8473115,-4.602209,-38.296425,-22.121864,6.729443,-8.962192,-16.494738,3.33609,2.724283,-11.514826
180,3.0,0.0884601,229.32619827189126,1066.2298769762936,684.7895812574818,1216.007585819273,3033.810576450956,0.016091630377224445,0.06403854314183756,17.354868380743728,-303.17914,179.7325,14.670633,-10.500486,-4.9109287,-35.672226,-18.60939,10.995488,-7.915332,-17.79956,1.5218711,1.6011963,-8.10504
181,3.0166666666666666,0.09729314,225.5371864975606,1059.5773240038532,725.0190165223111,1541.1109325018544,3041.9928762755685,0.016091630377224445,0.06403854314183756,17.354868380743728,-293.6275,187.82106,12.604017,-12.211071,-2.5981565,-31.413284,-14.2764435,12.451756,-9.2956085,-19.442493,3.1207936,7.7346754,-4.4981074
182,3.033333333333333,0.10311931,225.01200369427,1050.034196775347,666.1283407660261,1501.517725364657,3051.2301670609795,0.016091630377224445,0.06403854314183756,17.354868380743728,-310.08646,174.08435,18.365606,-7.4016123,-4.6004314,-32.343018,-10.873373,9.463774,-16.517467,-20.727547,4.50041,6.3369884,-4.987302
183,3.05,0.10374811,225.53674581449852,986.0306127743634,625.1446869105016,1504.1283142710856,3105.184634667439,0.016091630377224445,0.06403854314183756,17.354868380743728,-320.29175,171.76242,30.995754,2.4439363,-2.9266052,-29.772873,-9.374948,8.723558,-13.878143,-18.062174,3.2166843,4.959216,0.9197782
184,3.066666666666667,0.10443965,225.56112923401275,950.2039414277875,471.64574003707435,1217.9009388550833,3065.4104138130883,0.016091630377224445,0.06403854314183756,17.354868380743728,-344.15604,162.92905,54.403675,19.957985,-2.263905,-25.481009,-4.0257297,-0.07064481,-24.589233,-20.264156,-0.23432928,0.05478823,2.7024739
185,3.0833333333333335,0.103926174,227.16376270379612,1627.8115850840063,309.22897752783445,1756.1192971245,3484.3255821493326,0.016091630377224445,0.06403854314183756,17.354868380743728,-334.4074,124.8754,23.153503,73.27453,35.31844,-34.10088,5.2331924,7.796539,-27.29369,-5.103407,2.7342958,-20.267963,-5.3196106
186,3.1,0.10890335,228.8365000929508,1897.7242915098245,321.0363282700753,1906.86866694674,3673.8693472307077,0.016091630377224445,0.06403854314183756,17.354868380743728,-339.69873,108.510796,14.177073,71.40115,36.94561,-31.303167,13.228119,7.9068055,-23.937115,-5.37745,-1.319144,-14.351144,-3.930476
187,3.1166666666666667,0.10763038,227.81223268867353,749.9752219101864,327.8736665298523,721.9319319027938,2950.474924199563,0.016091630377224445,0.06403854314183756,17.354868380743728,-405.2372,119.04683,65.68367,53.4098,28.43974,-2.4456754,-1.9921007,-3.6774852,-13.935912,-6.610942,-4.506105,-11.707981,-4.2560854
188,3.1333333333333333,0.10494301,226.14591461432622,564.0650687785035,324.86428191221137,803.2676523329538,2913.707550657722,0.016091630377224445,0.06403854314183756,17.354868380743728,-428.0982,111.90246,78.64393,52.252262,30.18607,5.0764394,-11.614563,-10.587275,-4.4986134,-6.5528708,-10.483591,-8.35779,-7.801341
189,3.15,0.09628174,223.77237336825254,508.91215448960713,274.4504534723461,425.04814769704205,2912.104811038167,0.016091630377224445,0.06403854314183756,17.354868380743728,-437.96826,104.82437,81.36259,55.165257,30.330235,8.783015,-3.887331,-5.6927576,-3.826692,-5.0820336,-7.471348,-7.6164527,-8.298123
190,3.1666666666666665,0.07568509,219.95821005414,505.3032161770367,235.75244788281668,661.9587197223691,2929.923160036768,0.016091630377224445,0.06403854314183756,17.354868380743728,-443.79913,97.80449,78.21272,56.17279,33.153748,13.287596,2.4856522,-0.44292843,-0.3619563,-0.7611992,-3.2014942,-5.883357,-7.979826
191,3.183333333333333,0.056055713,217.3757225867003,1279.642250745825,378.9350815963778,1135.1112000369878,2911.608172343011,0.016091630377224445,0.06403854314183756,17.354868380743728,-342.3698,141.92719,14.659399,34.923653,41.124626,-27.724659,-36.97162,2.6651897,3.6397889,-2.4018257,7.805179,1.5166872,-10.885609
192,3.2,0.050324567,219.1026169650159,1622.183239629148,454.55329853167984,1637.5779218687933,2899.688734258037,0.016091630377224445,0.06403854314183756,17.354868380743728,-294.42188,167.26865,-4.0317297,30.767975,44.97582,-36.021477,-39.448154,1.7568927,-4.4785657,-3.7545469,11.571521,1.4606744,-7.3479342
193,3.216666666666667,0.050450712,219.76268515880653,1292.5970617649637,402.9684834944085,1981.6332808955776,2967.2101760632104,0.016091630377224445,0.06403854314183756,17.354868380743728,-316.91028,160.42389,5.1016865,14.822229,39.67628,-6.1161375,-17.154636,-0.93503964,-2.803346,2.6701946,7.1576376,-6.9973283,-7.6990576
194,3.2333333333333334,0.08258495,224.34269502286853,952.3823693077987,477.72570013551757,1828.6040715490246,3033.7310404231634,0.016091630377224445,0.06403854314183756,17.354868380743728,-348.63272,160.86642,37.419464,5.865555,18.658054,5.7978764,-9.392119,-8.7213955,-3.8385556,2.177938,2.1099362,-6.4760485,-9.558607
195,3.25,0.12277418,232.1367802908221,624.2009168817782,341.4150552033749,1220.6191250195523,2898.4466774299635,0.016091630377224445,0.06403854314183756,17.354868380743728,-344.8085,178.93985,56.87126,-1.7548537,-0.79286194,-7.7894073,-25.006931,-17.340736,-0.9627619,-11.097769,-29.236326,-19.832325,0.4076774
196,3.2666666666666666,0.14653268,228.95210954377052,626.7795804967727,390.4294172135219,932.8474343281205,2960.5505251831764,0.016091630377224445,0.06403854314183756,17.354868380743728,-333.71716,193.544,70.116135,7.829179,-3.0175195,-21.279888,-31.423079,-5.042617,13.996649,-12.145995,-38.357525,-21.261026,2.6807995
197,3.283333333333333,0.1451787,225.30377784405107,613.0688027788786,406.45962310164265,992.6310784397444,3067.9057941274855,0.016091630377224445,0.06403854314183756,17.354868380743728,-345.05542,189.42041,83.27045,16.860725,-12.1412525,-32.466892,-25.358414,9.628571,19.343546,-11.20899,-28.624918,-10.646257,0.9070715
198,3.3,0.13608043,225.19127725248396,584.7031060747312,381.36609010925633,911.6143940919707,3036.451893294044,0.016091630377224445,0.06403854314183756,17.354868380743728,-360.06314,176.66031,87.13274,28.672863,-6.1123323,-33.99402,-26.974575,9.748463,18.917835,-8.371014,-20.658192,-7.2785535,-6.20387
199,3.316666666666667,0.1250169,224.83840627848343,542.537080085264,301.4531876353984,758.5827279854497,3093.5790884100916,0.016091630377224445,0.06403854314183756,17.354868380743728,-384.2176,155.32721,85.804695,32.526287,-3.7913253,-28.986347,-24.224117,2.8934393,10.499409,-8.255463,-18.083902,-10.223008,-8.773278
200,3.3333333333333335,0.099825285,222.5332945663109,520.439320950497,265.09421027550786,746.3608569238795,3108.5401234880264,0.016091630377224445,0.06403854314183756,17.354868380743728,-399.21176,143.29195,89.10637,42.12226,6.2214317,-19.00756,-18.93549,1.3987739,11.117231,1.0588946,-7.187002,-5.790408,-8.256455
201,3.35,0.065995984,217.53164646809086,526.3912540525005,238.32955493956166,826.5265571306834,3078.5930008082278,0.016091630377224445,0.06403854314183756,17.354868380743728,-416.87094,127.16545,86.5711,43.711052,9.600109,-10.639975,-12.341646,-1.1182829,6.764619,3.518217,-3.3148715,-7.307417,-11.006746
202,3.3666666666666667,0.02797268,212.8244120816188,869.7557113754797,226.22826779135488,944.9045410506415,3108.724521360343,0.016091630377224445,0.06403854314183756,17.354868380743728,-451.10715,87.52151,64.898254,37.23555,14.205355,1.7745667,0.071288496,4.519511,9.163483,9.999313,6.473836,0.7110416,-4.540897
203,3.3833333333333333,0.0047926684,0.0,1342.5949653459002,248.3032989065721,1006.8654463616164,3081.735607723032,0.016091630377224445,0.06403854314183756,17.354868380743728,-475.99722,56.483063,44.524513,29.559359,16.496239,8.55331,6.0861073,6.971368,8.171634,7.496413,4.578766,0.6505089,-2.5580382
204,3.4,0.0019837008,0.0,1675.7794474767065,513.1089357512976,1987.8926193940968,3409.2381262808126,0.016091630377224445,0.06403854314183756,17.354868380743728,-489.69598,39.13633,32.34138,23.433811,14.958209,8.854276,5.805747,5.210508,5.710989,5.9580197,5.2070017,3.486353,1.336906
205,3.4166666666666665,0.0015702695,0.0,1767.6616776828942,610.3971160535978,2712.580797526127,3807.8592579335555,0.016091630377224445,0.06403854314183756,17.354868380743728,-497.2776,29.880238,26.867224,22.514702,17.648542,13.119034,9.596829,7.423319,6.5529976,6.599262,6.9665127,7.028511,6.3025193
206,3.433333333333333,0.0012509844,0.0,1994.5684284276547,297.28217135444623,1696.2838357400874,3272.7029776389604,0.016091630377224445,0.06403854314183756,17.354868380743728,-499.31335,27.524063,25.910763,23.377289,20.135714,16.444427,12.577093,8.791805,5.304839,2.2725022,-0.21726125,-2.143169,-3.5405602
207,3.45,0.0060545825,0.0,2594.360420538099,455.3030670913738,1391.6811730262746,3123.755888329281,0.016091630377224445,0.06403854314183756,17.354868380743728,-435.3808,79.17093,36.144035,33.48446,5.7287235,-25.33548,-7.4040747,6.804923,-4.979787,-1.0276029,6.0492363,1.6195297,7.1519337
208,3.466666666666667,0.009476992,0.0,1875.790357048777,624.5166432277875,1294.5431202750208,3023.1940747198005,0.016091630377224445,0.06403854314183756,17.354868380743728,-380.2887,122.09819,34.379562,32.16846,8.612466,-33.56697,-12.077031,12.7293005,-3.8173103,-8.2854805,0.70171916,5.2194047,16.132183
209,3.4833333333333334,0.044153318,0.0,1355.4682859539348,512.0385065007698,1124.0451620057795,2824.934984556165,0.016091630377224445,0.06403854314183756,17.354868380743728,-364.31714,138.46854,32.85527,24.357903,17.815245,-22.871012,-18.000443,12.912799,7.802876,-9.246239,-7.4497375,5.1950154,13.312944
210,3.5,0.06755827,234.66808027113734,1022.8596348323463,368.7420658867775,947.2313041713682,2878.6618407203005,0.016091630377224445,0.06403854314183756,17.354868380743728,-328.6741,165.06279,33.686665,22.943037,9.467949,-32.29628,-12.057877,13.15818,-10.259357,-19.58994,-5.7296953,2.903239,10.561055
211,3.5166666666666666,0.06977441,227.38318641624642,973.2099590119985,454.40989625751155,1055.8428917885167,2988.4067272052826,0.016091630377224445,0.06403854314183756,17.354868380743728,-340.36325,157.3642,37.454643,23.831047,5.2379684,-32.876236,-12.753218,11.003252,-10.934797,-14.769894,0.39507443,4.195692,7.529915
212,3.533333333333333,0.04848082,219.1834590372676,1089.097523442063,671.102777000334,1480.307472767819,3023.217690500984,0.016091630377224445,0.06403854314183756,17.354868380743728,-361.73322,150.49777,46.43754,14.122498,-3.8423245,-19.846863,-0.09723994,14.3706,5.28354,2.525389,0.100085795,-2.3919368,3.6353803
213,3.55,0.018643145,0.0,1755.1921268263031,842.5988625470811,1981.224237579248,3103.6570475874755,0.016091630377224445,0.06403854314183756,17.354868380743728,-348.97113,139.43674,13.8962755,11.630657,12.613278,-12.460808,-0.25400603,6.372755,-1.9466653,10.204822,8.191077,-6.4049473,3.4069774
214,3.566666666666667,0.013923006,0.0,2805.8202059744995,913.6191659837615,2392.7283815548744,3368.147613973009,0.016091630377224445,0.06403854314183756,17.354868380743728,-323.4672,120.63823,-6.790539,41.410614,24.276112,-13.086452,3.5041552,14.084528,0.6206453,14.2704735,9.796728,-8.175368,5.215871
215,3.5833333333333335,0.011662498,0.0,3533.592681668558,1017.057596947454,2620.1301253925462,3682.48136189221,0.016091630377224445,0.06403854314183756,17.354868380743728,-369.68875,89.47458,7.3734,55.491333,28.818857,-2.4608579,13.19417,15.145721,0.648213,11.529045,3.87529,-5.8897734,9.849754
216,3.6,0.006754149,0.0,2962.2514022264404,962.641511551015,2644.613257204082,3769.4428563910096,0.016091630377224445,0.06403854314183756,17.354868380743728,-461.72836,65.16696,43.398872,33.057175,17.38609,6.008714,9.818882,11.632952,10.052717,12.07094,8.329592,2.9314876,6.991108
217,3.6166666666666667,0.0032883629,0.0,2524.616941356585,885.7191829115579,2505.9431140697,3817.657219908236,0.016091630377224445,0.06403854314183756,17.354868380743728,-480.6189,51.212635,42.490883,31.31416,20.983511,13.707897,9.949094,8.756096,8.689153,8.67005,8.304293,7.677605,6.9677424
218,3.6333333333333333,0.0015762696,0.0,3296.7432903835033,782.696868011169,2420.6209589679565,3783.352765687564,0.016091630377224445,0.06403854314183756,17.354868380743728,-496.90024,30.577858,27.997852,24.182331,19.722668,15.223558,11.171598,7.8559403,5.356618,3.5901113,2.3845806,1.5526714,0.93958133
219,3.65,0.0011181715,0.0,3195.5616398354878,1015.2950320560233,2604.6443732866755,3879.301925129066,0.016091630377224445,0.06403854314183756,17.354868380743728,-504.72922,20.118034,19.242283,17.867315,16.107327,14.099025,11.983821,9.890855,7.92376,6.1527376,4.612553,3.3056648,2.2090569
220,3.6666666666666665,0.00558601,0.0,5317.563415940731,1055.9132259574928,2062.0935677315833,3553.154368905341,0.016091630377224445,0.06403854314183756,17.354868380743728,-501.10883,24.97648,23.359467,20.883198,17.830292,14.51761,11.242268,8.239031,5.657489,3.5608737,1.9423503,0.75017554,-0.08770931
221,3.683333333333333,0.0068899314,0.0,4972.616152386585,659.1285383615045,1546.019762014134,3104.792210867204,0.016091630377224445,0.06403854314183756,17.354868380743728,-356.49878,101.19209,22.03628,31.555836,7.7079062,-48.659782,-17.701418,2.5565498,-20.808884,-1.4141729,-9.630674,-16.474262,4.620365
222,3.7,0.011747912,0.0,4081.3942915526377,546.413320777251,2091.968594713599,3027.2175236883895,0.016091630377224445,0.06403854314183756,17.354868380743728,-382.86508,98.65848,16.85053,42.062325,26.647413,-24.44257,-5.268309,-2.1611366,-13.745994,6.467072,8.023182,-8.548902,5.9493527
223,3.716666666666667,0.025974218,0.0,1253.392264623907,355.39067587653153,1774.5902912580066,2719.289947735683,0.016091630377224445,0.06403854314183756,17.354868380743728,-396.9912,118.8575,45.810654,38.48746,38.17116,8.913982,-5.4672503,0.855095,4.998957,7.7112308,4.9404974,-4.0312486,-5.6238613
224,3.7333333333333334,0.03429358,228.35193576568886,1157.0969788103455,257.1735523605779,1799.2223122489227,2710.163329323244,0.016091630377224445,0.06403854314183756,17.354868380743728,-392.21332,114.0199,34.48891,43.105034,44.16491,-3.7110066,-14.951786,10.452062,8.827504,-3.863788,2.232757,4.731,-6.7165127
225,3.75,0.061057474,233.33749896195226,801.8452765404606,377.37807530473145,1733.2149553353652,2689.187159734961,0.016091630377224445,0.06403854314183756,17.354868380743728,-370.14355,148.34842,49.35108,21.067616,25.653748,-0.8740049,-26.608776,-17.17805,-4.3332086,-6.0438366,-0.06872511,9.72398,-1.429198
226,3.7666666666666666,0.09092817,231.62830484551802,752.218323864506,601.809643963092,1478.888517309995,2726.7460453510403,0.016091630377224445,0.06403854314183756,17.354868380743728,-328.21213,186.23492,44.810593,-6.035631,8.521064,-1.8146849,-27.431725,-22.67958,-4.7387023,-2.3322375,-3.5242505,0.7331212,-4.2388706
227,3.783333333333333,0.10550508,224.1469491845593,858.4906734109985,687.808415481948,1664.752599292897,2816.1189082140236,0.016091630377224445,0.06403854314183756,17.354868380743728,-297.34772,203.70737,32.815273,-19.356722,-1.6325645,-11.591499,-19.294666,-10.472543,-6.281044,-4.64066,3.2536054,2.037966,-5.835635
228,3.8,0.10805762,221.43487357488377,964.7207926104506,721.7994819614952,1586.3665838129543,2899.5799200676456,0.016091630377224445,0.06403854314183756,17.354868380743728,-287.63617,201.13266,23.127117,-14.243542,2.811979,-17.022263,-21.05289,-3.14714,-6.1479425,-5.318814,3.16182,-0.46369368,-4.076936
229,3.816666666666667,0.107942544,219.12459977223364,916.8881150404327,728.9518705277613,1456.315039030376,2960.352013717417,0.016091630377224445,0.06403854314183756,17.354868380743728,-310.85138,187.94661,31.39635,-15.365785,-11.304445,-19.365946,-14.3054905,1.6252425,-8.062635,-8.640564,0.15708107,-2.8109841,-2.683838
230,3.8333333333333335,0.10229552,216.07844567367633,913.3576241029333,658.3490817629574,1385.706835653139,2973.0962997451825,0.016091630377224445,0.06403854314183756,17.354868380743728,-342.64383,173.4089,52.329636,-8.860098,-18.519886,-15.851984,-7.795723,0.8869339,-11.903429,-15.5203705,-8.763937,-5.5878134,-5.7553883
231,3.85,0.10003448,214.5176696097528,737.5808087053409,480.24173307889123,1396.7707467116877,2984.0739133603283,0.016091630377224445,0.06403854314183756,17.354868380743728,-368.9441,160.19292,61.932056,3.7311244,-8.2533,-9.889431,-10.876144,-7.4508543,-6.0876427,-10.332226,-12.669786,-7.322978,-1.7826763
232,3.8666666666666667,0.106593624,215.03548361233138,568.8833287687903,343.11616941937916,1455.2999005845863,3042.9835450455157,0.016091630377224445,0.06403854314183756,17.354868380743728,-383.86636,150.7226,71.48167,20.004547,8.813658,7.735367,0.84198743,-4.1311507,-8.112625,-14.246872,-15.573926,-8.596928,-3.5109482
233,3.8833333333333333,0.113387264,216.22117988691681,500.38465411021116,319.36616175133105,1487.5093315421846,3055.8562783191646,0.016091630377224445,0.06403854314183756,17.354868380743728,-379.67188,158.69658,80.33275,24.548735,7.258215,4.2919855,-0.2067321,-5.018426,-10.471939,-16.26768,-14.667012,-5.172765,-0.9374342
234,3.9,0.11476001,218.3052875385923,480.68994972361855,316.78602266792086,1125.0276593610859,2477.147656119039,0.016091630377224445,0.06403854314183756,17.354868380743728,-387.12985,151.75534,79.44821,26.210083,9.6757965,8.555565,4.2272625,-3.7971673,-11.546907,-16.353905,-14.361774,-6.683586,-2.2262287
235,3.9166666666666665,0.11182194,222.6894662220794,478.25625862002994,329.8661691187946,968.604534372523,2318.0560404142216,0.016091630377224445,0.06403854314183756,17.354868380743728,-394.9876,143.62857,77.24628,27.018799,8.793823,5.862976,3.5587804,-1.8048115,-11.209455,-19.804773,-17.874817,-7.0199146,-1.8966291
236,3.933333333333333,0.10828817,225.48490585471615,610.4690105683608,412.80701874012976,1421.3716444214006,3136.8964009197875,0.016091630377224445,0.06403854314183756,17.354868380743728,-394.51715,143.42218,74.289185,19.400085,-2.5512407,-3.4920194,0.2813645,-1.9976385,-11.846619,-18.800247,-12.908071,-1.1843653,-0.26323387
237,3.95,0.10800457,225.43589529778447,1520.0014623332206,492.76422217158773,1690.2360499620322,3222.892921016963,0.016091630377224445,0.06403854314183756,17.354868380743728,-307.7267,145.69206,-11.50214,24.480587,17.215996,-33.727776,-0.6528402,0.39193922,-32.271034,-4.401248,7.46653,-14.812344,-7.581098
238,3.966666666666667,0.10441505,223.01019386979047,1056.7527788085595,417.62460234573933,1600.2975475226544,3192.663469184659,0.016091630377224445,0.06403854314183756,17.354868380743728,-338.0007,141.80087,16.620378,25.19009,13.954436,-19.275429,1.784395,6.0461493,-21.414476,-2.7196822,12.247939,-5.450994,-4.2893915
239,3.9833333333333334,0.09721792,220.08103233366583,1520.024460155538,300.17372678744437,1181.5643256557173,3059.210000232121,0.016091630377224445,0.06403854314183756,17.354868380743728,-315.71713,139.90894,-9.910154,35.299744,46.606743,-27.402775,-16.380348,15.014095,-8.235218,-4.056655,14.588939,-2.9152288,-7.7604065
240,4.0,0.08913062,218.6187251562056,1161.213660502886,312.967231506828,1490.972435415766,3098.20323209568,0.016091630377224445,0.06403854314183756,17.354868380743728,-344.2415,138.06909,11.773968,20.849003,27.789703,-20.06427,-14.068348,9.488804,-9.875444,-10.070051,15.5009365,7.8985977,-12.462584
241,4.016666666666667,0.08410973,217.41454465091564,1025.3282284569095,317.0622869506872,1349.8495246344803,2989.66381468741,0.016091630377224445,0.06403854314183756,17.354868380743728,-342.49237,149.82137,17.647518,13.05188,22.632015,-17.606789,-17.418526,9.323383,-4.9460135,-14.813116,8.566866,10.375927,-11.230797
242,4.033333333333333,0.0789967,216.32502325372397,839.6638959350263,302.31933402314604,1251.2909914167178,2895.7772805314676,0.016091630377224445,0.06403854314183756,17.354868380743728,-375.78754,134.19623,38.185543,26.549818,28.787212,-7.2607713,-19.548904,-2.9942517,-9.802783,-17.957916,1.3478895,6.4457765,-13.702686
243,4.05,0.08030573,218.5160097286876,605.2884001076338,313.5661673831107,1906.7139676296688,3351.87400302704,0.016091630377224445,0.06403854314183756,17.354868380743728,-401.80453,129.81097,64.701965,28.67886,16.945688,4.807742,-6.027693,-11.403045,-14.2872305,-9.478916,1.829459,3.5564833,-8.046538
244,4.066666666666666,0.08683697,219.94838867207704,577.6594644460329,314.82320479803076,2149.347666753588,3742.8045764133267,0.016091630377224445,0.06403854314183756,17.354868380743728,-404.46317,124.034195,61.679077,33.700043,20.743275,3.0349417,-5.454001,-7.561713,-10.054332,-2.7920856,5.788241,-2.1674843,-15.931828
245,4.083333333333333,0.086914584,219.13960437428298,524.413807443931,290.2543776972644,2026.1413646211486,3557.1131079241272,0.016091630377224445,0.06403854314183756,17.354868380743728,-408.57254,122.84828,65.77086,37.6236,25.881218,9.906891,-2.1626468,-9.129055,-13.584814,-5.64118,6.9014473,0.7802173,-17.998196
246,4.1,0.080428116,218.13015561151454,493.22078374554894,286.24795915785546,1876.4047392203852,3186.9978356803576,0.016091630377224445,0.06403854314183756,17.354868380743728,-415.0543,119.43047,66.93344,34.36348,22.473629,11.337564,-0.24860474,-5.0592237,-4.1433883,-0.18727976,3.1557026,-1.7109566,-13.744591
247,4.116666666666666,0.073149346,216.76259814613417,500.6180428110653,271.71334480658766,1830.4153993052614,2940.989088453114,0.016091630377224445,0.06403854314183756,17.354868380743728,-422.9674,111.857254,65.732666,37.29245,27.484806,15.15561,-0.6779079,-6.280286,-1.8550987,2.1525059,3.0591214,1.0507464,-8.259254
248,4.133333333333334,0.07207778,215.16160050343242,475.479349139153,251.6509957208356,1762.7473440543724,2789.2205778854386,0.016091630377224445,0.06403854314183756,17.354868380743728,-425.72833,109.7059,65.51375,36.163223,25.539097,13.719997,-4.0345626,-13.73138,-10.027059,-2.8947916,0.14782408,-0.6816624,-6.5891924
249,4.15,0.08182961,218.15032045672248,467.49033275788304,254.13203252779547,1273.1625623065997,2497.3045158584905,0.016091630377224445,0.06403854314183756,17.354868380743728,-397.33133,138.15701,71.377655,28.061852,14.487709,2.3138795,-14.623179,-19.431355,-10.224901,-1.5008562,2.144408,4.363259,0.3744446
250,4.166666666666667,0.09099795,221.61286743070812,467.2467681293853,265.44614665073044,812.7233784964802,2295.277265858441,0.016091630377224445,0.06403854314183756,17.354868380743728,-384.06808,151.44714,74.64632,24.207014,5.2228665,-8.712185,-16.312263,-6.429573,4.5650396,-0.3288918,-7.3342333,-3.1099367,-2.115652
251,4.183333333333334,0.09378221,220.5485612452351,456.1260038956649,241.68252727812623,905.5754695011627,2345.8733535388583,0.016091630377224445,0.06403854314183756,17.354868380743728,-398.91794,144.06238,84.05957,25.411215,-9.13261,-16.675123,-5.601864,9.297751,13.318752,4.533386,-5.621274,-9.236385,-10.43707
252,4.2,0.0933573,220.86379745067532,450.43134692396814,238.83537742536893,870.781106915087,2172.036092256661,0.016091630377224445,0.06403854314183756,17.354868380743728,-406.28955,139.04938,88.25217,32.428345,-5.364909,-16.540434,-8.33715,4.24205,9.544894,5.769017,-1.431039,-6.4948807,-8.442986
253,4.216666666666667,0.095397174,221.63308382461202,434.6896523755073,240.42312275759858,852.2894110409646,2233.0152098528606,0.016091630377224445,0.06403854314183756,17.354868380743728,-411.5807,134.14424,89.21149,38.57035,2.2585335,-11.591967,-8.359319,-0.07095951,3.913548,1.8439147,-2.5339198,-5.590913,-7.016067
254,4.233333333333333,0.10116891,223.4475696612371,449.6674166633381,246.77583243621038,842.8519160641423,2051.6091205147427,0.016091630377224445,0.06403854314183756,17.354868380743728,-406.64508,138.99194,89.36504,34.862015,-2.5041332,-15.230885,-10.6068535,-1.926873,1.7147013,-0.14342159,-2.8799272,-3.5223832,-3.4942722
255,4.25,0.108219594,225.98836062788055,470.51522641634017,264.8935709557582,869.3038543029054,2495.7269314534024,0.016091630377224445,0.06403854314183756,17.354868380743728,-397.9596,143.71921,83.605194,28.822348,-5.391243,-17.157375,-7.80616,5.930442,4.467824,-5.782734,-6.80451,-2.033708,-4.3532925
256,4.266666666666667,0.11256347,226.88781007422494,494.8162731623003,276.1614540437591,878.1579980048075,3027.278844200658,0.016091630377224445,0.06403854314183756,17.354868380743728,-389.87717,148.6777,80.90097,29.181656,-0.5892957,-14.927739,-7.4585667,7.9242735,3.4950647,-12.164261,-11.009436,-0.8360739,-4.7520103
257,4.283333333333333,0.11959671,225.84218141286092,515.5486334355461,263.63323290445976,741.5540909918619,2457.8825457725425,0.016091630377224445,0.06403854314183756,17.354868380743728,-394.66095,144.9342,85.611626,39.29492,9.605614,-9.673271,-13.377413,-2.4634218,-2.969883,-14.367418,-14.042018,-7.019885,-7.824836
258,4.3,0.12319535,225.54816923207213,522.44314891564,277.2568707337938,1122.6402763826034,2860.7636390621165,0.016091630377224445,0.06403854314183756,17.354868380743728,-409.61414,126.23811,73.85926,37.290436,14.344877,-1.6527339,-5.132634,-1.7746518,-5.5210686,-9.851084,-7.95979,-7.5622845,-13.637151
259,4.316666666666666,0.12947838,223.96130666054594,510.1359613939324,288.3970819367076,1807.364368480647,3289.59955313915,0.016091630377224445,0.06403854314183756,17.354868380743728,-412.69788,123.81219,74.157166,39.229637,18.879765,1.8586249,-8.957476,-7.644698,-4.1931534,-2.5617206,-0.29577503,-3.0748806,-11.931378
260,4.333333333333333,0.12547411,222.11524812022338,538.6801801365725,282.4782966166832,1822.466323599524,3166.5885422760894,0.016091630377224445,0.06403854314183756,17.354868380743728,-409.191,124.13661,73.14374,40.194603,23.354324,10.595049,-6.338663,-7.551639,-1.753109,2.4847865,4.036705,-8.571956,-18.194843
261,4.35,0.11682434,220.20667089572675,543.3516064601876,292.4844577340146,1868.3913486308043,3109.5902735573263,0.016091630377224445,0.06403854314183756,17.354868380743728,-412.68164,121.024734,70.866684,40.641945,25.613005,9.773334,-8.104681,-11.592269,-3.7080758,5.3380394,5.276828,-10.57648,-23.694126
262,4.366666666666666,0.10652496,217.9489247656792,712.84152925663,267.8144657852783,1969.5863559986715,3000.5509936581034,0.016091630377224445,0.06403854314183756,17.354868380743728,-401.28412,113.84763,55.759193,49.32054,26.457432,-2.6538706,-6.9079766,-10.954334,-15.214162,9.654752,15.292561,-16.648293,-19.904415
263,4.383333333333334,0.09964861,216.53111749498717,1849.5479231945837,239.6828160200109,2104.4632776190842,2985.2299661844063,0.016091630377224445,0.06403854314183756,17.354868380743728,-344.2089,104.98982,-7.9318066,68.031784,48.00248,-24.335182,-0.5802534,-0.90152,-28.05364,8.408536,13.662603,-22.063625,-6.902568
264,4.4,0.09425761,218.7348543214031,1394.1699123713736,261.0751358263786,1935.1407770666442,3190.1767792845235,0.016091630377224445,0.06403854314183756,17.354868380743728,-328.3847,140.51927,7.5337133,35.41899,38.23974,-20.360832,-13.018276,1.6207006,-20.983257,-4.554476,15.827929,-7.951601,-13.436956
265,4.416666666666667,0.08999682,222.42047144908872,1340.7315592651378,304.66852731389025,1712.7040073075955,3257.7832120593303,0.016091630377224445,0.06403854314183756,17.354868380743728,-333.11047,140.61516,8.593953,17.308907,24.155704,-21.44298,-12.396439,10.768017,-14.177658,-11.836262,18.587944,3.2987669,-13.485035
266,4.433333333333334,0.08433277,222.63402756042254,1424.1840670242877,301.43069442318574,1672.1139914531477,3268.98072288902,0.016091630377224445,0.06403854314183756,17.354868380743728,-331.2407,142.14278,6.6973643,11.132755,21.58474,-18.50533,-8.316518,17.817911,-11.022599,-16.06169,17.533825,10.6044235,-8.480059
267,4.45,0.07252379,223.12950070807508,1246.255318437534,276.57694201885533,1644.1525770991498,3305.5034369353,0.016091630377224445,0.06403854314183756,17.354868380743728,-359.4336,131.78253,16.604595,12.642597,18.098892,-12.616732,-5.7184963,13.814928,-10.985491,-13.337683,22.558548,20.210285,-11.889623
268,4.466666666666667,0.055559836,221.9918406990882,1407.0558713583864,269.864674094716,1744.8809022372607,3321.2688763747683,0.016091630377224445,0.06403854314183756,17.354868380743728,-369.22687,123.88554,20.507528,20.082184,19.033869,-12.657917,-4.294793,13.312723,-11.347711,-7.9282265,26.298687,19.153078,-10.940521
269,4.483333333333333,0.034329396,221.18681087881728,1834.0092377445028,262.1660575456111,1725.037255134297,3389.6186045970785,0.016091630377224445,0.06403854314183756,17.354868380743728,-390.98325,103.55743,17.23286,28.72948,25.25748,-14.053817,-5.6917048,13.787509,-7.473703,-6.186636,21.707802,14.178388,-16.267523
270,4.5,0.014596709,0.0,2266.7860887292795,312.20186651487927,1796.9179932375005,3431.027337084378,0.016091630377224445,0.06403854314183756,17.354868380743728,-418.90717,84.44461,14.653608,21.756481,27.004257,-0.9210024,0.21076103,13.905075,-1.5585883,-4.7329235,20.317642,17.288153,-20.950062
271,4.516666666666667,0.005131105,0.0,2728.2563734041382,475.8680247113977,1824.805040856882,3431.3913557293904,0.016091630377224445,0.06403854314183756,17.354868380743728,-445.14,67.42944,19.614218,19.64475,20.25977,0.0044995546,-0.60413957,10.392887,2.441924,1.0195553,20.682072,20.404715,-9.4059925
272,4.533333333333333,0.0018987736,0.0,3484.1819319908277,558.9337881112984,1802.5779572880856,3447.3341707425125,0.016091630377224445,0.06403854314183756,17.354868380743728,-465.19943,48.68726,15.486017,19.072842,19.785412,4.0836396,4.478941,11.0357,2.3218417,2.1803174,17.958494,15.18121,-9.6437435
273,4.55,0.0016150856,0.0,3435.8308417675335,466.01771081571775,1835.0231048329565,3460.9541786441046,0.016091630377224445,0.06403854314183756,17.354868380743728,-485.4079,31.705477,15.447968,22.376575,20.701168,4.9186754,5.8483043,14.161482,5.9896307,1.3687353,12.849896,12.734846,-3.5652862
274,4.566666666666666,0.0011679402,0.0,3201.745455006709,512.3592365833905,1914.8394530262951,3456.1976689215403,0.016091630377224445,0.06403854314183756,17.354868380743728,-497.1754,26.300112,19.025291,17.046204,15.957878,11.458445,8.152459,8.236538,7.699069,6.5337553,7.070659,5.193984,-1.7493343
275,4.583333333333333,0.0010715799,0.0,2587.1588980216607,566.087490662632,2081.350758802153,3381.405691517024,0.016091630377224445,0.06403854314183756,17.354868380743728,-499.7383,25.800785,22.132242,18.17273,13.864628,9.613,7.1679335,6.6479197,6.108281,4.8296576,3.5674057,1.8168142,-1.4319172
276,4.6,0.0022047542,0.0,2249.7126279115523,443.42066961669,2074.9933022004666,3268.30026715093,0.016091630377224445,0.06403854314183756,17.354868380743728,-498.50513,27.678299,24.506119,21.271362,17.198391,12.10246,8.053574,5.8828735,3.8828154,1.4746311,0.05571848,-0.5745764,-2.267902
277,4.616666666666666,0.007939348,0.0,1257.1926771840306,297.1251247284433,2167.1480777353836,3213.920930688421,0.016091630377224445,0.06403854314183756,17.354868380743728,-478.7144,51.410866,40.761597,32.42542,22.347374,8.770804,0.38295794,0.4626481,0.5363569,-2.7221618,-2.812378,0.21274196,-1.6998882
278,4.633333333333334,0.014472726,0.0,981.876808181868,391.2829427592021,2606.578798603939,3133.4964659016955,0.016091630377224445,0.06403854314183756,17.354868380743728,-450.74155,77.18881,47.98696,36.107468,20.611343,-5.0345097,-14.126284,-2.5046663,5.84219,0.14111108,-7.0178113,-4.489604,-2.7861576
279,4.65,0.02110809,264.11191560677435,1086.6980573903058,529.5995682681257,2726.4465546558295,3019.152327720042,0.016091630377224445,0.06403854314183756,17.354868380743728,-431.07324,85.29164,38.84491,38.06617,21.361946,-17.388504,-21.789467,-1.2157655,10.463905,9.740702,-2.4275088,-7.5258923,3.18996
280,4.666666666666667,0.027082266,262.22007696253195,1254.4524771340773,585.0682140472442,2708.347461269161,3063.903379201939,0.016091630377224445,0.06403854314183756,17.354868380743728,-415.85846,88.34266,25.596043,40.877068,32.22667,-23.685482,-35.710335,-5.6597543,9.629953,3.3432708,-12.716419,-14.607958,4.164014
281,4.683333333333334,0.03211267,259.78189160328895,1200.0833458745892,589.2340154985766,2631.8025089933626,3182.428059911774,0.016091630377224445,0.06403854314183756,17.354868380743728,-406.0861,94.07535,25.714579,47.85892,37.0375,-28.848043,-38.590588,-1.1747663,13.279857,6.2887855,-5.243352,-6.575697,6.302111
282,4.7,0.036483686,258.93156783111533,1157.5290887124493,598.4456435268542,2645.8903437671397,3202.4642129275862,0.016091630377224445,0.06403854314183756,17.354868380743728,-400.857,101.370865,27.474693,42.90663,33.550297,-33.78531,-49.503895,-7.6238995,12.977356,2.5076315,-7.932374,-2.4757147,10.14883
283,4.716666666666667,0.04054697,258.661308772727,1189.9402668404314,587.836863393827,2648.063836523697,3141.2817807050546,0.016091630377224445,0.06403854314183756,17.354868380743728,-402.4562,96.00193,18.049318,37.25628,33.555336,-37.437744,-55.084602,-6.641141,12.602971,-4.330833,-12.249186,-7.2265825,0.71016514
284,4.733333333333333,0.044321615,258.829780670963,1066.1474595206332,571.5893056160332,2645.3716559522622,3075.0164428732824,0.016091630377224445,0.06403854314183756,17.354868380743728,-400.92007,101.83999,26.18201,41.483093,37.30365,-32.44223,-56.419598,-13.854441,9.616049,-2.0414119,-11.540319,-8.884033,-0.08054352
285,4.75,0.047380593,259.47521903110055,901.2338297176556,558.937840265154,2768.181113783309,2974.0118095458743,0.016091630377224445,0.06403854314183756,17.354868380743728,-408.02866,104.33628,36.681503,40.12873,37.402878,-21.167377,-49.865986,-11.745807,15.965381,-0.8110517,-14.132839,-4.391531,0.22468942
286,4.766666666666667,0.05033297,260.1222861412476,895.1669701513495,553.5187733220263,2792.173390339553,3005.7232981410984,0.016091630377224445,0.06403854314183756,17.354868380743728,-407.6852,106.34895,37.62269,36.755554,35.3251,-20.866102,-55.0847,-21.22504,11.03305,-3.1313748,-19.902313,-9.175074,1.8472257
287,4.783333333333333,0.05367216,262.0821226718892,900.9683108611063,556.5913035717155,2669.9141599619625,3085.583669991603,0.016091630377224445,0.06403854314183756,17.354868380743728,-391.91803,116.40465,38.22096,45.69203,40.64216,-27.44371,-55.817127,-14.771745,11.157133,-3.2469065,-13.933668,-6.8038363,0.4466809
288,4.8,0.058016628,265.12543857726934,936.1514756914661,567.3429684903506,2615.722397699834,3095.0361653457617,0.016091630377224445,0.06403854314183756,17.354868380743728,-391.96512,111.51288,34.461998,48.365944,36.63024,-32.39169,-50.9584,-16.244343,3.0782259,0.5723308,-10.388744,-15.050243,-1.395055
289,4.816666666666666,0.058207568,265.57319186251067,997.5033540566894,569.5629448583445,2388.6402218918793,3106.3524018670532,0.016091630377224445,0.06403854314183756,17.354868380743728,-394.65155,104.66168,30.996078,51.427086,33.232937,-36.475655,-46.152275,-17.018425,-5.393446,-2.2332375,-11.914165,-18.01753,1.3916426
290,4.833333333333333,0.055608273,260.6368591126313,982.3660835433182,538.0887839763176,2377.5440192243573,3136.6081286955227,0.016091630377224445,0.06403854314183756,17.354868380743728,-377.2959,118.90689,27.304506,41.08172,30.136953,-29.02272,-36.01116,-12.535749,-4.744124,2.8606613,-4.9640303,-21.428097,-10.27585
291,4.85,0.042881705,250.08611822882258,1035.777275136644,422.0934183233848,2367.8159784496556,3120.9588103558767,0.016091630377224445,0.06403854314183756,17.354868380743728,-390.8083,108.31794,30.970085,51.196396,39.923233,-21.204056,-29.95441,-8.396595,-2.008123,5.3512545,-2.442665,-19.212952,-7.917429
292,4.866666666666666,0.024594804,242.69825880916673,2205.1933551468046,389.05467395138874,2243.9797224445974,3190.720915094871,0.016091630377224445,0.06403854314183756,17.354868380743728,-397.59323,88.03427,17.34782,60.36033,40.49147,-20.671629,-7.1294384,2.55805,-8.017949,16.557281,11.790972,-20.413704,-7.120123
293,4.883333333333334,0.012334041,0.0,4010.3853093515118,531.9245938562166,2294.7192629433066,3432.374916059975,0.016091630377224445,0.06403854314183756,17.354868380743728,-395.7699,67.73778,-4.4475965,68.70069,30.632135,-45.255096,0.75434107,10.832266,-22.911427,16.141975,26.565563,-11.995394,-0.2704649
294,4.9,0.01929389,0.0,4536.800049946097,741.9014686062237,2608.834156442857,3684.527443185977,0.016091630377224445,0.06403854314183756,17.354868380743728,-376.32785,59.05647,-26.711689,80.18395,29.663963,-56.79108,11.197059,19.82992,-18.025753,22.767162,24.335402,-8.629011,3.9804406
295,4.916666666666667,0.026881535,0.0,4831.494673300623,1286.6088306601296,3126.825583161703,4034.2410839392587,0.016091630377224445,0.06403854314183756,17.354868380743728,-378.8932,40.443527,-42.266598,88.59506,31.21859,-57.388084,23.760334,26.166248,-14.195799,30.073765,23.752499,-7.5944853,7.1353893
296,4.933333333333334,0.034135286,0.0,4990.95255251339,1367.6941457148675,3244.668480409142,4207.133878649002,0.016091630377224445,0.06403854314183756,17.354868380743728,-383.29874,31.386795,-41.678352,92.72942,24.485367,-61.637558,24.054104,25.997475,-21.11372,20.629593,18.417233,-10.811308,5.734702
297,4.95,0.032236822,0.0,4937.822729203786,915.9890139514192,2820.5554667343163,3928.0469640470487,0.016091630377224445,0.06403854314183756,17.354868380743728,-348.8849,52.300278,-58.332848,73.45427,19.677212,-63.153725,17.3684,23.090807,-19.99271,25.374727,22.709984,-17.151121,2.6880774
298,4.966666666666667,0.025676986,0.0,4441.490013616537,947.6740114381307,2210.4564757710705,3690.1468722375157,0.016091630377224445,0.06403854314183756,17.354868380743728,-327.94592,81.57553,-65.35472,30.979431,15.317347,-52.039085,3.0438123,23.203524,-16.01167,19.019705,24.018394,-17.621634,-0.758761
299,4.983333333333333,0.008681932,0.0,5712.139377897334,865.0575242506982,1754.510585237398,3421.923897998662,0.016091630377224445,0.06403854314183756,17.354868380743728,-423.74292,58.29632,-5.9157515,27.209269,14.009599,-25.434904,9.312754,17.01329,-19.432972,0.24376485,25.118906,1.255161,-10.512294
300,5.0,0.019400839,0.0,3292.991151579233,588.4213524092851,1585.808068205875,3186.4413220243346,0.016091630377224445,0.06403854314183756,17.354868380743728,-449.07944,71.15985,37.560722,30.75376,10.69151,-9.527276,2.078525,10.43779,0.85450566,0.72542906,2.544135,-3.0146842,-3.3763986
301,5.016666666666667,0.04742805,245.41752444678716,858.6424281832523,324.3706650864612,1395.622655412483,3252.882279156035,0.016091630377224445,0.06403854314183756,17.354868380743728,-408.38602,128.49765,76.40378,36.3182,4.468908,-13.921078,-8.521376,0.8741685,-3.1203046,-12.1432,-15.697741,-11.515192,-6.9872227
302,5.033333333333333,0.07170441,244.86469517791872,770.1533222473261,412.48055525751704,998.1421242466638,3179.8030694554336,0.016091630377224445,0.06403854314183756,17.354868380743728,-364.97327,157.80728,69.285126,31.158998,0.63081884,-19.632704,-5.727378,2.2999241,-10.87936,-16.646463,-19.103321,-17.268238,-1.6480007
303,5.05,0.08662283,238.54751074986376,1064.6063603396747,398.7159284680064,1076.4403179553779,3202.5615983451085,0.016091630377224445,0.06403854314183756,17.354868380743728,-332.19168,150.18335,29.81015,44.15825,20.572428,-28.486103,-5.4454813,8.318405,-16.119965,-13.521128,-18.802414,-31.384855,-0.7722221
304,5.066666666666666,0.09610576,234.20065376340787,722.7481579546526,381.7005733284988,1407.6667317534661,3368.714102100975,0.016091630377224445,0.06403854314183756,17.354868380743728,-365.76202,151.26825,55.754196,18.917759,6.2364836,-2.149631,-2.1117468,-2.246694,-18.228756,-26.735695,-21.138687,-16.131413,-4.230375
305,5.083333333333333,0.09946122,232.51247379039134,1120.5638187307065,382.07442757451304,1409.8910118031954,3363.240452482375,0.016091630377224445,0.06403854314183756,17.354868380743728,-338.01938,134.39407,12.38173,43.72325,28.083187,-25.617792,0.7193847,12.508375,-27.613197,-28.749022,-17.31311,-19.052809,0.6714278
306,5.1,0.10045179,231.60758924063248,682.701288900028,393.26595774777326,1330.3952213012153,2718.082766561419,0.016091630377224445,0.06403854314183756,17.354868380743728,-372.09634,143.88625,51.81993,20.351265,10.827774,0.29059526,-1.1806393,0.76039445,-11.569796,-21.358347,-21.306786,-18.063658,-5.8503647
307,5.116666666666666,0.10186595,230.50625681134744,653.7575423106689,381.1008243209783,909.3374222167,1887.1175025683388,0.016091630377224445,0.06403854314183756,17.354868380743728,-383.33206,139.03543,56.765533,20.367006,15.856817,7.8483305,-7.6769934,-4.837221,-9.043047,-21.618656,-19.088928,-13.7779665,-9.117466
308,5.133333333333334,0.11273428,228.9711237645028,627.3200926511242,360.6201054752643,967.9223143064596,1980.9165988813365,0.016091630377224445,0.06403854314183756,17.354868380743728,-375.83975,142.83325,48.97812,11.090818,13.824128,9.950281,-5.5709853,-3.5190115,-9.727344,-24.131931,-19.994448,-12.275747,-9.082718
309,5.15,0.1213763,227.43383868411732,593.2027559328836,344.8341773666279,1101.071740318305,1972.5242488012966,0.016091630377224445,0.06403854314183756,17.354868380743728,-376.3529,146.83943,53.07795,12.9196005,18.910227,19.352682,6.414665,1.4888166,-6.1568136,-19.715395,-21.86485,-14.71111,-9.307156
310,5.166666666666667,0.13166003,227.87777649865123,886.0614220386656,361.17383164954805,1110.704340811294,2267.974509681397,0.016091630377224445,0.06403854314183756,17.354868380743728,-348.49683,166.09454,51.561554,4.518942,15.195059,2.2309291,-15.784522,-10.795752,-2.339848,-13.797787,-22.901337,-15.242056,-5.3938003
311,5.183333333333334,0.1374615,227.84031279967556,907.9479046027949,457.92025204521156,1132.6312933244687,2716.76921539923,0.016091630377224445,0.06403854314183756,17.354868380743728,-320.06082,185.55652,45.553993,-5.372473,10.350409,-12.425371,-30.724545,-12.0044155,5.891346,-9.870537,-23.61528,-10.6499195,-2.228923
312,5.2,0.13461891,225.48321385241474,724.15622772383,534.2391418973185,1171.4568560919422,2793.0739035384136,0.016091630377224445,0.06403854314183756,17.354868380743728,-330.2034,184.91885,50.007744,-3.2253444,-4.8359947,-17.169664,-18.023045,6.010998,4.7032146,-17.75642,-12.747929,4.1444964,-3.773561
313,5.216666666666667,0.13154815,224.76544543029868,652.8259086163763,488.07418227443486,1140.3206696593184,2749.2848102192706,0.016091630377224445,0.06403854314183756,17.354868380743728,-353.27798,170.16107,56.178772,-0.032230735,-8.149483,-15.301514,-13.465158,0.9926816,-1.6481063,-16.303368,-11.226269,1.5287553,-5.0409145
314,5.233333333333333,0.123038955,223.76436051289107,610.1886114696804,417.35992951347544,1164.1390426868072,2927.934619731826,0.016091630377224445,0.06403854314183756,17.354868380743728,-368.7555,158.01408,61.232224,10.558198,-2.521479,-10.722862,-7.399441,2.24966,-4.266065,-16.202084,-11.585911,-3.4775171,-9.931595
315,5.25,0.12624396,222.85102343898888,553.0085164747834,323.2403563478279,1099.4985367345244,2421.0114270165545,0.016091630377224445,0.06403854314183756,17.354868380743728,-380.87967,149.64848,65.24719,15.6618595,0.1368399,-6.156923,-1.5228126,6.5542164,-1.0353634,-14.017508,-13.197908,-9.0010195,-12.776405
316,5.266666666666667,0.13647974,223.98881736109593,479.12674115482696,290.3953314408967,941.1328380519478,1848.2142141422946,0.016091630377224445,0.06403854314183756,17.354868380743728,-386.1849,151.36035,76.34645,18.91566,-3.5563898,-2.1829088,9.102135,14.187962,3.5461597,-10.21518,-14.930175,-17.84204,-23.502827
317,5.283333333333333,0.15065676,226.47449941749412,440.92905629692785,280.58980663519554,912.847671987978,2066.9275655556207,0.016091630377224445,0.06403854314183756,17.354868380743728,-374.35873,168.07968,88.893,22.842098,-5.0441823,-4.3033066,6.4938126,12.311102,6.4829683,-6.0067654,-16.878897,-23.043491,-23.348087
318,5.3,0.15184876,227.90433143244286,427.3731802594591,274.5810619233403,891.0598708854186,2405.5409318047195,0.016091630377224445,0.06403854314183756,17.354868380743728,-381.31146,163.50089,93.167145,29.460878,-2.4314687,-5.3667903,5.610251,14.124799,9.685965,-5.326815,-19.702602,-25.431124,-22.99828
319,5.316666666666666,0.14777744,227.7438718131871,404.8931037733776,276.2040721163253,860.1920188135923,2586.038119205152,0.016091630377224445,0.06403854314183756,17.354868380743728,-388.80722,157.05716,94.33646,34.74008,2.6413226,-3.0427866,4.2837396,12.0115185,11.142701,-1.388912,-18.587143,-28.28112,-26.526093
320,5.333333333333333,0.13810717,229.30135701249208,393.8916681954166,273.0294298456681,875.4955213758935,2681.095486858107,0.016091630377224445,0.06403854314183756,17.354868380743728,-401.39328,145.59367,94.928116,41.395325,6.9583426,-2.7739582,3.6448948,12.275173,12.1053295,0.65239143,-15.441036,-26.61481,-28.707293
321,5.35,0.12839602,231.32242905494795,388.6174776831749,264.5677959661262,825.7471082903727,2846.021543064329,0.016091630377224445,0.06403854314183756,17.354868380743728,-418.08737,127.02256,87.40611,42.86788,10.711122,-2.0284867,0.5611256,8.101798,10.374895,2.786333,-11.447264,-24.277826,-29.244122
322,5.366666666666666,0.12366491,234.65550930969533,609.9372329109358,290.88197207969677,727.1937763089421,2985.339950158748,0.016091630377224445,0.06403854314183756,17.354868380743728,-360.92383,147.70001,56.08097,47.835495,15.561377,-35.285538,-20.883188,2.1743183,-7.7345223,-10.582451,-16.960896,-27.755863,-12.662988
323,5.383333333333334,0.124575086,238.10350102502994,521.8448853541919,386.6386469630193,1091.011753898696,2903.4090988914027,0.016091630377224445,0.06403854314183756,17.354868380743728,-360.2211,167.91634,71.510666,21.49091,0.25983003,-14.35484,-12.770346,-7.0932646,-8.072674,-11.66626,-20.263035,-22.083315,-9.057024
324,5.4,0.1308503,234.41306573563642,525.575023726102,422.8774050363582,1114.9574703661378,2670.858852631154,0.016091630377224445,0.06403854314183756,17.354868380743728,-352.96213,170.78635,57.498047,10.001928,19.672253,11.872716,-18.468355,-25.678148,-9.700494,-5.6873326,-14.055649,-11.717327,-5.276518
325,5.416666666666667,0.13832447,232.4897973204277,565.3733837239844,414.9640946332335,1053.2316944753886,2403.318341033328,0.016091630377224445,0.06403854314183756,17.354868380743728,-331.17566,186.73915,52.518524,6.839472,27.051945,13.027065,-30.913338,-36.384125,-7.81238,1.0910857,-11.0835705,-11.492762,-6.1235905
326,5.433333333333334,0.13735975,231.77206109702553,592.6822614153369,447.4329011448674,2000.8330981828287,2705.6138851911123,0.016091630377224445,0.06403854314183756,17.354868380743728,-326.47092,188.15137,48.11096,7.549241,35.031136,16.63541,-36.40524,-40.708275,-4.8287625,4.2744603,-12.719664,-13.637167,-5.8070345
327,5.45,0.119981624,230.29857044870423,568.9204679289539,435.763758620143,2142.2599973271017,2982.440599988277,0.016091630377224445,0.06403854314183756,17.354868380743728,-344.33746,173.52695,51.237804,15.137377,36.43899,16.681087,-31.857483,-36.41752,-5.9831295,1.3954462,-13.373014,-15.077,-9.365805
328,5.466666666666667,0.09158433,226.53879019753347,566.5896557232815,357.12882289284005,2181.4855168339177,2967.89368058536,0.016091630377224445,0.06403854314183756,17.354868380743728,-375.33917,143.43903,45.91491,21.051933,40.281532,19.706501,-26.581875,-33.087852,-6.6711397,1.4481058,-10.413113,-12.586796,-7.5821033
329,5.483333333333333,0.06595837,221.7994954536181,636.4871277070786,248.9047928101616,2206.721580451003,2893.8913823421485,0.016091630377224445,0.06403854314183756,17.354868380743728,-398.98438,115.59709,31.371563,19.62289,46.44715,29.391014,-14.626498,-21.804085,-0.5094967,1.9638723,-12.453381,-15.690058,-11.27195
330,5.5,0.047742173,219.93457631037109,648.5693233099935,233.0739538481286,2098.2716564781017,2892.305582064044,0.016091630377224445,0.06403854314183756,17.354868380743728,-409.92166,109.05007,35.702087,19.579762,39.65629,29.083866,-6.021679,-14.756994,3.9982224,12.08983,0.90248823,-9.079379,-10.423093
331,5.516666666666667,0.03771191,219.9495022139017,748.8132818847533,233.44892468880786,1867.368808042458,2882.479701635524,0.016091630377224445,0.06403854314183756,17.354868380743728,-419.16705,101.35414,32.320072,9.780589,28.506317,33.049267,11.112224,-4.872962,-2.0375884,2.781311,1.6408292,0.88169706,-0.7695689
332,5.533333333333333,0.044001315,221.0941042901429,555.4323635030987,237.69975860186372,1447.7674567177228,2684.2654093472474,0.016091630377224445,0.06403854314183756,17.354868380743728,-423.41837,106.02356,50.380653,19.540325,17.564117,14.226247,0.49849296,-6.3548875,-1.3666229,0.64411545,-6.167543,-11.471261,-10.885494
333,5.55,0.060343158,223.56111052191702,439.9260921413435,234.47409140435605,1033.9020667706266,2577.778127765908,0.016091630377224445,0.06403854314183756,17.354868380743728,-437.48346,102.539825,71.318665,38.044693,14.659721,3.6294093,1.7654009,4.4872217,6.424208,2.7091694,-6.9593697,-17.026968,-21.338535
334,5.566666666666666,0.077030905,227.64020826025293,405.46149652427323,243.47930571828445,958.8442014142258,2525.2399683290887,0.016091630377224445,0.06403854314183756,17.354868380743728,-435.06357,104.66966,69.74396,32.06948,7.3735065,0.43341252,4.995453,10.186901,8.023211,-2.29698,-15.279181,-24.200882,-26.217384
335,5.583333333333333,0.086592995,230.25050902977281,404.8074649279807,257.8386654467067,876.5703670998964,2636.8565989943313,0.016091630377224445,0.06403854314183756,17.354868380743728,-432.27936,108.52687,73.65306,36.078506,10.303265,0.40236452,1.6854725,5.6842756,4.8387537,-3.2422376,-14.231701,-21.328003,-21.95276
336,5.6,0.090429015,231.85297634224438,413.94375017896266,262.25245209621863,892.0578646334968,2707.4246102028496,0.016091630377224445,0.06403854314183756,17.354868380743728,-423.7437,118.34541,77.278,32.110626,1.7439392,-7.0191054,-0.8217983,7.537034,8.600807,1.2057523,-9.448349,-17.531971,-20.81842
337,5.616666666666666,0.096140414,232.25673669325266,432.20951322224744,259.2509362308062,905.4244362989607,2673.819444905586,0.016091630377224445,0.06403854314183756,17.354868380743728,-415.35785,126.80173,78.29799,26.635462,-6.5364814,-14.109526,-4.3869343,6.470692,7.179472,-1.3521693,-11.210819,-16.684803,-17.235514
338,5.633333333333334,0.100398615,233.01287976331218,420.1467358426411,252.8817970597655,910.0735800146167,2548.1000308001144,0.016091630377224445,0.06403854314183756,17.354868380743728,-414.15182,127.34854,77.643616,26.986572,-5.301297,-14.400052,-6.0606484,6.627825,10.429993,2.1919928,-10.297619,-17.826077,-17.880388
339,5.65,0.10170819,236.76518546775696,575.1413478749445,287.0539182369185,855.6304434642376,2575.9059458231086,0.016091630377224445,0.06403854314183756,17.354868380743728,-377.61435,151.07288,76.27911,36.585056,-4.2171435,-32.31036,-17.704536,-4.2343664,-8.81587,-8.854986,-16.35386,-24.891956,-11.742279
340,5.666666666666667,0.10535419,240.51705631174832,539.8314371641677,358.3501193342163,786.1402960046663,2922.4252836309406,0.016091630377224445,0.06403854314183756,17.354868380743728,-385.93475,154.13924,86.77374,29.606525,-12.346396,-30.09935,-20.03665,-7.444339,-4.985663,-6.524707,-13.062363,-16.29853,-7.5490165
341,5.683333333333334,0.1114817,240.34337164096473,522.9114231493154,387.95599633709446,796.656729463652,3379.882441349571,0.016091630377224445,0.06403854314183756,17.354868380743728,-383.74518,159.36958,91.79343,29.162586,-14.802303,-29.641083,-17.06543,-4.114683,-4.1578603,-7.911683,-12.009302,-13.711263,-8.534464
342,5.7,0.114527546,242.21221596815136,514.189566909487,412.5147546486029,804.8659050577897,3419.9395476021677,0.016091630377224445,0.06403854314183756,17.354868380743728,-377.46432,168.80899,98.141754,30.073193,-13.70739,-28.184727,-18.950012,-4.974291,-1.7455438,-5.748548,-7.577524,-6.919136,-8.181364
343,5.716666666666667,0.11469801,246.04907289199448,536.6898231365833,429.8194862137688,809.1670355065534,3394.686991625294,0.016091630377224445,0.06403854314183756,17.354868380743728,-381.5371,158.61769,88.29605,29.747963,-12.297889,-28.854252,-16.1399,-3.5901728,-5.6680875,-7.961098,-6.935235,-5.603245,-4.378215
344,5.733333333333333,0.11262876,250.64011132143793,549.038240117576,416.3310576443655,795.4443732194925,3521.252403135645,0.016091630377224445,0.06403854314183756,17.354868380743728,-387.6587,151.8102,85.09766,28.663792,-14.957787,-35.52062,-23.369225,-6.8447137,-6.7189674,-8.763936,-5.255891,-2.798993,-3.6228209
345,5.75,0.10503491,255.40557110832515,573.9410503030616,485.4096521533321,809.7315225853392,3568.390091839878,0.016091630377224445,0.06403854314183756,17.354868380743728,-387.64624,150.82994,83.75646,29.062622,-14.209036,-35.586433,-21.375023,-2.5281472,-4.2134027,-7.7929583,-2.5908613,-0.8577015,-4.161881
346,5.766666666666667,0.09956678,259.9739605209108,617.6269896653574,573.8892593742639,816.3650595485492,3427.700063349041,0.016091630377224445,0.06403854314183756,17.354868380743728,-383.70047,154.26341,79.23384,16.058586,-26.079094,-40.73929,-23.048174,-0.85299456,1.2796482,-4.732631,-3.8001509,-0.49843028,-3.4070525
347,5.783333333333333,0.100954354,262.98189108262585,633.5259132592275,533.02607059437,812.8579469459844,3422.7363131747225,0.016091630377224445,0.06403854314183756,17.354868380743728,-369.54266,166.46303,83.54584,22.337837,-23.40318,-46.50054,-27.871145,-1.9308769,-2.4001372,-9.956261,-6.6701126,-2.944967,-7.184638
348,5.8,0.104667835,264.7883413963155,648.8821748120083,551.4452370644043,831.0348667258212,3409.4412656264285,0.016091630377224445,0.06403854314183756,17.354868380743728,-352.74042,181.88431,83.54912,15.114025,-29.832668,-52.76689,-31.255287,3.1388993,4.090602,-11.5903845,-10.566229,-2.7768297,-8.136635
349,5.816666666666666,0.106894076,267.78038146171235,699.3295174089691,628.9455918285464,878.2792640277222,3345.1209924814375,0.016091630377224445,0.06403854314183756,17.354868380743728,-337.16693,188.88113,73.06398,8.7934265,-30.18496,-53.460056,-27.019325,10.152295,4.9698124,-12.935029,-6.7799687,2.4500911,-7.6636405
350,5.833333333333333,0.10094251,273.94002540399487,763.7708243340065,579.304567435655,942.3674707303114,3245.278669685943,0.016091630377224445,0.06403854314183756,17.354868380743728,-324.5695,192.87463,61.159645,2.8444393,-28.956678,-57.76484,-32.415485,12.63932,8.286333,-17.252024,-13.03252,1.5716763,-7.419946
351,5.85,0.09748184,284.23398398321444,769.2102871005692,645.8535331926942,1002.3810360751975,3136.6935859040373,0.016091630377224445,0.06403854314183756,17.354868380743728,-322.62552,191.94125,53.790382,-1.927928,-21.973904,-48.316917,-31.973309,11.2392235,10.7807045,-19.216488,-19.321823,1.3177717,-2.6694531
352,5.866666666666666,0.09526607,292.8764097611285,777.5143174423721,693.5069306807285,1077.7171370939616,3048.881973819987,0.016091630377224445,0.06403854314183756,17.354868380743728,-333.4942,178.74265,45.267563,-3.529056,-14.771913,-38.19542,-28.426918,6.8246293,2.006594,-30.164951,-27.224125,2.925132,5.4145646
353,5.883333333333334,0.089441694,292.72181863689735,733.5682202170569,549.5170354599513,1021.2190163153275,2982.565525765194,0.016091630377224445,0.06403854314183756,17.354868380743728,-356.47403,153.75278,39.20951,8.416655,4.0219936,-22.502731,-24.198416,-1.1867018,-2.1775122,-20.045631,-14.891552,8.434922,8.148519
354,5.9,0.07048533,281.4219850809154,745.5509571228511,376.8614830229922,1067.2700949357481,2993.4344052962124,0.016091630377224445,0.06403854314183756,17.354868380743728,-364.33426,142.08258,33.99198,15.737296,15.395299,-15.044592,-25.536716,-13.359102,-8.572289,-7.754379,-3.3429346,3.249655,-1.5364921
355,5.916666666666667,0.039560746,272.1797916434145,1656.2603746395553,518.9788077118696,1706.791204991173,3131.5622165946015,0.016091630377224445,0.06403854314183756,17.354868380743728,-362.95673,117.71117,-0.04899162,23.109268,30.087097,-26.785746,-28.237755,1.2295473,-5.8410025,-11.367264,-1.1677251,0.31295836,-6.203371
356,5.933333333333334,0.013927112,0.0,3428.8084564567653,776.4760442499138,2197.1079230399478,3223.714804581821,0.016091630377224445,0.06403854314183756,17.354868380743728,-369.45535,81.02664,-36.818596,36.283707,39.367947,-41.597725,-21.05366,12.574953,-13.727662,-5.4411383,15.603383,-0.29117996,-9.672779
357,5.95,0.01818671,0.0,4016.7177234350597,1304.4740741421988,2679.190317718547,3495.6027435104334,0.016091630377224445,0.06403854314183756,17.354868380743728,-351.68887,71.8795,-55.59375,59.01352,48.54258,-56.50232,-10.710192,26.491598,-15.099115,1.6501765,19.354843,-6.80588,-6.843691
358,5.966666666666667,0.026900413,0.0,4273.028091045911,1417.7819930149553,3164.0754967342596,3859.6524332913527,0.016091630377224445,0.06403854314183756,17.354868380743728,-350.1228,66.56687,-55.43508,72.53633,52.744633,-59.89988,-10.588423,19.703552,-21.51276,4.175046,24.428652,1.580342,0.13756192
359,5.983333333333333,0.028016478,532.3410854496067,4104.976786580458,626.0306377997103,3003.1345921918414,3731.5361120643383,0.016091630377224445,0.06403854314183756,17.354868380743728,-355.81177,61.303696,-52.66822,79.8698,56.789257,-55.12573,-6.5770817,26.172928,-13.551148,-1.9367188,13.408287,4.302578,3.8642035
360,6.0,0.022922665,527.9342802315144,4019.5856874285696,832.6638567959567,2241.9941326398093,3445.5215298317908,0.016091630377224445,0.06403854314183756,17.354868380743728,-361.07886,60.199722,-54.27572,70.672424,52.751183,-55.19583,-6.6255155,32.746628,-1.7288595,11.50054,24.012205,6.030223,1.0324326
361,6.016666666666667,0.010509775,0.0,3759.988353934261,1005.7793797683062,1541.6379492972394,3147.4639261227703,0.016091630377224445,0.06403854314183756,17.354868380743728,-394.59552,63.59897,-27.980085,45.130524,37.15419,-40.213795,-12.604454,16.980537,-13.910587,-4.2845664,18.821533,5.9837317,-2.4223619
362,6.033333333333333,0.0030180286,0.0,3460.055317430731,640.5382659844647,1667.4183745339649,3152.6912088594977,0.016091630377224445,0.06403854314183756,17.354868380743728,-456.2404,49.273087,13.000801,30.165382,17.682953,-18.552982,-9.842808,5.4400597,-7.1947346,-4.1016865,14.825535,16.063023,6.9578085
363,6.05,0.012366745,0.0,2161.034998265512,454.37051661935106,1279.1383050679062,3111.2666611140203,0.016091630377224445,0.06403854314183756,17.354868380743728,-468.2969,56.853905,36.05667,28.637,14.399917,-6.4099264,-8.651464,1.9577407,3.3878746,-0.9451151,-0.6766441,-1.5513184,-9.389551
364,6.066666666666666,0.044384055,0.0,762.3223171754485,426.3881326978792,977.3701274094612,3117.8718650759356,0.016091630377224445,0.06403854314183756,17.354868380743728,-402.19962,129.56903,63.53238,17.403301,-14.405169,-35.441887,-28.453173,-7.9656506,-5.0896015,-14.316454,-12.211002,-2.6456323,-5.359014
365,6.083333333333333,0.059796896,319.0429027130804,760.2706284170933,568.403690805269,890.0301770034733,3175.1360618030644,0.016091630377224445,0.06403854314183756,17.354868380743728,-374.21088,147.95049,54.698807,10.018703,-16.568554,-43.176926,-32.50258,-1.0481069,-0.43883777,-20.246105,-17.471207,2.5683455,1.4700472
366,6.1,0.060260095,324.8115988932116,779.9742076693844,591.0487365799293,982.5114849426791,3199.499610042549,0.016091630377224445,0.06403854314183756,17.354868380743728,-379.9443,140.50632,51.263306,12.605366,-11.476513,-38.660904,-29.183357,-0.122094035,-0.9643035,-19.983925,-17.514553,1.9696958,3.4424214
367,6.116666666666666,0.042724278,325.9963978661242,779.1128709535493,606.5734100160769,1117.0409168510962,3252.6009112985853,0.016091630377224445,0.06403854314183756,17.354868380743728,-399.132,126.59502,51.872097,10.834033,-9.927479,-25.942959,-17.960052,2.7062798,1.5301065,-14.103567,-12.24692,3.4345253,3.8973134
368,6.133333333333334,0.027765984,321.0270928421275,758.8307765103916,565.084971668168,1059.944280952046,3278.489773624466,0.016091630377224445,0.06403854314183756,17.354868380743728,-424.16937,112.54791,62.24582,13.150084,-15.56349,-21.720467,-13.224379,-2.4029546,1.0467149,-2.1004038,-4.5150585,-4.134833,-4.6986995
369,6.15,0.016036179,318.0555116907284,810.79378932397,545.7211905127626,947.4417753514869,3311.996617685817,0.016091630377224445,0.06403854314183756,17.354868380743728,-443.5897,93.99185,61.444992,23.883755,-4.1375914,-15.76795,-13.794083,-6.573701,-1.7007251,-1.9378221,-5.4224052,-8.750529,-9.943632
370,6.166666666666667,0.0075325263,0.0,1005.8734193539797,623.4358473966744,877.4379899763001,3229.1821882638396,0.016091630377224445,0.06403854314183756,17.354868380743728,-460.70245,74.75867,54.08631,28.357265,6.028137,-7.4798565,-11.4883995,-9.086806,-4.5500526,-0.97060084,0.6208937,0.6305527,-0.2653351
371,6.183333333333334,0.0029192246,0.0,1550.5948802021792,623.9513974196218,825.9783455307069,3059.920282744164,0.016091630377224445,0.06403854314183756,17.354868380743728,-482.5887,47.483284,36.014633,20.64664,5.4955497,-5.9881563,-12.066137,-12.966274,-10.359352,-6.4142046,-2.9139495,-0.79162735,-0.16970097
372,6.2,0.0013664096,0.0,1733.1048970827128,620.7410816414263,1274.7841923094702,3068.1070165784104,0.016091630377224445,0.06403854314183756,17.354868380743728,-490.7857,37.40419,29.987782,19.957743,9.930129,2.1772828,-2.0672534,-2.8600454,-1.3072304,1.0116596,2.68167,2.8920918,1.5443769
373,6.216666666666667,0.00090533536,0.0,1839.188293253721,656.1287171555142,2179.3754222374073,2974.821583825535,0.016091630377224445,0.06403854314183756,17.354868380743728,-495.18542,32.21781,27.498188,20.774307,13.426125,6.825598,1.9889507,-0.64730823,-1.2695345,-0.55091846,0.60661703,1.3634614,1.175829
374,6.233333333333333,0.0006023008,0.0,2690.2230824278045,664.7454641009405,2593.847297142837,3182.946018417384,0.016091630377224445,0.06403854314183756,17.354868380743728,-502.94055,21.873026,18.840912,14.39006,9.284852,4.35125,0.30513498,-2.3862984,-3.5794015,-3.4514122,-2.4260788,-1.049858,0.14787336
375,6.25,0.00047210127,0.0,2596.2254075953906,633.7199271319704,2474.812194695586,3490.66329888053,0.016091630377224445,0.06403854314183756,17.354868380743728,-502.9745,21.973797,19.355497,15.495773,11.039766,6.694433,3.0861366,0.640124,-0.4923166,-0.4448784,0.41475245,1.5836432,2.5460572
376,6.266666666666667,0.00041886012,0.0,3164.2736584689087,627.3391017179426,2553.5656183134156,3104.4904184259253,0.016091630377224445,0.06403854314183756,17.354868380743728,-507.5657,15.897583,14.44508,12.264674,9.6675,7.001212,4.5851984,2.654499,1.3237319,0.57776797,0.28974307,0.2609787,0.27285722
377,6.283333333333333,0.0004620809,0.0,3092.5216219216163,553.3120703592291,2155.4243289167543,2715.3105873199434,0.016091630377224445,0.06403854314183756,17.354868380743728,-508.2748,15.074152,14.110447,12.592995,10.645096,8.420938,6.089818,3.8191233,1.7581282,0.024314784,-1.3062745,-2.2037184,-2.683597
378,6.3,0.002236,0.0,2487.5732221790495,482.8255663332651,1709.6668129578384,2823.188798061771,0.016091630377224445,0.06403854314183756,17.354868380743728,-503.03638,22.164528,20.299452,17.443195,13.9284935,10.140139,6.4550343,3.1891284,0.56096286,-1.3233097,-2.4637299,-2.9438763,-2.8999047
379,6.316666666666666,0.0046149683,0.0,1258.3091895181044,570.6961403790708,1728.9503193248308,2960.2672139897554,0.016091630377224445,0.06403854314183756,17.354868380743728,-435.04114,94.02611,48.755898,24.483803,18.708597,9.741821,-2.724736,-8.91161,-11.311493,-14.32501,-10.898891,2.0225298,11.140234
380,6.333333333333333,0.034521367,0.0,795.1490711360606,454.06343178665423,1851.4006270948512,2907.781141693531,0.016091630377224445,0.06403854314183756,17.354868380743728,-421.61655,107.26852,55.390686,34.55414,30.93338,11.873961,-8.332266,-6.7481375,-1.5637712,-12.396328,-19.63281,-5.7230234,8.10873
381,6.35,0.051441193,231.86935606484434,601.9707507405886,416.6326195555286,2351.150753408503,2977.3496565085507,0.016091630377224445,0.06403854314183756,17.354868380743728,-370.4681,148.99672,47.57683,18.55077,36.362785,14.934931,-35.194557,-44.657265,-15.014593,-2.0089018,-14.193597,-18.174358,-10.137495
382,6.366666666666666,0.056448758,220.7955627315646,534.9019479124643,383.44684656670756,2384.7207574274757,2874.4698385116285,0.016091630377224445,0.06403854314183756,17.354868380743728,-400.81543,127.95328,58.265564,27.760653,27.725893,9.291458,-24.18317,-30.828407,-8.705552,3.9808435,-6.2508445,-16.58238,-14.050202
383,6.383333333333334,0.04181397,212.83106690803183,1020.9988159211421,283.36045562153294,2667.0607468115372,3006.1934901205595,0.016091630377224445,0.06403854314183756,17.354868380743728,-412.0582,91.63442,22.479973,44.81102,61.280098,7.175127,-29.07341,-4.7673054,14.02693,-2.8822722,-15.925,-4.6921077,3.3190713
384,6.4,0.06837877,216.8629133068999,1163.6480103646713,314.56507454883814,2588.2367247714205,3164.7259166706926,0.016091630377224445,0.06403854314183756,17.354868380743728,-378.88043,112.00986,16.826878,49.572983,65.26558,-3.5796509,-38.750008,-13.270909,4.115631,-2.1745007,-12.738934,-12.888463,-7.3738146
385,6.416666666666667,0.10138749,226.22830265145794,800.7643608449861,432.57201535591196,2517.0493884434504,3242.707139744012,0.016091630377224445,0.06403854314183756,17.354868380743728,-362.28683,132.24203,30.122013,46.980644,56.525764,-14.991839,-57.93445,-19.238972,4.4921894,0.333246,-4.29856,-13.445873,-15.293814
386,6.433333333333334,0.122040026,225.50432093184773,854.998864210728,460.40306810813,2492.916686571822,3150.463507123318,0.016091630377224445,0.06403854314183756,17.354868380743728,-356.61414,129.63242,30.846405,61.490646,54.343815,-27.39572,-55.900898,-20.995754,-6.425372,1.6424543,-5.619869,-22.772404,-9.875654
387,6.45,0.113028765,221.84649173658252,944.1577260316815,431.35588885247284,2529.7191209080047,3192.248875439699,0.016091630377224445,0.06403854314183756,17.354868380743728,-363.7409,118.87122,28.49961,67.98715,55.415466,-26.884483,-48.62586,-17.55892,-7.448763,4.3641477,-8.1039295,-28.568237,-5.9502516
388,6.466666666666667,0.081715465,217.34480621656576,993.4389833951669,366.26679279603144,2571.9434785952235,3246.4614828305594,0.016091630377224445,0.06403854314183756,17.354868380743728,-384.00046,108.65636,29.695202,61.79368,54.157833,-17.473652,-40.415306,-17.581087,-4.896109,1.0708066,-14.659893,-27.12714,-5.9730277
389,6.483333333333333,0.041469432,215.0066746547192,1933.1615501513718,326.2659564497964,2414.393121860351,3271.8115575691954,0.016091630377224445,0.06403854314183756,17.354868380743728,-389.41248,90.42355,17.35816,71.65457,54.26874,-10.948071,-10.420704,-7.7081184,-4.208102,13.589934,-9.481269,-24.90282,-6.2324085
390,6.5,0.012030251,0.0,3933.400917207982,356.5325679585835,2222.6716885670007,3397.0008974993975,0.016091630377224445,0.06403854314183756,17.354868380743728,-381.82077,65.691,-13.353212,78.75725,41.737495,-31.464949,1.1969495,-3.592557,-12.694979,21.651476,1.8574331,-18.130226,-1.0756798
391,6.516666666666667,0.012676103,0.0,4847.585392227478,1276.7053438535963,2722.104994513856,4064.2645981704295,0.016091630377224445,0.06403854314183756,17.354868380743728,-387.38153,45.5708,-19.623209,86.758316,35.403072,-29.044647,14.91922,4.7302256,-11.744087,31.716614,7.9578485,-19.14704,10.155685
392,6.533333333333333,0.01191649,0.0,5324.410326032873,1685.7488139931286,2946.5272825193047,4200.937729700434,0.016091630377224445,0.06403854314183756,17.354868380743728,-405.26877,35.500782,-15.220991,78.004074,27.66558,-21.100204,17.78939,0.79007924,-8.471727,28.678864,-2.735599,-14.334434,9.494335
393,6.55,0.0051678023,0.0,5638.040218875947,401.61533064695396,2371.780354405116,3487.238996904633,0.016091630377224445,0.06403854314183756,17.354868380743728,-415.621,26.64877,-20.923866,67.509995,24.44337,-18.474453,10.312317,-7.3234305,-12.581148,23.362701,-3.7933407,-12.123854,7.723619
394,6.566666666666666,0.0052565997,0.0,5392.774509932962,352.63109749145644,2388.4997672972668,3505.116686433675,0.016091630377224445,0.06403854314183756,17.354868380743728,-421.29626,25.126812,-21.892666,69.36934,26.011215,-17.91792,20.767784,0.16658294,-6.02055,30.199928,-1.8774097,-16.93683,6.718586
395,6.583333333333333,0.0043034423,0.0,4916.098716075365,1235.3770394463706,2510.3312445058395,3407.8781061188165,0.016091630377224445,0.06403854314183756,17.354868380743728,-432.64386,22.232224,-29.162628,58.08954,35.360397,-14.6905365,12.49897,1.0191033,-1.8962276,27.096886,0.92951274,-13.83123,5.9992185
396,6.6,0.0031745355,0.0,4438.187788989774,2286.871161417428,2720.153142544727,3344.4933653756575,0.016091630377224445,0.06403854314183756,17.354868380743728,-444.74393,19.008804,-34.335052,41.731926,42.18688,-1.9572589,10.553186,3.237167,-4.6076,18.306341,3.9274411,-13.901533,-0.42007354
397,6.616666666666666,0.0026257478,0.0,3910.2405755121727,1564.3462041232729,2701.314843954193,3156.6130045465766,0.016091630377224445,0.06403854314183756,17.354868380743728,-474.2625,21.391247,-1.8226768,38.594566,33.208965,1.6557944,7.602603,12.980701,11.728697,9.423342,-8.979282,-3.7651806,14.07613
398,6.633333333333334,0.0024382193,0.0,3657.35326882127,449.2980345003048,2650.0370319065178,3169.276606139364,0.016091630377224445,0.06403854314183756,17.354868380743728,-467.06982,29.604109,-0.70260787,37.71403,37.691372,1.2824184,-0.5095907,5.9221663,5.3403196,7.767378,-7.3157225,-12.164757,9.278257
399,6.65,0.02242527,0.0,2331.0900652096584,334.64969194365995,2552.1103896034087,3208.477334667944,0.016091630377224445,0.06403854314183756,17.354868380743728,-449.8189,52.11199,16.55003,51.867657,48.50541,1.0054511,-5.2521105,6.1236057,-0.9864842,-5.2399836,-12.316435,-16.914806,-0.5888529
400,6.666666666666667,0.07066546,238.9620077333337,865.2204876444674,347.3963771370371,2660.6220454384224,3206.4459961846883,0.016091630377224445,0.06403854314183756,17.354868380743728,-395.46893,107.86388,39.098824,65.2041,56.34025,-19.127468,-44.98351,-17.497227,-6.076093,-13.5602665,-21.480207,-17.643192,-2.4702926
401,6.683333333333334,0.11203733,236.54339614950146,732.234585107235,471.5328823713096,2588.5967558812918,3093.0613905535956,0.016091630377224445,0.06403854314183756,17.354868380743728,-368.71338,128.93805,29.968222,46.718086,52.057396,-16.244589,-54.96134,-34.21617,-8.020185,-2.997717,-17.259983,-24.13308,-12.806789
402,6.7,0.13772395,232.94720892156164,710.2092526357536,465.03729646545094,2146.344098547203,2982.096829606262,0.016091630377224445,0.06403854314183756,17.354868380743728,-359.28824,136.07869,22.070599,29.729483,45.481483,-3.4461792,-35.99254,-27.933453,-17.110981,-10.619675,-11.35249,-15.072607,-11.674667
403,6.716666666666667,0.14459763,233.07733297556092,686.1963513588896,467.25701297651506,1643.6736281574556,2974.0710350540717,0.016091630377224445,0.06403854314183756,17.354868380743728,-354.13828,150.06546,32.777046,14.946945,21.907034,-6.0529413,-23.43774,-20.745228,-21.614864,-21.70573,-18.379906,-10.392899,-3.244772
404,6.733333333333333,0.14820816,234.4370481199533,709.0059181427438,471.15378944373015,1241.9335089927893,3001.9167573922664,0.016091630377224445,0.06403854314183756,17.354868380743728,-347.23117,158.77342,36.711975,10.087024,7.9327273,-19.869392,-20.91306,-3.0515425,-11.307338,-26.242565,-21.141216,-5.354192,2.1979403
405,6.75,0.14931576,236.27807857539435,681.702348180173,473.9274789631719,1187.2365563255803,3056.8095625658443,0.016091630377224445,0.06403854314183756,17.354868380743728,-347.4055,163.9231,45.537056,11.562019,3.7117314,-21.57478,-18.226673,2.879648,-6.2968454,-27.93134,-26.59193,-7.451694,3.1880999
406,6.766666666666667,0.14785442,238.50421331446182,700.9577541256368,472.93403483862033,1117.3300892828645,3093.6231415423044,0.016091630377224445,0.06403854314183756,17.354868380743728,-346.1184,162.77895,47.43376,13.510841,0.33842444,-25.50174,-20.31454,6.025858,-4.7758093,-24.553804,-23.330723,-9.575336,2.4492817
407,6.783333333333333,0.14641069,241.55442838170495,688.8809841217657,476.6874689378464,1062.9479913491725,3106.2557751990034,0.016091630377224445,0.06403854314183756,17.354868380743728,-329.9086,179.58969,49.007263,8.239531,-6.8011513,-32.704086,-22.830626,0.06688617,-10.584829,-29.070263,-27.65299,-10.248031,1.6868272
408,6.8,0.14188159,246.33267280785236,669.9391383759037,491.7396335658893,1061.9929819368824,3086.668498545211,0.016091630377224445,0.06403854314183756,17.354868380743728,-316.62042,196.93149,58.691345,8.443264,-6.093905,-31.038273,-25.405445,0.81279397,-7.226739,-29.931618,-25.844486,-1.3609543,7.6381063
409,6.816666666666666,0.1308614,251.26202334434896,651.0566230142721,493.5787495246429,986.9582929146045,3090.843070524273,0.016091630377224445,0.06403854314183756,17.354868380743728,-327.2185,189.129,61.808662,15.056443,-0.090311304,-26.312479,-26.029568,-5.4316373,-10.90037,-30.245476,-27.811045,-2.3417027,9.6407995
410,6.833333333333333,0.10900389,253.68690444726474,681.996598230489,446.7366821501653,830.996174499254,3119.061473223491,0.016091630377224445,0.06403854314183756,17.354868380743728,-358.46912,154.4689,52.864616,26.8591,6.3594217,-25.72155,-19.3516,-7.0839243,-18.50941,-24.476015,-17.920353,-4.909435,3.2288787
411,6.85,0.07010177,249.0469627037848,782.8114745642914,371.8412216828027,1049.2265324782556,3096.3729182452284,0.016091630377224445,0.06403854314183756,17.354868380743728,-372.2464,132.758,40.589867,38.935883,25.592545,-19.227772,-14.089741,6.78716,-6.9528866,-15.75979,-5.585644,-0.11908877,-4.15106
412,6.866666666666666,0.037232045,242.9360990279775,2125.7098945681264,421.7297116323348,1614.8310717028623,3105.5308355987327,0.016091630377224445,0.06403854314183756,17.354868380743728,-358.875,108.19706,-6.9229126,47.58148,49.254738,-26.923029,-14.077057,19.716768,-10.093119,-21.950283,-4.3514123,0.36930114,3.6357908
413,6.883333333333334,0.016463911,0.0,3858.1336735819364,887.5921631015609,2412.6500960499748,3708.5019345836236,0.016091630377224445,0.06403854314183756,17.354868380743728,-383.3584,75.47832,-9.452599,64.284386,32.229023,-36.89789,15.0750065,18.151508,-33.390083,-0.46601748,21.898804,-4.462941,6.904977
414,6.9,0.020592835,0.0,4440.6551340886745,1788.7797683349072,3340.7352663536403,4612.378614802249,0.016091630377224445,0.06403854314183756,17.354868380743728,-367.1695,64.43707,-28.398563,83.817795,38.44364,-43.538513,30.60756,31.898956,-18.520142,21.766148,21.82417,-12.540102,7.912805
415,6.916666666666667,0.020441113,0.0,4049.3326441890085,1769.0089357424204,3175.7224164636286,4487.627170818611,0.016091630377224445,0.06403854314183756,17.354868380743728,-371.7696,65.635025,-15.109047,94.22438,45.155643,-29.453976,33.45803,21.8451,-15.143553,27.545355,19.4713,-7.2223444,13.899618
416,6.933333333333334,0.017906321,0.0,4208.709329314068,763.5911634756387,2848.988069954166,3817.9980490053476,0.016091630377224445,0.06403854314183756,17.354868380743728,-391.40424,56.054398,-9.956775,88.79985,37.468098,-36.60759,21.17547,17.993797,-14.322178,19.092297,15.050877,-1.0858577,21.603298
417,6.95,0.014917601,0.0,4458.1786991837525,552.2277697679177,2576.1486255115465,3319.3749834517153,0.016091630377224445,0.06403854314183756,17.354868380743728,-390.57248,56.278435,-10.922256,88.33382,32.870308,-44.933754,21.21528,16.516563,-28.195831,14.653463,18.654343,-13.862034,3.531681
418,6.966666666666667,0.012269104,0.0,3935.058848550416,601.8193690941555,2176.858535875557,3093.0277115272393,0.016091630377224445,0.06403854314183756,17.354868380743728,-419.31467,57.583214,3.5838344,63.731064,30.16309,-31.081669,12.601906,17.104944,-28.000614,1.0599606,24.988432,-1.2946135,5.550604
419,6.983333333333333,0.0076385564,0.0,2328.8669304104924,412.2910243095411,1634.8566806752208,3030.2516396026213,0.016091630377224445,0.06403854314183756,17.354868380743728,-454.86636,65.40229,42.02015,44.808006,23.089699,1.1953055,10.6705,4.714352,-11.12466,2.5874639,9.697233,-1.9072318,5.4056807
420,7.0,0.03173807,0.0,746.0938620347018,362.31691487425564,1215.846687135206,2968.9093368531157,0.016091630377224445,0.06403854314183756,17.354868380743728,-411.6096,127.26268,79.90349,39.674774,4.339877,-18.300152,-18.637085,-13.458587,-12.056494,-6.7033954,-1.2114545,0.3254512,1.0570663
421,7.016666666666667,0.038658027,274.27371747626364,701.6448688495971,469.69927876417637,795.7530597701739,2990.641514823364,0.016091630377224445,0.06403854314183756,17.354868380743728,-389.10577,141.40582,68.67468,23.565012,-11.378475,-37.054832,-29.769968,-12.847733,-14.285931,-18.366959,-10.754488,0.30101272,3.8416233
422,7.033333333333333,0.03433278,266.84553089747675,764.5919272090159,610.3143999759882,895.885077609087,3046.1793888915104,0.016091630377224445,0.06403854314183756,17.354868380743728,-409.48853,121.612755,60.07627,17.357399,-10.769653,-27.942225,-23.748287,-12.931929,-14.345367,-18.515285,-11.214191,2.4033937,6.095319
423,7.05,0.014799016,263.5992714827581,1001.3457368102117,665.5206917442812,1014.3348266836942,3089.959593978407,0.016091630377224445,0.06403854314183756,17.354868380743728,-445.88547,89.766136,56.009865,19.128128,-7.376581,-18.764656,-17.638935,-10.881296,-5.337867,-3.0357823,-1.5524735,0.17430297,-0.5371624
424,7.066666666666666,0.0029345981,0.0,1836.2530947791524,510.1042865231568,1105.776714161025,3098.437867530175,0.016091630377224445,0.06403854314183756,17.354868380743728,-482.57568,47.38891,35.779896,20.607182,6.059684,-4.8326464,-10.944912,-12.749239,-11.491596,-8.526479,-5.0825114,-2.2471447,-0.8342876
425,7.083333333333333,0.0010133702,0.0,2048.9088789029192,494.65885302390257,1084.5620434621449,3170.6487102218184,0.016091630377224445,0.06403854314183756,17.354868380743728,-491.00873,36.894073,29.004414,18.457386,8.02652,-0.050767064,-4.6861258,-5.987327,-4.8872824,-2.6492107,-0.46930674,0.7699924,0.6431618
426,7.1,0.00097580696,0.0,2053.379233969724,644.7500457863757,1229.7825767542074,3301.841920510941,0.016091630377224445,0.06403854314183756,17.354868380743728,-495.2947,31.85617,26.670866,19.603022,12.422323,6.6673436,3.1706843,1.8847082,2.0500927,2.6084325,2.6698723,1.8423526,0.30531815
427,7.116666666666666,0.001150308,0.0,1821.0969846969122,884.2620315161435,1712.317320193643,3378.315103567046,0.016091630377224445,0.06403854314183756,17.354868380743728,-491.66284,35.92433,28.174313,18.600758,10.557664,6.279587,5.9689236,7.9059916,9.470754,8.520501,4.4274035,-1.7036269,-7.677575
428,7.133333333333334,0.001416711,0.0,1575.8626901897946,828.7978514139805,1664.4809946936348,3239.8331402115455,0.016091630377224445,0.06403854314183756,17.354868380743728,-473.95953,55.864746,37.20096,17.03327,-0.13269004,-10.652115,-10.42777,-2.2284522,5.2819977,8.259355,8.681409,6.4088087,0.46687788
429,7.15,0.001664431,0.0,1841.789866029756,717.9460904353493,1486.430946666701,3167.480135286353,0.016091630377224445,0.06403854314183756,17.354868380743728,-465.4488,62.380527,35.533978,14.623213,1.3020594,-6.5383234,-5.5006676,0.79537386,2.979036,1.412013,3.137066,5.693386,0.6616696
430,7.166666666666667,0.0018161511,0.0,2103.018593045851,710.9621776157527,1633.0970661568686,3338.920434208648,0.016091630377224445,0.06403854314183756,17.354868380743728,-448.69687,69.38027,21.226786,2.129826,-2.3274126,-4.930193,1.2886379,4.5499988,-3.3169527,-5.561265,6.612366,17.278347,8.057991
431,7.183333333333334,0.0020641775,0.0,2365.488399296957,676.0201675952549,1633.4869172723625,3367.5111014008176,0.016091630377224445,0.06403854314183756,17.354868380743728,-441.59082,70.10362,17.436071,7.8430014,0.8262713,-8.132705,3.297215,3.485239,-14.395649,-13.288079,2.6656709,8.086802,0.47566974
432,7.2,0.0021625503,0.0,2448.200869163885,642.3192663563781,1730.0394799669527,3265.7112649781293,0.016091630377224445,0.06403854314183756,17.354868380743728,-437.04944,69.46848,12.828269,11.745916,5.08817,-13.878571,-5.590209,-2.1267617,-18.37508,-16.373064,0.93089,8.366184,3.3206637
433,7.216666666666667,0.0022231448,0.0,2393.0351135644196,641.3478124398833,1787.523287426087,3238.6536682989467,0.016091630377224445,0.06403854314183756,17.354868380743728,-430.27948,74.28714,10.858911,8.535381,2.77611,-16.096052,-8.185265,-5.4683867,-19.84327,-13.12274,5.1473074,8.119279,-1.1300173
434,7.233333333333333,0.0023575604,0.0,2491.2951242627323,700.4823854738524,1770.6326565011557,3260.9097948141753,0.016091630377224445,0.06403854314183756,17.354868380743728,-430.0763,71.15651,6.35121,12.017368,12.676369,-8.976817,-3.4284604,1.9053608,-13.903826,-12.4379635,6.772028,13.55843,2.258284
435,7.25,0.0024941752,0.0,2524.928876742955,730.6586863714393,1788.2915487939076,3172.8148898731492,0.016091630377224445,0.06403854314183756,17.354868380743728,-422.19125,74.95537,0.65834653,5.237884,7.0446024,-12.468346,-5.062983,-1.3840276,-14.556776,-7.977574,6.5375195,9.378768,5.6929474
436,7.266666666666667,0.0024783683,0.0,2706.794577948239,777.2743615470002,1805.14163661215,3203.6132690735644,0.016091630377224445,0.06403854314183756,17.354868380743728,-421.09912,71.47822,-5.183712,6.818723,10.737019,-13.243294,-4.0399446,4.8493795,-8.571808,-6.5275393,2.5859003,3.3570206,3.0113163
437,7.283333333333333,0.0026961735,0.0,2648.329202924497,781.064988741778,1819.4337976435615,3277.1436415700473,0.016091630377224445,0.06403854314183756,17.354868380743728,-418.47324,75.02907,-3.0366302,6.549854,9.253925,-14.7627735,-5.7619658,3.0022273,-10.5142565,-8.48667,1.0143983,0.037419796,-3.441176
438,7.3,0.0029904412,0.0,2526.511728739677,669.3437724355339,1797.377346149872,3295.070190643786,0.016091630377224445,0.06403854314183756,17.354868380743728,-405.063,82.41008,-8.699907,6.648122,15.500645,-15.665791,-13.130649,-2.5836952,-12.766209,-7.565831,4.783027,2.8398602,-4.675
439,7.316666666666666,0.0030669458,0.0,2464.0926619113243,617.2520816950268,1806.432964833332,3177.2452815123333,0.016091630377224445,0.06403854314183756,17.354868380743728,-407.64877,82.23921,-4.200186,10.053902,17.58968,-9.353233,-6.3088493,-3.5297022,-18.860788,-13.085502,0.27572924,0.8535451,-4.4900627
440,7.333333333333333,0.0027648755,0.0,2551.2041850028672,701.2273604730952,1807.508123813104,3133.6726468293323,0.016091630377224445,0.06403854314183756,17.354868380743728,-416.745,74.970825,-5.4624763,9.219456,18.224619,-10.444731,-10.366919,-1.6936954,-11.489987,-7.8118906,6.0811043,8.345882,-0.9002346
441,7.35,0.0027617498,0.0,2468.0209636190043,713.5939684034865,1813.5524505025876,3128.881729340719,0.016091630377224445,0.06403854314183756,17.354868380743728,-421.7576,72.568436,-5.0287533,4.00966,12.188891,-10.147669,-8.510546,-4.0836525,-15.410022,-7.2903156,12.262408,15.648131,5.332965
442,7.366666666666666,0.002905527,0.0,2339.8548440869044,711.4215298936309,1788.5538420585872,3183.960548979841,0.016091630377224445,0.06403854314183756,17.354868380743728,-413.71063,81.98677,-2.5227902,-0.25154445,10.6613865,-5.7252197,-7.942725,-9.427687,-17.340855,-8.657123,1.9969158,5.7036324,8.505267
443,7.383333333333334,0.002801266,0.0,2213.6333934263503,732.4149237769658,1696.9072274087057,3164.741369622131,0.016091630377224445,0.06403854314183756,17.354868380743728,-418.56723,80.622406,-1.9118999,-6.1380196,7.1761737,-2.282143,-4.4533567,-6.5181255,-16.143702,-12.052518,0.1354999,6.7012024,5.89705
444,7.4,0.0029094734,0.0,2174.8359089685546,895.379473579367,1666.5774302631548,2908.570150409918,0.016091630377224445,0.06403854314183756,17.354868380743728,-421.23944,78.441826,-8.108904,-18.655876,3.5208545,4.5348005,-4.897773,-14.464325,-18.457968,-12.147497,-5.195668,4.1507425,13.478403
445,7.416666666666667,0.0025386736,0.0,2108.3858004110148,1129.8269463761528,1885.674890995123,2608.140058933621,0.016091630377224445,0.06403854314183756,17.354868380743728,-418.96603,79.58353,-14.382261,-24.630085,14.103769,20.8203,-2.6469033,-16.63256,-12.766534,-5.8246217,-2.6892333,2.6587822,8.395355
446,7.433333333333334,0.001822904,0.0,2232.8158269069895,1023.9401481179133,1880.2172783482224,2484.5915642629966,0.016091630377224445,0.06403854314183756,17.354868380743728,-457.354,58.117546,8.780639,-5.3365135,9.0842495,11.138483,-4.227245,-11.791154,-6.1618156,-3.0109432,-5.59139,-3.637086,3.4889135
447,7.45,0.00080650375,0.0,2442.194874632738,712.0628208010903,1535.042594608432,2483.0297021090055,0.016091630377224445,0.06403854314183756,17.354868380743728,-493.36923,32.622963,22.767723,11.083952,1.8233178,-2.77803,-3.0985394,-1.1570005,0.9503709,2.070162,2.0473413,1.223339,0.02589932
448,7.466666666666667,0.0005835593,0.0,2602.3276433746764,777.7703174989015,1951.5917434107605,2706.3996409469196,0.016091630377224445,0.06403854314183756,17.354868380743728,-500.8703,24.25724,19.906826,14.098364,8.292349,3.5684874,0.36458486,-1.4241158,-2.159966,-2.2209082,-1.9086399,-1.4559188,-1.0297537
449,7.483333333333333,0.0005768151,0.0,2457.9258574220125,826.4986256512136,1633.620755495284,2974.7965487260435,0.016091630377224445,0.06403854314183756,17.354868380743728,-501.33774,24.19101,21.369873,17.404724,13.101316,9.136419,5.8712444,3.3308868,1.3323596,-0.32770345,-1.7331679,-2.823492,-3.4783506
450,7.5,0.00064528116,0.0,2627.688568135115,585.1989676803593,1528.6221059008494,3492.807411916215,0.016091630377224445,0.06403854314183756,17.354868380743728,-503.03885,22.206247,20.471334,17.814362,14.543791,11.01429,7.5694046,4.4910026,1.9648433,0.067605466,-1.2241924,-2.0082197,-2.4208496
451,7.516666666666667,0.0005782252,0.0,2842.8147703249197,631.2382382427934,2421.157034102709,4080.615537831635,0.016091630377224445,0.06403854314183756,17.354868380743728,-507.26938,16.501644,15.56815,14.140015,12.38107,10.472098,8.576101,6.8099003,5.22812,3.8229709,2.5388684,1.2979571,0.029410094
452,7.533333333333333,0.00059473515,0.0,3394.4850652258247,611.4469256443939,2272.8180106889026,3517.692189332807,0.016091630377224445,0.06403854314183756,17.354868380743728,-510.3346,12.352173,11.942305,11.286165,10.421444,9.395754,8.262089,7.074053,5.8811703,4.7249446,3.6359835,2.6325636,1.7206645
453,7.55,0.00058159785,0.0,2698.3252398070786,353.1898319691019,2215.5356978700243,3492.006105559716,0.016091630377224445,0.06403854314183756,17.354868380743728,-506.965,17.041399,16.407063,15.3894825,14.04459,12.443989,10.669062,8.8044815,6.931755,5.1233826,3.4382463,1.9185233,0.5884352
454,7.566666666666666,0.0005672176,0.0,3204.979033796941,483.7239383784504,2317.4833498215157,3584.4717183535,0.016091630377224445,0.06403854314183756,17.354868380743728,-509.22372,13.850933,13.227686,12.227004,10.902927,9.325222,7.5742245,5.734949,3.89116,2.1197987,0.48629847,-0.9588907,-2.1823297
455,7.583333333333333,0.00043436355,0.0,3221.4372228180446,566.9998796627283,2336.8104673647504,3927.3879930152552,0.016091630377224445,0.06403854314183756,17.354868380743728,-508.69168,14.5358715,13.722283,12.442506,10.801202,8.927203,6.959021,5.0302167,3.2564998,1.7259445,0.49357903,-0.42015815,-1.0268049
456,7.6,0.0011724603,0.0,2897.60202216159,436.81818840349086,2301.5454510211734,3389.3906381268735,0.016091630377224445,0.06403854314183756,17.354868380743728,-503.7863,21.278404,19.90422,17.764547,15.061812,12.037426,8.940115,5.9968433,3.390389,1.2458392,-0.37408078,-1.4663422,-2.0796318
457,7.616666666666666,0.0013952965,0.0,2062.483405332191,551.3535374934982,1847.4867107848008,3147.6587742548795,0.016091630377224445,0.06403854314183756,17.354868380743728,-470.92914,60.038734,46.39949,32.821304,13.455166,-0.5798554,-3.182484,-6.120901,-6.892922,-0.83638465,-0.008407712,-2.9490237,-0.08975828
458,7.633333333333334,0.0034527273,0.0,1505.9996715600687,507.330797702483,896.1077795822619,3129.0583142036303,0.016091630377224445,0.06403854314183756,17.354868380743728,-468.96448,64.65744,47.90124,26.525803,7.3523045,-4.586995,-7.857935,-4.6668987,0.7259363,4.3066278,4.1388626,0.8941115,-3.0106506
459,7.65,0.038291983,0.0,673.0076972071464,370.23314298532057,847.7309640693431,3191.0674407320994,0.016091630377224445,0.06403854314183756,17.354868380743728,-441.733,98.190475,69.6255,35.168976,4.9944057,-13.618095,-17.24472,-9.672741,-0.34094194,3.6334145,1.4552056,-4.833086,-12.692978
460,7.666666666666667,0.096475594,250.29024261254168,577.0861828133054,395.08632829476346,871.8989428497985,3272.457360057873,0.016091630377224445,0.06403854314183756,17.354868380743728,-384.208,160.49893,91.36429,21.075127,-28.676472,-47.0398,-34.42122,-10.704166,1.6926076,-1.689377,-10.702377,-15.654654,-16.837837
461,7.683333333333334,0.13822599,245.51514391299028,634.3282042580064,523.0436997120006,1004.2295033423965,3248.4071058982363,0.016091630377224445,0.06403854314183756,17.354868380743728,-359.61676,169.41588,71.231735,10.374271,-30.403812,-55.052906,-32.527634,6.045521,6.8016233,-16.105286,-21.715206,-11.83523,-11.925019
462,7.7,0.15557766,241.07876373877306,687.6286078744603,507.17217344072935,1076.7693386254525,3187.556157135085,0.016091630377224445,0.06403854314183756,17.354868380743728,-345.9814,171.76147,58.542313,10.97175,-19.876297,-47.2431,-23.852196,11.06063,0.75715727,-25.43465,-25.474897,-8.406499,-5.7477326
463,7.716666666666667,0.150292,240.54957568016707,696.282305737755,491.5612328447214,1122.340709689357,3226.462783050544,0.016091630377224445,0.06403854314183756,17.354868380743728,-339.99448,172.79485,51.037018,7.714887,-15.336352,-40.759823,-18.208515,14.86785,0.75244606,-28.16951,-26.931389,-7.002354,-3.6751964
464,7.733333333333333,0.13045256,243.81061699594702,707.0929450767962,478.9951363507668,973.9780725668454,3245.5454497762194,0.016091630377224445,0.06403854314183756,17.354868380743728,-335.4311,175.20305,52.116615,13.604982,-11.367754,-41.969055,-20.300087,10.582796,-5.570344,-31.000835,-24.01112,1.2786996,4.9502764
465,7.75,0.09509104,244.2467853176564,750.4021867800461,447.2746355316916,1066.1015245136186,3210.3379117142686,0.016091630377224445,0.06403854314183756,17.354868380743728,-357.33704,152.97186,45.057297,20.365232,9.450794,-21.000542,-16.930988,2.3101254,-10.508621,-29.740156,-17.12683,11.205959,8.437454
466,7.766666666666667,0.046744272,240.9378236481415,1120.4520001711014,472.55411941002615,1512.8493796444548,3190.58245027143,0.016091630377224445,0.06403854314183756,17.354868380743728,-369.34348,137.29874,34.696907,18.868954,13.954462,-15.664095,-10.437895,9.322181,-4.310663,-17.620016,-0.69072026,17.038277,6.9525614
467,7.783333333333333,0.018113619,0.0,2537.5258495152116,619.8191808472593,1685.7678074981777,3253.905463985284,0.016091630377224445,0.06403854314183756,17.354868380743728,-339.48044,121.04765,-10.325287,33.573196,21.871414,-32.90243,7.2819676,15.117841,-30.391527,-5.272417,25.718185,3.921171,-3.2074547
468,7.8,0.02797657,0.0,3477.346328864085,604.8579298767579,1817.3882678420878,3421.2709377308006,0.016091630377224445,0.06403854314183756,17.354868380743728,-298.2957,124.905014,-40.55928,49.431393,33.80911,-47.47726,15.224649,28.191044,-30.979675,2.504693,29.407572,-0.8215336,5.045529
469,7.816666666666666,0.04030012,0.0,3665.6529460710226,485.2466593262133,2187.7664981337252,3419.7860651982055,0.016091630377224445,0.06403854314183756,17.354868380743728,-293.77118,121.914635,-37.68686,70.48442,42.32047,-48.644924,25.012402,34.257736,-33.072113,1.7115057,25.536758,-4.729371,6.2243567
470,7.833333333333333,0.054848634,0.0,3353.468941881999,397.375646272189,2900.1272360075804,3641.094182438901,0.016091630377224445,0.06403854314183756,17.354868380743728,-281.39755,132.30132,-22.888725,92.825775,44.868065,-59.336243,16.767447,26.936195,-30.336609,6.42134,15.392829,-19.41337,-4.582864
471,7.85,0.055782575,0.0,3278.5278584875527,210.59556250829684,3032.730981218444,4012.4803940406455,0.016091630377224445,0.06403854314183756,17.354868380743728,-306.74182,115.366615,-14.383577,105.50192,55.736732,-49.416748,25.654358,37.90908,-21.960075,8.200354,18.39763,-10.681748,2.9483664
472,7.866666666666666,0.040060006,0.0,3025.971291674451,171.03738030750588,3002.314256423724,3539.8377625295625,0.016091630377224445,0.06403854314183756,17.354868380743728,-350.2876,91.69629,-9.070612,99.09715,65.562744,-34.03039,22.251339,40.121105,-16.740253,4.1906962,17.558926,-8.482385,9.953602
473,7.883333333333334,0.028996881,0.0,2661.632044834364,129.82778841016653,2987.37541504215,3334.1483800529472,0.016091630377224445,0.06403854314183756,17.354868380743728,-397.01425,65.95943,3.2875638,96.18164,64.271225,-21.871986,24.252625,41.723442,-6.40114,9.108694,20.056768,-4.810438,8.827283
474,7.9,0.025138695,0.0,1458.5235844294357,904.5226204234737,2864.8511761293244,3790.3907873257976,0.016091630377224445,0.06403854314183756,17.354868380743728,-443.14658,56.396027,28.569637,73.13803,48.45983,-0.068430215,26.063038,32.88037,2.6041152,16.906199,27.789291,5.8610253,12.088549
475,7.916666666666667,0.011936976,0.0,1968.8292120403314,1281.8036088930758,2776.388286906638,4031.2179303351936,0.016091630377224445,0.06403854314183756,17.354868380743728,-482.04782,44.188446,38.013733,40.56747,30.546906,18.07928,19.471006,16.033195,5.733515,7.9073443,11.310782,4.5011854,4.412639
476,7.933333333333334,0.0054673934,0.0,3624.536271089035,297.7742216469027,2904.211515333418,3941.477061203385,0.016091630377224445,0.06403854314183756,17.354868380743728,-454.22095,29.081875,0.07084884,68.12166,47.087322,-12.828587,24.479095,40.77179,-6.68525,-1.7528281,20.308578,-1.6378146,-5.8768635
477,7.95,0.0064813583,0.0,3733.181853534204,1327.8625440207857,3009.7376465296347,3940.6783250794892,0.016091630377224445,0.06403854314183756,17.354868380743728,-428.61856,37.543297,-15.633058,72.78618,56.80755,-27.045181,6.7839727,37.931705,-7.4399304,-8.448087,15.817204,2.4925065,0.42167068
478,7.966666666666667,0.039781097,0.0,1934.9574868257655,1732.3085362113673,2460.9100379178617,3474.548623070026,0.016091630377224445,0.06403854314183756,17.354868380743728,-398.48795,90.92261,20.11028,67.39296,62.309048,-9.609146,-11.307184,11.315829,-10.679338,-13.220762,10.630104,9.6863365,-2.9503205
479,7.983333333333333,0.111150436,259.9552772529155,701.865029760766,320.8232756666554,1290.0392841430123,2601.6925316035345,0.016091630377224445,0.06403854314183756,17.354868380743728,-322.61884,180.42226,42.39614,20.838055,33.45159,7.209285,-23.526772,-36.249752,-21.526546,1.4599208,-6.9800634,-16.110918,-0.19114542
480,8.0,0.12300818,246.94407428667802,676.661838502709,381.930676455324,1049.529223068754,2342.1543209023694,0.016091630377224445,0.06403854314183756,17.354868380743728,-311.4259,189.98816,31.26556,-3.7161412,25.537968,15.8542795,-22.263275,-42.94287,-26.079338,-2.3596978,-13.115839,-23.382343,-1.3372605
481,8.016666666666667,0.09891562,241.2935377725637,591.1556225173481,475.1697943938604,1819.5124766235322,2787.302574622336,0.016091630377224445,0.06403854314183756,17.354868380743728,-362.03442,164.13632,59.280334,12.058326,22.0769,20.548225,-10.396265,-30.879957,-24.131401,-15.529097,-18.184666,-15.669682,-4.0378027
482,8.033333333333333,0.06694689,245.60479545658845,984.4884078333005,446.8954325692517,1879.5014804088094,2914.1198570518404,0.016091630377224445,0.06403854314183756,17.354868380743728,-354.9776,154.35321,30.175034,-6.297856,11.273344,9.762842,-7.735877,-17.83369,-13.356096,-3.1603699,-5.9134,-13.381094,-8.30555
483,8.05,0.14071432,250.40556454837986,613.3220465951248,439.3512923326911,1609.7152651350682,2792.589898596137,0.016091630377224445,0.06403854314183756,17.354868380743728,-325.39612,187.80014,40.2949,-16.910686,-2.3893948,-5.693323,-29.83796,-32.12328,-16.907595,-17.488705,-31.048092,-25.965374,-5.488104
484,8.066666666666666,0.19066468,243.04734094025815,619.7153332306557,476.78187584928895,1088.9183447185335,2712.810603462503,0.016091630377224445,0.06403854314183756,17.354868380743728,-317.86795,196.87686,42.971237,-19.341248,-2.5712943,-6.7040954,-33.526028,-25.96711,-2.5231135,-15.579402,-41.600845,-28.660595,2.6203551
485,8.083333333333334,0.20063552,240.180813407507,623.449332123658,478.3870987118596,1098.8135981637452,2912.140885664955,0.016091630377224445,0.06403854314183756,17.354868380743728,-334.68466,182.11966,47.921818,-4.690699,-0.5927503,-18.542608,-34.6093,-8.414373,10.226677,-19.292732,-43.409966,-20.575584,3.1697383
486,8.1,0.18658124,239.5933755548194,634.7906999364496,484.5267045905687,1126.8522537400668,2976.84814707363,0.016091630377224445,0.06403854314183756,17.354868380743728,-346.844,173.58939,55.283035,5.5734425,-2.3549104,-25.203556,-32.38406,-2.6358554,9.748314,-20.537762,-39.30514,-17.79612,-1.3484488
487,8.116666666666667,0.17740187,239.77394150261136,634.5366152465717,483.9330991212547,1078.183418007647,3099.718130286699,0.016091630377224445,0.06403854314183756,17.354868380743728,-352.78564,172.8933,64.88081,11.264046,-7.900905,-32.027977,-31.601303,1.0761844,11.172028,-17.005417,-31.41801,-13.789919,-6.544937
488,8.133333333333333,0.18019855,240.13611602094545,627.7265654417041,481.0247716349311,1006.4146116518795,3142.815107670196,0.016091630377224445,0.06403854314183756,17.354868380743728,-349.85144,178.83994,72.30823,15.244883,-8.491902,-32.39772,-29.759693,2.0286808,10.710627,-16.11276,-28.864594,-11.295343,-5.5489163
489,8.15,0.18064147,240.26136626660866,637.0172137987016,476.55693392484807,975.947520297602,3162.9598549549582,0.016091630377224445,0.06403854314183756,17.354868380743728,-342.59503,182.39412,69.34644,11.989511,-16.762016,-43.020958,-33.9616,-1.000285,4.405739,-20.042719,-29.477945,-11.143194,-6.068076
490,8.166666666666666,0.17397968,189.98586275382718,654.9313080125577,482.8741621031409,987.2124160395198,3167.0005454475795,0.016091630377224445,0.06403854314183756,17.354868380743728,-320.85458,204.45401,77.67635,10.707549,-19.113628,-46.40613,-34.13372,2.275229,7.207976,-20.755745,-27.637035,-7.1957574,-5.557932
491,8.183333333333334,0.16316676,120.94665984104023,644.9939977258482,488.864533748843,1002.0791739823801,3194.5344291775045,0.016091630377224445,0.06403854314183756,17.354868380743728,-318.71167,204.64993,75.95224,16.286762,-14.133871,-44.704514,-31.595173,5.929392,5.1784334,-23.43661,-26.106558,-4.607565,-7.0339947
492,8.2,0.15778466,121.38993692301436,642.3124474949335,488.3914659112805,1014.5215553253611,3227.9694202575533,0.016091630377224445,0.06403854314183756,17.354868380743728,-323.42233,201.31082,77.09174,17.713142,-14.52552,-46.472404,-31.96402,9.552734,8.676945,-24.812008,-28.851032,-4.431203,-4.775527
493,8.216666666666667,0.15631756,121.96804411154567,635.0185260647908,500.2871719045457,1052.5147532760911,3234.092849956375,0.016091630377224445,0.06403854314183756,17.354868380743728,-326.0717,199.16678,77.18329,16.158348,-17.341778,-43.430145,-25.944237,8.360246,3.7941365,-25.837276,-29.66942,-6.2431326,-3.4571064
494,8.233333333333333,0.15062894,175.53010303818974,608.7968251520199,503.88678679962027,1095.8299690401334,3254.6537431579195,0.016091630377224445,0.06403854314183756,17.354868380743728,-336.66534,192.94785,81.21548,17.009602,-20.540346,-42.95524,-24.116676,5.434327,-0.8472078,-26.218039,-28.755083,-9.642892,-6.248232
495,8.25,0.13831615,250.7780486051616,581.598635770941,499.7546570742882,1151.0185352603123,3270.32736509571,0.016091630377224445,0.06403854314183756,17.354868380743728,-352.71545,180.17337,81.99862,19.370644,-18.801058,-38.002625,-18.925835,6.978904,-2.4458268,-28.41137,-29.96944,-10.621315,-5.560461
496,8.266666666666667,0.11236839,250.98299779114953,606.5536047566718,449.7286568400224,1019.4498859087755,3293.530034497375,0.016091630377224445,0.06403854314183756,17.354868380743728,-376.34274,150.40488,67.30321,23.129932,-8.863468,-28.147436,-10.85158,6.1749516,-7.894613,-28.567783,-28.544434,-9.89962,-1.6886543
497,8.283333333333333,0.077861525,244.0760736374829,616.7879375520648,358.55723103790973,886.5630090633656,3284.276125343416,0.016091630377224445,0.06403854314183756,17.354868380743728,-390.31024,134.85733,64.48154,34.847652,7.737049,-15.538172,-2.0725663,12.878274,-1.7758924,-19.777718,-19.245247,-5.8758974,-1.8152369
498,8.3,0.04520456,238.44860919892375,979.0717517673872,380.13132396203747,1183.4650630983765,3269.292156183296,0.016091630377224445,0.06403854314183756,17.354868380743728,-399.77432,116.386246,51.90406,44.588303,22.576492,-12.671965,-3.1028156,12.185585,-3.522421,-15.353584,-6.637648,8.686687,8.653041
499,8.316666666666666,0.019635359,0.0,2834.0687130477445,475.96179113569923,1459.6628788301632,3401.05486949783,0.016091630377224445,0.06403854314183756,17.354868380743728,-369.87848,104.69513,10.582718,52.277317,17.011091,-43.35208,15.361456,35.8798,-26.571331,-21.456799,16.3586,8.203982,2.383615
500,8.333333333333334,0.02815123,0.0,3014.727849798246,717.4933151524597,2299.844283548161,3841.902607633261,0.016091630377224445,0.06403854314183756,17.354868380743728,-322.38004,119.30972,-10.69279,74.11005,40.153023,-46.933533,22.669903,43.89788,-25.300632,-8.3718405,20.226467,-3.1783159,0.30928665
501,8.35,0.037753664,0.0,3003.795140084829,758.6387310654789,3210.8555688812903,4096.186688621143,0.016091630377224445,0.06403854314183756,17.354868380743728,-313.52417,120.729675,-14.264053,83.82561,51.58715,-44.65239,17.891108,35.821007,-25.345972,-1.1587865,22.15268,0.32210317,12.515164
502,8.366666666666667,0.037343465,0.0,2467.6644552239404,838.6981737141215,3113.3505564834873,4069.564849207148,0.016091630377224445,0.06403854314183756,17.354868380743728,-322.32425,120.33835,-5.1767964,86.80679,56.880196,-34.349586,26.046156,45.008324,-20.010769,-8.207505,10.716476,-7.3427734,9.520419
503,8.383333333333333,0.03000447,0.0,2420.109845515896,1078.162801755615,2459.6911974681607,3771.6949838051246,0.016091630377224445,0.06403854314183756,17.354868380743728,-344.2167,114.4962,3.5338125,73.41057,46.57026,-31.846733,19.308819,39.50476,-15.946531,-5.1575847,15.529585,-4.364916,4.8113136
504,8.4,0.014926121,0.0,2906.844274209386,468.1878849781377,1417.9378282985215,3263.215000295341,0.016091630377224445,0.06403854314183756,17.354868380743728,-356.54114,106.61995,-1.247611,57.806458,35.306572,-32.668583,17.898884,34.87258,-23.910477,-9.6924305,22.961964,3.8425202,5.645112
505,8.416666666666666,0.0109487735,0.0,1980.8581527741526,367.483685549106,1477.261168524252,3329.002214896609,0.016091630377224445,0.06403854314183756,17.354868380743728,-393.32968,98.19534,21.90076,48.883995,27.70374,-21.499123,11.741879,28.837162,-15.2139015,-12.878222,20.088018,13.724688,4.4558573
506,8.433333333333334,0.009904073,0.0,1647.5179218902808,335.7182421549565,1389.0640162245554,3191.146764960398,0.016091630377224445,0.06403854314183756,17.354868380743728,-444.48376,74.305855,40.197662,42.611687,27.93555,1.2091266,7.536745,18.55885,7.468656,0.12962568,4.713202,10.467712,11.4325485
507,8.45,0.03904274,0.0,806.7431734660374,296.6944716239649,1178.5602576585177,3188.877764402136,0.016091630377224445,0.06403854314183756,17.354868380743728,-421.13992,108.36323,63.952766,44.834877,21.325037,-5.779207,-4.433167,8.255737,2.4485564,-11.64526,-13.80691,-3.0340183,3.3619866
508,8.466666666666667,0.06821447,246.58134817337668,590.7053772854747,364.72277504999244,897.6675979505985,3252.6739976659137,0.016091630377224445,0.06403854314183756,17.354868380743728,-388.3981,144.11212,75.85763,33.700233,-3.0219736,-30.54697,-20.028028,3.463325,2.638217,-14.124484,-20.575714,-9.831249,-1.9137493
509,8.483333333333333,0.08307621,246.31942555850983,594.0711754557143,419.5487500876441,756.1558173035287,3260.213086773727,0.016091630377224445,0.06403854314183756,17.354868380743728,-386.62347,146.96187,77.81389,30.937534,-9.873386,-34.36538,-20.004826,0.7208319,-1.3071222,-13.757529,-20.50243,-14.07971,-4.9572525
510,8.5,0.081278004,247.4061700453817,589.5135494764868,393.3373412981364,696.8102165188624,3301.201999044313,0.016091630377224445,0.06403854314183756,17.354868380743728,-397.05365,136.40411,72.98775,29.778969,-7.5175524,-35.466377,-27.849869,-4.779525,-2.592514,-15.550891,-18.409681,-9.08587,-6.816901
511,8.516666666666667,0.07382242,246.11042441976508,563.0653188263288,402.8848809829346,719.5367754615454,3327.870431202918,0.016091630377224445,0.06403854314183756,17.354868380743728,-402.89325,134.66449,78.18994,33.13076,-3.8561468,-27.714092,-20.670807,-0.10322833,3.2116122,-7.495952,-11.878647,-8.70942,-9.952028
512,8.533333333333333,0.06303548,243.73786384533318,540.0872105473962,379.8982967971369,812.7486428199472,3312.801590281129,0.016091630377224445,0.06403854314183756,17.354868380743728,-411.09738,129.69095,79.163795,30.729053,-5.5779433,-25.444885,-21.222517,-3.1110122,4.184774,-3.8378377,-10.717291,-11.627325,-14.235041
513,8.55,0.04795589,237.88316893309354,552.3557178752602,303.3866492824514,866.6061830736664,3351.0176560858195,0.016091630377224445,0.06403854314183756,17.354868380743728,-421.6926,116.138016,72.79504,35.659325,3.8342028,-20.953,-20.695675,-1.373977,6.4233828,-2.450868,-7.952507,-9.197588,-17.518822
514,8.566666666666666,0.029028185,232.94080498965442,597.3329283621377,279.6847707062764,916.9085344497361,3329.4208489169405,0.016091630377224445,0.06403854314183756,17.354868380743728,-443.19354,95.48436,67.41399,36.651115,10.701111,-5.256732,-6.719099,1.5714447,7.4302616,5.676939,0.39560008,-5.937689,-13.300129
515,8.583333333333334,0.011504879,0.0,1120.1516153219582,313.9304624233953,957.0387066652095,3284.868567432159,0.016091630377224445,0.06403854314183756,17.354868380743728,-464.73935,68.66575,48.509567,25.875689,7.875659,-1.2474878,-0.03594308,7.208128,12.125982,10.10166,3.1306744,-5.1295156,-12.118431
516,8.6,0.0025735248,0.0,1356.6746993151912,322.61957624922815,971.3010092805129,3271.9642963170722,0.016091630377224445,0.06403854314183756,17.354868380743728,-481.58408,49.705914,40.48026,28.328043,16.652363,8.0526905,3.4340854,1.9470181,1.7095723,0.895501,-1.3669431,-4.6955824,-7.831848
517,8.616666666666667,0.0017075087,0.0,1512.1836023106644,316.9094008640478,920.3975553477356,3143.332517390591,0.016091630377224445,0.06403854314183756,17.354868380743728,-491.07352,37.74424,32.36898,25.112175,17.78384,11.799067,7.7234144,5.247547,3.5566397,1.8698459,-0.13743055,-2.2277415,-3.8275876
518,8.633333333333333,0.0012342008,0.0,2079.556300593608,344.1884152513294,793.8118621835131,3088.1427232865185,0.016091630377224445,0.06403854314183756,17.354868380743728,-500.55374,25.336477,22.552952,18.463219,13.746338,9.107245,5.11961,2.1175988,0.16137278,-0.9222905,-1.4454046,-1.7446741,-2.0833442
519,8.65,0.00076803955,0.0,2233.2144289181742,521.33204651702,1408.6707021069917,3299.75815763144,0.016091630377224445,0.06403854314183756,17.354868380743728,-504.12003,20.807669,19.444649,17.343634,14.722191,11.819691,8.85544,5.999034,3.3591094,0.98996246,-1.0899283,-2.8768334,-4.3665385
520,8.666666666666666,0.0006065193,0.0,3153.8692030762168,639.3728346005032,2424.3630734650865,3547.959545205546,0.016091630377224445,0.06403854314183756,17.354868380743728,-509.72214,13.093989,12.324344,11.110178,9.544752,7.741149,5.818547,3.8889806,2.0467823,0.3620566,-1.1212488,-2.382878,-3.420735
521,8.683333333333334,0.00039434704,0.0,3369.398074526995,561.5390467993445,2771.6105268364167,3870.8750671555163,0.016091630377224445,0.06403854314183756,17.354868380743728,-510.00934,12.679977,11.889713,10.650789,9.069746,7.276178,5.407221,3.5924058,1.9409769,0.53316283,-0.58411163,-1.3971851,-1.9223633
522,8.7,0.00085919816,0.0,3148.885389153479,405.2147685009245,2247.717881240615,3797.4686341468923,0.016091630377224445,0.06403854314183756,17.354868380743728,-509.256,13.798827,13.161552,12.153851,10.849049,9.335016,7.7031784,6.038582,4.41279,2.8802586,1.4783471,0.22957137,-0.85482275
523,8.716666666666667,0.0027593398,0.0,2570.422387757627,325.96874007767144,1150.555798626749,3019.464785849813,0.016091630377224445,0.06403854314183756,17.354868380743728,-464.50537,60.722187,42.866394,35.49225,9.919474,-10.345938,-6.116926,-8.999289,-12.8083105,0.9546476,4.596822,-1.503353,5.265196
524,8.733333333333333,0.052318342,0.0,924.9762745055251,556.1183992112163,1002.8322293064299,2991.8530216546424,0.016091630377224445,0.06403854314183756,17.354868380743728,-393.7769,134.55034,63.52915,26.935467,3.7607002,-19.359512,-17.389294,0.8989419,2.9579403,-11.1550255,-16.091564,-1.9236262,7.55365
525,8.75,0.10229671,238.72425801728915,901.2556223276213,508.3122640974677,1079.8054249501788,3022.552631684445,0.016091630377224445,0.06403854314183756,17.354868380743728,-289.62076,198.22775,25.081375,0.022920966,6.1280527,-31.328747,-31.585655,-3.4196167,-10.01786,-22.153776,-16.146423,1.7767327,10.122616
526,8.766666666666667,0.13427131,233.60483378404876,1054.2057009277173,604.4198706418991,1386.522379035717,3130.2346796160955,0.016091630377224445,0.06403854314183756,17.354868380743728,-286.95084,181.4695,6.1709166,-5.18189,7.7582183,-29.777748,-30.028578,-1.5313588,-22.04633,-18.502073,-8.912265,-0.1732324,7.0304255
527,8.783333333333333,0.12367986,230.5339244959763,1012.9746503432816,609.7466591591519,1708.0571572325143,3135.7296481719727,0.016091630377224445,0.06403854314183756,17.354868380743728,-290.54532,179.84369,9.10139,1.9759814,10.1123295,-28.585192,-23.573029,-0.8919851,-26.635181,-18.400452,-3.264913,-1.5850142,-1.3398676
528,8.8,0.08960505,225.74271952597914,1060.9874146357113,679.7322499663651,1814.9759516469362,3154.0907408909056,0.016091630377224445,0.06403854314183756,17.354868380743728,-310.7122,170.9481,17.947922,17.002474,17.914549,-22.201324,-16.08478,-7.1152043,-15.6679325,5.273617,16.56918,3.6731527,-2.357027
529,8.816666666666666,0.1047333,221.60172505678972,1400.9583330837047,658.0775743908052,1868.5231473543668,3169.193677980345,0.016091630377224445,0.06403854314183756,17.354868380743728,-312.50247,162.66399,13.159746,24.39757,23.22712,-9.544933,8.166792,2.3598976,-15.723492,11.588808,15.242519,-4.392115,1.0043875
530,8.833333333333334,0.13713081,0.0,1078.956342956986,531.5883619936932,1965.2493194989902,3323.004165498344,0.016091630377224445,0.06403854314183756,17.354868380743728,-244.02481,197.7431,15.976392,55.69056,20.752335,-22.906944,23.955143,0.089078546,-23.725489,23.31274,4.2074866,-16.683605,7.2055645
531,8.85,0.13787456,0.0,1261.3078660898937,454.93141380167395,1725.041972064439,3335.1055293418417,0.016091630377224445,0.06403854314183756,17.354868380743728,-274.82727,171.93698,25.801163,64.611946,12.604258,-19.760422,31.399971,6.2276883,-16.93757,19.959131,8.033742,-4.976121,13.341785
532,8.866666666666667,0.050441463,0.0,1371.629750986044,408.1422033257197,1662.351616669844,3145.919272952813,0.016091630377224445,0.06403854314183756,17.354868380743728,-409.17673,104.94843,61.183643,64.63556,24.085392,2.490551,30.255474,16.063568,-0.85742307,21.039879,13.568838,-2.494357,11.388926
533,8.883333333333333,0.010141318,0.0,1928.2380269919229,702.074613675211,1980.4046528218842,3363.758911267244,0.016091630377224445,0.06403854314183756,17.354868380743728,-467.41586,67.564606,53.516663,37.287148,24.408138,17.16035,14.539025,14.181187,14.173064,13.255278,10.860285,7.5791492,4.7177763
534,8.9,0.0027115268,0.0,2913.8178874166742,750.3095732045674,2274.0695064474517,3871.7931770239497,0.016091630377224445,0.06403854314183756,17.354868380743728,-486.68542,43.486633,36.86116,27.939125,19.020569,12.00802,7.8587766,6.480575,7.0078697,8.2526,9.124701,8.912819,7.4070597
535,8.916666666666666,0.0015355097,0.0,2716.9567710947026,811.8212060836231,2707.62109802963,3988.542128620935,0.016091630377224445,0.06403854314183756,17.354868380743728,-490.09317,38.838135,32.684124,24.436935,16.289732,10.037228,6.4838696,5.3020425,5.3641143,5.362895,4.421244,2.4207227,-0.06966093
536,8.933333333333334,0.008724103,0.0,3660.9733666628217,773.2950951321308,2692.4812720417685,3349.743420863356,0.016091630377224445,0.06403854314183756,17.354868380743728,-364.46606,102.14758,-1.9741113,36.30463,2.835246,-50.63526,-14.951391,-10.059856,-19.013065,11.970676,-4.23775,-24.829485,2.8773427
537,8.95,0.010254824,0.0,4735.777370451171,649.2687019982833,2399.242817899504,3199.7071044091085,0.016091630377224445,0.06403854314183756,17.354868380743728,-330.6143,103.32257,5.263303,39.71939,9.891737,-48.57531,-10.833281,-0.40166634,-31.816847,26.593472,-3.082972,-18.918472,3.2470164
538,8.966666666666667,0.009602774,0.0,4862.805869264224,453.86673707205176,1986.193611114293,3035.1929406369554,0.016091630377224445,0.06403854314183756,17.354868380743728,-380.53104,82.87378,12.715879,47.247856,38.81021,-12.326435,1.7554414,10.855658,-13.839489,29.059887,16.608826,-3.5267982,1.5746136
539,8.983333333333333,0.0092954105,0.0,2190.376063956094,287.6895787720895,2226.457910122874,2860.802045169625,0.016091630377224445,0.06403854314183756,17.354868380743728,-415.16446,91.100006,21.896723,33.510254,50.258366,16.50421,-10.253315,-2.5629601,7.513249,8.781239,8.806837,7.7006426,3.489551
540,9.0,0.009592775,0.0,2282.101431311488,312.66110610752895,2465.949237188991,2893.3265117132964,0.016091630377224445,0.06403854314183756,17.354868380743728,-440.8936,73.82672,28.28929,36.64714,45.035805,12.090541,-12.741306,0.44574103,15.219839,8.9380665,1.1768806,5.5303574,8.393959
541,9.016666666666667,0.0627799,0.0,1059.7941991976932,490.8753170476466,2178.0199283326447,2754.2879553632765,0.016091630377224445,0.06403854314183756,17.354868380743728,-342.3288,160.2633,29.063713,12.329859,35.043274,1.0059171,-37.23356,-28.769852,-7.821892,-1.1656506,-0.41647583,-1.6337938,-7.5411696
542,9.033333333333333,0.10948222,221.6553218171199,955.067535284749,618.433410197294,1994.4845147896942,2788.5222083241792,0.016091630377224445,0.06403854314183756,17.354868380743728,-264.9185,217.81973,14.583512,-17.232172,23.726212,-3.8435721,-43.594364,-32.765297,-16.351215,-2.914307,0.19508772,-4.615219,-7.2420683
543,9.05,0.13509826,219.53851324625677,1132.7342707454084,664.356798284906,1930.4920115151544,2813.490392666995,0.016091630377224445,0.06403854314183756,17.354868380743728,-265.84872,196.97057,1.5192775,-13.269993,25.3847,-4.86895,-37.88212,-20.562588,-18.32574,10.067406,8.656504,-4.015667,-2.8098996
544,9.066666666666666,0.12884904,216.36081271048818,1217.5054334558438,681.2497328106579,1860.0081263835034,2897.518411880176,0.016091630377224445,0.06403854314183756,17.354868380743728,-268.1363,182.53476,-7.137396,-0.94285405,22.225267,-15.562445,-26.393291,-10.926361,-24.06866,8.10111,13.103631,-7.152986,1.1096528
545,9.083333333333334,0.12033228,214.42077947269397,1161.2851771276637,648.4658298274649,1763.7433515962794,2977.5319618105545,0.016091630377224445,0.06403854314183756,17.354868380743728,-292.01883,171.98526,8.684613,11.262363,24.88107,-11.404381,-15.491108,-8.735731,-26.947132,-0.66868234,11.563662,-3.5290766,1.6196339
546,9.1,0.11258382,213.3091548406158,957.0306202335573,520.5330179427106,1740.7672363764034,2979.825788584884,0.016091630377224445,0.06403854314183756,17.354868380743728,-331.21347,167.53836,35.428276,7.7119904,9.32135,-7.2366467,-16.207493,-16.554386,-19.761147,-4.2953467,1.5414655,-5.7290583,-1.1028299
547,9.116666666666667,0.10954368,213.73604361407126,696.8914504503017,390.5601602272443,1840.5455220991012,2947.355003326264,0.016091630377224445,0.06403854314183756,17.354868380743728,-374.05136,149.35463,55.03145,14.241831,18.185795,11.114503,-15.472485,-25.36803,-18.002771,-11.261211,-11.304239,-10.997184,-5.275554
548,9.133333333333333,0.115629256,215.9278521227541,633.7454207730423,373.68106716780915,1488.671909789911,2558.5768853366535,0.016091630377224445,0.06403854314183756,17.354868380743728,-378.82278,146.65695,55.85244,15.968407,22.308668,16.373564,-11.149809,-21.964678,-12.000681,-5.719681,-9.404971,-11.209153,-8.721037
549,9.15,0.113048226,216.5486227498325,602.3860231474491,348.12560802126524,963.9241700593116,2006.2438378063562,0.016091630377224445,0.06403854314183756,17.354868380743728,-382.01514,143.76892,54.709427,15.056467,21.811382,16.873924,-10.97712,-25.291147,-18.114208,-10.715767,-10.807039,-10.869558,-10.489898
550,9.166666666666666,0.11822009,217.2655062264583,609.3196404616297,343.7112296543681,1013.6882220744701,2009.1632790100325,0.016091630377224445,0.06403854314183756,17.354868380743728,-384.22012,139.7054,50.474113,14.407926,22.745087,16.445171,-7.9308324,-16.958122,-10.712283,-10.58999,-14.484238,-11.012626,-8.626123
551,9.183333333333334,0.13122916,220.00403485226306,619.8598282509922,352.8494621703416,1246.6240215143118,2551.4743533214105,0.016091630377224445,0.06403854314183756,17.354868380743728,-360.59015,151.3982,45.158478,22.622374,24.661646,1.693706,-10.113468,-11.56045,-20.937166,-19.996487,-10.517525,-9.870191,-10.989412
552,9.2,0.14180484,222.4752106357506,831.1744409249205,453.5338361686215,1541.8340664532623,3320.746330209539,0.016091630377224445,0.06403854314183756,17.354868380743728,-293.12787,188.94258,22.497963,16.801132,15.792198,-30.148838,-15.826019,1.4530032,-29.668144,-29.010784,-3.4963377,-5.6169434,-5.4468985
553,9.216666666666667,0.15178932,221.95629375974002,802.7100422273282,569.5681066566293,1377.5089111262037,3359.023630295265,0.016091630377224445,0.06403854314183756,17.354868380743728,-313.23642,176.24725,26.782475,11.673857,6.1157036,-26.462097,-5.5836577,12.387839,-16.235855,-21.829853,-4.1048293,-0.03883636,-1.4893305
554,9.233333333333333,0.1556897,222.07870552219592,808.1235596233339,570.2432040980826,1226.5751175344124,3378.853237217518,0.016091630377224445,0.06403854314183756,17.354868380743728,-319.5852,181.35162,39.310966,2.4191897,-4.277049,-27.024675,-8.5817585,11.190077,-5.9958386,-18.56668,-7.037759,2.0188007,-4.3390102
555,9.25,0.1514198,222.9603243057685,780.784186770752,549.1606383446234,1089.3427156045182,3410.4725037939133,0.016091630377224445,0.06403854314183756,17.354868380743728,-331.66293,169.50925,37.362015,6.1260543,-5.80273,-29.564846,-10.31047,12.480584,-5.1671925,-14.391981,-5.676107,-1.3682951,-5.158446
556,9.266666666666667,0.1495387,223.9666847258945,752.7791953216906,517.4043889740921,973.0201463950518,3436.6554715321736,0.016091630377224445,0.06403854314183756,17.354868380743728,-335.3493,172.90973,48.37729,10.773321,-7.518387,-33.207977,-16.608925,7.6875534,-6.070281,-15.578431,-5.994968,-2.5874534,-13.079687
557,9.283333333333333,0.15177746,225.5804283948555,722.6744822582122,514.6310212644428,929.3793178224419,3484.8521616744492,0.016091630377224445,0.06403854314183756,17.354868380743728,-340.98706,173.31737,55.014244,13.215078,-8.41629,-35.42937,-21.870338,3.7155783,-3.6335368,-12.311603,-3.1445556,-3.052967,-19.909494
558,9.3,0.14926802,227.076315248971,718.3334168914553,497.1376555959029,890.0389800613947,3506.326282778857,0.016091630377224445,0.06403854314183756,17.354868380743728,-342.7407,171.77667,56.367004,15.926905,-10.3896265,-39.235516,-21.184464,3.7382107,-6.0508018,-11.817375,-1.0345523,-4.254911,-21.623577
559,9.316666666666666,0.14619493,228.3245742126754,717.3983149141253,494.01287087738666,901.3816293133373,3490.2756054343845,0.016091630377224445,0.06403854314183756,17.354868380743728,-343.99216,172.76772,59.224792,15.28907,-13.601383,-42.16813,-24.498856,0.07474816,-8.909352,-13.671942,-1.3210932,-2.7323434,-19.068676
560,9.333333333333334,0.14354336,229.5626390571336,727.4015173153194,477.135028829581,895.0239376609084,3539.8121515058947,0.016091630377224445,0.06403854314183756,17.354868380743728,-345.1082,172.14975,62.28277,20.321617,-8.949669,-39.419662,-22.710064,4.9441385,-4.5127716,-9.809203,3.9665852,1.0600581,-18.35413
561,9.35,0.14806995,230.4213891797366,721.8071906653431,478.6574963792692,895.969808188755,3574.8114779791695,0.016091630377224445,0.06403854314183756,17.354868380743728,-340.75412,176.07935,62.30361,17.606739,-13.086701,-43.81418,-27.8229,-0.79497147,-7.509547,-9.936512,2.0130522,-2.3441176,-19.297249
562,9.366666666666667,0.14911202,230.97958763899115,753.8034137374124,477.16645585422685,900.3408432095474,3526.6241716535774,0.016091630377224445,0.06403854314183756,17.354868380743728,-334.5293,177.35489,58.01566,17.91029,-13.105933,-47.438496,-26.669659,2.9186194,-9.111949,-11.900593,4.7140446,0.7790665,-17.861244
563,9.383333333333333,0.14564997,231.52446399979934,777.114177507371,489.96689155566,911.9584034846404,3500.7200066997184,0.016091630377224445,0.06403854314183756,17.354868380743728,-338.17117,170.60825,53.102398,16.562523,-14.509705,-50.524742,-28.15955,4.6869097,-7.611486,-13.728748,-0.80729634,-2.72323,-15.633104
564,9.4,0.14054413,232.42528747914315,829.827300153123,497.3753110796095,958.3167093622129,3444.237621495243,0.016091630377224445,0.06403854314183756,17.354868380743728,-333.74203,171.12903,48.896423,16.538317,-10.352055,-47.762108,-23.80775,12.308397,-5.68036,-19.912676,-9.028422,-3.2584486,-13.480876
565,9.416666666666666,0.13343458,233.72719786165464,838.0384636810481,495.7695727715669,1056.9943102558104,3379.5243793252894,0.016091630377224445,0.06403854314183756,17.354868380743728,-338.08688,163.45125,41.302223,12.199184,-14.76182,-41.852993,-9.380072,13.902578,-11.346392,-17.88153,-6.6383834,-4.2132483,-7.8572736
566,9.433333333333334,0.12065513,236.3879424935792,829.1214534319331,467.7398614203539,976.9688772216513,3365.3400741737587,0.016091630377224445,0.06403854314183756,17.354868380743728,-339.8875,164.30554,53.481667,32.19386,-3.2716832,-38.747196,-5.9909086,8.394721,-25.254593,-28.223095,-11.941273,-9.364468,-8.9584675
567,9.45,0.09078648,233.2338465632541,825.6052022427843,444.89395788862083,1098.7587638805312,3373.6557995988323,0.016091630377224445,0.06403854314183756,17.354868380743728,-352.6885,152.93861,54.732162,42.89255,5.889332,-32.53324,-0.9115617,9.544605,-21.147018,-17.721542,-5.53961,-9.260185,-1.9451597
568,9.466666666666667,0.05313504,224.87903080595288,2421.2843955704056,599.0970173708657,1772.5091722762825,3763.80640232931,0.016091630377224445,0.06403854314183756,17.354868380743728,-320.38336,139.36006,4.120944,46.567284,19.4443,-29.058363,27.44049,20.424765,-30.558691,8.586972,23.944983,-9.581451,7.9204264
569,9.483333333333333,0.03957993,0.0,3254.903180885793,1009.0150364116183,2334.1005067523583,4268.433339552357,0.016091630377224445,0.06403854314183756,17.354868380743728,-291.45435,136.52426,-16.601679,68.21295,27.87783,-41.663292,34.168255,25.92818,-28.48177,19.081928,23.852844,-14.417277,9.223318
570,9.5,0.050594542,0.0,4375.881300263202,1090.0371081823628,2319.477364905528,3928.1111329639125,0.016091630377224445,0.06403854314183756,17.354868380743728,-294.57855,113.01774,-38.59848,64.57645,18.352133,-47.974247,35.96254,23.347282,-32.97416,22.603235,26.971014,-11.055689,12.5009
571,9.516666666666667,0.04815206,0.0,4634.106790318394,939.3230353900848,2169.2266254253286,3541.74486008145,0.016091630377224445,0.06403854314183756,17.354868380743728,-289.3342,105.717545,-45.003056,58.26844,9.025561,-46.57892,31.931332,15.928104,-36.521996,22.903496,19.83878,-19.144188,13.324469
572,9.533333333333333,0.042393096,0.0,4761.264556457275,984.3965415084106,2360.95977960064,3500.8346517488267,0.016091630377224445,0.06403854314183756,17.354868380743728,-304.78445,95.34184,-50.401524,51.284653,15.84333,-42.710083,27.581326,11.663127,-33.23301,26.895061,14.927625,-17.995085,13.257734
573,9.55,0.03230107,0.0,4437.49622727916,916.8455321606551,2369.2152452305895,3677.2537167532205,0.016091630377224445,0.06403854314183756,17.354868380743728,-311.26898,101.86773,-33.348087,66.252014,25.092236,-35.814884,32.051155,16.422085,-28.99754,22.501984,16.783855,-14.618477,16.598274
574,9.566666666666666,0.033016775,0.0,4104.6524877697375,1080.114607857434,2879.589970151611,4115.782383308443,0.016091630377224445,0.06403854314183756,17.354868380743728,-320.4958,103.56471,-23.248905,76.721985,28.49224,-43.004784,33.882156,24.908363,-22.22213,23.12709,15.680809,-12.170531,21.00985
575,9.583333333333334,0.026225317,0.0,3379.64889929042,760.304580436726,2202.1940100737634,3709.7517801111703,0.016091630377224445,0.06403854314183756,17.354868380743728,-345.9773,98.28101,-12.289446,68.94363,32.61878,-29.1109,37.15976,30.822868,-19.410679,15.969704,20.227997,-2.6000378,21.937233
576,9.6,0.013411496,0.0,3803.931148174312,430.3484223332435,1495.5455391042808,3356.7522823999566,0.016091630377224445,0.06403854314183756,17.354868380743728,-393.40234,82.01567,5.437728,50.2444,17.564182,-29.268951,17.331547,15.358246,-20.391764,11.834111,19.501904,-6.542472,10.520536
577,9.616666666666667,0.03387094,0.0,2188.3530603915906,418.2441868908769,1624.3156919879157,3300.0410375560646,0.016091630377224445,0.06403854314183756,17.354868380743728,-418.48895,90.9043,37.40078,43.531437,24.478518,-1.8389889,13.105843,7.7171206,-14.74494,-0.9458351,6.444973,-7.861964,-2.616373
578,9.633333333333333,0.08023377,240.86291441306167,707.6136169172378,359.41250681834026,1183.4123311934152,3275.9948146528945,0.016091630377224445,0.06403854314183756,17.354868380743728,-362.36417,165.22293,77.41081,32.057247,-6.223375,-32.930042,-13.820362,3.4057374,-12.721836,-25.849178,-19.643284,-7.1786633,1.3466318
579,9.65,0.1033955,233.2492849108921,651.0399355949758,463.2792066496446,1123.0420864316668,3287.3891761444306,0.016091630377224445,0.06403854314183756,17.354868380743728,-327.6478,194.31622,75.82135,24.928972,-7.6223316,-33.46959,-12.241183,9.644746,-10.611358,-31.075813,-21.36745,-0.6201923,3.5286624
580,9.666666666666666,0.10452132,228.08970632690705,676.1294820943774,457.6205824659241,1028.4953722333003,3333.6948839865236,0.016091630377224445,0.06403854314183756,17.354868380743728,-332.73935,190.75403,77.01524,25.92759,-8.965155,-36.457664,-14.466888,11.632809,-5.2978506,-26.84103,-20.211996,-2.3453646,0.54892206
581,9.683333333333334,0.09077935,231.0712400192669,621.0721297488344,442.0549122492993,1022.6088733701382,3342.2842512903358,0.016091630377224445,0.06403854314183756,17.354868380743728,-353.43652,182.73885,88.58206,24.001766,-17.48116,-37.80774,-20.152876,4.328949,-1.9671259,-21.294727,-21.56107,-6.828957,-2.437159
582,9.7,0.07016113,231.8113730985945,620.4205554904277,347.1930835651405,967.1836573639005,3243.9872252323376,0.016091630377224445,0.06403854314183756,17.354868380743728,-389.81937,144.67892,75.99889,30.314537,-2.5220406,-26.003613,-16.543877,8.606562,7.871587,-12.682556,-17.825455,-7.485498,-7.1175003
583,9.716666666666667,0.03788404,226.77197804450304,770.4898659208088,267.0143393405841,971.0257421921569,3196.5479849011567,0.016091630377224445,0.06403854314183756,17.354868380743728,-425.8421,109.22689,66.99249,36.709423,11.898878,-11.206066,-12.223181,5.2151046,8.360834,-6.022525,-10.52778,-3.360108,-4.3060565
584,9.733333333333333,0.011908674,0.0,1193.9177523183016,317.0012573972165,956.3081389425349,3167.494344255548,0.016091630377224445,0.06403854314183756,17.354868380743728,-452.83524,83.3021,58.37069,30.937897,8.311083,-5.2815533,-6.685809,0.54866457,6.537201,6.1539555,3.022877,0.68689764,-1.5135314
585,9.75,0.004037704,0.0,1256.2539387308968,349.43802277885897,949.1508881244912,3123.54925705359,0.016091630377224445,0.06403854314183756,17.354868380743728,-469.57578,65.72754,53.760406,37.496933,20.985188,7.6320987,-0.8065841,-4.4565706,-4.801344,-3.7623734,-2.8550413,-2.7607987,-3.3864832
586,9.766666666666667,0.0026250426,0.0,1312.3195849481258,509.42154000632513,1297.8077990479512,3217.792850158784,0.016091630377224445,0.06403854314183756,17.354868380743728,-472.9927,60.303566,47.05977,30.027412,14.408731,3.9852982,-0.20929913,0.1803999,2.116933,2.8938308,1.3804815,-1.7735493,-4.9169297
587,9.783333333333333,0.0023278624,0.0,1518.7304116957507,847.9270239717089,1615.3413881091706,3397.221916371841,0.016091630377224445,0.06403854314183756,17.354868380743728,-465.01407,67.09801,43.030792,15.109445,-5.4539785,-12.685411,-8.163153,1.0927608,7.4363575,6.962421,0.932092,-6.1081624,-9.806038
588,9.8,0.002347714,0.0,1515.476945861356,884.7449777125127,1532.4311605550852,3076.6404051740683,0.016091630377224445,0.06403854314183756,17.354868380743728,-444.9494,83.30991,35.623604,-4.496764,-18.48565,-12.059948,-1.0705376,3.6397052,1.004218,-3.3728719,-4.7043824,-4.542524,-6.8839664
589,9.816666666666666,0.002686653,0.0,1626.0641227920776,1033.36218734891,1679.430690325777,2870.4018371133807,0.016091630377224445,0.06403854314183756,17.354868380743728,-423.80124,93.02922,16.053177,-20.327637,-9.282364,5.5931854,3.5429473,-4.933928,-11.984759,-15.876129,-11.900543,-3.2369328,-1.18099
590,9.833333333333334,0.0030860298,0.0,1839.766233113407,1383.5820304873985,1809.8458240855225,3053.380426960356,0.016091630377224445,0.06403854314183756,17.354868380743728,-420.81546,87.88072,2.3224144,-23.700275,-0.20802999,14.163006,7.3454494,-1.0752642,-5.983328,-11.985722,-13.981327,-6.658641,0.7248067
591,9.85,0.003453263,0.0,1729.236520552267,1276.3806217332703,1579.3024543479098,2973.1782920395253,0.016091630377224445,0.06403854314183756,17.354868380743728,-412.02042,97.181335,5.8490043,-23.42598,-2.6340125,6.3232775,-2.6444478,-5.518139,-4.4831934,-8.175802,-6.8989744,3.4223452,8.840349
592,9.866666666666667,0.0036543692,0.0,1717.3005323458365,941.9196358317282,1725.7096773301994,3193.495052489159,0.016091630377224445,0.06403854314183756,17.354868380743728,-417.8137,91.05465,4.2013574,-21.089592,2.2997057,12.378128,2.1060348,-2.921943,-1.8403242,-6.2169394,-10.596724,-5.080491,3.5711393
593,9.883333333333333,0.0034291854,0.0,1847.665792663885,867.6449922409031,1901.4004011596633,3203.754648291807,0.016091630377224445,0.06403854314183756,17.354868380743728,-418.047,88.46935,-1.2809807,-26.837164,-3.1255877,6.8285923,-5.8470488,-16.304367,-14.363828,-5.5264597,1.2817292,0.9609746,-3.6485193
594,9.9,0.003147313,0.0,1886.0956328355792,860.7885758784936,1821.5955441538454,2876.7243424835156,0.016091630377224445,0.06403854314183756,17.354868380743728,-425.52313,82.97962,-0.3205824,-25.925268,-1.6478465,13.28426,2.927108,-11.809717,-16.55828,-9.862041,1.9547242,6.537978,-1.1103086
595,9.916666666666666,0.0029139842,0.0,1893.443167080358,693.0393952491701,1841.990405529699,2737.9398533001904,0.016091630377224445,0.06403854314183756,17.354868380743728,-429.70175,78.72182,-1.3275216,-26.041786,-3.7629476,9.8298,-1.9105644,-19.481897,-23.212181,-10.8896885,3.1526387,5.6801195,-1.407518
596,9.933333333333334,0.0031126798,0.0,1950.3081589233007,706.1521388449845,1823.5012643458008,2957.3745777777963,0.016091630377224445,0.06403854314183756,17.354868380743728,-428.1232,79.62976,2.0186982,-13.356411,11.01337,13.218145,-4.439013,-14.172893,-15.688839,-11.020137,4.074074,14.126858,4.0001287
597,9.95,0.003192403,0.0,1882.205354682127,693.711976023489,1789.6117968299652,2964.8365360879934,0.016091630377224445,0.06403854314183756,17.354868380743728,-416.5022,87.920525,-0.057758793,-18.17986,2.5841553,5.1262503,-4.0271206,-10.14204,-12.730236,-5.4629,7.7942386,12.323154,6.401326
598,9.966666666666667,0.0031665307,0.0,1995.8500759720225,695.4382019637378,1813.8160479240782,2922.7869370476606,0.016091630377224445,0.06403854314183756,17.354868380743728,-415.34668,86.418686,-2.4795117,-15.595406,4.7270784,1.1254838,-9.835949,-13.319038,-13.323822,-5.4232416,5.8154593,10.512655,8.406326
599,9.983333333333333,0.002784189,0.0,2099.422063715169,715.7656602000376,1863.9155860630385,3070.561066673381,0.016091630377224445,0.06403854314183756,17.354868380743728,-423.4118,79.2491,-2.2151456,-12.190268,6.7682753,0.9193792,-11.160128,-14.466335,-13.656617,-4.5305886,7.0612783,7.525285,-1.4319308
600,10.0,0.002759659,0.0,1979.5738210512404,700.8039941005941,1887.2790621860186,3202.0806692395277,0.016091630377224445,0.06403854314183756,17.354868380743728,-418.74432,82.96799,-0.18697867,-7.2527847,10.6994,0.04787135,-13.126211,-14.91431,-13.841196,-5.5785694,4.8548927,6.719715,2.7438183
601,10.016666666666667,0.0027163378,0.0,2055.991244675225,691.6951305014032,1888.947347411762,3207.96748756643,0.016091630377224445,0.06403854314183756,17.354868380743728,-419.45673,83.57321,1.4827137,-7.258507,11.37207,4.693203,-7.2922473,-12.829225,-16.877674,-11.79678,-0.48250735,5.361432,2.8525014
602,10.033333333333333,0.002702889,0.0,1963.4999180013042,672.0548276045255,1812.3215114996126,3181.200333846333,0.016091630377224445,0.06403854314183756,17.354868380743728,-426.5328,81.59244,8.551267,-3.0716927,12.025221,7.4068313,-2.3953385,-7.296023,-12.927229,-10.803415,-0.19735825,5.055126,0.72226715
603,10.05,0.0024938716,0.0,1908.519404395475,669.1713601895973,1730.791423053732,3150.493762455004,0.016091630377224445,0.06403854314183756,17.354868380743728,-433.8018,77.127335,10.895848,-5.5473814,1.6455336,-0.8099218,-5.1847515,-12.2739105,-22.051811,-18.01453,-1.3907735,8.855375,3.4499378
604,10.066666666666666,0.0022028605,0.0,1944.5659288455502,693.330292765213,1648.8840410122714,3151.655576450121,0.016091630377224445,0.06403854314183756,17.354868380743728,-451.7094,66.2262,15.369204,-6.4910727,-1.3946699,4.8185825,3.1900113,-5.0203285,-15.307933,-17.432983,-6.479984,7.1184597,7.9700174
605,10.083333333333334,0.0017118168,0.0,1898.0240902638923,753.5256015328073,1559.6835969784536,3237.3164234054334,0.016091630377224445,0.06403854314183756,17.354868380743728,-461.72812,60.63318,19.719223,-6.4259853,-7.765996,0.8328066,2.4626067,-7.339037,-19.060635,-19.487137,-6.6498184,7.1844893,9.443946
606,10.1,0.001481811,0.0,1897.6545262834754,804.3381793836686,1529.9731888546237,2814.958739461142,0.016091630377224445,0.06403854314183756,17.354868380743728,-474.34244,51.15833,24.18227,1.8445151,-4.9075575,-0.6724707,2.814952,-0.85815454,-8.224377,-11.326656,-6.32285,3.2651734,10.8731
607,10.116666666666667,0.0013675954,0.0,1795.868986013306,757.3501680626715,1547.2489849974681,2141.4658564818083,0.016091630377224445,0.06403854314183756,17.354868380743728,-481.20593,45.158916,25.765608,8.178584,0.29118034,0.21726125,1.2051513,-0.679891,-4.2484145,-6.3857884,-5.219537,-0.43820187,7.0104594
608,10.133333333333333,0.0015580492,0.0,1698.831871121002,664.2364801588953,1468.8152797272148,2053.8481505758004,0.016091630377224445,0.06403854314183756,17.354868380743728,-484.4439,41.90795,25.649162,11.00605,4.0482373,2.4606552,0.713402,-3.172854,-6.710472,-6.9594436,-3.4358468,2.530156,9.034899
609,10.15,0.0015354684,0.0,1673.9880933932445,651.8620738340545,1418.5830730996506,2015.7100075099836,0.016091630377224445,0.06403854314183756,17.354868380743728,-487.23602,39.065468,25.370201,13.325106,8.336896,8.402773,8.208378,5.202317,1.2313576,-0.4125898,1.8587959,7.194138,12.89177
610,10.166666666666666,0.0013904768,0.0,1973.4745123488785,660.7673735774852,1467.0028439912267,1987.406469715935,0.016091630377224445,0.06403854314183756,17.354868380743728,-492.60315,32.34731,20.759579,10.405078,5.288875,4.3833237,4.1697407,1.7513137,-2.2442636,-4.0923476,-1.3454338,4.817278,11.339653
611,10.183333333333334,0.001296823,0.0,2043.5835273332875,653.9130917401013,1348.0304654935283,2061.011041766642,0.016091630377224445,0.06403854314183756,17.354868380743728,-494.67654,29.565826,18.322227,8.523446,4.066482,3.065438,1.7680653,-1.0400558,-3.345045,-2.6871257,1.1748135,6.5455604,11.358976
612,10.2,0.0012725465,0.0,1851.763243738452,639.8379260005006,1338.6522109153752,2052.496247043807,0.016091630377224445,0.06403854314183756,17.354868380743728,-492.30603,32.991043,21.820227,12.160843,8.398445,8.622239,8.16121,4.8973227,0.7709862,-0.8992826,1.4631395,6.7720146,12.036703
613,10.216666666666667,0.0012578622,0.0,1922.1850530077036,645.7387333956033,1367.4615518517355,2161.629283391607,0.016091630377224445,0.06403854314183756,17.354868380743728,-491.41183,34.461143,23.53926,13.439087,8.197461,6.3445406,4.131731,0.13839449,-3.681912,-4.543664,-1.4248437,4.4343877,10.305067
614,10.233333333333333,0.0016479869,0.0,1820.3696980493587,649.2269696268253,1471.754481524185,2421.323125179898,0.016091630377224445,0.06403854314183756,17.354868380743728,-489.10052,38.2979,27.98378,16.771137,8.766159,4.466718,1.5919789,-1.9159833,-5.6428347,-7.112787,-4.2706156,2.229668,8.879444
615,10.25,0.021417264,0.0,953.821338914944,494.2040056715906,1364.5881359182372,2552.3041663893714,0.016091630377224445,0.06403854314183756,17.354868380743728,-469.13345,64.15027,47.505447,28.239067,13.2442,5.063489,1.6190522,-0.80382043,-4.1033406,-7.2579565,-8.120401,-6.1323705,-3.3568766
616,10.266666666666667,0.051629473,247.25334054855512,557.6935103078608,310.0696727042505,1145.6959001800997,2491.8531467754274,0.016091630377224445,0.06403854314183756,17.354868380743728,-384.6298,146.01358,59.5701,4.2271833,-7.389138,-5.66315,-4.8198977,-1.7268821,-0.53971815,-7.722899,-18.835812,-23.216385,-16.148098
617,10.283333333333333,0.07626292,238.29370912107203,653.6607425958115,342.03662125005366,1306.2691299794076,2531.3500946512204,0.016091630377224445,0.06403854314183756,17.354868380743728,-359.1257,152.58698,31.238152,-9.570953,4.6156316,4.16508,-5.1719666,-3.4433022,-1.7557702,-7.252546,-16.776716,-24.750114,-19.430065
618,10.3,0.09515403,235.5397285229226,751.0615491821302,339.52374668228885,1381.930272113464,2552.329230558073,0.016091630377224445,0.06403854314183756,17.354868380743728,-353.76562,143.10406,10.252432,-8.753073,20.277441,13.973155,1.3897705,0.60837513,-3.9738235,-9.93067,-18.573753,-28.375578,-21.535383
619,10.316666666666666,0.11867921,238.0894417800568,812.1488451800831,371.1634862839652,1358.229460409047,2536.380833446891,0.016091630377224445,0.06403854314183756,17.354868380743728,-322.47354,164.82108,8.015013,-7.7944107,16.816744,-3.4942849,-15.695243,-9.387249,-11.374025,-12.086976,-16.69946,-24.054403,-13.817027
620,10.333333333333334,0.1625,242.18490654088325,1027.221054009953,516.0071900569901,1275.2259542546785,2701.611334987719,0.016091630377224445,0.06403854314183756,17.354868380743728,-245.46992,210.80812,-13.45364,-22.152916,4.1073475,-35.61756,-33.294704,-1.4286633,-14.957439,-19.014776,-9.101955,-9.469498,4.681922
621,10.35,0.1887996,241.8133610070271,1414.132446233042,644.0546495607897,1353.4936130422266,2942.9727650192362,0.016091630377224445,0.06403854314183756,17.354868380743728,-215.4046,203.17404,-36.944824,-27.605118,12.100156,-38.393845,-28.08976,11.577879,-26.066483,-21.72656,-6.181326,-6.2356033,1.0643876
622,10.366666666666667,0.19389324,243.864332815046,1553.3530435453772,655.6540973243782,1481.701933511238,3016.75489232649,0.016091630377224445,0.06403854314183756,17.354868380743728,-218.44905,191.93683,-41.399242,-21.437508,20.777649,-36.745342,-29.80019,13.935122,-27.2627,-19.67733,-0.008214295,-1.157155,1.2188653
623,10.383333333333333,0.19244151,246.9636941853261,1424.646187318919,665.7086810831918,1528.393153981737,3074.0810447729455,0.016091630377224445,0.06403854314183756,17.354868380743728,-238.25252,182.36198,-40.01175,-15.745964,23.38259,-31.978394,-26.903172,12.558747,-27.72003,-22.6655,1.4365298,4.9434276,2.9855828
624,10.4,0.18439473,250.43398864931643,1469.0596426136012,656.1341606973903,1551.6273126780052,3120.011861155747,0.016091630377224445,0.06403854314183756,17.354868380743728,-236.9985,182.00627,-41.033363,-18.163786,23.047771,-31.912973,-26.92723,6.505016,-35.139725,-23.578701,1.3314348,3.321871,-2.5759943
625,10.416666666666666,0.16627689,254.54058882958384,1457.1641243206634,655.7448808124246,1586.9284227357812,3282.4733702622134,0.016091630377224445,0.06403854314183756,17.354868380743728,-253.35414,172.14148,-44.110428,-14.670391,22.687717,-35.41385,-29.085667,9.067062,-27.356514,-20.147493,7.2963915,7.926795,-2.4094744
626,10.433333333333334,0.14445183,258.2903145918598,1493.8361418620743,693.197323840942,1657.571093895888,3348.7285501940005,0.016091630377224445,0.06403854314183756,17.354868380743728,-268.0743,162.03479,-40.26482,-7.8313684,25.415136,-32.39499,-23.612057,11.556876,-26.419437,-14.83469,13.742352,10.01114,-6.5263386
627,10.45,0.12658934,260.7518828353401,1541.2920804905118,728.4742029769004,1717.554528419601,3412.752713041101,0.016091630377224445,0.06403854314183756,17.354868380743728,-270.0265,167.39514,-29.204498,0.44624943,21.691448,-42.77955,-19.888409,9.566677,-33.568436,-19.73742,13.872841,8.611856,-15.17184
628,10.466666666666667,0.10830535,262.3978016705673,1457.6265760150418,716.3081989453498,1759.757783652851,3484.7200567708455,0.016091630377224445,0.06403854314183756,17.354868380743728,-300.0058,154.86621,-9.332511,7.8825393,15.454491,-41.77163,-15.982859,5.2171965,-35.310406,-23.028496,11.255112,5.08124,-16.476652
629,10.483333333333333,0.091638066,263.50728068907716,1226.7116586793666,671.0821304527303,1349.7116268296745,3020.23357687357,0.016091630377224445,0.06403854314183756,17.354868380743728,-336.94818,146.11813,18.192093,11.595003,11.683397,-22.768154,-12.894573,-4.3021812,-29.014671,-14.7039,10.3803,6.4336867,-8.545852
630,10.5,0.08497026,264.3976898597413,1085.9448144680832,610.261384267375,795.2973261229826,2383.2678196759075,0.016091630377224445,0.06403854314183756,17.354868380743728,-349.20746,149.48485,34.023643,3.6058471,0.90061235,-12.387489,-21.291428,-11.276289,-11.497839,-12.653891,-13.798877,-7.6157417,-0.6425999
631,10.516666666666667,0.085322104,265.02553278414666,1069.0910804744365,590.3353838617965,832.0407418795858,2557.9337892260623,0.016091630377224445,0.06403854314183756,17.354868380743728,-343.12387,145.86975,21.363665,9.633707,10.372032,-13.135635,-16.091255,-7.774254,-19.328121,-19.152313,-12.159744,-10.477762,-0.11757076
632,10.533333333333333,0.08376757,265.531405023183,952.2497322547307,568.3168654727043,768.6689793443701,2574.96293483457,0.016091630377224445,0.06403854314183756,17.354868380743728,-362.02625,147.81206,42.362923,8.577837,4.4990106,-7.9947395,-21.503147,-12.087336,-8.410244,-16.615763,-13.499015,-9.642567,-3.7008743
633,10.55,0.0846314,266.2745775327028,874.8685830107045,478.1302747225485,754.6705792689735,2446.320152323269,0.016091630377224445,0.06403854314183756,17.354868380743728,-375.23407,142.23175,47.6204,5.4653273,-1.9856403,-13.364822,-26.426533,-15.202277,-7.951771,-14.517275,-14.604783,-12.147749,-12.020257
634,10.566666666666666,0.07956383,268.53935596372867,1640.5112144793368,425.0636647038228,768.8956805403249,2482.5437811287793,0.016091630377224445,0.06403854314183756,17.354868380743728,-361.0201,151.57538,71.89525,5.9131103,3.6642838,-17.046427,-24.177212,-15.42547,-9.6661625,-8.48101,-18.78234,-8.818668,-16.119686
635,10.583333333333334,0.08144513,276.521295681811,3165.473831116132,442.6440365898491,872.7959441278421,2691.086262785641,0.016091630377224445,0.06403854314183756,17.354868380743728,-332.38123,146.00314,79.114746,-1.5318692,1.5637089,-33.613655,-20.518713,3.1267643,-16.635172,-0.6652305,-15.029018,-8.715981,-32.084244
636,10.6,0.10003109,287.645800580978,1438.5258504981675,482.890108606139,987.5522470660981,3037.454228091954,0.016091630377224445,0.06403854314183756,17.354868380743728,-287.6827,184.54431,36.296036,-1.2376405,-14.639795,-62.993732,-28.09497,8.956905,-20.744396,-9.670462,-3.8379776,-18.70863,-32.057358
637,10.616666666666667,0.138509,287.98452814379976,1640.6236112514093,533.9147022855313,986.6861322553599,3385.1724441790357,0.016091630377224445,0.06403854314183756,17.354868380743728,-307.9764,179.4476,85.556625,1.0248764,-19.602514,-57.042076,-19.117355,9.526972,-20.00613,-7.1286645,-15.341007,-1.9428158,-37.182274
638,10.633333333333333,0.18810521,281.9001966113159,1090.7331390828213,581.5530063060113,1039.8705100559469,3466.240720957184,0.016091630377224445,0.06403854314183756,17.354868380743728,-300.85297,184.83667,54.575684,3.8644056,-24.887253,-69.33917,-24.234352,15.215315,-9.645258,-13.899532,-12.925783,-3.1575825,-27.767824
639,10.65,0.2226343,283.0202610030754,928.9682163533573,608.026492366506,1075.0988566212611,3424.6167781380627,0.016091630377224445,0.06403854314183756,17.354868380743728,-300.76477,182.9404,34.97148,3.2730916,-23.256496,-68.33017,-30.469374,12.01957,-9.551601,-17.85011,-13.927069,-6.5628805,-20.87936
640,10.666666666666666,0.23743755,287.4319081221133,1008.4268541920294,610.6162237076765,1067.3932217069512,3383.142532593039,0.016091630377224445,0.06403854314183756,17.354868380743728,-287.2594,177.21645,12.893193,12.10714,-4.8538384,-65.263916,-30.93816,15.539852,-8.149968,-14.260309,-10.576439,-3.8592296,-11.563218
641,10.683333333333334,0.23991446,292.03006868545657,1157.2862489945853,614.1574312353985,1024.2166277218053,3368.852434511024,0.016091630377224445,0.06403854314183756,17.354868380743728,-264.29523,177.82413,-9.094612,13.572425,3.2740831,-62.903534,-23.348536,15.432177,-17.965061,-25.079525,-14.1476555,-10.431123,-8.074887
642,10.7,0.24647948,296.6648744787817,1194.7708193714732,646.8313865924009,1177.7156467969887,3336.4840861369485,0.016091630377224445,0.06403854314183756,17.354868380743728,-236.48091,195.45267,-15.492859,4.569124,3.1867402,-54.03597,-23.124332,12.781852,-26.242664,-24.960667,-7.408506,-2.1192183,4.7258496
643,10.716666666666667,0.21242605,300.2159863863243,1043.7830282091554,632.0371319225436,1472.3749541433144,3337.348241713959,0.016091630377224445,0.06403854314183756,17.354868380743728,-247.3417,203.83446,8.934678,-0.19120157,-0.15267217,-54.184433,-21.328526,6.0710235,-29.065184,-23.013271,-4.637985,7.2984896,-0.40323138
644,10.733333333333333,0.1458963,297.1878128317642,1294.086680141279,647.1271353506114,1609.9185824137335,3390.6001654860784,0.016091630377224445,0.06403854314183756,17.354868380743728,-296.79083,166.84268,8.476534,16.866583,9.842413,-41.385666,-10.918961,4.106264,-31.849777,-16.89732,3.2354722,4.7777443,2.8559768
645,10.75,0.05909881,292.0951427802803,3265.0268667265213,678.1395773405814,1820.2765119082671,3388.5466792420752,0.016091630377224445,0.06403854314183756,17.354868380743728,-272.69794,149.53854,-33.152084,40.73793,21.744328,-40.816063,19.449242,12.581442,-31.08412,19.35342,28.412308,-5.7905426,10.318271
646,10.766666666666667,0.09295428,0.0,3348.699203166022,441.3150281291444,1929.4367807847236,3338.560354865049,0.016091630377224445,0.06403854314183756,17.354868380743728,-248.09914,129.73325,-14.235633,81.21416,33.090263,-27.174343,33.353386,27.074139,-26.488796,27.458885,20.213509,-15.235318,10.086405
647,10.783333333333333,0.09511496,0.0,3024.1327272096855,184.0508473158934,1976.1363086319382,3416.1496620385597,0.016091630377224445,0.06403854314183756,17.354868380743728,-245.71848,119.151825,-1.8947067,92.37796,38.33453,-15.693453,36.04991,23.30348,-26.253416,23.767754,13.998932,-11.381542,9.182705
648,10.8,0.065264314,0.0,4519.032809589514,677.4925062886524,2454.3907737452123,4005.6983456372345,0.016091630377224445,0.06403854314183756,17.354868380743728,-266.92752,87.38284,-17.137207,83.896805,23.781147,-17.849194,35.584064,24.937927,-19.842596,20.650122,7.384046,-14.514364,10.647522
649,10.816666666666666,0.056895982,0.0,4429.84802490788,1345.9688315572712,2935.7753452198544,4411.3063449738875,0.016091630377224445,0.06403854314183756,17.354868380743728,-259.95453,97.25218,-21.7113,74.37976,21.244377,-22.88938,37.828358,21.69852,-20.64369,27.99132,5.4131217,-14.483531,9.19797
650,10.833333333333334,0.16906823,0.0,3015.907864535294,1020.2537515844815,2773.22344122755,3685.220188753333,0.016091630377224445,0.06403854314183756,17.354868380743728,-231.07428,133.7972,-10.023838,80.365524,27.474861,-28.334553,34.111145,24.909807,-18.900974,31.857143,8.496243,-14.938775,8.777443
651,10.85,0.21950619,0.0,1582.1798336227685,446.1735282154348,2208.8650594396095,3365.49523630545,0.016091630377224445,0.06403854314183756,17.354868380743728,-219.4807,189.26428,2.96937,70.93242,27.189247,-33.145054,37.921562,19.240494,-27.159245,28.147156,12.349691,-20.32725,7.392273
652,10.866666666666667,0.20612611,0.0,820.2367252755918,185.3740278657125,1399.6525571799443,3351.3315707113766,0.016091630377224445,0.06403854314183756,17.354868380743728,-288.1273,186.54298,41.862137,63.586716,27.9949,-20.402184,34.428368,28.328037,-24.625397,7.50951,19.132395,-13.805494,7.5724573
653,10.883333333333333,0.13966191,0.0,770.6872379796415,317.10756489152163,1424.633417086728,3440.0671064575763,0.016091630377224445,0.06403854314183756,17.354868380743728,-326.4687,175.85207,66.36125,52.485806,16.007078,-24.592121,12.652563,26.475662,-14.680542,-7.5149784,12.454248,11.106932,8.716352
654,10.9,0.19180714,269.965272987641,923.2849374220618,573.5241419699917,1384.4042510765516,3396.746029799563,0.016091630377224445,0.06403854314183756,17.354868380743728,-245.54453,216.53427,22.652832,16.034378,7.182189,-47.93784,-15.6427355,14.544613,-28.554495,-25.598698,-6.0700274,9.832308,6.0881805
655,10.916666666666666,0.23520303,260.6121971467486,945.1110303290003,584.0804332996432,1359.4607945381986,3357.648812739157,0.016091630377224445,0.06403854314183756,17.354868380743728,-266.3973,191.99222,6.114213,10.3784485,9.102836,-45.433487,-20.807377,15.385395,-22.913803,-26.119925,-5.4098897,6.9014997,5.9994073
656,10.933333333333334,0.22700237,257.02227504139466,957.984149257718,584.3172322605935,1274.0270617915903,3344.908683951191,0.016091630377224445,0.06403854314183756,17.354868380743728,-281.13348,181.45877,12.4556465,4.573056,-2.6274347,-45.407394,-21.975063,16.147148,-21.788261,-26.559456,-14.14945,-2.6734498,4.7360964
657,10.95,0.22073509,255.48190304681592,975.1772928238357,566.683198134595,1199.3421695503275,3335.2329036082365,0.016091630377224445,0.06403854314183756,17.354868380743728,-290.84375,172.89142,14.104355,14.665331,5.259052,-48.067043,-18.570343,20.246864,-20.849037,-28.254108,-16.850624,-5.8119974,-3.7951143
658,10.966666666666667,0.21889788,255.00860400529527,961.2527344772025,564.2667339602103,1158.1107223508102,3325.5326946179694,0.016091630377224445,0.06403854314183756,17.354868380743728,-288.851,176.87016,13.12037,14.389088,0.849403,-57.137547,-29.79864,14.699832,-17.360317,-26.601803,-13.941567,-8.483202,-3.607904
659,10.983333333333333,0.21783072,257.34538508425356,988.746444724844,583.6322922437263,1090.5190141521327,3335.3987383454996,0.016091630377224445,0.06403854314183756,17.354868380743728,-278.33154,183.11017,5.761733,8.90303,-5.17583,-62.849365,-31.437624,12.085318,-23.169779,-28.887323,-13.239423,-10.218296,-4.0668364
660,11.0,0.21655,261.04788613996715,1038.8354685254137,608.3296887594973,1017.9089683810877,3357.6754161819135,0.016091630377224445,0.06403854314183756,17.354868380743728,-283.41077,173.34283,5.0887866,20.372654,1.2543142,-63.24786,-29.895363,19.124954,-20.69518,-27.21849,-7.8958635,-10.5934105,-0.8687704
661,11.016666666666667,0.22005399,262.2070302112426,1081.6924706515713,596.153571317541,949.6445278832743,3381.274906451463,0.016091630377224445,0.06403854314183756,17.354868380743728,-276.50092,175.35095,0.66294014,16.405304,-5.1975203,-72.258865,-29.445724,20.135635,-19.770504,-25.326427,-8.688505,-11.908112,-2.8466682
662,11.033333333333333,0.21643212,262.92335928912337,1082.5576451642523,603.8618716639745,882.3828075653475,3393.3668178115313,0.016091630377224445,0.06403854314183756,17.354868380743728,-289.1304,163.57704,2.6828823,24.432247,1.2427473,-68.31353,-30.862993,18.912376,-18.734106,-24.473297,-9.292794,-13.922781,-0.30406144
663,11.05,0.21620354,265.25704286803824,1063.980101413752,606.1209152870952,857.1417506317533,3397.1625217595633,0.016091630377224445,0.06403854314183756,17.354868380743728,-278.1316,176.75444,6.051011,16.689322,-4.265968,-67.08896,-27.026928,17.817913,-19.786427,-23.881927,-7.0301285,-13.019762,-2.9954329
664,11.066666666666666,0.21400176,267.5321957781235,1040.1680259978039,578.3924776793492,891.7193143040402,3370.8160251540103,0.016091630377224445,0.06403854314183756,17.354868380743728,-262.11218,194.50276,9.446881,15.329512,-4.3782763,-68.22532,-28.959581,12.274173,-22.018417,-26.130915,-7.9916635,-15.38807,-8.314656
665,11.083333333333334,0.21179341,267.61892722857596,1065.880041088405,564.2193188646763,923.978931356549,3315.4065019358286,0.016091630377224445,0.06403854314183756,17.354868380743728,-271.8773,184.06546,1.2903912,14.174935,-1.597719,-66.450836,-24.235313,17.605434,-18.734787,-24.731771,-10.057888,-14.205152,-8.82348
666,11.1,0.21501018,268.85953695865487,1070.675811817439,561.2462323560383,908.0908754943516,3277.484936020127,0.016091630377224445,0.06403854314183756,17.354868380743728,-268.96356,185.22266,3.6532278,16.590523,-0.59993565,-70.5804,-31.186243,9.771449,-22.663782,-24.946138,-10.809814,-15.379074,-9.083681
667,11.116666666666667,0.20973398,270.7659125617218,1027.7567870055138,573.1205284639959,945.7885791236283,3267.7388563908385,0.016091630377224445,0.06403854314183756,17.354868380743728,-258.62772,197.11278,4.260066,11.381121,-1.7289984,-63.936455,-29.993908,10.650328,-20.90234,-27.01021,-14.27711,-17.98644,-8.915621
668,11.133333333333333,0.2155149,270.3884343615108,1144.0411543528235,582.3769598475192,1004.4166650678591,3237.935217057889,0.016091630377224445,0.06403854314183756,17.354868380743728,-261.81686,185.42398,-9.54037,8.215183,-0.0609169,-60.955215,-23.054981,17.867916,-19.770481,-26.397741,-12.945032,-13.765327,-2.5912304
669,11.15,0.21116611,269.4026012986773,1063.514541854483,587.7605405818101,1129.9551130805762,3209.6033388313476,0.016091630377224445,0.06403854314183756,17.354868380743728,-273.40097,178.2886,-4.92408,10.014927,7.2284966,-52.960125,-27.933556,9.889944,-20.419296,-23.57703,-12.687366,-10.3994255,1.579802
670,11.166666666666666,0.21454953,269.3221850110784,1126.7637788650961,588.1023066590905,1220.4355162645022,3159.986658944403,0.016091630377224445,0.06403854314183756,17.354868380743728,-258.9018,187.12863,-9.946062,-3.073718,5.6406283,-46.77986,-28.324764,7.923711,-19.593864,-25.704987,-11.074812,-7.935565,4.8741837
671,11.183333333333334,0.20533603,270.2198879450675,1133.2337332337959,583.0722320172525,1347.9359505364232,3089.6276456933547,0.016091630377224445,0.06403854314183756,17.354868380743728,-257.44675,185.61081,-11.160109,1.9641272,13.320379,-39.515682,-27.441343,2.1382666,-25.35038,-20.822437,-7.1191454,-5.365703,7.021738
672,11.2,0.20234942,271.14605081146124,1187.3479995361986,565.5881266059582,1636.1747249499422,3040.482134516792,0.016091630377224445,0.06403854314183756,17.354868380743728,-256.59818,182.33873,-23.074537,1.1414995,27.641617,-29.597885,-28.789963,-7.204618,-30.161371,-18.992168,-7.649043,-5.915283,3.4799638
673,11.216666666666667,0.19626547,271.52835559567256,1218.2226431710644,535.9856391329428,1793.3909246529956,3001.2500674784446,0.016091630377224445,0.06403854314183756,17.354868380743728,-266.15268,171.05151,-32.370636,8.582129,43.21396,-18.416424,-34.43322,-18.50143,-32.29483,-16.09133,-2.3060195,-10.001546,0.20816195
674,11.233333333333333,0.18829186,272.54002405704256,1174.2064970455642,506.51418811019624,1943.0669624640736,3031.060818805934,0.016091630377224445,0.06403854314183756,17.354868380743728,-273.99445,168.38373,-27.729645,7.774905,49.84104,-8.435722,-37.02201,-24.558708,-31.947193,-15.933,-0.4496448,-8.396192,0.35870802
675,11.25,0.14307676,271.5365952116862,1107.629896257094,474.43641882051355,2013.722777077425,3048.4478864074495,0.016091630377224445,0.06403854314183756,17.354868380743728,-284.44888,167.84898,-14.116497,23.170174,53.0997,-10.367553,-30.642134,-16.135656,-25.130238,-9.839552,1.478713,-14.918587,-9.002599
676,11.266666666666667,0.0822775,268.3220126062642,3004.389062485327,580.9297578413046,2116.723264812982,3085.0735838862142,0.016091630377224445,0.06403854314183756,17.354868380743728,-269.31894,130.57492,-66.138016,40.59726,69.368256,-24.369932,-25.025612,0.8570268,-26.68412,1.7475531,12.389751,-15.341173,1.0299002
677,11.283333333333333,0.061828073,0.0,3839.4484596978673,1360.5446641322255,2666.3257439059307,3514.1969350096815,0.016091630377224445,0.06403854314183756,17.354868380743728,-240.3496,100.57654,-77.65929,55.809372,67.95706,-16.807037,-13.848456,32.810333,-15.28182,14.980719,16.40364,-13.379053,13.025364
678,11.3,0.077813834,0.0,3500.3612986536273,2157.369827007108,3229.8623018331245,3966.9321346308075,0.016091630377224445,0.06403854314183756,17.354868380743728,-229.81784,99.42904,-66.31807,72.02619,74.94539,-11.2871895,-4.098275,42.824913,-9.548817,20.396454,23.783035,-0.1699788,14.625584
679,11.316666666666666,0.08941297,0.0,3315.5505615708626,2080.7396475985374,3182.7931803155757,3920.8857841563045,0.016091630377224445,0.06403854314183756,17.354868380743728,-234.42351,102.118004,-56.934616,78.63225,78.67796,-6.2398834,4.563922,42.68566,-14.075136,16.47418,24.142673,-2.903278,6.072028
680,11.333333333333334,0.07891558,0.0,3561.332829039857,1962.5934940606821,3141.8107050656936,3888.8023951898376,0.016091630377224445,0.06403854314183756,17.354868380743728,-240.99396,102.504036,-49.210945,79.14992,73.86179,-18.327381,-0.18297178,39.036354,-20.410316,13.506437,19.246405,-3.469109,3.7899225
681,11.35,0.065113395,0.0,3820.9983767358635,1902.285640961043,3172.8266187530567,3908.5971619452384,0.016091630377224445,0.06403854314183756,17.354868380743728,-242.93732,100.23841,-51.23631,76.31914,65.93811,-26.06879,-3.3679328,42.365433,-21.882385,14.155649,17.747332,-0.23295021,5.677143
682,11.366666666666667,0.061932683,0.0,3762.4378144718985,1986.041612823833,3268.196335396811,4045.8257758074533,0.016091630377224445,0.06403854314183756,17.354868380743728,-249.3553,108.84242,-51.441177,72.86694,64.00053,-28.574158,2.8828754,41.470646,-23.780996,11.456219,15.7521715,-4.008555,4.171191
683,11.383333333333333,0.06325386,0.0,2820.749147396961,1253.0550710098787,2712.7138429695374,3712.063442050732,0.016091630377224445,0.06403854314183756,17.354868380743728,-264.16412,136.24474,-29.936132,74.67559,65.69991,-24.615429,17.46167,43.010857,-23.478966,3.4873204,13.9649315,-7.6118207,3.736423
684,11.4,0.054460254,0.0,1632.847118257846,216.74807506409513,1850.6073264887336,3203.5853834550812,0.016091630377224445,0.06403854314183756,17.354868380743728,-313.43228,140.62091,-1.5664376,67.35802,68.103546,-9.033068,14.27367,25.368858,-19.539356,-1.4142709,26.560148,8.295419,2.4214697
685,11.416666666666666,0.082537,0.0,1344.430942297135,326.15914744585564,1643.727882952553,3328.8747424730436,0.016091630377224445,0.06403854314183756,17.354868380743728,-348.1898,138.8888,29.644543,55.80761,48.22194,-7.643015,5.0400395,17.930485,-13.535301,-10.191967,13.783262,14.178931,6.799788
686,11.433333333333334,0.16671404,135.3535124450789,913.8877681777833,436.24371258140445,1444.2045979271022,3349.00386544228,0.016091630377224445,0.06403854314183756,17.354868380743728,-249.70584,213.98616,18.018414,23.835684,25.582918,-31.963966,-15.329482,4.8413267,-28.810337,-22.451542,-1.8969557,4.0320387,6.2082763
687,11.45,0.21539229,133.18915702314274,1103.904766011004,528.0070002068136,1365.810384922499,3236.5808665807913,0.016091630377224445,0.06403854314183756,17.354868380743728,-211.76053,221.12952,-3.966801,17.911415,27.084007,-39.305786,-14.997862,16.091534,-32.33116,-21.161963,-7.1050196,1.9079994,9.370922
688,11.466666666666667,0.2292743,132.59372003981073,1132.1462110646157,540.8782617871843,1234.626822679599,3250.859010203303,0.016091630377224445,0.06403854314183756,17.354868380743728,-215.83186,215.64235,-2.3106124,16.342047,18.47708,-45.417534,-17.60811,16.557514,-30.472504,-17.241386,-13.078889,-4.1293483,10.839121
689,11.483333333333333,0.21864103,132.33961934139964,1127.6799357607244,548.2826592344549,1130.30033176917,3241.0607124561316,0.016091630377224445,0.06403854314183756,17.354868380743728,-222.73349,212.83783,-3.4597845,11.98982,13.323807,-52.21839,-26.38758,13.151707,-27.839214,-22.710281,-17.721764,-7.589862,4.820015
690,11.5,0.2112164,130.96384319868062,1102.361635647273,550.3423236497175,1045.5947171789135,3245.938794390702,0.016091630377224445,0.06403854314183756,17.354868380743728,-246.6925,199.45328,0.29301572,10.6505165,9.947497,-52.165215,-29.075308,14.816547,-21.87491,-23.595654,-17.633995,-4.8669705,10.333311
691,11.516666666666667,0.20716408,130.52079086999595,1028.6279627853564,555.1452746712114,988.4883663855724,3231.4862606054376,0.016091630377224445,0.06403854314183756,17.354868380743728,-274.0445,182.63927,1.0601432,9.606637,3.8325396,-53.7815,-26.503944,15.307766,-16.277287,-21.824263,-15.0955,-7.1572037,3.576881
692,11.533333333333333,0.20856065,130.8937660444671,1010.5066049522862,547.7291136490159,920.1644686708256,3221.4579588175025,0.016091630377224445,0.06403854314183756,17.354868380743728,-274.90347,184.1607,5.4566236,15.942033,5.0889883,-54.933327,-26.086405,15.214706,-17.472797,-22.602488,-12.945705,-9.162467,3.760129
693,11.55,0.21366741,130.15854185504065,996.2463285764169,535.2774216219748,909.6503321632753,3272.373136312259,0.016091630377224445,0.06403854314183756,17.354868380743728,-259.28064,197.2197,6.5678835,11.669016,0.2146908,-55.651302,-26.611866,16.16435,-15.3587265,-19.747368,-10.974007,-11.090408,3.637781
694,11.566666666666666,0.21589272,128.6754067648573,928.072927122117,527.63980220051,903.8533012555932,3289.6090760014877,0.016091630377224445,0.06403854314183756,17.354868380743728,-279.41354,187.82617,12.653639,13.087727,-3.4229546,-58.80275,-27.515232,13.266177,-10.642357,-16.767622,-12.100031,-10.697779,0.93693095
695,11.583333333333334,0.21111988,128.80236284256083,926.2483487351672,522.3778259629628,886.3604340893755,3254.120426499749,0.016091630377224445,0.06403854314183756,17.354868380743728,-293.53943,175.91692,13.450231,13.77837,-1.3411553,-59.212425,-30.866486,12.45912,-8.38745,-16.304998,-11.080481,-6.898685,-0.09270692
696,11.6,0.20807892,129.2034389804758,924.2975785674619,523.0395802452449,883.0286639847535,3255.765330559045,0.016091630377224445,0.06403854314183756,17.354868380743728,-293.16348,178.06833,11.304949,9.277885,-2.559339,-58.95675,-26.371239,14.294163,-8.0523405,-18.498388,-10.314024,-7.075868,-2.1899488
697,11.616666666666667,0.20254727,128.75208198315786,897.893017425197,514.3648513359616,882.2873073825112,3293.7302334948413,0.016091630377224445,0.06403854314183756,17.354868380743728,-305.9297,168.3156,13.326764,8.627923,-6.3014293,-62.18496,-30.40898,9.297275,-8.686685,-17.38052,-11.942917,-9.947558,-6.9006147
698,11.633333333333333,0.20342271,128.35102866883153,808.5625390926858,498.73474895340814,900.6918776396219,3305.528111424312,0.016091630377224445,0.06403854314183756,17.354868380743728,-295.62888,193.39746,34.38479,8.819323,-12.433338,-58.22225,-30.42684,7.381632,-7.2512574,-18.974337,-16.201399,-11.119611,-7.886111
699,11.65,0.19870855,128.9292189244818,760.0187084979615,484.1956673511585,904.7002792787969,3267.0572462518912,0.016091630377224445,0.06403854314183756,17.354868380743728,-276.7201,213.21848,45.004913,19.779596,-8.823745,-62.475994,-32.19644,9.288725,-7.513565,-17.4678,-9.201405,-5.2856092,-5.873843
700,11.666666666666666,0.1933502,130.32399512255287,762.1011990143119,474.52807128276606,889.2025524211165,3267.4942120095566,0.016091630377224445,0.06403854314183756,17.354868380743728,-288.24054,204.00763,46.087746,25.21445,-4.7150645,-61.521988,-33.148235,9.878376,-4.3194456,-15.424556,-7.399295,-3.568337,-4.4358616
701,11.683333333333334,0.17547329,132.30820916788986,708.6164824947336,504.9392555216185,921.8338538004562,3308.171607534155,0.016091630377224445,0.06403854314183756,17.354868380743728,-313.74268,196.08243,59.68206,15.074027,-20.30524,-58.97827,-31.366245,7.6419277,-1.4020531,-15.424961,-11.475224,-7.712586,-11.605507
702,11.7,0.14775905,132.3224611860892,655.3272200633345,527.2957788136325,952.0668947794231,3314.070261043626,0.016091630377224445,0.06403854314183756,17.354868380743728,-362.60953,167.50984,77.32782,21.68052,-24.139637,-52.852196,-32.292076,-1.6271789,-0.9256916,-10.985429,-12.57439,-10.215544,-14.143986
703,11.716666666666667,0.09789735,128.80829153902155,676.359595732911,432.600267386797,950.680026839139,3278.349626716323,0.016091630377224445,0.06403854314183756,17.354868380743728,-386.0876,151.43942,83.2487,29.271336,-16.623806,-43.471245,-30.025623,-4.0630617,0.8647344,-7.0864525,-11.390425,-11.793972,-13.123186
704,11.733333333333333,0.03907801,126.18115236790342,886.284464608573,354.08914687511685,979.048954053487,3233.8255612226694,0.016091630377224445,0.06403854314183756,17.354868380743728,-414.32684,119.627594,66.80119,25.92041,-8.654291,-30.488274,-21.713657,-0.10374117,6.104163,-2.7528803,-11.822971,-14.339096,-15.657518
705,11.75,0.010769255,0.0,1347.9506559957938,408.0390362569546,1000.2869720405521,3220.6744577090885,0.016091630377224445,0.06403854314183756,17.354868380743728,-441.95883,89.45813,52.625782,25.96647,4.395111,-14.908514,-13.550325,5.887789,12.936211,0.86915714,-7.1431437,-6.074048,-10.487237
706,11.766666666666667,0.0037783768,0.0,1729.8613322644392,477.51284506807235,1034.1367162443735,3261.5601949034776,0.016091630377224445,0.06403854314183756,17.354868380743728,-462.97342,64.626495,38.610023,21.586317,5.1681843,-12.740454,-13.3252945,1.8501863,7.403056,0.6027187,-0.039514817,3.149692,-3.5596554
707,11.783333333333333,0.0017200772,0.0,2092.9660664932826,528.5730661708783,1065.2433500680027,3273.912624154241,0.016091630377224445,0.06403854314183756,17.354868380743728,-471.0329,53.59501,29.600815,17.287766,6.4471865,-8.356163,-8.266552,7.361532,11.706022,0.03151089,-4.878297,-0.8645704,-5.2008457
708,11.8,0.0012880767,0.0,2020.4245146243884,533.4938400943375,1051.829375012267,3212.4365429653994,0.016091630377224445,0.06403854314183756,17.354868380743728,-476.87006,47.13021,25.933876,14.864525,5.0040555,-9.235627,-11.175524,1.9116117,7.0866027,-2.112887,-6.1885824,-1.169032,-3.1497984
709,11.816666666666666,0.001026731,0.0,1964.055464816759,419.0150286827104,1026.9854086498406,3172.269801506445,0.016091630377224445,0.06403854314183756,17.354868380743728,-485.38254,38.89485,23.361607,14.10677,6.477764,-2.9952798,-4.1977606,4.1809187,6.715099,-1.7429953,-8.1854315,-7.756202,-9.266964
710,11.833333333333334,0.00073026144,0.0,2338.6706721810974,322.4654580763384,970.7670232904198,3147.9168424209092,0.016091630377224445,0.06403854314183756,17.354868380743728,-499.20944,24.474602,17.18084,11.46866,6.85153,2.7539477,2.528957,6.3588653,8.459109,6.068983,3.0492446,1.6024299,-0.5555049
711,11.85,0.0005029923,0.0,2295.9885835190344,295.08463549672103,962.8928629227615,3141.600798368255,0.016091630377224445,0.06403854314183756,17.354868380743728,-500.98712,23.856878,19.180248,13.515541,8.433385,4.992709,3.6679783,3.8401775,4.0375533,3.2388668,1.5138181,-0.6452545,-2.7910924
712,11.866666666666667,0.0007257295,0.0,2012.516399221513,494.3426861049031,1908.8038322838443,3647.7770099350155,0.016091630377224445,0.06403854314183756,17.354868380743728,-502.43738,22.787636,20.434128,17.269638,14.075766,11.428362,9.516455,8.17177,7.064395,5.936419,4.740478,3.622261,2.7843952
713,11.883333333333333,0.00076590443,0.0,2021.4855781340098,867.6614017002021,2555.0377507868807,3843.262489016572,0.016091630377224445,0.06403854314183756,17.354868380743728,-505.01846,19.790195,19.148136,18.130745,16.81018,15.274744,13.618644,11.931702,10.290625,8.752948,7.3541327,6.108224,5.011204
714,11.9,0.0006365777,0.0,2370.998706874931,691.6561668464362,1868.5330561814867,3188.2580233128515,0.016091630377224445,0.06403854314183756,17.354868380743728,-506.81458,17.276787,16.706867,15.784903,14.550907,13.057297,11.365765,9.54355,7.6596355,5.781034,3.9694753,2.2786596,0.75229245
715,11.916666666666666,0.00058170134,0.0,2372.886600659809,604.0232028455504,2246.552359914541,3152.732672697626,0.016091630377224445,0.06403854314183756,17.354868380743728,-508.27356,15.259033,14.822031,14.109961,13.146528,11.963548,10.599623,9.098591,7.507759,5.8759937,4.2518024,2.6814423,1.2071763
716,11.933333333333334,0.0006173069,0.0,2242.060907050043,504.781280405972,1887.9576896195435,3025.938923392799,0.016091630377224445,0.06403854314183756,17.354868380743728,-505.76437,18.667162,17.824331,16.4851,14.740739,12.705996,10.507856,8.273553,6.119105,4.139643,2.40268,0.94474816,-0.22812296
717,11.95,0.00061003113,0.0,2341.600719767631,285.7999029426018,1202.8372458055649,2912.9790207691626,0.016091630377224445,0.06403854314183756,17.354868380743728,-506.70255,17.263615,16.205217,14.553482,12.462068,10.118628,7.721921,5.458107,3.4793954,1.8878615,0.72641075,-0.022027187,-0.4273281
718,11.966666666666667,0.0005539623,0.0,2408.097440126034,298.4893591230321,1268.841296028865,2839.351451879226,0.016091630377224445,0.06403854314183756,17.354868380743728,-507.69373,16.031797,15.45994,14.544687,13.339115,11.910612,10.33485,8.689289,7.046855,5.470443,4.0088663,2.6944785,1.5427756
719,11.983333333333333,0.00041287873,0.0,2701.9869928801772,257.00773137578165,847.0964107376747,2721.065795614049,0.016091630377224445,0.06403854314183756,17.354868380743728,-509.04733,14.149597,13.668419,12.88615,11.831409,10.542389,9.065212,7.4518185,5.7577066,4.0395727,2.3528485,0.74950653,-0.7240056
720,12.0,0.00038931303,0.0,3173.309969617064,186.3445967237328,689.3690141485947,2745.3287180748707,0.016091630377224445,0.06403854314183756,17.354868380743728,-511.31082,10.9879055,10.62438,10.037345,9.253571,8.307682,7.2396593,6.092025,4.907056,3.724139,2.5777187,1.4957039,0.49872103
721,12.016666666666667,0.00040671375,0.0,3306.777575386267,431.34116169040306,1856.0184594622733,3054.614380657552,0.016091630377224445,0.06403854314183756,17.354868380743728,-511.44733,10.783554,10.386561,9.745134,8.888137,7.853144,6.6839223,5.4276123,4.131837,2.8419943,1.5989306,0.43718696,-0.6161049
722,12.033333333333333,0.00049174106,0.0,2557.155697533853,538.291432554419,2815.034480946905,3185.2801509862443,0.016091630377224445,0.06403854314183756,17.354868380743728,-507.65674,16.098816,15.570414,14.725456,13.614246,12.300995,10.85836,9.361444,7.881794,6.481976,5.2113347,4.103129,3.173434
723,12.05,0.00055039336,0.0,2695.1267617957446,405.2636446747177,2761.385182117895,3596.568632378256,0.016091630377224445,0.06403854314183756,17.354868380743728,-506.5204,17.588036,16.717514,15.339075,13.553894,11.489481,9.287424,7.0899963,5.027088,3.2047973,1.6969706,0.5402932,-0.26641846
724,12.066666666666666,0.00052966404,0.0,2583.1594772173894,396.76181006188756,2550.5218507426925,4090.8167327669003,0.016091630377224445,0.06403854314183756,17.354868380743728,-506.14383,18.102959,17.18113,15.722086,13.833943,11.653067,9.331095,7.020627,4.8612494,2.967322,1.4185396,0.2546181,-0.5259166
725,12.083333333333334,0.00056345057,0.0,2712.745094449875,318.0595290624273,2364.276963491825,3829.574720234202,0.016091630377224445,0.06403854314183756,17.354868380743728,-506.41336,17.724571,16.809162,15.35434,13.459566,11.251034,8.870365,6.4620495,4.1611285,2.0821767,0.31079388,-1.1017439,-2.1401544
726,12.1,0.0005286923,0.0,2998.17900273769,284.7399314644079,2417.738551860996,3963.0495277472833,0.016091630377224445,0.06403854314183756,17.354868380743728,-508.35272,15.10754,14.555652,13.663894,12.472413,11.033651,9.409032,7.665122,5.869701,4.0879507,2.3791523,0.79398763,-0.62728703
727,12.116666666666667,0.00054362783,0.0,3116.8874616234416,398.9306071035435,2348.910739205443,3603.325279174064,0.016091630377224445,0.06403854314183756,17.354868380743728,-509.45425,13.5954075,13.176649,12.494508,11.571936,10.439632,9.134708,7.6990995,6.17778,4.616865,3.0618615,1.5558023,0.137713
728,12.133333333333333,0.0005827179,0.0,2849.545546066649,446.0162504155951,2029.575755936689,3339.6800351630695,0.016091630377224445,0.06403854314183756,17.354868380743728,-507.59415,16.174091,15.603056,14.677713,13.436033,11.928119,10.213425,8.357506,6.428562,4.4940314,2.6172876,0.85491747,-0.7455575
729,12.15,0.0005468581,0.0,3151.7510549086114,324.9860971212104,1406.9321854369562,2861.749077668454,0.016091630377224445,0.06403854314183756,17.354868380743728,-509.0847,14.083071,13.563073,12.723671,11.603603,10.2530155,8.729873,7.095947,5.41282,3.7382274,2.1230192,0.60908574,-0.77173483
730,12.166666666666666,0.00051769364,0.0,3423.014378638508,452.3379820928539,1537.926399091422,2648.977538832045,0.016091630377224445,0.06403854314183756,17.354868380743728,-509.12308,13.88826,12.967175,11.524647,9.688286,7.6155744,5.4759855,3.4322286,1.6228778,0.14866424,-0.93630767,-1.6269727,-1.9638112
731,12.183333333333334,0.0013382216,0.0,2962.7296155122426,449.6967576775199,1924.702143623117,2668.426324420041,0.016091630377224445,0.06403854314183756,17.354868380743728,-504.88318,19.764183,18.498508,16.532764,14.061739,11.320055,8.551276,5.977286,3.772267,2.0450935,0.8319812,0.100106776,-0.2394913
732,12.2,0.004717781,0.0,1976.659476175371,421.4062856245222,1882.1351973980218,2787.8903256747885,0.016091630377224445,0.06403854314183756,17.354868380743728,-444.68527,70.83414,32.72534,35.53734,28.527002,13.62388,13.100163,-0.75540435,-14.374128,-5.160484,-7.0083866,-12.464781,9.083226
733,12.216666666666667,0.053647045,0.0,1035.1390496252186,385.33657955321655,1948.3190842575161,2886.73771210704,0.016091630377224445,0.06403854314183756,17.354868380743728,-400.5884,117.6112,43.79393,33.08165,45.910484,25.957022,-5.3750505,-14.5004635,-8.285351,-6.3855495,-7.5277863,1.1484976,8.286985
734,12.233333333333333,0.09149023,246.35677648685288,775.52076102447,399.89074343723524,2226.836058262994,2968.953310577617,0.016091630377224445,0.06403854314183756,17.354868380743728,-320.6674,183.66406,33.24507,10.217018,53.834473,23.876385,-45.20529,-47.558838,-6.1916785,-0.8299293,-19.804193,-15.734703,-5.514944
735,12.25,0.11588154,241.5521081822954,899.7088670443355,450.83824247013644,2192.8665387837327,3014.8535870829323,0.016091630377224445,0.06403854314183756,17.354868380743728,-315.6311,172.65536,19.950977,20.301048,62.31594,13.758558,-41.22719,-36.192318,-8.21054,-3.557368,-13.25577,-15.905687,-12.003323
736,12.266666666666667,0.12587738,246.0777313327809,989.0993212664141,465.6607128098052,2297.09762843585,3114.1168345654673,0.016091630377224445,0.06403854314183756,17.354868380743728,-323.2957,159.14929,14.556476,20.972721,57.021736,-2.256795,-48.054413,-32.060375,-9.857711,-11.7792015,-13.91246,-13.9430275,-11.737869
737,12.283333333333333,0.16041337,245.06203705775712,1134.923429464337,475.6534007404365,2468.466991954907,3124.0555882541785,0.016091630377224445,0.06403854314183756,17.354868380743728,-293.80072,173.67139,10.379962,22.296629,70.12056,-3.6583743,-60.670616,-30.529076,-0.5576415,-12.977758,-18.097332,-18.916363,-11.459591
738,12.3,0.18305457,238.99391993762552,1191.4800603117985,469.1473354373401,2543.7998380457993,3145.0989936136775,0.016091630377224445,0.06403854314183756,17.354868380743728,-285.854,166.88403,9.210726,36.574577,70.15266,-12.27236,-63.363197,-20.82545,-5.872423,-14.660127,-11.666075,-28.993082,-9.876129
739,12.316666666666666,0.1849504,236.77148769842768,1214.3295784809998,466.7306399302177,2590.033475874404,3154.2946437789556,0.016091630377224445,0.06403854314183756,17.354868380743728,-308.88007,142.94841,-1.762511,45.212395,71.81891,-15.019972,-59.350098,-12.156737,-4.258582,-13.256395,-16.629913,-31.016853,-8.464035
740,12.333333333333334,0.17786413,237.6302105024035,1155.6741468584157,469.02944097685116,2636.5135613180123,3198.613946205592,0.016091630377224445,0.06403854314183756,17.354868380743728,-306.1306,146.665,3.6545844,50.870544,68.74945,-19.57096,-54.477173,-16.03708,-13.919201,-12.308856,-20.223549,-29.469633,-9.790241
741,12.35,0.17010725,240.49282206418908,1239.948807043172,473.71615959097113,2674.9637211505733,3264.4229870045087,0.016091630377224445,0.06403854314183756,17.354868380743728,-291.00275,152.32214,1.1229776,54.01538,61.219215,-27.351105,-49.775986,-12.413198,-19.708399,-9.188826,-14.614904,-31.35793,-2.9579716
742,12.366666666666667,0.16561198,243.84698562230685,1199.8757851320836,479.28653920068155,2685.672281949841,3282.8978300133576,0.016091630377224445,0.06403854314183756,17.354868380743728,-291.87744,155.21521,14.294355,64.503624,65.57879,-31.243694,-49.633415,-13.779696,-20.038155,-4.5469446,-12.773153,-29.250032,-1.1107999
743,12.383333333333333,0.14935815,245.16549570781694,1228.9634192578335,481.3701252340452,2674.6155717075253,3321.2711767349156,0.016091630377224445,0.06403854314183756,17.354868380743728,-296.43616,154.3681,21.051693,69.11354,64.47223,-35.279243,-42.310516,-6.6555033,-14.355566,-4.0345297,-15.561995,-27.772652,0.26448613
744,12.4,0.107388444,243.55526911771426,1389.5859596252387,480.7394670228687,2576.9964700818905,3351.979558521657,0.016091630377224445,0.06403854314183756,17.354868380743728,-322.56848,133.58267,8.161703,62.12374,60.968132,-21.35592,-22.53395,-1.5939319,-13.087168,2.2247665,-12.771471,-24.800842,1.6003326
745,12.416666666666666,0.05259345,242.16470159044144,3006.422472437476,487.67817705073816,2440.1788012229244,3299.711662485862,0.016091630377224445,0.06403854314183756,17.354868380743728,-297.91205,128.4512,-25.848656,60.364204,45.338577,-17.662937,17.095903,7.4935203,-12.818617,17.274616,-7.3215895,-27.68433,11.199096
746,12.433333333333334,0.03771894,0.0,3457.4794531049192,373.1554055091885,2395.532301834086,3308.601842347556,0.016091630377224445,0.06403854314183756,17.354868380743728,-273.44452,115.83466,-25.209461,75.026436,41.49134,-11.35013,12.910402,4.2448435,-7.9567995,33.67407,5.221536,-22.516273,17.201267
747,12.45,0.043163933,0.0,3863.1119944673683,1120.2848819947494,2813.213425934031,3919.306500353117,0.016091630377224445,0.06403854314183756,17.354868380743728,-271.50626,100.46899,-31.292507,72.2448,33.75842,-8.122059,25.16877,18.379566,-5.86985,40.528973,7.0596848,-25.968071,15.2592125
748,12.466666666666667,0.039635275,0.0,3923.5340554571617,1573.2333393001204,2928.1126536006736,4051.670161164495,0.016091630377224445,0.06403854314183756,17.354868380743728,-257.07547,103.264725,-21.733467,76.13316,29.466164,-5.5230784,16.548317,10.882732,-16.03898,30.976362,3.2781,-23.853077,15.0876465
749,12.483333333333333,0.03544816,0.0,4070.4590915254294,339.279749497283,2343.8666292559124,3278.189894398123,0.016091630377224445,0.06403854314183756,17.354868380743728,-274.057,100.02733,-16.723667,76.29605,24.428808,-7.205372,12.220936,0.5407343,-23.323147,27.81897,9.153517,-22.298286,16.672415
750,12.5,0.030243672,0.0,3846.2863983422603,282.2988060381689,2399.1973467387884,3400.2979306130023,0.016091630377224445,0.06403854314183756,17.354868380743728,-300.583,84.890045,-15.760944,87.93677,36.741898,-0.82977116,17.95428,5.6006956,-10.033342,33.680664,10.266705,-18.662441,23.723526
751,12.516666666666667,0.021565853,0.0,4301.470044246811,849.0579390840969,2438.4802334743495,3321.640614361026,0.016091630377224445,0.06403854314183756,17.354868380743728,-348.91776,76.93115,-25.743042,65.734825,36.269257,-5.421212,18.755283,0.4087047,-6.984033,29.519436,9.278721,-19.636463,17.063198
752,12.533333333333333,0.011576388,0.0,3800.6531323733157,1265.2286826539403,2553.5429531172895,3335.705822185266,0.016091630377224445,0.06403854314183756,17.354868380743728,-364.5984,76.5274,-30.609638,54.886223,46.508106,-5.566903,15.755508,2.2818036,0.5796714,30.79233,-2.2042022,-17.065207,20.61259
753,12.55,0.011613713,0.0,3637.433491617231,930.789897659843,2595.395098868466,3298.346962225668,0.016091630377224445,0.06403854314183756,17.354868380743728,-362.03098,80.884964,-27.78951,59.859035,51.735916,-12.882362,5.9561267,1.4710324,0.50136733,30.38843,-2.2693415,-20.547054,18.897123
754,12.566666666666666,0.009032779,0.0,3848.7484863426744,691.2996398533293,2661.632159842744,3337.8975007632216,0.016091630377224445,0.06403854314183756,17.354868380743728,-371.4679,77.62173,-26.830475,54.933685,46.405373,-25.88113,-1.5500052,10.992001,0.15526766,21.858875,1.0552429,-16.645695,22.279272
755,12.583333333333334,0.055501934,0.0,2603.1540483164454,450.14445634294117,2718.953719384287,3347.421461876085,0.016091630377224445,0.06403854314183756,17.354868380743728,-380.61707,86.818146,-4.1494446,68.29692,67.354126,-17.396118,-14.017729,14.767321,2.5113401,1.4775479,-7.0331755,-18.934933,3.3617487
756,12.6,0.130279,241.04540700908547,1138.0145170998223,357.9702476683119,2676.3289744135195,3236.0321227462655,0.016091630377224445,0.06403854314183756,17.354868380743728,-310.05048,153.29073,12.482977,69.81436,72.60405,-28.594547,-47.507748,-17.391897,-16.398767,-4.585729,-10.951334,-26.531368,-6.870246
757,12.616666666666667,0.19355538,232.1990949835125,1363.7636542070177,451.50526459761437,2477.9211492928816,3104.648344404928,0.016091630377224445,0.06403854314183756,17.354868380743728,-283.06726,148.00076,-14.0907,53.995186,80.7166,-15.891924,-40.238197,-16.487537,-23.038433,1.8769631,-5.0690136,-30.265152,-8.881586
758,12.633333333333333,0.22818354,228.35798143624223,1278.5430933197279,446.2009606635763,2163.9539600307376,3062.7668523056236,0.016091630377224445,0.06403854314183756,17.354868380743728,-275.7141,151.70538,-15.919046,30.675045,64.078705,-14.575475,-37.049545,-19.07254,-35.87773,-5.042847,-2.8892133,-27.607761,-13.78977
759,12.65,0.23419833,226.6677508587626,1209.2624599721416,442.0502274221171,1837.5769418656791,3007.5912622078945,0.016091630377224445,0.06403854314183756,17.354868380743728,-264.39117,167.39828,-7.057164,20.6683,47.92841,-14.696361,-23.032337,-9.871351,-42.55957,-12.851793,0.6137369,-14.908487,-3.8342152
760,12.666666666666666,0.22183122,225.67288359990704,1146.59987145315,436.59792090708874,1591.7715047769752,2995.3098102667122,0.016091630377224445,0.06403854314183756,17.354868380743728,-268.79626,170.8359,0.10500341,14.67999,32.21962,-16.86719,-12.99175,5.644228,-35.75289,-20.047733,-2.356357,-14.224577,6.92667
761,12.683333333333334,0.20873424,225.2240493999598,1081.0459781024113,435.76111583669234,1340.9657329954234,3006.503541162584,0.016091630377224445,0.06403854314183756,17.354868380743728,-281.23044,168.93353,9.635012,21.38247,27.935986,-17.48595,-12.376791,10.27354,-32.23322,-22.480042,-6.327386,-18.78163,9.691795
762,12.7,0.20036876,223.5266557254529,1093.9775386095016,434.2742714935309,1174.2918552597741,3036.25621152016,0.016091630377224445,0.06403854314183756,17.354868380743728,-291.6111,163.9534,19.95727,28.14668,18.659111,-30.578264,-15.612342,14.547901,-26.03995,-22.124859,-9.412815,-21.581738,12.043151
763,12.716666666666667,0.19779976,221.74329564232022,1023.2259041987652,435.0780543690222,1101.6227059735793,3042.3469997575635,0.016091630377224445,0.06403854314183756,17.354868380743728,-291.9263,168.10146,18.886662,21.696898,13.554377,-38.879753,-20.357302,11.40671,-22.87441,-21.111546,-12.0559845,-22.10866,3.9443877
764,12.733333333333333,0.1895574,174.65297335908585,989.6242130751793,432.8589428906234,1006.5503505348653,3056.4114558663996,0.016091630377224445,0.06403854314183756,17.354868380743728,-283.10373,188.07806,29.883244,21.023811,8.692562,-43.339485,-19.049103,12.598707,-13.632046,-16.95038,-9.326473,-23.857525,-1.4758027
765,12.75,0.18054013,110.43581435497903,909.4921024842329,429.3722483907469,948.7527575825633,3101.2894896951207,0.016091630377224445,0.06403854314183756,17.354868380743728,-293.23062,188.55704,36.402298,23.935558,3.5486023,-47.71746,-21.600582,11.246269,-11.426069,-16.825378,-10.531551,-21.476187,-3.6787558
766,12.766666666666667,0.18669555,110.25328171940683,915.5208446479958,426.28823947252664,941.6731760915502,3129.000360709595,0.016091630377224445,0.06403854314183756,17.354868380743728,-294.791,186.57901,35.77236,22.89656,2.8258817,-53.060608,-21.89825,13.498692,-9.233855,-14.948742,-10.288372,-22.275324,-8.947946
767,12.783333333333333,0.19701731,110.25414697904695,870.561989548864,422.58583262850493,932.5518539595996,3152.341242018248,0.016091630377224445,0.06403854314183756,17.354868380743728,-291.34268,194.01532,42.546326,21.426804,0.28752044,-51.017334,-17.45576,13.736324,-9.202657,-13.809027,-7.692852,-20.028706,-9.350667
768,12.8,0.19778612,110.19758446869581,887.4990140817872,425.1064607229646,934.6556179846788,3186.724035161496,0.016091630377224445,0.06403854314183756,17.354868380743728,-290.03525,196.819,51.528915,19.60394,-1.295341,-51.02947,-16.298933,13.35595,-10.975163,-15.438066,-6.9158373,-14.275423,-11.2452965
769,12.816666666666666,0.20187272,109.58743623873717,881.2265106456849,419.2330562483584,926.5960700805323,3162.1412483271356,0.016091630377224445,0.06403854314183756,17.354868380743728,-278.77887,204.73521,48.489845,23.591324,-1.0083859,-59.024986,-21.068378,16.041582,-10.46681,-16.639635,-7.274417,-12.155121,-10.981293
770,12.833333333333334,0.2040833,109.18947557030314,910.6420889270165,412.3956527686483,913.7014790788816,3145.2771081939886,0.016091630377224445,0.06403854314183756,17.354868380743728,-279.8012,198.0007,41.97739,26.05859,0.8048045,-58.37613,-20.89453,16.134228,-12.112804,-11.079786,-5.6938467,-14.859397,-10.366404
771,12.85,0.20005357,109.30044490891392,864.3156420860116,417.2682070944201,906.8809590288178,3187.790670099956,0.016091630377224445,0.06403854314183756,17.354868380743728,-291.04184,197.37138,54.46423,29.01858,-2.1555777,-55.56993,-17.468163,16.64943,-10.274272,-10.841917,-3.8676038,-15.314353,-10.5298195
772,12.866666666666667,0.20775151,109.1504411730692,867.2426422226854,415.84609388511257,896.8468088390888,3209.5618361753054,0.016091630377224445,0.06403854314183756,17.354868380743728,-288.57565,199.34225,59.423733,30.931835,3.5730252,-56.74082,-23.811451,15.128776,-6.413266,-12.2159195,-4.876523,-9.253366,-11.832057
773,12.883333333333333,0.21262364,109.45133363071055,854.4914021834963,411.2129208186528,906.4814303572448,3219.939162804434,0.016091630377224445,0.06403854314183756,17.354868380743728,-285.5831,199.6246,55.95151,33.18879,5.242035,-59.426506,-22.057022,17.094776,-8.102621,-16.811893,-4.638818,-9.221514,-11.554787
774,12.9,0.21323727,110.86676661822828,781.2957215238018,411.4350458262419,930.5247569559392,3234.2657998279897,0.016091630377224445,0.06403854314183756,17.354868380743728,-282.21442,210.42125,61.125694,29.57569,-0.6517683,-56.217735,-21.98346,11.807166,-9.970195,-17.301859,-9.04738,-14.341263,-12.952987
775,12.916666666666666,0.20925164,112.16181400908086,783.0026127112817,421.6234707228119,956.1463462900479,3215.5525418366506,0.016091630377224445,0.06403854314183756,17.354868380743728,-266.25854,218.93271,60.52394,24.186691,0.76798487,-47.996346,-24.75607,18.891071,-6.801777,-17.111265,-12.92224,-17.25018,-7.9626784
776,12.933333333333334,0.19014554,112.11430453673458,783.8809727020043,437.2752176032679,980.8811661292691,3232.58262599687,0.016091630377224445,0.06403854314183756,17.354868380743728,-264.6222,218.32437,53.019806,23.549355,5.760143,-42.319736,-23.594498,20.481148,-7.2612886,-18.492687,-13.932694,-12.744621,-5.4484196
777,12.95,0.17053474,111.86574570866216,814.529797774957,433.5673734101944,1010.5707352083834,3285.358059332545,0.016091630377224445,0.06403854314183756,17.354868380743728,-273.1999,210.38986,55.40021,26.41305,10.154721,-35.055565,-16.741968,16.877573,-8.982416,-16.859749,-20.933073,-11.293533,2.6730778
778,12.966666666666667,0.15807538,112.43384211876057,923.1386122629751,387.9178107391918,1087.679891812069,3275.8634997237273,0.016091630377224445,0.06403854314183756,17.354868380743728,-277.05984,198.68523,49.78968,30.535202,15.225134,-31.974056,-8.553551,22.12465,-16.526312,-21.417744,-16.839863,-6.215431,4.4370065
779,12.983333333333333,0.12962922,113.37686621772778,928.2598589792624,329.2678264491979,1382.1010373012796,3257.749110619287,0.016091630377224445,0.06403854314183756,17.354868380743728,-308.34485,176.31557,39.833687,30.697739,22.545418,-19.66961,3.314263,16.068665,-13.931374,-16.9284,-11.9080305,-9.069826,-0.31799352
780,13.0,0.08665715,112.60566842784642,1881.1774943001637,875.5177581826592,2160.045233965934,3880.640555240225,0.016091630377224445,0.06403854314183756,17.354868380743728,-316.61417,141.42557,2.133021,48.956177,31.291166,-19.432358,22.257957,10.92011,-33.574562,-0.8131062,4.4635844,-22.394539,3.0822177
781,13.016666666666667,0.053924903,0.0,4566.394303850323,1486.8781943608026,2574.343228328485,4525.221968473476,0.016091630377224445,0.06403854314183756,17.354868380743728,-288.76788,107.72318,-34.35725,62.65239,24.95803,-34.560364,35.998367,11.728769,-48.116222,19.492496,12.651098,-29.601353,5.2261877
782,13.033333333333333,0.06534285,0.0,4955.117288324131,1247.8051995651208,2440.030242610522,4278.531629526576,0.016091630377224445,0.06403854314183756,17.354868380743728,-282.79886,86.97969,-37.06901,63.82326,16.14594,-35.25563,34.498245,17.004833,-43.683754,22.095364,13.99041,-19.480833,13.619623
783,13.05,0.06600779,0.0,5201.322513693264,860.8373178247277,2331.308590625828,3861.385771353268,0.016091630377224445,0.06403854314183756,17.354868380743728,-299.0255,72.3612,-33.48726,71.92054,16.584278,-37.923264,35.582428,12.820879,-39.58864,32.561108,19.347002,-16.855572,10.576668
784,13.066666666666666,0.06281661,0.0,5188.910789993278,525.1934898525948,2170.985554379087,3710.3591374514585,0.016091630377224445,0.06403854314183756,17.354868380743728,-305.98126,68.88043,-27.817017,72.22774,11.58252,-38.513084,37.75917,16.40187,-34.794964,29.049942,15.931864,-18.817732,13.844
785,13.083333333333334,0.05895538,0.0,5031.0368837494925,679.5708836336847,2223.3840996903205,4127.113557775214,0.016091630377224445,0.06403854314183756,17.354868380743728,-304.81598,75.77815,-25.318653,71.0128,14.340456,-40.047874,31.238815,13.766898,-39.378555,24.232079,27.359116,-10.506187,8.415193
786,13.1,0.057197463,0.0,5099.691001362896,626.5173175718443,1757.2673009642538,3770.532754925862,0.016091630377224445,0.06403854314183756,17.354868380743728,-311.7316,81.18579,-34.2222,64.26066,7.5096855,-45.178307,35.613335,9.430751,-43.38289,17.563572,25.23463,-12.9984045,14.689257
787,13.116666666666667,0.050033968,0.0,4768.823246752579,788.5696798236321,1716.3548762999574,3733.8157959050395,0.016091630377224445,0.06403854314183756,17.354868380743728,-332.7391,92.078354,-37.243713,50.395927,7.879119,-46.195786,35.379513,7.603307,-54.048573,8.953406,25.077314,-11.473039,16.591084
788,13.133333333333333,0.025396775,0.0,3971.7283396318576,633.6535865469097,1579.1221680812052,3538.647017146804,0.016091630377224445,0.06403854314183756,17.354868380743728,-373.682,88.776306,-13.944296,33.11538,9.914669,-26.746311,31.689495,16.96586,-43.160305,-4.3014936,21.69391,-6.1754675,11.328304
789,13.15,0.077321805,0.0,1162.8620478018015,396.964726253351,1356.3153408465696,3258.185749630693,0.016091630377224445,0.06403854314183756,17.354868380743728,-376.53833,135.01611,57.73713,46.581375,6.6126375,-26.875786,7.724788,15.945608,-18.215199,-18.203415,-8.995262,-11.954083,1.7092285
790,13.166666666666666,0.12313021,186.87608509706953,707.2797019028482,421.3695579798986,1168.3926933000466,3295.429522568827,0.016091630377224445,0.06403854314183756,17.354868380743728,-297.72595,202.76697,54.86265,27.710693,5.385343,-35.761936,-11.989437,12.592867,-16.494152,-32.565483,-20.5676,-9.149058,-0.9235009
791,13.183333333333334,0.1549868,111.1676701629578,761.5049410101359,450.44348011507134,1083.553195278224,3248.810244502723,0.016091630377224445,0.06403854314183756,17.354868380743728,-281.51663,211.01459,47.816788,24.096697,8.750351,-35.746216,-14.650908,15.920319,-9.890559,-27.415878,-20.115795,-7.51707,2.725999
792,13.2,0.14956965,109.5240753778165,763.3180845274705,440.81616383758427,1049.06443501004,3247.4592951624777,0.016091630377224445,0.06403854314183756,17.354868380743728,-286.80716,210.02007,53.04603,22.399595,6.9186087,-33.766113,-17.303207,15.454103,-2.2565079,-20.241943,-18.686653,-7.227668,2.1095045
793,13.216666666666667,0.14872175,109.42593533377881,738.4323124186208,417.87662893389063,985.9601696161212,3295.983615158372,0.016091630377224445,0.06403854314183756,17.354868380743728,-297.47046,208.20862,63.98509,23.612034,2.7241168,-36.40304,-21.296196,16.508034,1.4325376,-21.422153,-15.131594,-0.14063463,-1.169598
794,13.233333333333333,0.15346198,109.40563598191524,741.8961981280551,400.3710836495315,930.398101733134,3295.9985701421583,0.016091630377224445,0.06403854314183756,17.354868380743728,-294.6624,209.1218,67.85017,25.252094,-1.7717276,-41.058594,-21.238007,20.362812,0.98054886,-18.846458,-10.71456,-2.9782178,-3.8013828
795,13.25,0.15121569,109.08027842148364,746.2329003633033,393.4895820549354,918.5351822969579,3261.361252986454,0.016091630377224445,0.06403854314183756,17.354868380743728,-302.4853,205.0806,71.9971,27.221027,-1.8054101,-40.047356,-15.339437,16.506027,-2.9053757,-17.289343,-4.674531,-0.03206423,-5.2702637
796,13.266666666666667,0.14809981,109.19805452774438,761.3366727511673,361.4553190668988,904.9466755650095,3258.9041388410574,0.016091630377224445,0.06403854314183756,17.354868380743728,-299.36514,206.27731,69.22348,23.798515,-4.5032406,-39.678986,-13.127609,16.194347,-3.4101074,-13.063784,-1.6629236,-3.3951359,-9.7272415
797,13.283333333333333,0.14895055,111.79277877318741,664.4236446801542,338.83226811663303,898.9182401068108,3387.6529855395793,0.016091630377224445,0.06403854314183756,17.354868380743728,-326.2092,200.95282,87.30338,26.699306,-13.890026,-41.437103,-16.663322,12.151184,4.209271,-8.703043,-4.768432,-2.6385527,-11.0977545
798,13.3,0.14130214,114.59029326254402,645.1820403992793,334.38594892633336,895.820284295591,3426.3637628309316,0.016091630377224445,0.06403854314183756,17.354868380743728,-359.00674,172.63208,83.02193,28.19477,-12.586287,-41.265793,-21.953018,9.098907,5.886529,-10.285769,-7.560371,-1.7568837,-10.969005
799,13.316666666666666,0.11605766,114.25712221247072,601.6177443089665,300.54994195967197,882.0505843653042,3501.4467386021615,0.016091630377224445,0.06403854314183756,17.354868380743728,-384.20572,152.92471,82.94473,30.374783,-10.607874,-32.763084,-16.219364,9.750587,9.734496,-1.9980018,-4.9424376,-7.4498262,-16.342663
800,13.333333333333334,0.08143543,112.75290308415526,636.9569296822077,260.9978137580496,904.7527780217223,3458.758377586641,0.016091630377224445,0.06403854314183756,17.354868380743728,-405.04633,133.62021,79.29785,33.315125,-3.8011336,-24.175571,-13.383138,7.695277,11.054817,3.6003177,-0.28143153,-5.3504868,-14.476757
801,13.35,0.042978473,111.81485154521825,769.3704170919013,238.8658169894434,1020.1126322404883,3413.960715112255,0.016091630377224445,0.06403854314183756,17.354868380743728,-433.5423,102.99211,65.74187,32.19654,5.0151844,-12.001497,-8.098057,6.9781113,11.033207,4.614957,1.1151485,-2.7531812,-12.510333
802,13.366666666666667,0.013453342,0.0,1276.8521015789956,235.22852959564648,1081.3652098014281,3250.539546453213,0.016091630377224445,0.06403854314183756,17.354868380743728,-456.82245,76.99992,52.924103,29.373356,9.5153475,-3.264767,-2.1649766,7.9383597,13.3616295,11.64156,9.222008,5.11757,-3.3599818
803,13.383333333333333,0.0044236477,0.0,1230.5927584598135,231.5740271484614,998.712469097063,3188.271987122956,0.016091630377224445,0.06403854314183756,17.354868380743728,-471.9797,61.500484,47.796673,30.676674,15.929759,7.528402,6.094017,9.061192,12.332158,12.477607,8.338034,1.2860564,-5.830456
804,13.4,0.0032340914,0.0,1264.6299739432882,420.22219702205217,1365.859198812298,3491.1274269252026,0.016091630377224445,0.06403854314183756,17.354868380743728,-484.6332,46.309242,39.4712,30.285141,21.173954,14.138607,10.1042,8.746595,8.82779,8.847798,7.7019186,5.0644484,1.3740616
805,13.416666666666666,0.001845787,0.0,1711.6916259615516,650.9020717238917,2038.3508668646266,3587.4266739832433,0.016091630377224445,0.06403854314183756,17.354868380743728,-497.56854,29.69714,27.275993,23.628149,19.24998,14.688392,10.437044,6.852294,4.106756,2.1876001,0.9352418,0.10840903,-0.54349357
806,13.433333333333334,0.0010694914,0.0,1748.472973941124,601.4172994438547,2288.0527770577214,3748.0319841927485,0.016091630377224445,0.06403854314183756,17.354868380743728,-500.22687,26.233208,24.64526,22.219444,19.24047,16.025589,12.8671875,9.985971,7.5047655,5.4470816,3.7583208,2.3417153,1.0979506
807,13.45,0.0007647093,0.0,2203.759556066892,620.758976204884,2325.519481455752,3762.6504382561766,0.016091630377224445,0.06403854314183756,17.354868380743728,-505.41196,19.168652,18.336668,17.019749,15.313614,13.336058,11.213881,9.069937,7.011966,5.124433,3.4641156,2.0591125,0.9110126
808,13.466666666666667,0.00056260417,0.0,2354.9849541097547,495.1945863583826,1716.7050171261492,3229.6239689874765,0.016091630377224445,0.06403854314183756,17.354868380743728,-507.8021,15.853493,15.208421,14.177426,12.822487,11.222454,9.46607,7.644434,5.843477,4.13739,2.5834954,1.2191563,0.060832158
809,13.483333333333333,0.00044910758,0.0,2967.314757386015,379.8048136636483,1566.0844518635586,3185.395973330203,0.016091630377224445,0.06403854314183756,17.354868380743728,-509.83575,13.030565,12.5408125,11.755776,10.719357,9.487484,8.123296,6.691867,5.254999,3.866725,2.569675,1.3930824,0.35210574
810,13.5,0.00044519035,0.0,2730.2382245818444,593.4115616125594,2439.8727154483295,3712.284477809375,0.016091630377224445,0.06403854314183756,17.354868380743728,-509.36218,13.701964,13.215315,12.429599,11.380901,10.115991,8.689038,7.1579165,5.58051,4.011335,2.4985971,1.0822349,-0.2072579
811,13.516666666666667,0.00048038302,0.0,2545.5764041422917,508.36496402148407,1847.9450433999891,3255.1642008889694,0.016091630377224445,0.06403854314183756,17.354868380743728,-510.00974,12.824951,12.452675,11.850838,11.045458,10.0693035,8.959008,7.75191,6.483411,5.184843,3.8824325,2.5970259,1.3448603
812,13.533333333333333,0.0004497146,0.0,2862.6527756239493,427.64662529557853,1641.6971561664295,2866.364606408233,0.016091630377224445,0.06403854314183756,17.354868380743728,-510.08734,12.66856,12.160271,11.344685,10.266262,8.981754,7.5555162,6.0542917,4.5422277,3.076368,1.7034303,0.45759797,-0.64004123
813,13.55,0.00047390064,0.0,2623.6664449671007,554.8464387574007,2314.178995404298,3303.6713775203166,0.016091630377224445,0.06403854314183756,17.354868380743728,-509.31573,13.737871,13.164719,12.244024,11.024924,9.571064,7.955996,6.257925,4.55431,2.9166703,1.4061918,0.070182905,-1.0600647
814,13.566666666666666,0.0005581639,0.0,2241.193960366104,443.50536956964817,2461.806543270167,3887.750333627034,0.016091630377224445,0.06403854314183756,17.354868380743728,-505.51886,18.910507,17.766579,15.960022,13.629909,10.950553,8.113857,5.310443,2.7114782,0.4533821,-1.3731173,-2.728333,-3.6230588
815,13.583333333333334,0.00058654987,0.0,2292.3751562848865,482.3276151827257,2400.3633140607985,3962.5888427410086,0.016091630377224445,0.06403854314183756,17.354868380743728,-507.05078,16.804901,15.834999,14.289782,12.269619,9.902527,7.3332806,4.711232,2.1782584,-0.1421903,-2.1537364,-3.7928915,-5.0313625
816,13.6,0.0005629267,0.0,2415.096355885041,604.5381182448629,2016.9897124496729,3237.059799094275,0.016091630377224445,0.06403854314183756,17.354868380743728,-508.2004,15.234568,14.428745,13.1495285,11.485605,9.547966,7.4586763,5.3390026,3.2982476,1.4245794,-0.22102864,-1.6074071,-2.732009
817,13.616666666666667,0.0004809959,0.0,2314.3704875787535,651.1511710304401,1902.0861051740806,3223.1706029274033,0.016091630377224445,0.06403854314183756,17.354868380743728,-507.16025,16.53669,15.28253,13.426971,11.244471,8.994724,6.856874,4.9016285,3.1083174,1.4157131,-0.21802981,-1.7732009,-3.162586
818,13.633333333333333,0.00041991603,0.0,2730.7444966654875,568.2914242862457,1926.2324603127117,3433.9561681130695,0.016091630377224445,0.06403854314183756,17.354868380743728,-509.83752,12.942953,12.207386,11.042797,9.534451,7.789057,5.9240403,4.056216,2.291223,0.714807,-0.6127769,-1.6593938,-2.4200258
819,13.65,0.00044988698,0.0,4588.698434341779,529.6226908575948,2036.8243995167988,3904.9465844056567,0.016091630377224445,0.06403854314183756,17.354868380743728,-509.199,12.295516,11.446947,12.357423,9.925471,7.774795,8.207668,5.935478,3.2817516,3.7689857,2.2946177,-0.3324712,0.3098458
820,13.666666666666666,0.000513219,0.0,5210.072182081669,713.5519000951801,2174.8514427656078,4284.624835585678,0.016091630377224445,0.06403854314183756,17.354868380743728,-504.9161,14.108948,11.907206,16.385134,9.824228,4.8855906,9.407936,4.902979,-0.70292443,4.3976665,2.4882407,-3.5773275,1.1343096
821,13.683333333333334,0.00042178904,0.0,3372.1161735621927,731.8340465947406,2211.163758848889,4135.250025858946,0.016091630377224445,0.06403854314183756,17.354868380743728,-506.38712,17.665306,16.481308,14.644024,12.337461,9.782515,7.2071495,4.816974,2.7703667,1.1620089,0.016746528,-0.70557773,-1.0958859
822,13.7,0.00048725272,0.0,3405.3884404963146,586.1240640810831,1659.610203483756,3548.441356631,0.016091630377224445,0.06403854314183756,17.354868380743728,-507.7597,15.782499,14.7733,13.225061,11.315025,9.249063,7.2288446,5.421295,3.935534,2.8113482,2.0207195,1.4815524,1.0803812
823,13.716666666666667,0.00046502837,0.0,2762.9460812920624,462.5018715464262,1453.8492744487903,3174.713780420393,0.016091630377224445,0.06403854314183756,17.354868380743728,-505.38394,18.960089,17.423088,15.0572,12.127026,8.949485,5.8500195,3.1188552,0.9734311,-0.46730456,-1.193378,-1.2978014,-0.95568895
824,13.733333333333333,0.00044243943,0.0,3202.561847450381,590.2519492860488,2330.5112973808764,4209.050450453021,0.016091630377224445,0.06403854314183756,17.354868380743728,-508.67175,14.303312,12.771788,10.494897,7.8266144,5.157734,2.8405576,1.1259692,0.12579416,-0.19290891,0.017085103,0.5301676,1.1043367
825,13.75,0.0005145951,0.0,2717.035903370913,611.7302782202777,2374.307973453262,3979.5032506280313,0.016091630377224445,0.06403854314183756,17.354868380743728,-505.28442,19.02748,17.290491,14.6521435,11.450546,8.074852,4.901222,2.234352,0.26518112,-0.9482347,-1.4748081,-1.4823666,-1.1948782
826,13.766666666666667,0.0005330798,0.0,2460.0253826848557,631.5236119609139,2349.9962825898747,4050.650568581315,0.016091630377224445,0.06403854314183756,17.354868380743728,-505.653,18.644947,17.310638,15.294239,12.849219,10.2364435,7.6711707,5.29447,3.1744833,1.330657,-0.23410207,-1.50966,-2.4735746
827,13.783333333333333,0.0005278185,0.0,2783.610314656522,546.9977908182744,2306.92640018608,3501.7753898272267,0.016091630377224445,0.06403854314183756,17.354868380743728,-507.32788,14.806625,11.569758,10.637299,10.971483,8.848396,4.200209,0.9807969,0.94448006,0.960607,-1.7653592,-5.0536413,-5.228953
828,13.8,0.00052768394,0.0,2716.8335751753884,530.7501551504328,2322.0503601282285,2370.4627268017052,0.016091630377224445,0.06403854314183756,17.354868380743728,-503.31552,18.262897,11.76985,11.09009,13.467656,10.463656,2.5860577,-1.126646,2.1606445,4.5299425,0.3824348,-4.6054955,-3.2395692
829,13.816666666666666,0.00059783,0.0,2602.556020896103,530.4935829818841,2266.789591578388,2429.743170017508,0.016091630377224445,0.06403854314183756,17.354868380743728,-503.08127,19.910507,14.911666,12.657119,11.879337,8.11739,1.9812775,-1.2941171,-0.269983,0.40145797,-2.3849545,-5.315736,-4.445283
830,13.833333333333334,0.0006950033,0.0,2387.7819133300445,468.4783615944074,2265.0763169180664,2724.2732073533116,0.016091630377224445,0.06403854314183756,17.354868380743728,-500.04904,24.646862,19.94321,16.43798,13.544289,8.697851,2.8223648,-0.41363686,-0.40495825,-0.60674155,-2.9441726,-4.968712,-4.364937
831,13.85,0.00072268985,0.0,2326.884221078979,505.05960361282325,2410.67641023872,3035.147435722962,0.016091630377224445,0.06403854314183756,17.354868380743728,-500.10602,24.68724,20.519472,18.045294,16.150602,11.564692,5.1468296,1.1177131,0.49086118,-0.19941211,-2.8150673,-4.533023,-2.8713102
832,13.866666666666667,0.00086995214,0.0,2360.909484786118,565.2265640338277,2394.398463553204,3013.1449549248014,0.016091630377224445,0.06403854314183756,17.354868380743728,-494.13763,29.458744,20.110435,18.129295,18.796997,12.092292,1.7060817,-0.9398538,3.8240705,5.103602,-0.141937,-3.482257,-0.44728458
833,13.883333333333333,0.0010776459,0.0,2054.355399336797,553.9459047934912,2404.7538696620513,3074.7687246615765,0.016091630377224445,0.06403854314183756,17.354868380743728,-488.6113,35.963158,24.037018,19.739296,17.73247,7.87431,-4.0250273,-5.555417,0.95036316,3.2706933,-0.29060304,-0.95362586,3.3108864
834,13.9,0.0010655808,0.0,2082.3390692282055,566.4567306269157,2416.463251031051,3020.783024100294,0.016091630377224445,0.06403854314183756,17.354868380743728,-490.7328,33.11218,21.507492,17.476192,15.650347,6.201047,-4.758089,-5.326646,0.86878276,1.265609,-4.1412854,-5.031251,-0.3354991
835,13.916666666666666,0.00079689006,0.0,2363.3411992610654,648.3668992757658,2399.4257532420143,3062.173649497144,0.016091630377224445,0.06403854314183756,17.354868380743728,-493.06317,30.773643,20.038868,14.707222,11.392309,2.6477842,-6.973028,-7.7431407,-1.6916132,0.8240818,-1.9496347,-2.43821,1.5371838
836,13.933333333333334,0.0007143886,0.0,2341.2853386899587,616.4027383111811,2441.845632544963,3052.7220556788748,0.016091630377224445,0.06403854314183756,17.354868380743728,-494.24976,31.393105,23.496225,16.659079,10.3281555,2.0897057,-5.3656683,-7.415826,-5.3005447,-4.322898,-5.4232006,-4.851565,-1.9216653
837,13.95,0.0006864391,0.0,2282.836893896911,555.1835754992849,2469.6265791907026,2981.8068224355748,0.016091630377224445,0.06403854314183756,17.354868380743728,-495.95352,28.390987,20.115465,14.447886,9.203932,0.2498468,-8.406478,-10.359518,-7.708548,-7.0518723,-8.304396,-6.5520496,-2.339722
838,13.966666666666667,0.0008012813,0.0,2257.4891854677116,504.96161219972515,2485.079989236321,2922.6503250650417,0.016091630377224445,0.06403854314183756,17.354868380743728,-499.82178,25.72075,22.019928,17.91948,13.238213,7.46255,1.9967502,-1.3024406,-2.757984,-3.8585377,-4.5102363,-3.6101797,-1.7128196
839,13.983333333333333,0.00084540853,0.0,1981.0017663511376,538.438684179735,2497.414411153486,2958.2155250669525,0.016091630377224445,0.06403854314183756,17.354868380743728,-500.3863,25.649956,23.094093,19.37502,15.156815,11.119587,7.798979,5.475378,4.1401753,3.5423892,3.2948365,3.0034137,2.3793988
840,14.0,0.0008184866,0.0,2132.52035628836,667.1006810324553,2497.46081408207,3061.9614488777356,0.016091630377224445,0.06403854314183756,17.354868380743728,-501.39877,24.440084,22.468147,19.477316,15.853169,12.032154,8.424892,5.348737,2.9830077,1.3547068,0.3558326,-0.21361005,-0.5880675
841,14.016666666666667,0.0006635263,0.0,2550.7120973496385,775.4543268650356,2490.590772082426,3320.3210553888393,0.016091630377224445,0.06403854314183756,17.354868380743728,-507.71353,15.882695,14.994623,13.691631,12.179465,10.649328,9.2254715,7.941298,6.750626,5.566909,4.313216,2.9625077,1.5532186
842,14.033333333333333,0.0006346058,0.0,2312.0488468418066,777.3421642333986,2584.4176421701623,3291.3890893965713,0.016091630377224445,0.06403854314183756,17.354868380743728,-506.62222,17.461914,16.647646,15.368576,13.726383,11.837769,9.81855,7.7726192,5.786915,3.931066,2.2585182,0.80648714,-0.40661237
843,14.05,0.0006671019,0.0,2336.634861705498,724.9179202971056,2248.0813167392043,2931.781641839907,0.016091630377224445,0.06403854314183756,17.354868380743728,-506.87973,17.09097,16.263987,14.985624,13.3790455,11.573772,9.682915,7.7923813,5.963441,4.243854,2.6792722,1.3175471,0.20253024
844,14.066666666666666,0.00066463865,0.0,2314.172441003725,633.5009223191272,1911.7327365924239,3092.121007299156,0.016091630377224445,0.06403854314183756,17.354868380743728,-506.68625,17.34261,16.444569,15.035679,13.234888,11.185562,9.037422,6.929328,4.97552,3.2572188,1.819673,0.6746743,-0.19353054
845,14.083333333333334,0.0006493687,0.0,2356.529712832949,495.3791472941688,2276.804857246979,3336.6150238691625,0.016091630377224445,0.06403854314183756,17.354868380743728,-506.01318,18.266865,17.287117,15.746441,13.772491,11.523899,9.173122,6.888068,4.814773,3.0629704,1.6965184,0.72920394,0.12683454
846,14.1,0.0006940911,0.0,2363.371319266795,560.4619146103521,2425.6818104906174,3748.4594436783163,0.016091630377224445,0.06403854314183756,17.354868380743728,-507.45813,16.298271,15.532736,14.315705,12.72924,10.876433,8.871338,6.828068,4.850423,3.023139,1.405617,0.028957803,-1.1037493
847,14.116666666666667,0.00069597096,0.0,2441.736267039054,717.6229586504412,2622.918536242619,3776.068665090654,0.016091630377224445,0.06403854314183756,17.354868380743728,-508.39633,15.109686,14.745073,14.151816,13.350696,12.36911,11.239601,9.998091,8.682078,7.328844,5.9738727,4.6494517,3.3836424
848,14.133333333333333,0.00068330526,0.0,2154.2374774598657,502.27808513909196,2610.898671271918,2886.320497852946,0.016091630377224445,0.06403854314183756,17.354868380743728,-506.1271,18.257626,17.711191,16.820768,15.615898,14.136202,12.429708,10.550882,8.558411,6.512847,4.474231,2.499807,0.6419303
849,14.15,0.0005489419,0.0,2800.581522564848,363.8211463361387,2632.139423175277,3057.7078924305024,0.016091630377224445,0.06403854314183756,17.354868380743728,-508.91354,14.2595825,13.551296,12.424421,10.953926,9.234425,7.371327,5.4711065,3.6319532,1.9357148,0.44186622,-0.8156463,-1.8287371
850,14.166666666666666,0.0003278222,0.0,3461.457233361687,582.5061711653238,2571.2973800267837,3803.5460098185736,0.016091630377224445,0.06403854314183756,17.354868380743728,-511.50363,10.726097,10.393946,9.855238,9.131303,8.250159,7.2447777,6.1512175,5.0065765,3.8471184,2.7064507,1.6142118,0.5950134
851,14.183333333333334,0.0003213815,0.0,3638.3841616253976,785.4644821387915,2544.441745160769,3804.7102019091003,0.016091630377224445,0.06403854314183756,17.354868380743728,-512.2446,9.658562,9.271799,8.655212,7.8480783,6.9002094,5.867401,4.8065,3.7704842,2.804222,1.94105,1.2008804,0.5896063
852,14.2,0.00025966353,0.0,3757.8921904692243,781.2797966742074,2566.8112577395864,3195.3994217898735,0.016091630377224445,0.06403854314183756,17.354868380743728,-513.1454,8.444916,8.232448,7.885294,7.4135957,6.83099,6.1541004,5.4018745,4.5948677,3.7545166,2.9022956,2.0590153,1.2440963
853,14.216666666666667,0.0003843137,0.0,3930.578538984726,594.1669931051013,2225.429672325541,2989.0624430840917,0.016091630377224445,0.06403854314183756,17.354868380743728,-514.09094,7.059165,6.705264,6.136045,5.380905,4.478044,3.4718626,2.409928,1.3398896,0.30648345,-0.65105546,-1.5010647,-2.2207997
854,14.233333333333333,0.00039952976,0.0,2725.817093720444,517.4576418429718,2059.0251981360743,3196.561363296108,0.016091630377224445,0.06403854314183756,17.354868380743728,-509.10086,14.056625,13.5274105,12.677809,11.553443,10.212501,8.720803,7.1464,5.554286,4.0017867,2.534996,1.1866894,-0.02423346
855,14.25,0.00041028418,0.0,3840.4694389101815,690.3298816499342,2660.6378136026365,3614.319975677559,0.016091630377224445,0.06403854314183756,17.354868380743728,-514.2461,6.91527,6.7824163,6.563778,6.2634687,5.887116,5.441724,4.935522,4.3777804,3.7785926,3.1486673,2.4990797,1.8410447
856,14.266666666666667,0.00040154278,0.0,3292.3142345033193,472.10815050846634,1986.108784080303,3344.6214390896425,0.016091630377224445,0.06403854314183756,17.354868380743728,-510.33636,12.335671,11.883048,11.1537,10.183474,9.019218,7.715876,6.3329463,4.930834,3.5671787,2.2936006,1.1528223,0.17658648
857,14.283333333333333,0.0005080263,0.0,2702.8609562055663,316.7065355779766,1292.1419881770773,2976.030947312392,0.016091630377224445,0.06403854314183756,17.354868380743728,-507.81815,15.870065,15.3382225,14.481646,13.342702,11.976219,10.445463,8.817631,7.1592264,5.5317154,3.9878821,2.5690472,1.3034716
858,14.3,0.0005355377,0.0,3024.316716454039,252.78387594293176,1480.9217804369655,2970.389335596045,0.016091630377224445,0.06403854314183756,17.354868380743728,-510.77292,11.720175,11.272416,10.548285,9.579463,8.407409,7.0807085,5.652093,4.1752887,2.701947,1.2789528,-0.053833395,-1.2651216
859,14.316666666666666,0.00042996035,0.0,3157.1094663658146,303.39379744533323,1699.7010918370406,3109.9686515546664,0.016091630377224445,0.06403854314183756,17.354868380743728,-510.06104,12.655859,12.001139,10.952296,9.569405,7.9299974,6.1231894,4.2430706,2.3819108,0.62381566,-0.9607316,-2.3189063,-3.4179654
860,14.333333333333334,0.00046966216,0.0,3772.047411633871,347.87543369115895,2184.853022447729,3408.342496734096,0.016091630377224445,0.06403854314183756,17.354868380743728,-512.0829,9.806034,9.183072,8.197165,6.921489,5.4483356,3.8803027,2.320675,0.8640652,-0.41179267,-1.4520956,-2.2285256,-2.7397802
861,14.35,0.004734023,0.0,1836.8447585449371,309.1145949900059,2756.155657188756,3707.0173037903105,0.016091630377224445,0.06403854314183756,17.354868380743728,-502.7642,22.721817,21.323643,19.089954,16.157232,12.700697,8.920236,5.0250273,1.2180269,-2.3180437,-5.4321394,-8.012724,-9.99164
862,14.366666666666667,0.022286622,0.0,666.6034455551037,268.9064694243813,1712.8939542534595,3447.5930550620988,0.016091630377224445,0.06403854314183756,17.354868380743728,-479.2348,54.276817,48.204834,39.217987,28.386044,17.233507,7.1440363,-1.2179875,-7.3961463,-11.19224,-13.106119,-13.703709,-13.283647
863,14.383333333333333,0.045090765,258.3551362098977,641.9267006757507,310.9237134913694,1438.7165627459417,3349.7804141242786,0.016091630377224445,0.06403854314183756,17.354868380743728,-448.15402,82.77378,60.853752,54.338455,33.964195,3.7324047,-7.3002114,-8.709873,-13.547941,-13.743853,-12.689922,-11.9304695,-5.4045677
864,14.4,0.07344327,255.07631929410522,960.0567559512341,387.4437745928109,2989.664466750759,3682.897205867827,0.016091630377224445,0.06403854314183756,17.354868380743728,-408.69727,92.18225,36.4468,72.28508,54.93345,-18.752834,-21.39989,7.600867,-5.284074,-17.582561,-13.722103,-13.088398,-5.358192
865,14.416666666666666,0.09630593,253.2928829625871,1170.6206000971474,378.65920564236575,2954.96890288696,3500.300824253079,0.016091630377224445,0.06403854314183756,17.354868380743728,-378.05487,104.37628,38.083996,91.13357,68.0954,-16.95981,-26.120113,15.395263,-2.5444822,-14.991761,-9.104762,-20.699213,3.2497532
866,14.433333333333334,0.09334103,250.50591683471984,1139.1617690031069,341.09114588638107,2862.2460420302796,3471.9183310984863,0.016091630377224445,0.06403854314183756,17.354868380743728,-358.06357,119.86134,38.87316,81.32481,53.252617,-20.280512,-25.656746,15.553405,4.5443954,-6.3699656,-5.113304,-20.45149,2.3051968
867,14.45,0.070219584,246.89885091765984,2024.0722223679338,294.9823125091479,2704.1986387948305,3386.1376368148135,0.016091630377224445,0.06403854314183756,17.354868380743728,-318.3754,121.01409,-3.647468,82.16197,54.766815,-24.819883,0.7717902,12.448826,-2.7738829,10.283796,-6.695446,-20.996284,4.7027245
868,14.466666666666667,0.049889326,0.0,3188.6590717641466,270.39835675234497,2642.0879319612213,3419.4494163769778,0.016091630377224445,0.06403854314183756,17.354868380743728,-305.922,97.75546,-13.058878,87.56955,32.870834,-11.270853,8.873246,6.1577296,6.0435047,13.942627,-2.5275614,-10.731544,7.015541
869,14.483333333333333,0.0706107,0.0,2620.4917109868816,338.94386890505564,2623.6880401981466,3779.671976534662,0.016091630377224445,0.06403854314183756,17.354868380743728,-285.2143,103.328,22.735336,99.8152,10.195364,3.8381438,19.088428,17.137474,2.9282012,6.5431952,9.3708315,-15.761614,5.0105734
870,14.5,0.07338658,0.0,2622.904922024162,520.5731562485456,2614.075146287062,3964.4026750815647,0.016091630377224445,0.06403854314183756,17.354868380743728,-282.897,117.50421,26.024567,85.15512,0.2210274,3.5518527,20.549105,12.419434,-2.6265035,15.003607,-0.4580511,-15.295751,10.003336
871,14.516666666666667,0.056123365,0.0,3191.3019977344484,422.0048925515238,2436.5835042374783,3787.7108810960954,0.016091630377224445,0.06403854314183756,17.354868380743728,-279.8847,104.56746,25.49688,101.80995,1.3308101,-4.441024,19.125362,7.863617,-5.5816503,10.498687,8.135674,1.1193668,5.818777
872,14.533333333333333,0.07114941,0.0,3072.6378119238466,223.19725482830887,2420.619014191036,3659.8992133896722,0.016091630377224445,0.06403854314183756,17.354868380743728,-258.79868,97.95528,2.052953,106.06835,26.173836,-0.44399387,19.347408,16.898613,-3.9679651,9.832152,7.073368,-9.292849,5.241174
873,14.55,0.07770503,0.0,2904.3027662726686,1256.1887700589896,2926.2263947645456,3946.342547657078,0.016091630377224445,0.06403854314183756,17.354868380743728,-268.2394,108.40459,-27.786396,91.04727,50.078964,-5.9138584,12.600838,16.001642,2.9532318,20.390156,6.344507,-12.211077,18.34072
874,14.566666666666666,0.057996776,0.0,2026.4118656019596,1634.5536407676423,3216.6261082963583,4260.362103087085,0.016091630377224445,0.06403854314183756,17.354868380743728,-306.80008,122.98243,-17.216324,80.48812,66.54886,-14.177949,15.578678,27.953392,4.1525,17.432684,3.8307374,-12.21759,12.0014715
875,14.583333333333334,0.053836565,0.0,2291.5793688109597,184.3165096077282,2841.499712218025,3488.452616398611,0.016091630377224445,0.06403854314183756,17.354868380743728,-349.5384,108.34216,10.392228,75.74008,57.633068,-13.906092,3.2303507,36.053223,8.369986,2.8196814,3.6840715,-10.872028,20.021423
876,14.6,0.107406184,258.8627767808268,1689.6726516842236,377.41203355475864,2848.654632709206,3432.2977620943784,0.016091630377224445,0.06403854314183756,17.354868380743728,-318.6348,131.28992,35.788754,85.832016,50.559067,-44.113197,-43.267784,14.600916,0.86387146,-5.758509,-3.8777535,-24.228872,6.037619
877,14.616666666666667,0.15747458,257.8498341336815,1797.4258205009057,531.7388713479077,2797.4785319238485,3319.0659584510777,0.016091630377224445,0.06403854314183756,17.354868380743728,-266.44138,142.25241,8.926779,71.40232,52.87008,-54.64946,-56.229645,10.591188,-4.831389,-5.9184737,-6.6454315,-32.947792,5.628523
878,14.633333333333333,0.17765175,255.05290251900288,2153.2808407776474,560.763449084345,2725.8854705432427,3193.518387952467,0.016091630377224445,0.06403854314183756,17.354868380743728,-253.68152,130.11786,-20.099318,43.98903,53.607693,-52.956894,-60.024883,1.7601708,-3.7233934,-0.14751917,-8.526343,-36.42465,1.7835836
879,14.65,0.17776492,252.8367950570182,1923.477544078979,576.1798013696474,2469.2317385957003,3056.439294510816,0.016091630377224445,0.06403854314183756,17.354868380743728,-244.5563,146.96857,-20.383335,18.11493,51.94136,-32.61107,-59.530758,-10.670021,-12.435054,11.413252,-6.68447,-32.878716,-2.8523722
880,14.666666666666666,0.17230715,251.2044966780605,1316.1567402762287,536.3810403218229,1883.98381786871,2931.3218297403428,0.016091630377224445,0.06403854314183756,17.354868380743728,-277.7454,158.66171,-8.62719,1.1238945,35.259212,-12.384651,-31.493767,-13.177728,-26.103456,-3.8879564,-2.919376,-18.011116,-3.9559293
881,14.683333333333334,0.158787,251.61004002316614,878.7526924379699,440.62308983829735,1346.1293915415208,2813.8781456057945,0.016091630377224445,0.06403854314183756,17.354868380743728,-311.04294,188.31921,49.32545,1.5958191,6.742841,-1.9815276,-13.288815,-2.4111295,-10.007515,-14.256667,-20.592598,-17.802847,-7.1627855
882,14.7,0.15449336,253.1917195543793,744.2828825415338,373.1915265390491,1191.9029377003583,2687.7549595123082,0.016091630377224445,0.06403854314183756,17.354868380743728,-333.18817,184.06784,65.578,6.3606105,8.818325,13.000877,-3.6518264,1.5329599,1.3658164,-6.665263,-21.39029,-26.620214,-14.333239
883,14.716666666666667,0.15102878,255.18285988600695,720.6343660984637,359.5859394509075,1153.3310714895836,2638.8064629363853,0.016091630377224445,0.06403854314183756,17.354868380743728,-345.19556,174.802,62.443966,8.216648,7.614098,9.813177,-2.6994607,-1.7346957,-1.7597711,-8.281836,-21.593481,-28.37762,-14.054129
884,14.733333333333333,0.14110418,255.26526226480922,675.5343469727766,343.42538830224106,1087.6512464044813,2637.6029062936236,0.016091630377224445,0.06403854314183756,17.354868380743728,-375.42786,154.83353,65.650635,13.99366,5.452828,3.9333444,-2.3038146,-4.1829596,-1.3881203,-6.196335,-23.341665,-29.239782,-14.641958
885,14.75,0.12105439,251.98104946245851,661.5331978126717,316.03231201906834,883.5890619289956,2667.949065923516,0.016091630377224445,0.06403854314183756,17.354868380743728,-402.54294,134.1561,73.285736,27.343649,9.27964,3.5557137,1.1286396,3.7967377,2.0261235,-12.418819,-32.026352,-34.240807,-16.918015
886,14.766666666666667,0.09357425,246.12216907134004,614.7418730907557,284.7655150859959,745.9410960051105,2611.0227844116007,0.016091630377224445,0.06403854314183756,17.354868380743728,-419.63913,118.54876,71.357544,32.683334,13.5427,4.5111866,0.20835268,1.4463663,1.0192666,-10.512997,-26.124573,-28.621292,-16.78747
887,14.783333333333333,0.05643881,239.9635938762889,689.6506305380074,295.1952787505115,845.6614737089661,2586.9782140662273,0.016091630377224445,0.06403854314183756,17.354868380743728,-434.2731,103.47642,67.43348,35.533516,16.09673,4.7407064,0.8121494,5.3327985,8.938196,-0.5041517,-18.78952,-28.781193,-23.988487
888,14.8,0.022151645,236.76955948353753,1797.638748265685,642.3316259435817,1601.8311302705147,2930.6983808273144,0.016091630377224445,0.06403854314183756,17.354868380743728,-439.15845,88.24919,49.98034,32.86105,18.975376,4.681014,4.1814213,7.3532085,6.3506327,3.3063967,-10.396471,-24.316223,-15.6712055
889,14.816666666666666,0.0102874115,0.0,2721.71166909936,1010.2912616231293,2464.077339597668,3191.186666786322,0.016091630377224445,0.06403854314183756,17.354868380743728,-342.54242,129.45175,5.4461827,30.69588,30.153952,-17.573563,1.9395025,15.638018,4.749527,15.84483,0.21766534,-24.14618,3.3392289
890,14.833333333333334,0.011561285,0.0,1896.3333847390454,1211.7300824656509,2486.521144257594,2885.169368801746,0.016091630377224445,0.06403854314183756,17.354868380743728,-377.611,120.12633,10.125843,7.0344553,36.99538,23.590454,2.423809,-1.2960476,4.0406227,9.512787,2.462391,-1.2725005,14.065009
891,14.85,0.011954471,0.0,2425.9198823754427,1697.5802036681907,2401.255412152168,2933.1740075888383,0.016091630377224445,0.06403854314183756,17.354868380743728,-366.05005,99.5116,-37.72,-0.2067079,58.96311,37.60911,7.362376,-9.305016,-9.001646,11.921807,8.917328,-3.0996115,14.750835
892,14.866666666666667,0.0121888,0.0,2566.217249739273,1199.9898330226843,2200.359471888427,2877.8541695485983,0.016091630377224445,0.06403854314183756,17.354868380743728,-374.05273,93.04022,-41.067497,-2.9050531,59.75357,26.540846,-17.779408,-18.221895,2.3052142,17.307405,5.022323,-7.655234,10.488571
893,14.883333333333333,0.01399262,0.0,2557.1555209636645,381.6435389836702,2029.720268832771,2720.2674652976148,0.016091630377224445,0.06403854314183756,17.354868380743728,-386.2498,104.888565,-9.324324,1.8092654,57.536835,29.529686,-29.138372,-21.621128,20.873127,25.071253,3.7726066,2.5233514,9.376024
894,14.9,0.05826749,0.0,1687.9873625328341,327.7529550432548,2083.5795679726657,2859.0381074171955,0.016091630377224445,0.06403854314183756,17.354868380743728,-368.969,120.42389,6.745496,28.46303,68.67642,22.20518,-28.64997,-20.59076,3.6239815,13.151443,4.769271,-5.785074,-5.4963746
895,14.916666666666666,0.11629491,246.372836086886,1030.974416493124,379.42890820048626,2214.231466627941,2950.0089057318405,0.016091630377224445,0.06403854314183756,17.354868380743728,-320.98563,158.56337,25.340488,41.913307,53.084343,-6.879008,-37.342552,-22.121555,-16.114948,11.690478,5.8076916,-19.749676,-3.8170536
896,14.933333333333334,0.12185758,244.80772533642354,862.3503170700426,489.2321699690986,2188.021669082255,2955.833144241506,0.016091630377224445,0.06403854314183756,17.354868380743728,-325.92838,157.92252,25.929184,38.330414,47.81385,-7.155181,-36.2465,-31.94001,-24.439898,9.324731,5.4886355,-24.392164,-8.123071
897,14.95,0.088460796,241.29807917661418,759.6360955640939,479.420241525323,2196.3170501944937,2971.212525975837,0.016091630377224445,0.06403854314183756,17.354868380743728,-398.49942,127.51407,65.79335,51.02864,41.661797,8.94345,-19.993782,-28.659954,-14.19483,6.897943,1.6343117,-15.837524,-12.023125
898,14.966666666666667,0.02018961,0.0,1305.4386277036397,488.6488482878817,2274.795568104327,2994.5792072513373,0.016091630377224445,0.06403854314183756,17.354868380743728,-454.2258,82.84847,62.800632,42.618225,24.50534,6.563716,-7.1246247,-10.894322,-7.7265716,-5.7527742,-6.865095,-6.6434507,-3.5665746
899,14.983333333333333,0.0057795,0.0,1667.859979807399,483.2950949933166,2242.3095500465215,3035.0843563411804,0.016091630377224445,0.06403854314183756,17.354868380743728,-467.0536,68.28447,54.152756,36.148685,18.984303,5.6926327,-2.2883203,-5.00492,-4.276231,-3.0157228,-3.192965,-4.42392,-4.964903
900,15.0,0.0029281685,0.0,1816.1921349239476,456.74363344116944,2226.518633299606,3100.8271394384515,0.016091630377224445,0.06403854314183756,17.354868380743728,-482.77118,49.169292,42.729134,33.423206,22.971746,13.087806,5.0680943,-0.4479053,-3.4967837,-4.6148195,-4.55517,-4.00932,-3.4234104
901,15.016666666666667,0.0018059834,0.0,2011.7201111145798,445.7943385882524,2326.261654786164,3213.5497337431807,0.016091630377224445,0.06403854314183756,17.354868380743728,-490.80978,38.72798,34.821804,28.990807,22.07106,14.936148,8.329779,2.7703948,-1.4616339,-4.278714,-5.7252474,-5.9374733,-5.1360874
902,15.033333333333333,0.001230483,0.0,2131.8389149951145,474.6060113478439,2482.330739721037,3605.9205301369716,0.016091630377224445,0.06403854314183756,17.354868380743728,-494.69077,33.62776,30.772228,26.355913,20.845568,14.806596,8.830316,3.4598994,-0.8748305,-3.904879,-5.545679,-5.8946514,-5.203903
903,15.05,0.0048842505,0.0,2285.970316636373,529.2695911464406,2445.2498256827203,3443.145103317229,0.016091630377224445,0.06403854314183756,17.354868380743728,-493.26196,35.40651,31.888248,26.56041,20.127504,13.397855,7.1494036,2.008541,-1.6358613,-3.6696248,-4.238474,-3.6892877,-2.4828672
904,15.066666666666666,0.0136884395,0.0,2685.973024957845,582.7735524827611,2259.4400622701664,2842.340469682795,0.016091630377224445,0.06403854314183756,17.354868380743728,-352.82855,129.56396,21.716381,32.935658,6.7209587,-27.030018,-6.8991313,-22.903788,-22.62307,26.403175,4.9301085,-36.04296,-4.1465335
905,15.083333333333334,0.040290203,0.0,1981.7091864372549,428.8311344137262,2206.5262127435262,3001.8408441955885,0.016091630377224445,0.06403854314183756,17.354868380743728,-348.4873,129.24673,18.798271,50.873863,43.501587,-6.5259705,-2.7926807,-3.1467433,-4.4561286,28.417349,10.370243,-22.118103,3.561482
906,15.1,0.09175306,117.81627134231279,1344.1697871092856,428.76048819582536,2252.70827780056,2978.1674438583686,0.016091630377224445,0.06403854314183756,17.354868380743728,-305.72647,161.79364,23.212227,48.3033,50.196922,-19.17007,-33.870224,-9.468927,-8.521737,23.817749,14.880066,-14.3586,2.415219
907,15.116666666666667,0.12454825,117.14903352727141,1231.2567622194224,662.3507626762549,2146.236774668082,2968.031720240599,0.016091630377224445,0.06403854314183756,17.354868380743728,-257.65533,192.86807,15.937349,20.244003,33.37126,-24.303944,-37.899723,-7.954221,-17.12101,18.328724,12.455812,-14.703153,-3.9179692
908,15.133333333333333,0.14851213,114.81396077731212,1235.23849462101,690.6588233880788,1992.8438669900358,2887.6053645772495,0.016091630377224445,0.06403854314183756,17.354868380743728,-241.36354,203.89929,7.63501,-0.10865916,35.15425,-15.857233,-34.984432,-7.9503393,-12.84343,10.212433,11.115162,-8.949144,-7.694791
909,15.15,0.16293463,113.17601970410801,1094.2571169065704,707.4811642643112,1760.884914204825,2888.0390996656674,0.016091630377224445,0.06403854314183756,17.354868380743728,-244.76102,216.46841,14.757053,-11.576377,22.996582,-16.295006,-21.801876,-5.06948,-12.518274,-2.850745,6.227091,0.72669315,-4.0537663
910,15.166666666666666,0.16369721,110.78487459554927,861.8091939088395,578.4122131317757,1299.5377536458607,2669.6627361666087,0.016091630377224445,0.06403854314183756,17.354868380743728,-258.6912,223.79762,28.45217,-8.835274,7.929471,-19.389542,-19.638037,1.5648018,-4.6424694,-9.995467,-4.206598,-1.9575438,3.0917745
911,15.183333333333334,0.16265708,108.38784018111255,641.1296041135362,353.3093685033388,1003.8570093921227,2346.1944534295367,0.016091630377224445,0.06403854314183756,17.354868380743728,-313.54617,205.91528,59.474457,-4.229276,1.0661592,-1.6872773,-15.4837,-10.609682,-0.03255105,-2.5711899,-11.379522,-11.699865,-3.6641927
912,15.2,0.16136813,107.74777145327096,594.0112638208527,295.503707995606,1115.958930253148,2397.858876982691,0.016091630377224445,0.06403854314183756,17.354868380743728,-341.06345,178.5879,49.377808,-6.8666096,4.7233486,9.911846,-2.0517323,-1.5870513,5.6555414,1.4245186,-11.052025,-20.63235,-21.962004
913,15.216666666666667,0.16506676,107.71185748548616,555.4831081863717,301.78365955649605,1140.296520279677,2499.610079046966,0.016091630377224445,0.06403854314183756,17.354868380743728,-356.4736,164.8346,49.97425,0.35223994,12.261284,15.592914,-0.3876282,-0.67497754,9.533136,4.386671,-13.634137,-22.854,-19.217247
914,15.233333333333333,0.17338139,107.51924621371433,547.8877936674141,298.6701721619981,1147.2861267472476,2513.823081431616,0.016091630377224445,0.06403854314183756,17.354868380743728,-360.4081,158.54745,44.307663,-0.19518748,14.366637,16.490013,1.9641032,1.9509709,7.697214,-1.0875494,-14.629123,-19.394444,-19.345795
915,15.25,0.18174513,108.26584560461188,528.8506766367498,298.7088930515047,1094.254356202452,2440.314801520646,0.016091630377224445,0.06403854314183756,17.354868380743728,-348.48575,172.02463,51.551834,2.4118905,13.991887,14.918047,-0.39420867,-3.0349507,1.2573655,-5.540116,-17.373281,-20.537134,-15.366758
916,15.266666666666667,0.18290761,109.70711845579294,672.3386182156069,365.681477182876,1036.915038190561,2518.741961545202,0.016091630377224445,0.06403854314183756,17.354868380743728,-291.66528,211.17906,39.596115,-8.988819,-0.3647576,-20.82021,-27.963474,-8.543318,-5.1007442,-15.428299,-16.206697,-9.414679,-5.6067467
917,15.283333333333333,0.18471405,110.03173272529445,890.5817545409363,451.64938743120183,1217.4540904657445,2424.6683875579874,0.016091630377224445,0.06403854314183756,17.354868380743728,-282.39957,196.26889,6.2962093,-21.683704,8.108131,-15.652779,-14.508034,5.255465,-2.5872822,-18.145847,-14.902093,-5.0297685,-0.9093243
918,15.3,0.17954598,109.7714248143966,983.5292755094606,462.2485722152034,1477.5410004007972,2415.1934436075794,0.016091630377224445,0.06403854314183756,17.354868380743728,-277.4317,191.31937,-3.7457638,-17.085148,19.232336,-8.482172,-10.982054,1.5774541,-11.497127,-13.571718,-1.8147655,-3.5653794,-3.2744198
919,15.316666666666666,0.18299414,110.30934025771391,1000.888067077386,542.2881933287946,1712.085919136614,2978.5624461424663,0.016091630377224445,0.06403854314183756,17.354868380743728,-254.2979,208.3767,-0.96090245,-14.821167,21.687794,-10.696245,-16.504246,3.911376,-14.772284,-12.9740715,4.3841777,-0.47743034,-7.630146
920,15.333333333333334,0.1921922,110.72884221846394,1083.4561887312068,627.4877732563118,2181.5307869737076,2901.2838371879166,0.016091630377224445,0.06403854314183756,17.354868380743728,-231.01883,219.42386,4.4075465,-16.370907,29.5128,-12.24537,-30.884548,-1.8052756,-14.150799,-2.5589986,9.372337,-3.4797387,-15.328079
921,15.35,0.19657587,110.74234711537406,1047.3883840592925,647.2388178009062,2393.985951260799,2798.6296438946206,0.016091630377224445,0.06403854314183756,17.354868380743728,-233.03867,222.18909,3.568569,-13.612629,37.178154,-8.763441,-42.127617,-7.6769114,-7.1430664,-0.94921035,9.277893,0.7635032,-14.552102
922,15.366666666666667,0.1898299,111.04951610109016,1045.2046947624572,649.3007926599926,2176.784238034689,2893.453156816587,0.016091630377224445,0.06403854314183756,17.354868380743728,-243.45842,220.04556,10.034913,-10.778585,45.43267,0.7358529,-49.89406,-17.976135,1.0055768,7.3370705,1.9485781,-0.21144915,-10.383661
923,15.383333333333333,0.18736467,111.22377946169063,995.5357778562678,556.2420982644317,2193.5868982199368,2917.180766535099,0.016091630377224445,0.06403854314183756,17.354868380743728,-267.79727,210.8747,17.79451,-2.6312966,49.354534,5.426648,-53.050873,-24.53201,6.628644,7.151843,-6.5040817,0.21377985,-4.6274223
924,15.4,0.1865637,111.96930070669677,946.5958926752282,492.21669969402916,2153.2929509320006,2965.786211090194,0.016091630377224445,0.06403854314183756,17.354868380743728,-273.53705,207.04456,18.018953,6.266115,55.894135,0.56937265,-59.15028,-31.228802,4.4223948,3.7131562,-4.0548887,1.0276184,-8.741059
925,15.416666666666666,0.18306305,113.04543224625142,993.7552699650097,494.7321263164319,2396.2318390101914,3072.913649447148,0.016091630377224445,0.06403854314183756,17.354868380743728,-278.737,194.15997,15.8541355,23.301981,62.374084,-2.3808594,-56.46975,-18.924587,-0.50144905,-2.8132048,-0.6120328,-3.2492726,-5.2118955
926,15.433333333333334,0.17408536,112.44457299607713,1087.3215523850886,529.1950576835158,2596.2638155662735,3127.084491651177,0.016091630377224445,0.06403854314183756,17.354868380743728,-272.45917,183.88116,17.25682,41.400787,61.22126,-15.893141,-60.578293,-10.760645,-4.5131426,3.3013532,-1.6972845,-18.081635,-1.785365
927,15.45,0.1771037,111.87969349923016,1123.1849237382028,512.6836817122295,2604.2886123118246,3134.2072154749258,0.016091630377224445,0.06403854314183756,17.354868380743728,-283.13446,171.95282,18.129614,56.822132,64.27754,-24.625866,-58.3627,-9.619493,-7.2290373,1.5265131,-2.9493766,-22.982632,2.7770817
928,15.466666666666667,0.17385261,113.06231898134591,1064.4060519616983,471.34860531057456,2655.147233740785,3186.0979461139086,0.016091630377224445,0.06403854314183756,17.354868380743728,-303.728,160.18684,30.323708,68.84447,59.587715,-33.372543,-61.58657,-4.1781483,2.982242,1.4349873,-1.3467362,-23.913979,-1.4101404
929,15.483333333333333,0.15906227,113.82019246883705,1084.2635745589691,442.2942204337992,2719.6224453097825,3158.731156204308,0.016091630377224445,0.06403854314183756,17.354868380743728,-338.4064,133.40057,26.598087,71.91452,57.119812,-37.906376,-52.145016,3.4090283,5.6045475,1.6700044,-3.9880264,-23.200089,-1.3437045
930,15.5,0.13635208,112.68217780129386,1114.301811042009,413.2539941851572,2781.466428495301,3171.4692245534416,0.016091630377224445,0.06403854314183756,17.354868380743728,-356.0421,124.46295,24.220356,69.168335,57.7343,-40.30156,-50.69699,2.000907,7.943781,-0.7448782,-10.612434,-20.1795,-4.0947614
931,15.516666666666667,0.10914657,112.1208475888316,1128.649764300372,354.03464769411573,2774.8378015266217,3240.343190752642,0.016091630377224445,0.06403854314183756,17.354868380743728,-374.03143,111.766716,24.645363,70.35344,60.26071,-33.052734,-45.085434,5.4859943,10.234552,-3.8989384,-9.616347,-13.882563,-3.7870739
932,15.533333333333333,0.07725242,111.73399645718386,1223.519252093005,304.8383821420306,2803.780697669051,3292.2284326585027,0.016091630377224445,0.06403854314183756,17.354868380743728,-387.23682,105.50328,26.091953,64.22969,56.38273,-27.894154,-39.083527,9.216593,15.337308,-6.0672455,-14.58333,-10.291286,-2.2783082
933,15.55,0.04115049,111.3424733014353,1652.1163615927417,410.1348297561831,2807.5075407039517,3300.7958769405923,0.016091630377224445,0.06403854314183756,17.354868380743728,-403.96805,89.38934,18.781532,55.192802,48.951393,-24.335306,-31.209148,12.297962,19.257854,2.2114787,-9.508844,-9.562727,-1.0186758
934,15.566666666666666,0.012645867,0.0,2841.497597254299,574.3625299715994,2775.97032343935,3301.9785502172967,0.016091630377224445,0.06403854314183756,17.354868380743728,-434.7795,62.710323,7.6202197,40.29589,44.066223,-15.697412,-27.681774,11.782223,19.709959,1.168745,-4.14629,-1.038373,0.08164097
935,15.583333333333334,0.0039200704,0.0,2691.7746373952878,465.51133844468694,2768.357753341522,3293.368377737213,0.016091630377224445,0.06403854314183756,17.354868380743728,-448.087,53.65525,7.3013887,38.44938,50.08004,-2.7014604,-21.660328,16.492413,27.357517,0.44619116,-5.752234,9.252473,8.578324
936,15.6,0.0030466553,0.0,2561.1944626415716,466.6476232823359,2742.564546460247,3250.2447771249804,0.016091630377224445,0.06403854314183756,17.354868380743728,-464.0487,47.156178,12.819717,28.872831,39.438526,4.117985,-18.397936,5.9101963,22.977764,3.4139829,-9.789299,4.904831,12.306137
937,15.616666666666667,0.0014679153,0.0,2604.938375371964,622.5492934660263,2715.601154570873,3213.692765890566,0.016091630377224445,0.06403854314183756,17.354868380743728,-489.14706,31.58027,17.60313,19.99192,22.613653,9.1459875,-2.4458249,4.790973,13.562438,6.4201026,-2.3421855,2.0747232,6.1448684
938,15.633333333333333,0.0010881021,0.0,2264.2688894627245,615.4032715802775,2722.088817142278,3239.797700973806,0.016091630377224445,0.06403854314183756,17.354868380743728,-499.79233,25.041039,21.471718,20.443035,19.146194,14.733511,10.682304,10.16391,9.833681,6.3657765,2.601614,1.5313448,0.5940602
939,15.65,0.0011099657,0.0,2206.955807298941,584.6182464056398,2715.261821695047,3226.914100578999,0.016091630377224445,0.06403854314183756,17.354868380743728,-502.3467,23.073822,21.546818,19.946423,17.927923,15.036286,11.926439,9.426405,7.2154627,4.656255,2.1891644,0.6198725,-0.3191507
940,15.666666666666666,0.0009829891,0.0,1948.5875393922315,400.79293517607334,2675.3141921047454,3051.388765533886,0.016091630377224445,0.06403854314183756,17.354868380743728,-500.1725,26.35149,24.858658,22.504734,19.47538,16.001427,12.334209,8.719463,5.372987,2.4608274,0.08653575,-1.7137041,-2.9673815
941,15.683333333333334,0.00088373706,0.0,2201.887406180756,436.7873157484905,2738.718962988294,3488.6883680692727,0.016091630377224445,0.06403854314183756,17.354868380743728,-503.0276,22.439083,21.306576,19.503483,17.14759,14.387524,11.389357,8.322859,5.3487864,2.608337,0.21525514,-1.749378,-3.2397594
942,15.7,0.0007412604,0.0,2295.9385421973484,549.769362639772,2726.240759763612,3833.6786271662013,0.016091630377224445,0.06403854314183756,17.354868380743728,-506.9249,17.09653,16.459862,15.44571,14.119722,12.564707,10.872768,9.136763,7.4419928,5.8590527,4.4385214,3.2080715,2.172173
943,15.716666666666667,0.0006605284,0.0,2462.0320098260463,571.1459511477378,2667.7399843258195,3157.9063898526542,0.016091630377224445,0.06403854314183756,17.354868380743728,-505.63745,18.77737,17.73496,16.08969,13.969768,11.535953,8.965469,6.434428,4.100941,2.0906212,0.4860317,-0.6788439,-1.4186847
944,15.733333333333333,0.0005122589,0.0,3019.242832247348,494.6001896864892,2063.5360559288115,2981.049087630488,0.016091630377224445,0.06403854314183756,17.354868380743728,-509.39093,13.657736,13.161508,12.363674,11.305626,10.040604,8.629639,7.1369367,5.62534,4.152156,2.7657,1.5029972,0.38859597
945,15.75,0.0005591289,0.0,2828.5952331869107,429.3927799353155,1818.9675541928227,2799.2310388352257,0.016091630377224445,0.06403854314183756,17.354868380743728,-509.72568,13.249651,12.943121,12.441027,11.75626,10.906204,9.912218,8.798842,7.59303,6.3232503,5.0185595,3.7077045,2.4182668
946,15.766666666666667,0.00088469964,0.0,2265.1017353762436,705.9994174045803,2671.4043883859304,2846.9979069449505,0.016091630377224445,0.06403854314183756,17.354868380743728,-506.8269,17.221828,16.553223,15.508013,14.171673,12.633797,10.970726,9.235828,7.4600015,5.6607933,3.8557303,2.0734944,0.35832208
947,15.783333333333333,0.0010864236,0.0,1855.3145912239934,704.8500537832098,2667.030695175627,3563.0859109095927,0.016091630377224445,0.06403854314183756,17.354868380743728,-502.93246,22.569473,21.437256,19.670486,17.422398,14.862137,12.146971,9.404203,6.726645,4.179914,1.815963,-0.31484336,-2.15923
948,15.8,0.0016193861,0.0,1501.499193866456,713.4015006611006,2792.4466505486835,3879.1832072148095,0.016091630377224445,0.06403854314183756,17.354868380743728,-499.83292,27.007414,26.031975,24.505423,22.552563,20.308357,17.894197,15.403807,12.90181,10.43351,8.040123,5.771986,3.6934671
949,15.816666666666666,0.0018495533,0.0,1256.9271880135425,485.5860063124155,2086.2737751397754,2871.096928963589,0.016091630377224445,0.06403854314183756,17.354868380743728,-498.1004,29.45538,28.4655,26.892729,24.843664,22.45081,19.8585,17.208141,14.624662,12.205744,10.015253,8.08125,6.398817
950,15.833333333333334,0.001954752,0.0,1454.007908744039,374.8497304531163,1827.0966938979252,3443.7413446400897,0.016091630377224445,0.06403854314183756,17.354868380743728,-498.6899,28.481787,27.109936,25.013649,22.428907,19.604626,16.75431,14.02689,11.5027485,9.211262,7.1582327,5.3497562,3.801643
951,15.85,0.0019894524,0.0,1377.864259698405,652.4448016538096,2742.465824601319,4406.868759533807,0.016091630377224445,0.06403854314183756,17.354868380743728,-497.41516,30.23938,28.729828,26.40031,23.49273,20.280455,17.023602,13.933556,11.153713,8.757835,6.7626343,5.147434,3.8734221
952,15.866666666666667,0.0032044197,0.0,1458.7135010233055,614.5178065511215,2788.4919072802645,3841.288718769108,0.016091630377224445,0.06403854314183756,17.354868380743728,-493.6154,34.30429,31.17804,29.390642,27.153597,22.429031,17.602272,15.343297,13.707804,10.084166,6.2934914,4.9472017,4.322979
953,15.883333333333333,0.003748695,0.0,1478.3972415154972,353.6327132215719,2756.1831014618315,2935.4902627958745,0.016091630377224445,0.06403854314183756,17.354868380743728,-475.51532,48.371895,32.744553,38.056526,41.709484,24.767082,8.008051,9.689051,15.348051,7.547865,-4.935356,-3.7632167,6.0086656
954,15.9,0.009629184,0.0,2529.861661711408,245.02604771085768,2619.391485412067,3034.6414318998764,0.016091630377224445,0.06403854314183756,17.354868380743728,-458.70065,47.562675,14.934011,44.38829,52.561764,14.947409,-2.4965978,10.376401,19.13758,8.667038,-10.7178,-6.5913286,15.827162
955,15.916666666666666,0.06860092,0.0,1138.524284717179,334.84262608530105,2713.119089472829,3175.0244328545127,0.016091630377224445,0.06403854314183756,17.354868380743728,-392.4719,108.89996,44.17006,77.37385,60.572292,-15.640097,-28.719143,-3.853598,-1.499315,-6.5223885,-16.870522,-17.915289,2.5172796
956,15.933333333333334,0.11323792,229.0682887691239,1002.0363796142781,433.79390157675596,2778.73179396289,3260.114911387474,0.016091630377224445,0.06403854314183756,17.354868380743728,-330.18292,148.22388,41.505447,89.90573,65.41826,-39.953434,-51.50293,-2.7313807,0.5317973,-2.5061326,-11.617603,-27.436447,-2.0751486
957,15.95,0.15041463,222.67570981145093,1314.993777461561,445.1002069252738,2721.276652997411,3183.580790183275,0.016091630377224445,0.06403854314183756,17.354868380743728,-300.64484,151.39598,16.832829,79.97478,69.66794,-42.24391,-63.11429,-5.4954743,-0.39899254,4.529216,-7.83302,-36.12339,-4.3032894
958,15.966666666666667,0.16401918,218.46142488927705,1437.705685428604,451.837459293117,2652.3615493978264,3073.555025190084,0.016091630377224445,0.06403854314183756,17.354868380743728,-293.18512,147.84273,0.9182376,57.96564,69.71889,-35.725296,-65.700935,-11.366001,-0.84972703,6.4510612,-7.65068,-33.395824,-6.130117
959,15.983333333333333,0.16642421,217.66568659668238,1330.85857542322,454.2457480132777,2562.8742543393146,2971.081051428105,0.016091630377224445,0.06403854314183756,17.354868380743728,-280.31387,159.01984,-3.600883,36.490242,59.02189,-22.251846,-55.018005,-12.906144,-5.371275,7.6574717,0.31667048,-28.95536,-10.467482
960,16.0,0.16814013,216.99632213002133,1044.7418750580855,409.92400139251254,1833.22741462976,2856.970484713459,0.016091630377224445,0.06403854314183756,17.354868380743728,-296.26617,172.22377,21.514084,16.405336,27.635483,-18.362617,-35.13929,-5.7227407,-9.610661,-12.538351,-7.159614,-18.401823,-2.6100566
961,16.016666666666666,0.16450205,215.95915373479087,840.4499428295503,334.3424028252714,899.2507093298302,2721.444424813638,0.016091630377224445,0.06403854314183756,17.354868380743728,-327.6011,175.36539,47.504993,4.08274,4.4284916,-6.4148917,-24.773102,-8.33914,0.8910836,-6.995207,-13.045261,-22.402702,-9.573871
962,16.033333333333335,0.1686294,217.35466263862276,598.7608618283098,295.33377816651245,876.8260770372053,2631.628196227652,0.016091630377224445,0.06403854314183756,17.354868380743728,-362.25635,168.8715,73.74704,17.794144,6.3919888,1.0075884,-12.730498,-6.263653,7.490307,0.9070078,-15.873825,-24.314062,-15.137522
963,16.05,0.17309326,219.7339601636068,504.68723639364,279.32150893979735,857.2934287894795,2723.3555416654594,0.016091630377224445,0.06403854314183756,17.354868380743728,-386.8342,151.64867,80.43656,28.45743,7.743368,-1.5854466,-6.3368177,1.9948301,11.8740635,4.6208944,-12.966507,-20.90788,-17.225655
964,16.066666666666666,0.15856352,221.58991108389534,472.0006739132855,253.94829189449655,838.5229895650297,2710.689756138457,0.016091630377224445,0.06403854314183756,17.354868380743728,-394.9365,147.7998,88.47398,39.297356,13.326263,-0.7837846,-6.940195,-0.6609086,9.3290825,6.2596254,-8.642623,-17.80128,-15.846735
965,16.083333333333332,0.12731539,218.64718018204098,448.24136043718806,233.4837005791512,847.548081662017,2636.998037615113,0.016091630377224445,0.06403854314183756,17.354868380743728,-421.0364,121.34909,81.771935,43.01233,16.05833,0.55241615,-3.180312,3.7642426,10.849545,6.5454106,-6.5358768,-16.032625,-17.850187
966,16.1,0.081898116,212.69310044365486,503.21100253573024,223.40171609328436,938.6962850695529,2533.764561773234,0.016091630377224445,0.06403854314183756,17.354868380743728,-430.58612,108.226265,71.15911,38.25109,17.78962,5.009325,-0.22865206,4.768038,11.639093,6.83015,-8.320739,-18.422785,-16.884747
967,16.116666666666667,0.03491542,209.53809780834973,837.4261107280429,448.8387580340127,1635.757566218815,3280.0299031357417,0.016091630377224445,0.06403854314183756,17.354868380743728,-451.69034,83.70273,57.173443,31.866371,15.949629,8.534073,7.523825,10.965855,13.067576,7.182575,-5.2764363,-14.793715,-15.558296
968,16.133333333333333,0.0064844615,0.0,1662.2465721675221,559.6735658557262,1827.3507392635352,3595.2462022717236,0.016091630377224445,0.06403854314183756,17.354868380743728,-465.89334,67.660416,50.00409,30.920855,14.531412,3.3609037,-1.0078194,0.011937201,3.550864,5.708696,3.4316633,-0.72713244,-2.7737598
969,16.15,0.011334924,0.0,2759.585809578421,408.26470771322533,1273.781999277625,2666.6312267381104,0.016091630377224445,0.06403854314183756,17.354868380743728,-369.79044,106.03244,-2.1674662,29.031446,26.220116,-17.08375,0.38035226,5.5658307,-15.482162,-2.3340273,-2.871104,-15.975715,8.650476
970,16.166666666666668,0.03969257,0.0,2057.540654649228,452.2911591744951,1648.4649518404524,2798.3816511827554,0.016091630377224445,0.06403854314183756,17.354868380743728,-324.72632,144.01077,0.46009588,28.646542,33.632362,-10.504439,5.2750497,7.8031683,-17.230675,-4.306095,-1.848387,-10.885515,16.196674
971,16.183333333333334,0.09634124,231.2032223517445,889.2703756871781,325.93982494946465,1527.2928981463704,2482.497481668581,0.016091630377224445,0.06403854314183756,17.354868380743728,-322.28476,179.24872,40.274918,15.527998,41.68143,13.358773,-28.227638,-22.209055,-6.324544,-0.76627636,-4.9633455,-5.872444,-3.1390858
972,16.2,0.105927914,228.00945927320868,842.4380859022357,379.87994286106596,1700.5952131494582,2400.5004726256743,0.016091630377224445,0.06403854314183756,17.354868380743728,-304.58456,178.28592,15.076786,15.211578,46.6168,6.531516,-28.851164,-28.549301,-19.231003,-3.6607084,-5.86278,-14.044281,-6.9227114
973,16.216666666666665,0.08166596,225.03164880771243,1572.9731168055519,294.71732736521193,2158.0658573207834,2890.790642503087,0.016091630377224445,0.06403854314183756,17.354868380743728,-327.802,124.87775,-25.136063,39.9459,71.332375,-5.443313,-26.74194,-11.933741,-14.767277,-4.867193,-8.59753,-18.846308,-2.5519817
974,16.233333333333334,0.055517666,223.1497449569501,2022.3739895628955,236.42050385564346,2322.8826332801445,3013.548776434605,0.016091630377224445,0.06403854314183756,17.354868380743728,-347.75473,105.62526,-34.75602,34.97129,81.05197,13.025689,-16.466072,-4.792218,-4.499012,3.177898,-0.44360796,-12.763498,-6.6892242
975,16.25,0.09504384,226.403804322401,1098.7236621436496,315.2467286386652,2350.800404062131,2947.0640341147086,0.016091630377224445,0.06403854314183756,17.354868380743728,-340.327,142.23071,8.492985,25.911507,64.17501,9.967763,-39.39101,-17.660217,0.77119935,0.2690958,-11.416819,-15.598444,-10.09083
976,16.266666666666666,0.120452635,232.76624244542126,946.9689260775657,416.4361007512556,2616.5973582994884,2987.464022240459,0.016091630377224445,0.06403854314183756,17.354868380743728,-333.9836,147.60269,21.531334,44.47193,65.07903,-6.701829,-46.98352,-12.008512,-1.495151,1.974632,-2.6708336,-13.886377,-9.922352
977,16.283333333333335,0.110935554,227.99905262832942,1010.4321633347995,376.8973979897439,2536.3362144621633,3074.4922632082407,0.016091630377224445,0.06403854314183756,17.354868380743728,-352.9225,127.89099,19.067707,57.80363,66.69945,-13.009039,-40.857666,-11.57292,-3.2266927,9.244838,-0.17907238,-26.632458,-15.24938
978,16.3,0.06645466,223.17818763885958,1924.3899806327527,280.28012727163156,2495.7230865667243,3156.7306314590933,0.016091630377224445,0.06403854314183756,17.354868380743728,-366.68588,95.548035,-6.862837,72.581985,77.57901,-15.524466,-24.649218,-5.4692783,-11.773123,11.827459,7.926279,-31.257675,-16.314434
979,16.316666666666666,0.017356843,223.73691979839887,3371.3245594317514,306.9418770798033,2406.3763681110654,3353.013924197016,0.016091630377224445,0.06403854314183756,17.354868380743728,-423.45673,52.583656,-7.091597,61.463432,60.074074,-6.3424454,-1.4952166,7.726322,-7.630064,12.642563,7.3977833,-28.149155,-6.298561
980,16.333333333333332,0.0053852177,0.0,2051.5863915831014,336.5069392125399,2494.189744297408,3579.034052957005,0.016091630377224445,0.06403854314183756,17.354868380743728,-474.8832,54.050636,44.29911,39.847218,25.812244,12.295284,9.798681,3.855382,-2.3560462,1.5094147,0.43858886,-6.5523014,-3.71416
981,16.35,0.0037254682,0.0,1732.0595973924292,383.29135615345655,2557.7955542080513,3428.0832794499825,0.016091630377224445,0.06403854314183756,17.354868380743728,-486.02664,45.025864,39.85499,32.32567,23.759258,15.4902,8.560019,3.5306735,0.45462143,-1.01778,-1.4539481,-1.4494095,-1.4874132
982,16.366666666666667,0.0020992882,0.0,2344.5716001392566,414.99816382852464,2583.7254443652146,3444.2552844651354,0.016091630377224445,0.06403854314183756,17.354868380743728,-497.06195,30.417301,27.996881,24.319366,19.847664,15.103794,10.579133,6.6590567,3.5761082,1.3973227,0.043055996,-0.6719909,-0.9875277
983,16.383333333333333,0.0012065383,0.0,2175.5695155628505,265.1781707405703,2700.071611745741,3743.615362991248,0.016091630377224445,0.06403854314183756,17.354868380743728,-497.84418,29.373188,27.115952,23.641169,19.33411,14.650801,10.051716,5.9375277,2.5971417,0.17611393,-1.3305042,-2.060708,-2.2480109
984,16.4,0.0010472243,0.0,1956.8630760651297,395.13011590056857,2586.10485622443,3925.3686898883143,0.016091630377224445,0.06403854314183756,17.354868380743728,-502.30432,23.440823,22.257063,20.404682,18.04501,15.368597,12.568,9.812223,7.227416,4.8867426,2.8106737,0.97655004,-0.6650679
985,16.416666666666668,0.0009544333,0.0,2371.814517304593,635.6173518692274,2460.39852414747,3147.0957325591953,0.016091630377224445,0.06403854314183756,17.354868380743728,-506.2181,18.129673,17.585003,16.696472,15.492147,14.009752,12.295159,10.400612,8.382686,6.3001585,4.211775,2.1741383,0.23971832
986,16.433333333333334,0.00072226353,0.0,2472.5359335285275,589.4353926413,2645.747034814742,3578.4099096699033,0.016091630377224445,0.06403854314183756,17.354868380743728,-507.36362,16.556997,16.152582,15.492218,14.595709,13.489458,12.205307,10.779117,9.249306,7.655365,6.0364623,4.4301853,2.871518
987,16.45,0.00042732956,0.0,2813.8535516917063,588.0455061528945,2603.7319121873898,3864.9615456691017,0.016091630377224445,0.06403854314183756,17.354868380743728,-508.384,15.070583,14.541044,13.688219,12.554451,11.194756,9.672918,8.057194,6.4157724,4.812525,3.3033128,1.9331168,0.73421717
988,16.466666666666665,0.0005437253,0.0,3124.371870890315,764.4825773618463,2545.7935188884735,3003.2493271267676,0.016091630377224445,0.06403854314183756,17.354868380743728,-509.81992,13.112253,12.794193,12.275543,11.572943,10.708637,9.709524,8.60598,7.4305778,6.216748,4.997455,3.8039317,2.6645632
989,16.483333333333334,0.00058830716,0.0,2409.2399549507,823.9450165800703,1985.0045031968996,3156.8732476850464,0.016091630377224445,0.06403854314183756,17.354868380743728,-507.13892,16.851713,16.37909,15.607955,14.562516,13.275307,11.78598,10.139746,8.385687,6.574896,4.7585783,2.986195,1.303721
990,16.5,0.0006062572,0.0,2410.831799043422,802.9804116194202,1904.0963494057664,3250.716533153759,0.016091630377224445,0.06403854314183756,17.354868380743728,-506.351,17.877354,17.148582,15.981354,14.442649,12.618485,10.607052,8.511054,6.4300137,4.45319,2.6537666,1.0847577,-0.223041
991,16.516666666666666,0.00066230254,0.0,2993.1921744055194,460.0288487120506,1963.912924166413,3172.164059877915,0.016091630377224445,0.06403854314183756,17.354868380743728,-508.8941,14.352133,13.830881,12.990427,11.871269,10.526344,9.017604,7.4120874,5.7777305,4.179304,2.6746156,1.3114717,0.12535562
992,16.533333333333335,0.00063601957,0.0,2006.228579717276,459.53171040248753,1906.5812771981546,3575.667706745981,0.016091630377224445,0.06403854314183756,17.354868380743728,-504.9766,19.836159,19.151592,18.055141,16.609005,14.891676,12.990698,10.994838,8.986713,7.036641,5.1984005,3.5071998,1.9800553
993,16.55,0.00078107906,0.0,2540.6016159988667,808.8540525951765,2574.9575718957913,3948.0505937981998,0.016091630377224445,0.06403854314183756,17.354868380743728,-507.08835,16.898335,16.361794,15.516677,14.424271,13.149668,11.7494545,10.264318,8.718744,7.127193,5.504032,3.8731236,2.2732797
994,16.566666666666666,0.0007110134,0.0,2089.499444975434,789.6463077078876,2231.9746997118928,3222.3206124682647,0.016091630377224445,0.06403854314183756,17.354868380743728,-503.01135,21.987612,19.646606,16.461315,13.237061,10.665234,9.087483,8.393253,8.087115,7.499034,6.0579667,3.526175,0.106758706
995,16.583333333333332,0.0007302237,0.0,2425.336086934649,811.8887382012257,2313.9646824016354,3481.657520707705,0.016091630377224445,0.06403854314183756,17.354868380743728,-502.69418,21.742844,17.599926,12.229589,7.325941,4.285734,3.6991608,5.1543036,7.426397,8.975232,8.556401,5.7109404,0.94703794
996,16.6,0.0006514013,0.0,2526.5502853756734,741.754617639331,1910.6133970026003,3401.3901110930083,0.016091630377224445,0.06403854314183756,17.354868380743728,-501.3668,23.604424,19.325905,13.48941,7.5970316,3.028655,0.6258477,0.47050092,1.9247246,3.9061666,5.291999,5.305137,3.7494316
997,16.616666666666667,0.00088408525,0.0,2161.956395230601,718.97705089894,1325.5240616607468,2626.1167468441627,0.016091630377224445,0.06403854314183756,17.354868380743728,-497.00397,28.264622,20.332169,10.690877,2.6010375,-1.986005,-2.7343059,-0.3297092,4.153359,9.36733,13.5513115,14.809569,12.026833
998,16.633333333333333,0.0010243526,0.0,1834.5627689787989,762.3224744046684,1525.2119297692145,2936.7499929116534,0.016091630377224445,0.06403854314183756,17.354868380743728,-489.70255,36.532104,23.935429,10.167598,0.49402556,-3.6965215,-4.034493,-2.25847,1.3847542,6.977623,12.85714,15.556732,12.412878
999,16.65,0.0010236792,0.0,1927.5810099953308,718.6305693884186,1468.0582133795333,3093.6638826369676,0.016091630377224445,0.06403854314183756,17.354868380743728,-490.59222,34.75714,21.2914,7.6787753,-0.13886687,-1.6250758,-0.2228947,1.1059216,2.6465962,6.4273434,12.481997,17.23933,16.12404
1000,16.666666666666668,0.0011054259,0.0,1770.8989645666156,706.2892244641453,1465.5303143668564,3348.7541869671263,0.016091630377224445,0.06403854314183756,17.354868380743728,-482.6746,44.897743,28.459515,10.579176,-1.7897084,-6.986637,-7.6885414,-6.772258,-4.4253283,0.8316301,8.800989,15.932224,17.498554
1001,16.683333333333334,0.0013270674,0.0,1943.2688989259868,677.5037988922601,1500.146193924304,3367.687657639665,0.016091630377224445,0.06403854314183756,17.354868380743728,-479.04208,49.187923,30.89645,11.645912,-0.5883851,-4.5366697,-4.4875073,-4.8742347,-5.970039,-4.5152416,1.8595247,11.101299,17.675163
1002,16.7,0.0075727594,0.0,3929.0283294365317,759.8587032624876,1752.7337387101036,2847.5096478194364,0.016091630377224445,0.06403854314183756,17.354868380743728,-360.17587,103.6443,-30.86676,-13.949228,6.8066826,-19.082912,-10.498295,-10.093855,-29.309887,3.4664521,11.131951,-19.2048,-11.431387
1003,16.716666666666665,0.007907699,0.0,4011.650721039823,773.1434868223881,2045.8588974105835,2836.2791877181025,0.016091630377224445,0.06403854314183756,17.354868380743728,-329.85327,111.75873,-34.535255,-12.515633,16.588991,-21.525024,-13.086124,-7.8933873,-37.094368,8.431336,9.844549,-17.555573,-11.705004
1004,16.733333333333334,0.041702688,0.0,2928.405158983339,542.4807455606754,2078.22571950125,2802.086264245728,0.016091630377224445,0.06403854314183756,17.354868380743728,-396.9202,95.14698,4.558404,20.955389,31.866028,-7.2142506,-16.578184,-6.003189,-7.983631,3.127062,5.13466,-15.966941,-10.641895
1005,16.75,0.116679795,231.8331788318823,1098.037243486962,363.66406406395333,1680.996077851004,2666.4913943806264,0.016091630377224445,0.06403854314183756,17.354868380743728,-307.78522,169.17133,17.690887,21.30992,56.188385,5.3675776,-51.389706,-24.05056,-10.313282,-6.541639,-16.151262,-30.82716,-18.471758
1006,16.766666666666666,0.13014549,222.85489360181148,1193.0302335521376,427.0421947828943,1573.6678062646115,2517.92217611189,0.016091630377224445,0.06403854314183756,17.354868380743728,-291.42557,166.67407,-4.236359,19.362633,68.876274,5.097231,-58.44132,-24.723358,-10.414577,-3.5635076,-15.158472,-27.295746,-11.112581
1007,16.783333333333335,0.103151925,217.13788608164575,1111.988087691628,363.2654331115906,2216.0621559310093,2703.915326409139,0.016091630377224445,0.06403854314183756,17.354868380743728,-327.54553,149.47488,7.830571,37.25648,59.676636,-8.53211,-39.675858,-20.82548,-11.254886,-7.004957,-11.80913,-20.395538,-12.190458
1008,16.8,0.044851083,219.7303770009152,1771.90269877446,313.6245773064235,2054.485334909464,2991.2797329175837,0.016091630377224445,0.06403854314183756,17.354868380743728,-364.60712,108.115326,-1.9966911,49.52435,59.253014,-14.228117,-17.319511,10.73437,-5.344763,-8.878792,2.0070689,-6.2091484,-5.9953113
1009,16.816666666666666,0.11245164,229.8077827741004,1261.0189312258965,373.9991422625778,2228.874479110081,3108.690010195809,0.016091630377224445,0.06403854314183756,17.354868380743728,-317.29004,147.61264,0.28916162,50.85869,70.38838,-15.18969,-33.28486,-2.522762,-13.653941,-16.547882,-7.5991087,-15.99372,-9.926328
1010,16.833333333333332,0.18358089,182.86811260136847,1008.636604299409,436.46706821755595,2559.3511676936105,3081.8312905879575,0.016091630377224445,0.06403854314183756,17.354868380743728,-268.55502,187.18843,9.879143,43.252342,72.434494,-10.648246,-53.147644,-6.568493,-8.905359,-10.11264,-13.158297,-25.992268,-7.588529
1011,16.85,0.22260053,112.0872073218897,1168.4995683231737,436.7535428478647,2623.1073465951276,3086.0521391873444,0.016091630377224445,0.06403854314183756,17.354868380743728,-267.71722,173.38803,5.357216,52.43339,77.26041,-12.2286625,-59.31981,-0.9297517,-8.016167,-7.9770985,-5.184279,-25.683552,-2.3098035
1012,16.866666666666667,0.21821,111.30002206677788,1227.651895084848,431.29129199996953,2693.750998925264,3109.0901825950705,0.016091630377224445,0.06403854314183756,17.354868380743728,-275.6841,164.66771,7.924066,53.076523,74.230194,-14.738394,-53.855118,3.44451,-8.461082,-10.01695,-12.299865,-24.706356,4.3161283
1013,16.883333333333333,0.20208415,111.80169123785926,1186.0853528044263,427.6345352570336,2732.0590700725984,3165.645716063456,0.016091630377224445,0.06403854314183756,17.354868380743728,-282.35413,164.4949,12.429071,60.866627,76.713936,-20.188078,-51.375603,2.654641,-5.259942,-6.207355,-14.262022,-30.03165,-4.6447453
1014,16.9,0.19858545,112.01605066669909,1227.6894973372196,423.18932619058467,2762.14899267277,3162.244607102886,0.016091630377224445,0.06403854314183756,17.354868380743728,-279.22806,163.16727,16.232792,65.919785,88.33402,-13.583245,-51.408913,1.6077543,-6.0233555,-5.574725,-10.169277,-23.116045,-3.7047062
1015,16.916666666666668,0.20014861,111.49022857807144,1303.5333395690052,421.50332467741595,2722.5737354092716,3147.3936557079946,0.016091630377224445,0.06403854314183756,17.354868380743728,-272.2617,168.66217,9.885405,64.48275,89.48796,-13.854847,-57.3323,1.2877353,-4.012083,-9.25124,-6.5766087,-20.530577,0.5617385
1016,16.933333333333334,0.18625772,111.25556814474955,1252.6680714216182,408.96914283980965,2661.1284435315156,3122.809446023738,0.016091630377224445,0.06403854314183756,17.354868380743728,-272.75534,172.74942,10.407688,62.289524,88.28339,-13.374457,-63.762012,-1.5563848,1.2908654,-5.3742657,-6.912985,-23.080713,-6.259292
1017,16.95,0.14207134,109.51966373940682,927.5579636179311,347.84237605745284,2151.828782628757,3006.143746525876,0.016091630377224445,0.06403854314183756,17.354868380743728,-316.99387,168.41202,28.94713,55.489765,80.35889,-1.5717353,-52.312737,-16.354708,6.5873384,-3.5914674,-12.341814,-14.283059,-4.26797
1018,16.966666666666665,0.07090181,106.80863314119128,1533.9510420538063,428.35701097095455,2094.952252968442,3194.266925280603,0.016091630377224445,0.06403854314183756,17.354868380743728,-382.40997,106.457855,21.51532,62.1055,59.760338,-11.302732,-16.513514,7.7478876,-3.2233438,1.5241017,12.236411,-3.6940348,-3.0513613
1019,16.983333333333334,0.014129702,0.0,2884.859451716024,673.2752617196353,2710.5045164255944,3397.1740429635115,0.016091630377224445,0.06403854314183756,17.354868380743728,-386.92508,83.32002,-6.0853834,64.504425,67.38847,-23.740711,-23.140465,13.821463,-9.234014,-9.522753,17.937717,8.717037,2.9136195
1020,17.0,0.018912805,0.0,2484.7517504166085,662.6747054338301,2480.0547869548927,3121.6183901929794,0.016091630377224445,0.06403854314183756,17.354868380743728,-387.58334,87.35881,-7.7422357,53.67251,76.46224,-3.1736891,-26.232826,4.866906,3.103679,3.090438,16.603394,9.694673,11.019534
1021,17.016666666666666,0.09957583,0.0,1310.3446009778038,528.5579300165367,2649.6570935750674,3157.6775385559217,0.016091630377224445,0.06403854314183756,17.354868380743728,-368.86435,118.08755,22.446316,69.28767,80.86774,-6.0832405,-40.615902,-7.2303963,0.28790855,-10.0919895,-11.540173,-8.460388,8.617599
1022,17.033333333333335,0.16084197,231.60391831399934,968.3907710092232,434.59750929443646,2741.1646844543397,3120.7465166299335,0.016091630377224445,0.06403854314183756,17.354868380743728,-312.88513,158.54825,28.33986,67.85257,68.21394,-24.046978,-56.720757,-11.799322,-6.7146482,-10.006513,-13.840664,-22.147123,2.0358636
1023,17.05,0.19268379,228.6994280044758,1097.7526176750653,447.70600932677473,2749.9300702906444,3164.4137263910193,0.016091630377224445,0.06403854314183756,17.354868380743728,-287.11508,165.24683,15.98164,67.12192,73.40047,-22.41219,-54.807434,-6.0962467,-8.009787,-6.5286274,-10.747007,-25.496304,0.41110754
1024,17.066666666666666,0.19091393,228.18646431797004,1084.033240041979,441.4847029860411,2762.8760964546527,3153.5252975211065,0.016091630377224445,0.06403854314183756,17.354868380743728,-287.73447,166.0646,16.74635,70.58475,74.56123,-23.195728,-47.60066,-6.5539885,-8.523483,-4.5020885,-13.401838,-28.778969,-2.7767296
1025,17.083333333333332,0.18693669,229.3584050675634,1064.817240451987,441.89547434537326,2746.301049204821,3099.4477525174834,0.016091630377224445,0.06403854314183756,17.354868380743728,-292.39206,166.90741,17.360516,63.14125,70.422455,-20.111904,-43.292747,-1.8104296,-5.0575023,-4.1358843,-16.490084,-25.610153,0.8846555
1026,17.1,0.18835413,230.6602694750122,1042.455099385425,446.0730507892562,2717.993520477739,3091.343482517433,0.016091630377224445,0.06403854314183756,17.354868380743728,-296.7679,162.88608,22.893353,65.4359,65.686134,-19.575466,-38.45114,0.7985114,-7.843115,-0.03283906,-14.380468,-29.191765,5.2449694
1027,17.116666666666667,0.18931074,231.51258564198503,1092.0471491094452,449.3543179491843,2713.2727086704904,3100.82983650187,0.016091630377224445,0.06403854314183756,17.354868380743728,-295.84253,159.58205,17.77874,62.05359,66.968124,-17.772547,-41.83182,1.5587388,-8.896763,-5.705525,-16.08984,-28.307909,4.6631966
1028,17.133333333333333,0.18357994,232.3938394724747,1036.3013379905951,451.8757222258835,2714.0852653488814,3122.086244407592,0.016091630377224445,0.06403854314183756,17.354868380743728,-296.6443,160.98206,17.669918,61.022823,63.713608,-20.585352,-37.735035,-0.3407675,-11.843872,-6.5794697,-18.908733,-24.997616,8.455461
1029,17.15,0.16986917,233.57202544357523,1110.2039261090576,457.1807526745358,2723.894671893839,3107.5397362183458,0.016091630377224445,0.06403854314183756,17.354868380743728,-305.89627,155.51138,14.26601,60.89433,67.208244,-19.933949,-37.65538,-1.4000688,-12.663984,-10.974108,-18.385935,-23.273441,8.847748
1030,17.166666666666668,0.13812457,234.7785562607935,1075.512754194551,460.26844576553384,2743.213821863974,3111.3218522478996,0.016091630377224445,0.06403854314183756,17.354868380743728,-322.94574,149.34424,29.013111,65.60382,61.087444,-24.568478,-44.984577,-3.062397,-7.389187,-8.891674,-22.916365,-24.983856,11.928665
1031,17.183333333333334,0.096438356,233.0809162549591,1244.3737236587035,445.87616481609854,2741.039547439791,3152.8734400080807,0.016091630377224445,0.06403854314183756,17.354868380743728,-356.59412,121.460236,18.351686,58.81024,58.472687,-16.18102,-30.894787,0.80953693,-5.4845877,-12.3983755,-25.948948,-30.563587,6.585779
1032,17.2,0.044766445,229.10509828732,1603.744100642574,443.59921338285136,2728.7920686532807,3165.9402032661346,0.016091630377224445,0.06403854314183756,17.354868380743728,-395.22244,103.039856,23.327522,50.767536,61.21697,-2.3607445,-30.253334,0.33566898,12.254173,-9.306009,-25.134563,-11.873894,14.105153
1033,17.216666666666665,0.010662576,0.0,1623.9524243800852,457.54652409596235,2182.5832002042885,3056.1605858842795,0.016091630377224445,0.06403854314183756,17.354868380743728,-442.991,81.904236,41.66755,30.34528,26.320282,1.6819096,-17.234432,-6.4191513,4.745444,-8.695426,-19.564278,-3.7239637,13.83461
1034,17.233333333333334,0.00571104,0.0,1553.820057416732,465.395948267069,1326.099114852539,2905.899031237678,0.016091630377224445,0.06403854314183756,17.354868380743728,-461.48553,71.44131,49.882854,30.936176,17.396904,5.4303217,-3.5688815,-6.3589897,-6.234093,-7.8224335,-8.65942,-4.542905,1.7213788
1035,17.25,0.0041010724,0.0,2033.693165713636,630.2268424755346,1878.9483790374818,3039.060828717877,0.016091630377224445,0.06403854314183756,17.354868380743728,-433.7058,80.72188,24.729586,17.992523,16.045319,-13.635909,-23.64101,3.1099286,18.339298,0.4545378,-17.529161,-9.891011,6.394582
1036,17.266666666666666,0.0044267867,0.0,2259.7490952579137,869.6794187134691,2706.374025362751,3222.621072524732,0.016091630377224445,0.06403854314183756,17.354868380743728,-405.31992,90.504196,8.161516,24.225784,28.784863,-25.227608,-37.88588,2.068097,18.71029,1.3340648,-14.7734585,-10.146219,7.029111
1037,17.283333333333335,0.0045838547,0.0,2447.4372767294954,875.7132616862348,2634.60681406051,3238.4354975567508,0.016091630377224445,0.06403854314183756,17.354868380743728,-391.51334,92.354645,-5.5979686,20.837189,29.617992,-25.447895,-30.006306,7.7519016,15.355484,0.5208112,-15.959667,-16.901493,6.8969865
1038,17.3,0.0043154415,0.0,2445.969064179865,776.51593327862,2588.9192847720105,3197.7264805143777,0.016091630377224445,0.06403854314183756,17.354868380743728,-393.32486,89.23009,-10.000357,15.576398,27.513874,-19.701035,-22.175415,6.166176,7.0026155,-1.7600343,-11.040819,-13.017772,8.880033
1039,17.316666666666666,0.0038337258,0.0,2449.9299098695983,754.3231848177927,2516.0801547162,3233.2075576603484,0.016091630377224445,0.06403854314183756,17.354868380743728,-401.9154,82.51426,-13.380379,9.660715,25.170284,-22.002586,-31.592403,-0.7630253,8.266587,3.02259,-0.99329495,-1.0398946,13.317893
1040,17.333333333333332,0.0037194097,0.0,2398.6556892737976,758.2110326799572,2493.3445462397162,3286.4005241068103,0.016091630377224445,0.06403854314183756,17.354868380743728,-401.91925,84.4043,-7.910904,15.126747,27.545069,-19.930086,-29.89993,-2.1355836,8.048379,5.887292,-1.7799373,-8.145421,3.5072918
1041,17.35,0.00361861,0.0,2340.540753318763,692.8964943337776,2483.481993760652,3260.4598756401747,0.016091630377224445,0.06403854314183756,17.354868380743728,-401.95898,85.990906,-3.3164697,20.645939,31.538242,-18.274044,-31.220003,-5.044093,6.9806576,6.686577,-0.44746095,-5.5165977,4.7338104
1042,17.366666666666667,0.003403467,0.0,2379.14074108957,705.8857844857454,2385.112721536432,3255.675446223158,0.016091630377224445,0.06403854314183756,17.354868380743728,-413.45444,77.10802,-4.143137,18.619614,31.955719,-10.2626915,-22.22629,-1.3596969,6.1434927,5.4525666,1.1837511,-4.4107513,1.2601023
1043,17.383333333333333,0.0031587612,0.0,2450.7884413661054,688.2070898941716,2370.417723082671,3260.1518670724818,0.016091630377224445,0.06403854314183756,17.354868380743728,-413.6036,76.709496,-4.132453,20.487381,35.643085,-6.8277683,-21.590656,-4.8969955,-0.22672713,-0.9628055,-3.8322558,-6.0937467,5.0678344
1044,17.4,0.0030176395,0.0,2384.0125764871045,661.716862393521,2410.6037730517182,3285.0742520907,0.016091630377224445,0.06403854314183756,17.354868380743728,-417.23407,75.03506,-1.0070959,24.62338,36.946865,-12.28483,-28.664276,-1.9214665,9.4682045,3.0425587,-4.0045476,-4.088498,6.112218
1045,17.416666666666668,0.00306973,0.0,2605.2630497846676,701.5994948056671,2451.105063762834,3241.1166795866334,0.016091630377224445,0.06403854314183756,17.354868380743728,-418.4218,69.36412,-9.017782,20.270554,32.85144,-16.648392,-30.14338,-5.129909,3.3247604,0.61607563,-3.6672678,-6.5338206,2.292125
1046,17.433333333333334,0.0029885627,0.0,2502.020218295109,676.095988934888,2499.139242743135,3250.4208970360924,0.016091630377224445,0.06403854314183756,17.354868380743728,-415.7419,74.51656,-1.4243767,25.645014,30.582226,-22.986702,-34.948044,-8.374134,2.8536277,4.00023,-0.019447088,-3.0651767,7.1464252
1047,17.45,0.0027615519,0.0,2670.4582618836907,663.6897825685959,2508.324163346041,3244.717011953811,0.016091630377224445,0.06403854314183756,17.354868380743728,-429.24576,61.963085,-6.277196,19.668476,24.970764,-22.045986,-29.55127,-2.924358,6.523629,3.8101373,-3.9588528,-7.211704,5.3937893
1048,17.466666666666665,0.002201946,0.0,2559.037590698099,705.7599412451065,2589.374529418855,3260.9576057540467,0.016091630377224445,0.06403854314183756,17.354868380743728,-436.2801,62.390167,3.1414554,24.604736,31.84076,-13.340414,-31.53384,-9.94087,4.3944964,2.7175426,-3.8185282,-4.4427013,4.4761176
1049,17.483333333333334,0.0019140575,0.0,2517.836335266099,776.5311090879111,2645.3468044529777,3237.3653329742165,0.016091630377224445,0.06403854314183756,17.354868380743728,-452.0174,55.648193,11.403109,23.99055,27.021193,-10.2049,-27.079102,-5.9282074,11.648638,6.937607,-4.52257,-4.170595,3.6632056
1050,17.5,0.0013886226,0.0,2447.4201573825644,789.2019909150994,2618.260274617006,3222.15588560412,0.016091630377224445,0.06403854314183756,17.354868380743728,-464.52133,50.116753,17.674957,23.075241,23.777096,-3.3168726,-17.415318,-1.6680665,13.327799,7.9568334,-3.2623262,-1.7747991,4.3854427
1051,17.516666666666666,0.0010130333,0.0,2572.1223146903953,690.7554192589182,2541.3553277710416,3251.5426929665623,0.016091630377224445,0.06403854314183756,17.354868380743728,-487.01703,35.153057,18.46147,12.193235,8.192277,-4.2233987,-13.224613,-6.5493374,4.0746303,3.6942127,-1.2291145,0.7655934,4.4789085
1052,17.533333333333335,0.0006155047,0.0,2616.5894259514203,688.1876627589869,2554.465528658865,3262.8125352989614,0.016091630377224445,0.06403854314183756,17.354868380743728,-497.40494,28.780739,23.340614,15.867483,8.110646,1.650139,-2.4685197,-3.9667397,-3.3525312,-1.6224692,0.22531825,1.5438324,2.0905292
1053,17.55,0.00059229275,0.0,2679.8651542867883,760.5184523173118,2530.551573890149,3337.522222485031,0.016091630377224445,0.06403854314183756,17.354868380743728,-502.94022,21.924698,19.105455,15.166521,10.987182,7.3803434,4.8693776,3.5858634,3.3088703,3.6106381,4.0374894,4.2537394,4.1036253
1054,17.566666666666666,0.00054699066,0.0,2729.293668400216,795.8100370262767,2524.182506685129,3415.0868533921016,0.016091630377224445,0.06403854314183756,17.354868380743728,-508.0288,15.459669,14.639822,13.448066,12.083519,10.724973,9.480064,8.3667965,7.332243,6.297947,5.2109246,4.0773783,2.9651656
1055,17.583333333333332,0.0006302299,0.0,2953.6487200075226,763.7250459901712,2467.3703053421405,3633.713428599152,0.016091630377224445,0.06403854314183756,17.354868380743728,-508.5742,14.857212,14.489738,13.891613,13.083431,12.092348,10.9505415,9.6935005,8.358238,6.9815702,5.5986085,4.2415094,2.9386015
1056,17.6,0.00074703223,0.0,2373.370798647169,577.2923902397927,2431.646349572542,3870.1130296311344,0.016091630377224445,0.06403854314183756,17.354868380743728,-507.81165,15.916452,15.490993,14.794529,13.845606,12.669293,11.296402,9.762452,8.106545,6.370122,4.5956306,2.8252554,1.099623
1057,17.616666666666667,0.0007527126,0.0,2308.7442174563703,439.1176067822082,2393.372675558853,3688.339612166936,0.016091630377224445,0.06403854314183756,17.354868380743728,-507.74176,15.989478,15.488186,14.670277,13.561405,12.196068,10.616257,8.869848,7.008766,5.0870256,3.1587186,1.2760549,-0.51249135
1058,17.633333333333333,0.00085832813,0.0,2458.550281273009,683.5291595246117,2376.3296772396825,3402.390314362066,0.016091630377224445,0.06403854314183756,17.354868380743728,-507.91928,15.75805,15.316347,14.60034,13.6383915,12.466724,11.126668,9.66185,8.115835,6.530341,4.944211,3.393002,1.9090171
1059,17.65,0.0009090069,0.0,1976.0635477329502,703.969102059219,2262.3728030129314,3553.6641000470663,0.016091630377224445,0.06403854314183756,17.354868380743728,-500.99457,25.100922,23.390924,20.810944,17.689322,14.360106,11.0913725,8.046653,5.288829,2.819191,0.63109887,-1.246576,-2.735991
1060,17.666666666666668,0.0009964238,0.0,1843.547699828939,491.9415653572839,1556.7577394525974,3346.732688976859,0.016091630377224445,0.06403854314183756,17.354868380743728,-500.8455,25.069454,22.686804,19.155455,15.020203,10.85025,7.1174827,4.114743,1.9327295,0.49379858,-0.376912,-0.8725712,-1.145891
1061,17.683333333333334,0.0011560847,0.0,1669.4158317840458,409.45140538420424,1671.9727211282952,3424.1663387342965,0.016091630377224445,0.06403854314183756,17.354868380743728,-494.29654,33.44636,28.685574,22.015154,14.919336,8.801686,4.602088,2.593883,2.4133813,3.2878094,4.3612123,4.992798,4.9266586
1062,17.7,0.0011267391,0.0,1878.0080803651695,660.031251749565,2672.4933752718775,3946.3684937171943,0.016091630377224445,0.06403854314183756,17.354868380743728,-491.10843,37.682,32.142616,24.305744,15.83812,8.362717,3.03048,0.26248002,-0.26781806,0.5756433,1.7433373,2.3667989,2.01735
1063,17.716666666666665,0.004961788,0.0,3125.7240900722195,658.6555331006274,2552.8142894822226,3107.276900712125,0.016091630377224445,0.06403854314183756,17.354868380743728,-427.65912,65.131424,3.5120943,33.976646,32.60846,-17.546745,-25.63871,-11.010294,-5.7415576,0.35169253,-14.522307,-26.796246,0.51189697
1064,17.733333333333334,0.050617993,0.0,2544.5845300612937,491.337732448963,2555.7648274243047,3021.8294514397835,0.016091630377224445,0.06403854314183756,17.354868380743728,-375.42004,103.01604,5.6956544,50.99475,50.382423,-20.930431,-28.51091,-8.2378645,-5.096015,5.4755945,-12.165554,-34.822205,-5.9630046
1065,17.75,0.11917969,277.60117347117557,1584.7463958782982,465.31713504731954,2677.5715565440214,2985.71176661704,0.016091630377224445,0.06403854314183756,17.354868380743728,-277.03986,166.44049,-10.337402,49.13079,60.419853,-42.688824,-63.361023,-22.143446,-7.463421,8.592406,-10.485884,-43.503204,-8.463522
1066,17.766666666666666,0.16890745,271.2881086167277,1730.3630156859545,544.0140082035948,2670.367260250907,3019.881576140593,0.016091630377224445,0.06403854314183756,17.354868380743728,-263.17307,155.59071,-23.11499,49.55285,69.901695,-38.52575,-64.015915,-14.66766,-12.762973,6.486094,-6.249419,-34.74402,2.6830826
1067,17.783333333333335,0.1948563,273.2106567545001,1796.2860304722558,541.8210604816678,2660.7910847702997,3068.699217874026,0.016091630377224445,0.06403854314183756,17.354868380743728,-271.1706,135.09929,-32.11824,47.557674,76.236496,-32.682358,-73.323166,-8.400408,-13.703182,-6.4305925,-4.552742,-29.183338,4.4550705
1068,17.8,0.20248953,274.05045698156613,1747.9802363127446,534.2833187493653,2607.673457493808,3124.3745802495223,0.016091630377224445,0.06403854314183756,17.354868380743728,-259.67166,143.70874,-29.670786,32.33745,73.55003,-25.643688,-80.70769,-15.412486,-15.851318,-7.024825,-6.132658,-28.865366,-8.469491
1069,17.816666666666666,0.2055775,274.1095748965043,1739.1117208437781,531.9721051327789,2549.744148698804,3158.83759080397,0.016091630377224445,0.06403854314183756,17.354868380743728,-236.95749,164.23016,-26.798225,22.467894,76.2771,-21.376823,-81.68503,-16.27387,-12.944431,-7.321267,-6.9482,-26.760986,-12.264142
1070,17.833333333333332,0.19636327,274.4187411846622,1588.901946108951,524.9886630229513,2492.5095889316744,3114.7915891030657,0.016091630377224445,0.06403854314183756,17.354868380743728,-252.7802,163.99783,-21.474693,17.155685,71.89546,-17.553556,-78.29432,-24.86251,-13.9198675,-11.44219,-11.990528,-26.398485,-12.334944
1071,17.85,0.2011104,277.9517256582313,1683.4889994471496,538.8313127583892,2471.435863212403,3096.262633800742,0.016091630377224445,0.06403854314183756,17.354868380743728,-243.9094,163.50586,-22.198261,23.038086,69.25862,-21.741798,-72.52446,-18.600252,-19.037296,0.7695073,-1.8031309,-28.111876,-7.5555525
1072,17.866666666666667,0.20803548,282.08681041856755,1726.3456136808081,577.6680454804789,2469.968918991856,3144.436310108963,0.016091630377224445,0.06403854314183756,17.354868380743728,-233.05005,160.8262,-23.001057,27.669628,60.82661,-27.75156,-60.757538,-13.068935,-27.576591,7.387502,-1.4437823,-32.027603,1.2828832
1073,17.883333333333333,0.20075823,284.32253721931414,1692.123312055763,564.9862597748013,2470.41191139517,3206.0149390452484,0.016091630377224445,0.06403854314183756,17.354868380743728,-219.13014,178.25243,-14.738016,41.04457,59.11049,-34.094704,-46.374725,-10.147752,-22.252567,25.043358,3.508739,-28.772556,6.451489
1074,17.9,0.15480866,284.7091243791024,1644.9874269669058,502.1944929462083,2549.251173507859,3396.622707960408,0.016091630377224445,0.06403854314183756,17.354868380743728,-256.5149,166.68747,-7.9804764,72.31857,64.113594,-38.357727,-19.384691,2.6783519,-20.825928,16.94372,10.838362,-27.188938,-0.07207692
1075,17.916666666666668,0.09538575,0.0,1646.0264239134613,351.443262294173,2489.3495518778736,3613.3623121634473,0.016091630377224445,0.06403854314183756,17.354868380743728,-283.1616,159.34995,9.861227,71.58188,41.974297,-21.868622,15.978644,11.775735,-11.692554,19.72028,8.013578,-19.512981,3.5699036
1076,17.933333333333334,0.055630554,0.0,3083.7238428105966,227.4243114259007,2110.676163288644,3324.1371484093115,0.016091630377224445,0.06403854314183756,17.354868380743728,-281.46655,112.11409,2.7322686,81.75214,27.20647,-7.2463894,31.353325,7.480769,-15.015287,20.100086,12.343206,-4.550971,11.295
1077,17.95,0.057355117,0.0,2706.292896699724,245.081038869214,1801.9170654827913,2990.3504391600445,0.016091630377224445,0.06403854314183756,17.354868380743728,-278.60214,130.73502,8.788325,67.517975,14.819294,-12.68012,26.35065,10.860527,-12.068562,12.735453,7.841493,-2.0714178,16.174667
1078,17.966666666666665,0.06473322,0.0,2558.9318316578538,243.86847909376158,1903.3519841343598,3216.365898615546,0.016091630377224445,0.06403854314183756,17.354868380743728,-277.76706,117.6461,5.9036703,85.24873,34.715347,-4.676674,30.382618,12.926149,-9.059834,23.37429,5.268054,-16.120474,-0.09595877
1079,17.983333333333334,0.06295727,0.0,1910.9479574344075,298.43710412690956,2183.278010421758,3384.9430289425513,0.016091630377224445,0.06403854314183756,17.354868380743728,-277.6096,153.5876,1.8465521,61.11085,37.578056,-4.6408367,31.073116,2.828445,-18.566906,16.8479,2.805501,-14.515496,5.7082143
1080,18.0,0.047200564,0.0,1493.7350668571446,399.12590145033454,2269.5729567430444,3220.9865079005863,0.016091630377224445,0.06403854314183756,17.354868380743728,-337.60806,137.21057,17.570103,53.15112,52.414146,5.5632267,9.381586,8.016208,-0.9971485,17.476835,1.4104161,-17.03426,12.2096195
1081,18.016666666666666,0.09638148,0.0,1706.9075985922627,519.1523785990315,2364.2150410360036,3174.9604976813926,0.016091630377224445,0.06403854314183756,17.354868380743728,-333.0956,139.93298,26.508583,61.379868,52.64945,-8.185013,-12.720324,-11.32617,-5.289201,25.35249,1.0265718,-17.924124,14.950339
1082,18.033333333333335,0.12600437,298.54885188174126,1252.7811646488985,530.383320403084,2208.6577872286807,3103.5473992325005,0.016091630377224445,0.06403854314183756,17.354868380743728,-261.15347,188.47153,5.178053,20.679434,46.287476,-19.100563,-34.77455,-24.253607,-16.738272,17.677298,8.810849,-18.860386,-6.5630217
1083,18.05,0.13035934,292.97106346611884,1056.913003048851,473.5339800003806,1686.3865211860718,2911.872787327744,0.016091630377224445,0.06403854314183756,17.354868380743728,-294.41705,187.1884,24.963867,21.612293,41.446068,-3.0582428,-31.110884,-28.581553,-15.878298,12.842947,8.2621765,-10.839607,-2.3560047
1084,18.066666666666666,0.12139273,298.2544911481249,985.1217229371732,443.3434028736698,1464.7012529949811,2867.373306418684,0.016091630377224445,0.06403854314183756,17.354868380743728,-334.58777,168.44995,35.17276,9.401925,22.630981,-7.5699625,-31.934814,-15.987232,-3.2514982,-0.92454016,3.2286444,3.6913788,-6.741976
1085,18.083333333333332,0.15059704,241.0580919338599,1170.826816742509,673.2777030169655,2015.573456097955,3067.3909251925643,0.016091630377224445,0.06403854314183756,17.354868380743728,-242.61105,213.84866,-7.2515936,-21.283379,32.11992,-15.998725,-52.835026,-20.869534,-4.335824,-0.27316803,3.4589458,5.0450077,-8.119343
1086,18.1,0.17147344,147.63935367200366,1327.2471420771762,780.7681458803626,2072.6244190294406,3050.9777934018252,0.016091630377224445,0.06403854314183756,17.354868380743728,-210.82101,216.79462,-25.560925,-8.676617,32.867714,-24.394402,-42.517715,-11.16568,-10.569201,5.3317,9.967005,-5.1478357,-5.158781
1087,18.116666666666667,0.16742152,147.05577914520484,1420.612995395994,805.74065608201,1986.1200711545655,3079.7908953638366,0.016091630377224445,0.06403854314183756,17.354868380743728,-209.25536,206.6303,-36.700302,-6.2970657,24.337715,-27.288338,-26.932125,-1.261049,-18.167233,8.957122,14.919801,-8.81978,1.006671
1088,18.133333333333333,0.15495487,148.91633938076174,1275.1241024894027,805.791553221263,1754.9657522280954,3064.764143809136,0.016091630377224445,0.06403854314183756,17.354868380743728,-233.27014,206.30423,-24.831818,-14.79729,13.108372,-32.290066,-23.981634,2.8213654,-16.512335,-3.2569056,6.264696,-2.8765168,0.579487
1089,18.15,0.1346018,149.655724640513,1139.7397653673877,711.3807278503068,1522.9377947568198,3066.205063991951,0.016091630377224445,0.06403854314183756,17.354868380743728,-283.1843,184.80185,2.8947365,-23.266468,-4.0741253,-20.0265,-22.95539,-0.5826143,-15.978443,-13.42741,-10.347023,-10.277592,-3.2529674
1090,18.166666666666668,0.1192099,147.92990621960143,1025.85426817986,474.099124318877,1346.5551455087254,2809.7173412651096,0.016091630377224445,0.06403854314183756,17.354868380743728,-331.64264,168.19058,34.997425,-10.305849,-2.0812006,-13.115959,-23.884697,-7.692647,-10.726322,-12.231593,-16.73233,-7.4000025,-6.573599
1091,18.183333333333334,0.11796238,147.17245881485042,926.6617588054374,326.46558709976057,1130.9021680037642,2298.6942628049237,0.016091630377224445,0.06403854314183756,17.354868380743728,-348.20502,159.46625,39.45862,-10.3940115,-6.1809454,-7.332648,-11.913817,-5.820937,-9.496624,-8.116667,-17.546276,-18.508371,-17.458967
1092,18.2,0.124768525,145.9358428666118,1044.4308768847936,322.8691355515909,968.5880535223437,2087.1331471377284,0.016091630377224445,0.06403854314183756,17.354868380743728,-350.32437,157.3866,47.36151,-11.788826,-13.396073,-1.5998552,2.039166,3.9812324,-8.490474,1.3573158,-10.880296,-19.667625,-21.06202
1093,18.216666666666665,0.12804262,144.8235841136764,1048.5029645416698,320.0738156270849,957.5076356513064,2248.836505037597,0.016091630377224445,0.06403854314183756,17.354868380743728,-352.32822,152.4205,48.625694,-5.654792,-10.828433,-4.154294,-5.5156097,6.834562,-2.6350622,0.81716746,-8.636633,-16.592598,-14.774633
1094,18.233333333333334,0.13309531,144.4037157261267,933.5903558545474,316.7193121532128,950.20106272098,2441.236993537737,0.016091630377224445,0.06403854314183756,17.354868380743728,-359.62442,153.93076,52.023907,-3.7541175,-8.343607,-5.4566727,-8.039075,2.315027,0.4092651,2.4377534,-9.755241,-15.521708,-16.851673
1095,18.25,0.15020041,146.3754983768169,829.9125900165318,349.145696097887,904.1389136842721,2436.3638223363396,0.016091630377224445,0.06403854314183756,17.354868380743728,-329.17407,181.79546,61.259743,-0.52507055,-13.372059,-16.853867,-19.51075,-12.53656,-15.256663,-3.6027954,-12.893221,-23.066504,-18.589249
1096,18.266666666666666,0.17004882,149.05049954760528,835.3238214860694,419.0707132247247,875.4749207310007,2345.876145333216,0.016091630377224445,0.06403854314183756,17.354868380743728,-321.11542,187.8148,63.350006,-1.0286286,-16.669697,-26.148342,-29.838833,-15.692159,-19.136597,-8.704655,-11.744478,-16.283543,-19.192278
1097,18.283333333333335,0.18374918,149.14299029220325,871.8791236945935,453.7967218771153,890.6726656479553,2473.2464952186506,0.016091630377224445,0.06403854314183756,17.354868380743728,-339.44638,165.86667,49.293335,-5.206451,-20.198042,-29.867136,-24.693054,-2.57076,-9.167802,-6.7341433,-5.564369,-7.707098,-16.783335
1098,18.3,0.18563557,149.32595333480276,894.7850225469676,506.77596886785216,908.6691968021087,3093.5376431458853,0.016091630377224445,0.06403854314183756,17.354868380743728,-342.22794,165.10236,52.774727,-3.8207068,-21.244003,-38.51735,-34.341537,-2.0910268,-8.130705,-12.112004,-9.74204,-2.6183395,-19.596786
1099,18.316666666666666,0.18519819,148.49692159876867,877.5036950185236,569.1714854695877,970.7798583100931,3176.2440112661843,0.016091630377224445,0.06403854314183756,17.354868380743728,-316.00662,180.78687,42.306736,-7.9714375,-20.940292,-40.65046,-36.63723,4.57446,5.7259073,-11.730444,-18.06977,-7.850902,-11.205925
1100,18.333333333333332,0.18406518,146.65853492869473,928.26491228719,571.6549784980228,1004.8074615105454,2977.938038075938,0.016091630377224445,0.06403854314183756,17.354868380743728,-280.35315,206.43523,34.812214,-21.8656,-13.792032,-29.854631,-39.57747,-0.94185215,6.1545706,-8.077526,-30.331375,-10.677752,0.400603
1101,18.35,0.18264356,145.51929090740342,871.2693140498177,556.3863533498868,1127.1896757764819,2541.4281445004817,0.016091630377224445,0.06403854314183756,17.354868380743728,-270.6,221.70468,33.941658,-31.97836,-5.121546,-6.995715,-29.791294,-14.863485,-1.3035827,-0.7332125,-25.488276,-11.02504,4.3148756
1102,18.366666666666667,0.18854676,144.77474312306543,866.3146169524505,553.3720994498998,1591.7839041815562,2384.555883182126,0.016091630377224445,0.06403854314183756,17.354868380743728,-273.32993,221.24666,32.212543,-32.40102,6.8376417,15.572472,-24.814222,-32.472435,-18.381134,-3.9621139,-10.940025,-5.087765,-1.4799557
1103,18.383333333333333,0.20015833,144.08022974374217,1036.311154453713,558.1476869746979,1940.215760301802,2865.5437446009573,0.016091630377224445,0.06403854314183756,17.354868380743728,-238.3276,211.70813,3.566917,-7.449147,29.183308,-5.155572,-31.265247,-27.306519,-29.815428,2.6930141,-2.453939,-9.141315,-0.84573835
1104,18.4,0.19570039,142.0955338023617,1274.9725162031114,565.917419139892,1966.6339588497112,3222.4904095576285,0.016091630377224445,0.06403854314183756,17.354868380743728,-218.81148,195.0798,-7.078372,13.384327,36.038113,-25.212158,-33.66833,-12.594899,-38.563858,-2.9751294,5.3775253,-19.410349,-9.422386
1105,18.416666666666668,0.15508924,140.50998519071348,1194.0209488287078,533.7927311446767,1880.8898289163142,3231.596402934219,0.016091630377224445,0.06403854314183756,17.354868380743728,-254.61862,190.0281,11.064825,25.84714,34.520935,-15.256736,-18.53939,-13.877512,-39.62133,-6.6814384,12.256527,-10.9012165,-2.2018104
1106,18.433333333333334,0.11024695,140.48036270771325,1072.9732611553957,498.27942776932525,1808.7237255493205,3209.225342705318,0.016091630377224445,0.06403854314183756,17.354868380743728,-352.77887,150.06537,45.58566,27.515285,12.6967,-16.130821,-13.997202,-14.879695,-26.957027,-5.3067627,3.5969849,-6.9218807,-7.0805883
1107,18.45,0.12327616,143.1662713050776,1228.992161464586,495.07520134151144,1928.0399740161904,3162.0663935738316,0.016091630377224445,0.06403854314183756,17.354868380743728,-330.1502,147.98633,35.37612,34.025295,23.108122,-10.7293,-11.325096,-13.672746,-29.094227,0.95061874,2.6930823,-19.695353,-5.521972
1108,18.466666666666665,0.15862355,146.24668247249014,1405.835438603041,554.4322242739427,2097.747816439823,3182.0982229752226,0.016091630377224445,0.06403854314183756,17.354868380743728,-281.89053,155.91452,15.127459,34.414436,37.678905,-16.582455,-30.29151,-21.08176,-27.169537,18.698385,13.38134,-24.963264,-5.1922183
1109,18.483333333333334,0.18288001,145.6525962591851,1563.0474826623695,595.8252975394006,2241.5150720000406,3234.4486578020123,0.016091630377224445,0.06403854314183756,17.354868380743728,-240.70515,166.40422,-0.12732863,37.230362,43.578632,-27.365047,-40.455032,-18.624874,-30.766975,17.982342,7.6537533,-27.363388,1.5270287
1110,18.5,0.1884089,144.76899090194408,1711.5559758848726,614.4945803124054,2392.4391845736086,3281.980106118975,0.016091630377224445,0.06403854314183756,17.354868380743728,-225.01349,169.40785,-5.9943,47.786507,52.254562,-35.338135,-44.42061,-12.220789,-25.705618,17.899475,5.3855944,-30.74791,2.6403472
1111,18.516666666666666,0.18120933,144.43376842109154,1786.2944725768389,636.0591690878133,2457.963319403048,3311.8202184117577,0.016091630377224445,0.06403854314183756,17.354868380743728,-222.69444,170.50638,-12.014364,53.26969,55.939613,-39.231785,-44.18998,-11.220592,-21.74666,19.582119,6.9950094,-32.845795,-1.3323865
1112,18.533333333333335,0.16621849,144.839201183107,1734.391313700946,675.1238401986561,2477.142414222169,3307.2639364000865,0.016091630377224445,0.06403854314183756,17.354868380743728,-238.0645,164.05371,-9.695211,54.297718,51.440483,-39.564346,-50.15496,-5.1052203,-15.528496,13.426685,8.369869,-30.574657,-0.6335467
1113,18.55,0.15049523,144.15966783249826,1561.671149513378,660.4497455285148,2401.027092740827,3216.4155017541716,0.016091630377224445,0.06403854314183756,17.354868380743728,-251.62885,168.34354,-16.045834,42.194733,50.166397,-27.916998,-46.2072,-11.870921,-17.6734,13.435192,12.459328,-26.342968,-5.2631173
1114,18.566666666666666,0.13797249,143.44443783368493,1123.0735892944613,510.67300988465115,1736.3157850756825,3036.031152809175,0.016091630377224445,0.06403854314183756,17.354868380743728,-288.71036,175.89262,22.352678,27.924713,29.174408,-13.020786,-25.555588,-2.4580822,-11.335882,-1.7084236,3.54112,-12.785517,-5.4484577
1115,18.583333333333332,0.13082486,143.85314533195486,946.8861768037821,357.3404326339522,984.6090005001329,2798.38353222587,0.016091630377224445,0.06403854314183756,17.354868380743728,-318.499,174.80937,53.439384,16.807207,5.742244,-1.2882754,-13.318491,-3.4892676,-13.687996,-13.198353,-14.308081,-19.27704,-4.172456
1116,18.6,0.13240428,145.190908982697,914.5531931015023,351.9710098171927,988.3948706175081,2452.5982580211144,0.016091630377224445,0.06403854314183756,17.354868380743728,-330.81302,175.00647,61.825493,14.528219,1.6945179,-1.0807352,-11.110403,-7.3699245,-14.381592,-10.2968235,-14.184683,-17.517029,-3.5206354
1117,18.616666666666667,0.12979044,208.58531081075756,949.9605589288933,343.21000742545436,973.4803515936461,2286.0915686661015,0.016091630377224445,0.06403854314183756,17.354868380743728,-356.83255,155.10548,63.299294,18.906673,-0.6754006,-3.9723463,-8.8682785,-6.516964,-14.137142,-5.517598,-11.11323,-21.125946,-6.267165
1118,18.633333333333333,0.12578705,294.2822089041507,960.8191265944483,358.93407504282754,975.6537068834542,2358.6156733093794,0.016091630377224445,0.06403854314183756,17.354868380743728,-376.53186,139.13408,57.178066,20.021477,0.5804151,-7.672547,-9.21304,-9.840975,-12.55687,-5.056592,-15.905221,-23.95885,-10.895837
1119,18.65,0.12386783,295.40638229563245,1189.6387654002356,431.4723616759951,1454.9047797335222,2655.5166220290025,0.016091630377224445,0.06403854314183756,17.354868380743728,-318.86703,150.45535,6.1548824,15.477875,31.806757,4.8186197,-12.824552,-19.321804,-33.007904,-15.728594,-10.71023,-24.096016,-12.038908
1120,18.666666666666668,0.12387514,296.09523841542716,1474.658391493076,537.8961111904193,2484.794775720812,3578.866799390328,0.016091630377224445,0.06403854314183756,17.354868380743728,-318.52304,130.06519,-9.543522,42.00773,38.84443,-27.49732,-31.155136,-7.5439143,-22.082247,-14.426968,-6.029524,-27.668879,-3.6118145
1121,18.683333333333334,0.12399972,294.94786678986117,1814.131192767799,566.2211431441826,3011.3799248377213,4406.642858043595,0.016091630377224445,0.06403854314183756,17.354868380743728,-336.20526,103.6031,-2.135229,64.99423,26.949379,-54.626133,-30.50872,9.27237,-14.674049,-18.988914,-8.708387,-38.778877,-4.8699274
1122,18.7,0.12516937,294.1264634702328,1769.871824881431,431.8936100135263,1978.5681401982372,3893.8344353815055,0.016091630377224445,0.06403854314183756,17.354868380743728,-338.06052,106.84641,5.385407,72.17407,28.170895,-56.901012,-29.451647,9.861683,-13.8964205,-14.9401455,-9.610613,-36.841816,-6.2516565
1123,18.716666666666665,0.12536266,293.57519320592905,1806.0223430383535,341.3492272336521,511.88492329207344,3156.1532046903017,0.016091630377224445,0.06403854314183756,17.354868380743728,-338.65918,109.538025,11.354882,81.37448,29.418499,-56.28365,-23.8844,12.929085,-14.902075,-11.328056,-4.533658,-33.690228,-4.4357815
1124,18.733333333333334,0.12529421,293.28110250251325,1707.6830504298543,482.97745890992053,1569.6868458433187,3197.791421884508,0.016091630377224445,0.06403854314183756,17.354868380743728,-348.49603,100.97186,9.39282,82.05614,36.57075,-49.47882,-30.805504,9.6529045,-15.074529,-19.76786,-11.227808,-36.451733,-3.8239403
1125,18.75,0.12397303,292.5493832666309,1695.7126681983132,492.72087071067756,3036.5679384136993,3427.997625881725,0.016091630377224445,0.06403854314183756,17.354868380743728,-352.7269,94.03315,0.63865983,77.586296,42.897186,-46.613976,-37.98722,11.469759,-4.2099314,-16.552345,-12.970643,-37.74573,-8.249437
1126,18.766666666666666,0.12464078,291.6823882288845,1481.739325236333,458.4305719197762,2894.9766018692003,3335.721366094234,0.016091630377224445,0.06403854314183756,17.354868380743728,-353.45773,102.78935,3.9267044,75.05293,51.563374,-42.727207,-42.272648,4.143606,-1.432081,-13.372438,-18.12009,-31.956928,-6.719823
1127,18.783333333333335,0.12074914,289.67361736252576,1422.7658040181702,432.51726267157017,2703.001901433293,3186.303706879402,0.016091630377224445,0.06403854314183756,17.354868380743728,-354.49973,105.07645,2.6009417,69.69015,58.417854,-32.65676,-47.926117,-5.992866,-1.3515692,-9.451593,-18.251167,-38.129814,-8.983644
1128,18.8,0.10634832,285.5369971298335,1185.4434976158173,418.65110114753327,2562.382926703541,3107.3921801882975,0.016091630377224445,0.06403854314183756,17.354868380743728,-371.85825,105.250984,7.394615,56.816944,55.844177,-28.044867,-46.625237,-16.203266,-5.784311,-3.3796873,-19.975498,-36.04261,-12.0500765
1129,18.816666666666666,0.084560625,280.169812933734,980.5682273108093,412.56792044931245,2459.3188283908653,3066.313584002681,0.016091630377224445,0.06403854314183756,17.354868380743728,-393.79227,108.84731,33.365482,51.84148,49.06755,-11.831588,-38.135147,-20.900402,-6.2005844,-5.2659254,-18.407799,-24.337772,-10.018995
1130,18.833333333333332,0.05993257,275.8068869176554,1068.3233287033431,390.572727531358,2391.940023471519,3076.7659522515114,0.016091630377224445,0.06403854314183756,17.354868380743728,-410.38416,97.41288,31.089596,43.00334,45.62693,-5.065606,-36.070446,-21.956448,-3.082544,-3.0262065,-15.281008,-18.236332,-9.111467
1131,18.85,0.058240455,275.20236391242673,1201.09925355829,348.8404541961373,2465.8825127008354,3060.834136566563,0.016091630377224445,0.06403854314183756,17.354868380743728,-409.31815,91.230896,20.34214,44.077587,53.891006,-4.114193,-41.91636,-28.323162,-8.491432,-6.806522,-18.175684,-21.289242,-11.040698
1132,18.866666666666667,0.084097765,280.79400163322083,1067.4433220424146,370.0990839475306,2566.549798432253,3087.2822362416587,0.016091630377224445,0.06403854314183756,17.354868380743728,-384.62936,105.483765,18.435497,55.94861,61.43569,-15.235559,-47.850723,-22.63282,-2.8445413,-1.7275034,-16.049395,-21.007256,-4.2289586
1133,18.883333333333333,0.11173497,286.87660177183346,1205.6446052996182,412.70721232405356,2657.274510739725,3167.5127606187298,0.016091630377224445,0.06403854314183756,17.354868380743728,-361.2125,112.832016,9.832544,67.74568,66.00931,-28.943037,-47.457863,-11.785706,-1.0462394,0.7346556,-13.417603,-28.071476,-7.6177597
1134,18.9,0.124334306,288.27338465995905,1408.9046553471167,418.6244136236766,2784.8560503245617,3234.5183781449105,0.016091630377224445,0.06403854314183756,17.354868380743728,-355.67804,102.35564,-0.92813563,75.16069,64.76194,-36.845703,-45.39356,-5.497706,-8.941273,-9.15663,-11.232018,-31.155079,-10.631272
1135,18.916666666666668,0.12907684,288.16292870446773,1643.4033663459566,434.579406376206,2849.272495365961,3328.7591048575205,0.016091630377224445,0.06403854314183756,17.354868380743728,-344.16446,103.24342,-0.61106503,77.06113,61.211266,-45.570564,-47.915474,0.05254039,-6.8107986,-9.544409,-5.9621763,-26.459589,-7.1997113
1136,18.933333333333334,0.12711987,287.341387333089,1702.1976199129879,441.6226378812107,2992.4622849090674,3496.874731835466,0.016091630377224445,0.06403854314183756,17.354868380743728,-350.72638,96.32914,4.3178368,80.605606,51.667397,-51.514473,-42.749557,1.1777146,-13.973385,-11.758614,-3.2308989,-25.240572,-6.783164
1137,18.95,0.12572765,286.29017522878075,1725.0430793410023,434.14613269453827,3074.9589681419234,3666.4296292955987,0.016091630377224445,0.06403854314183756,17.354868380743728,-351.22803,98.514465,14.271255,85.84131,43.40685,-51.330124,-34.83527,2.86049,-16.917461,-12.204712,3.1317008,-26.772888,-8.717315
1138,18.966666666666665,0.1221657,285.3038419881398,1830.660004969585,423.526032284222,3047.9208997869537,3859.20399848343,0.016091630377224445,0.06403854314183756,17.354868380743728,-354.33087,89.259125,14.488745,83.276054,45.52056,-51.04213,-36.04521,6.287252,-17.00742,-17.139345,-1.8197496,-28.77053,-8.783064
1139,18.983333333333334,0.11629019,283.8593682102246,1963.1885438606485,422.76566558602025,3074.8064853409883,3945.0429811091494,0.016091630377224445,0.06403854314183756,17.354868380743728,-356.77612,87.906685,19.262276,86.721375,49.38932,-48.342037,-35.1297,9.816905,-13.149493,-16.477364,-2.7565074,-25.94159,-5.634923
1140,19.0,0.110877044,282.70320348954886,1872.0696350487897,424.6673702020571,3078.754886102922,3932.3553132842826,0.016091630377224445,0.06403854314183756,17.354868380743728,-369.8805,85.667336,19.430304,82.421974,49.874123,-49.332882,-30.910208,12.290288,-8.407274,-15.569895,-5.9970236,-16.207108,-2.3797054
1141,19.016666666666666,0.11214584,282.39462428241825,1946.934991926627,431.54534145741957,3086.5818563479665,3841.315490332795,0.016091630377224445,0.06403854314183756,17.354868380743728,-367.9379,79.648544,19.690435,82.81181,45.43743,-46.674698,-31.341038,12.721865,-13.186682,-13.948054,-4.583355,-20.508959,-4.5432816
1142,19.033333333333335,0.117207125,283.314475039699,1905.9713661963574,450.56507006944565,3016.7294045378303,3680.783586973175,0.016091630377224445,0.06403854314183756,17.354868380743728,-364.6429,80.67966,15.348202,88.62233,52.26377,-45.863903,-32.29906,5.405632,-15.61359,-18.5038,-12.1215,-28.226606,-4.0683403
1143,19.05,0.13160425,284.34762466337,1789.9208224523768,463.15949100366987,2927.745723356944,3505.332125029545,0.016091630377224445,0.06403854314183756,17.354868380743728,-353.0894,90.66146,15.740807,90.0399,57.341843,-38.002502,-36.397194,10.984266,-1.7556915,-12.266497,-3.8809004,-19.126225,6.0260086
1144,19.066666666666666,0.13928135,283.6819467789183,1543.9585566535493,460.477845360261,2778.964436399077,3409.6388108132514,0.016091630377224445,0.06403854314183756,17.354868380743728,-342.3838,106.76683,26.233551,90.921776,62.39819,-27.686264,-35.98188,3.6621048,-5.931323,-4.284054,-0.7132986,-22.348377,5.775148
1145,19.083333333333332,0.12517875,280.13508602943597,1153.1852077442184,451.9337037142771,2508.939131197156,3323.352558404888,0.016091630377224445,0.06403854314183756,17.354868380743728,-348.7028,124.15305,36.70056,81.15013,63.475723,-2.8265834,-25.371637,-7.5597115,-2.993742,9.0788765,6.471883,-27.888885,-1.6589086
1146,19.1,0.082878426,269.056697593618,803.2004195697324,394.9749203139958,2278.013864370747,3278.5184512005,0.016091630377224445,0.06403854314183756,17.354868380743728,-392.06836,128.91092,64.385475,61.98471,52.74262,8.151159,-15.247895,-10.706371,-2.5454428,6.564394,3.3108096,-10.39395,-9.420508
1147,19.116666666666667,0.033860013,258.5995803722646,1447.1641368578717,345.766969271671,2019.8567977205457,3219.2328682386374,0.016091630377224445,0.06403854314183756,17.354868380743728,-443.3149,89.15112,62.38893,49.5638,31.246437,7.601547,-1.1014609,-1.6187195,-3.2189035,0.94766957,4.496383,-0.6290046,-5.4102507
1148,19.133333333333333,0.008560678,0.0,1802.3428267329678,317.3576582108108,1960.8465001586626,3189.255465339012,0.016091630377224445,0.06403854314183756,17.354868380743728,-434.9806,83.389786,42.10083,45.551434,37.975792,9.260721,2.585432,3.2238417,-5.1712027,0.97684896,10.100328,0.7089037,-7.020447
1149,19.15,0.012781004,0.0,1997.7069570544704,262.28751658877746,1956.030250061899,3137.0349468283684,0.016091630377224445,0.06403854314183756,17.354868380743728,-396.4194,100.13927,20.909376,42.02388,47.257545,10.623663,1.7727319,-1.4013134,-7.1485467,10.631954,15.591112,-0.46178925,-2.362002
1150,19.166666666666668,0.016212832,0.0,2265.552234083106,424.3656987355416,2026.2458852401992,3178.757983722054,0.016091630377224445,0.06403854314183756,17.354868380743728,-352.4291,116.32066,-2.3887355,38.70407,51.30836,5.309422,2.2049556,1.9588121,-7.966736,18.544289,21.438293,-0.16840696,1.7697661
1151,19.183333333333334,0.03584052,0.0,2283.343315036483,496.359665186938,2044.6776557125113,3213.1425796827484,0.016091630377224445,0.06403854314183756,17.354868380743728,-324.31174,133.16638,-12.142237,31.128712,42.742916,-9.62636,-4.835042,5.4015665,-5.090125,19.535042,22.032616,-2.2976916,2.622829
1152,19.2,0.08059085,271.697076007732,1807.472521864437,504.4747093582326,2055.4475034936186,3188.217122223526,0.016091630377224445,0.06403854314183756,17.354868380743728,-300.26907,146.16904,-17.358772,22.935658,34.110382,-21.629795,-15.183359,3.9989953,-10.624018,14.779779,14.011026,-8.5263195,0.53032374
1153,19.216666666666665,0.1178916,278.68530619055696,1629.370016113738,752.8865443441362,2007.055981583682,3156.4857720629957,0.016091630377224445,0.06403854314183756,17.354868380743728,-263.69485,162.01657,-23.076492,10.672195,22.804657,-32.75118,-17.061447,3.6054735,-20.520397,17.315323,15.522695,-9.336586,-0.31157774
1154,19.233333333333334,0.1461586,278.32031452431266,1545.5713056231684,816.339229091817,1919.9823132824877,3143.962947044195,0.016091630377224445,0.06403854314183756,17.354868380743728,-258.52063,163.54686,-28.581707,-2.1046376,15.032272,-26.702648,-19.751562,4.027214,-22.610847,14.365246,14.278383,-8.566244,-1.0704204
1155,19.25,0.15100889,276.44760555874643,1574.391502165748,825.6039473502192,1906.347050552741,3175.2670448591734,0.016091630377224445,0.06403854314183756,17.354868380743728,-256.65598,158.12387,-37.755165,-7.6931314,8.476786,-33.158146,-20.924263,5.677973,-28.650164,8.529341,17.082075,-12.134096,-5.175626
1156,19.266666666666666,0.14927067,274.7783069623577,1596.231092197104,831.7936691171518,1899.709321591866,3197.4431771363393,0.016091630377224445,0.06403854314183756,17.354868380743728,-261.90582,154.8365,-36.798912,-3.0546675,11.458976,-28.576431,-11.134369,5.223961,-36.575886,5.516565,15.149674,-15.459106,-8.199106
1157,19.283333333333335,0.14432172,273.51688920076333,1484.245600312082,828.733619710977,1904.9527522653402,3212.496675888555,0.016091630377224445,0.06403854314183756,17.354868380743728,-264.07944,162.15736,-31.42424,-4.7419424,17.06641,-21.467457,-19.125528,6.075373,-21.302376,5.09525,10.613312,-12.857727,-5.8511105
1158,19.3,0.14250588,272.49093123608293,1620.1845157879675,805.8221003519945,1922.453271204039,3248.74973286244,0.016091630377224445,0.06403854314183756,17.354868380743728,-258.95337,157.14647,-32.71609,0.077615105,16.7269,-27.978638,-18.377861,12.098373,-26.755852,9.667627,20.71371,-12.996369,-9.872808
1159,19.316666666666666,0.13873963,272.24775200260217,1610.3109931667382,779.5255005895093,1967.3747226295386,3252.7714926774725,0.016091630377224445,0.06403854314183756,17.354868380743728,-261.46713,159.77783,-30.257366,1.9923496,21.392166,-33.318993,-19.61885,1.3516252,-29.123234,11.611368,9.969179,-18.502285,-12.264587
1160,19.333333333333332,0.13115638,272.3120169041517,1555.87781333559,722.3400511785044,2119.592989473386,3248.604485907809,0.016091630377224445,0.06403854314183756,17.354868380743728,-272.24915,152.53842,-28.38303,10.40879,31.200829,-32.156467,-35.418564,-6.049133,-24.99493,4.8624296,15.255071,-17.838999,-12.536411
1161,19.35,0.12910151,271.2940604304596,1696.1434088069864,643.2582094765764,2365.1484526401478,3247.728675942504,0.016091630377224445,0.06403854314183756,17.354868380743728,-285.1782,136.3494,-24.634293,25.458303,40.21639,-35.78479,-46.019493,-8.0238495,-17.527723,9.705507,5.801982,-26.411968,-6.71153
1162,19.366666666666667,0.12785259,270.68319738133636,1579.8056512141718,583.9176487579457,2600.218444587311,3266.0539975143124,0.016091630377224445,0.06403854314183756,17.354868380743728,-318.0121,121.40611,-11.252921,48.406906,47.26066,-37.622505,-46.418816,-10.47695,-15.47164,2.9883494,-0.4222329,-22.961422,6.731449
1163,19.383333333333333,0.13213958,270.1212814998436,1675.5765025826017,543.1946615324283,2805.6439735650392,3293.6144823801933,0.016091630377224445,0.06403854314183756,17.354868380743728,-323.52652,110.20527,-10.686177,61.093376,53.572754,-44.035526,-48.215645,0.07525254,-14.70691,-5.463066,-7.6060543,-22.314432,-0.87419873
1164,19.4,0.13651668,270.0946540923147,1588.2778565761605,531.1303151096076,2926.6126022686813,3290.5424323134744,0.016091630377224445,0.06403854314183756,17.354868380743728,-333.2212,106.34473,-6.105565,67.73997,59.457798,-42.2566,-46.54467,-2.2809188,-15.505184,-6.8829756,-17.099005,-23.519897,-2.1562102
1165,19.416666666666668,0.13127288,268.2002725367825,2018.6290577720429,522.4688377383497,2846.2023325591413,3243.2853262076073,0.016091630377224445,0.06403854314183756,17.354868380743728,-305.46396,111.02885,-16.489826,82.14428,62.667465,-51.224983,-37.946445,-0.068133354,-23.914112,5.077484,-10.673714,-27.03808,3.4646258
1166,19.433333333333334,0.10915771,263.11186219767,1307.506195474616,466.75134977770034,1915.123168068461,3145.30150398825,0.016091630377224445,0.06403854314183756,17.354868380743728,-338.98242,129.79785,21.957556,71.92256,53.508972,-35.504997,-39.340576,-11.333685,-15.618852,0.82904136,-15.435412,-29.284536,-1.9281895
1167,19.45,0.076770656,260.65226085207394,886.0086552127713,407.6744327866954,1311.9522894564816,3054.492285316157,0.016091630377224445,0.06403854314183756,17.354868380743728,-421.2305,105.35279,55.522114,39.60221,26.416248,-6.784216,-26.948551,-18.610428,-5.856532,-4.732801,-8.489846,-8.089423,-8.399118
1168,19.466666666666665,0.092289,267.03464816392204,854.260741132297,463.88970006886717,2065.1071560975683,3037.879612411857,0.016091630377224445,0.06403854314183756,17.354868380743728,-400.22415,124.64876,53.290478,28.692799,27.199146,-0.15461725,-33.454193,-32.570415,-9.191477,1.8862305,-2.250243,-5.3518105,-9.193811
1169,19.483333333333334,0.13047338,270.41260895526466,901.9582096729195,549.3817276816875,1780.9694313635543,2934.3514524431457,0.016091630377224445,0.06403854314183756,17.354868380743728,-306.96487,193.1001,31.336876,-13.898597,17.446281,1.7735605,-39.28212,-30.82634,-10.610603,-11.645515,-16.863216,3.9095693,6.4630756
1170,19.5,0.16231565,262.5907979558532,1030.0661708602647,564.2953204184927,1208.9382999257919,2932.638932285336,0.016091630377224445,0.06403854314183756,17.354868380743728,-292.12906,190.3248,26.013903,-18.564833,9.009802,-16.297495,-41.093697,-15.976672,-2.1982784,-18.123047,-25.430214,2.34803,11.812157
1171,19.516666666666666,0.15212873,203.4838028714783,888.1615781195641,480.205377745883,910.4305105902567,2709.9578241000077,0.016091630377224445,0.06403854314183756,17.354868380743728,-309.04773,193.6528,56.00862,-3.5447466,-4.3630896,-20.474194,-29.385921,-3.7243688,-3.2872891,-20.040035,-24.65615,-4.848716,-2.18545
1172,19.533333333333335,0.13929133,127.39043954226138,767.2721401120259,371.3884158091326,976.6514526916097,2312.7216386247956,0.016091630377224445,0.06403854314183756,17.354868380743728,-321.24365,194.43192,61.103935,0.4740916,-0.36927557,-3.495869,-12.3393,-4.530925,1.0755682,-1.8088578,-19.945778,-22.097523,-12.163948
1173,19.55,0.13577576,127.41778485905097,837.1517056958987,324.3982439252616,1086.5612139924592,2485.0595123230114,0.016091630377224445,0.06403854314183756,17.354868380743728,-315.46555,188.4497,48.323692,-5.212366,2.755822,3.1157317,-5.6490183,3.216539,1.8641865,1.6974605,-17.712717,-23.704575,-15.08448
1174,19.566666666666666,0.13943431,127.13237543156836,811.6950306299468,321.0978457005131,1109.111635973739,2494.561667130661,0.016091630377224445,0.06403854314183756,17.354868380743728,-307.75735,192.36609,47.268044,-2.5113997,5.241567,4.545677,-4.7680764,4.4150558,1.9001193,2.968205,-16.225296,-22.630878,-11.374259
1175,19.583333333333332,0.14421168,126.87010347893843,769.4027753717471,315.68235235791997,1121.6689020048095,2410.5797720902456,0.016091630377224445,0.06403854314183756,17.354868380743728,-311.14865,191.50662,46.949974,-0.8414645,2.577593,3.0699456,2.628395,5.7070746,0.5267732,2.8658602,-13.511745,-22.328182,-12.453831
1176,19.6,0.15076585,126.41692885813659,796.3153431869147,316.60517301641414,1171.6942501870044,2450.2967615653893,0.016091630377224445,0.06403854314183756,17.354868380743728,-305.07364,190.1972,41.28631,-1.9838387,7.36421,4.8329506,-0.1943909,8.038935,-0.43352127,1.1214625,-18.052303,-25.621136,-13.735993
1177,19.616666666666667,0.17525434,127.22362541494728,920.976086194185,415.9036918222582,1091.5043618970233,2792.118370323567,0.016091630377224445,0.06403854314183756,17.354868380743728,-248.52748,215.47334,19.759277,5.223298,11.763022,-25.911312,-19.68016,3.6725533,-16.480995,-6.437565,-8.221168,-17.93672,-2.6469138
1178,19.633333333333333,0.19984514,127.73818163786223,1079.7339053888886,608.4043691979269,1195.408166017736,3282.2082080820537,0.016091630377224445,0.06403854314183756,17.354868380743728,-223.25177,220.01057,9.909002,-1.3061991,0.21038294,-43.960213,-17.252275,15.290155,-18.125679,-17.75655,-6.5145683,-3.7381806,10.583342
1179,19.65,0.21459994,127.54113746409824,1330.5468735344277,696.2966955716987,1595.9676979617243,3321.6452992909917,0.016091630377224445,0.06403854314183756,17.354868380743728,-201.18271,209.44037,-6.844728,-5.4212894,6.617484,-40.93753,-13.752373,16.591927,-30.81883,-14.831776,1.9743447,-0.85353124,7.7042027
1180,19.666666666666668,0.20766851,127.78883892329956,1415.1690233070267,702.6202960620706,1701.4858953411583,3332.246903375573,0.016091630377224445,0.06403854314183756,17.354868380743728,-211.76285,196.04117,-4.6978807,2.507916,7.628195,-39.169907,-14.155015,12.768705,-38.047543,-5.4458923,6.080575,1.209146,6.600501
1181,19.683333333333334,0.18842058,178.31615845556678,1464.60140181454,626.5837582246251,1758.512784730261,3323.2500648257965,0.016091630377224445,0.06403854314183756,17.354868380743728,-256.88904,164.30156,5.7440104,17.16144,13.267866,-33.18245,-11.889709,2.572236,-45.178497,2.0420728,8.520252,-9.01101,6.3832607
1182,19.7,0.1375354,244.49323663552084,1396.9766500113983,500.8384145499939,1826.6721819467382,3290.0867521633804,0.016091630377224445,0.06403854314183756,17.354868380743728,-292.61304,154.00317,10.309668,29.855072,22.852753,-24.118187,-5.5982866,-7.9755373,-36.705795,3.2675614,7.015051,-10.283777,5.323424
1183,19.716666666666665,0.10106802,239.79422927783543,1834.9214427477373,410.4538317798395,1783.1208413827017,3370.196870080196,0.016091630377224445,0.06403854314183756,17.354868380743728,-299.27292,158.03198,5.498319,39.89309,25.642551,-21.30608,15.48012,5.22579,-36.282238,4.0532374,20.438444,-0.08615729,6.4622064
1184,19.733333333333334,0.12969439,0.0,1384.1251661223587,295.5583424820559,1666.564242222293,3420.86981711013,0.016091630377224445,0.06403854314183756,17.354868380743728,-259.84,180.0243,12.664974,78.691574,37.724922,-30.650839,35.09334,22.30273,-31.84655,10.669923,14.381674,-18.486008,2.0310159
1185,19.75,0.12821269,0.0,1130.2109416995509,255.9654918319772,1710.2280757027934,3346.6991888780412,0.016091630377224445,0.06403854314183756,17.354868380743728,-302.22717,158.18378,18.981667,72.81241,50.2995,-12.178171,34.78138,30.927649,-23.974562,5.878939,22.424738,-10.20924,1.0037639
1186,19.766666666666666,0.02867881,0.0,1521.4241466475871,277.17490873372054,1977.8633032194691,3274.5566899005394,0.016091630377224445,0.06403854314183756,17.354868380743728,-418.30255,97.379,43.332783,42.398956,31.02109,4.798209,7.875146,10.77092,0.99476564,10.234282,18.199673,6.6343355,3.4356089
1187,19.783333333333335,0.0049343444,0.0,2223.9713915133234,531.7923137995448,2106.8848461681396,3271.747401251773,0.016091630377224445,0.06403854314183756,17.354868380743728,-451.3859,71.81558,38.04537,27.57981,15.407343,-0.27275103,4.6101565,15.898646,13.020243,5.4589467,0.60537195,-2.067091,-0.94430345
1188,19.8,0.002631407,0.0,2169.706209042157,886.1047879048677,2169.0446598856743,3402.7576963396014,0.016091630377224445,0.06403854314183756,17.354868380743728,-460.76706,68.44789,43.73604,25.331238,6.8429813,-6.349204,-2.2203023,6.945516,7.7418528,6.6441097,6.469572,2.5932078,-1.0373573
1189,19.816666666666666,0.0027667738,0.0,1941.3996301044024,875.013364736468,2153.5489176883957,3418.1783953277313,0.016091630377224445,0.06403854314183756,17.354868380743728,-454.45267,75.96838,44.54898,18.006897,-1.5202585,-12.8757305,-8.1617155,5.785758,10.801921,5.2440805,0.84984237,-1.010705,-5.4352813
1190,19.833333333333332,0.008704742,0.0,1845.59940638046,934.6428618731504,2667.3408011519623,3578.8614402313056,0.016091630377224445,0.06403854314183756,17.354868380743728,-438.92566,88.99966,43.914223,11.856222,-11.514477,-25.661587,-13.812403,11.421939,18.05375,6.3304796,-0.44425035,-0.66968036,-7.3135414
1191,19.85,0.07578272,0.0,942.054305446025,743.3115312313257,2467.9867712205,3730.586566789454,0.016091630377224445,0.06403854314183756,17.354868380743728,-385.39218,139.37498,63.119423,27.964577,-2.3687987,-26.574821,-9.960098,9.799349,-2.1058145,-15.004915,-10.195307,-4.6976857,-9.650961
1192,19.866666666666667,0.12084436,128.1428867959973,1009.8316180573863,492.7978596493547,1348.3764259245108,3426.723945282188,0.016091630377224445,0.06403854314183756,17.354868380743728,-279.686,199.08972,39.716934,5.5910687,0.64165574,-38.8975,-12.497675,2.9277284,-24.997362,-21.728304,-8.611454,-1.8564893,-8.84737
1193,19.883333333333333,0.14478491,126.95038672087975,1195.0871637639366,522.6874564783664,1628.7766593359981,3387.750420452096,0.016091630377224445,0.06403854314183756,17.354868380743728,-262.84567,195.16669,26.049614,3.076982,19.128233,-27.902452,-12.864452,2.2233205,-32.062485,-20.78685,-2.5177312,10.318242,-7.1512184
1194,19.9,0.14109814,125.4402945368425,1055.3448785830415,470.2818548933394,1229.4015062410203,2867.7460725187793,0.016091630377224445,0.06403854314183756,17.354868380743728,-291.603,187.15375,39.488625,11.086031,18.843868,-16.957502,-14.8896055,-8.723901,-27.864738,-10.034999,-6.529225,-2.528926,-12.470861
1195,19.916666666666668,0.14142793,125.33816737011671,792.4114267711229,455.2729760050679,1263.7033088291105,2468.2177486098194,0.016091630377224445,0.06403854314183756,17.354868380743728,-320.54218,185.24706,57.892406,12.674543,15.341455,0.95407414,-21.447353,-13.005415,-14.3365135,-4.5869646,-9.457303,-17.882633,-14.00886
1196,19.933333333333334,0.15166594,125.34408422353722,794.3048014150567,463.47635138389006,2435.4246869907624,3255.5204941409334,0.016091630377224445,0.06403854314183756,17.354868380743728,-319.81274,179.76526,56.728363,22.874893,13.577694,-5.2407794,-13.231842,-12.049793,-18.690895,4.3250046,-10.201247,-32.10636,-13.928432
1197,19.95,0.158138,124.96499803172632,1039.641427060698,475.8978667600608,2667.4722030095954,3486.656288244057,0.016091630377224445,0.06403854314183756,17.354868380743728,-306.06128,166.29773,38.883465,55.05339,22.593498,-33.336796,-10.42169,4.4069443,-24.245178,-0.71132416,-9.115673,-33.634075,3.2925043
1198,19.966666666666665,0.16280916,124.7106431497158,1320.3461287454115,486.47423468170086,2906.9535697532874,3152.378514701225,0.016091630377224445,0.06403854314183756,17.354868380743728,-289.26337,163.38338,21.100986,71.66284,37.124527,-51.565308,-22.356747,15.103991,-15.400876,-8.425208,-14.618525,-33.220848,6.056984
1199,19.983333333333334,0.165569,124.53923993567106,1484.3548903709825,484.05834547231444,3058.2549970643763,3483.523473866256,0.016091630377224445,0.06403854314183756,17.354868380743728,-296.0546,147.3385,10.605801,80.104706,51.69066,-55.034145,-26.406002,15.861519,-18.601215,-14.525724,-12.049262,-29.22532,-2.8386204
1200,20.0,0.16003133,176.818808565759,1468.5009609974081,476.37009448473844,3191.006366824997,4117.992995814542,0.016091630377224445,0.06403854314183756,17.354868380743728,-307.74268,139.45349,22.73941,81.367744,44.149246,-57.927147,-24.064957,18.187946,-20.187275,-14.000424,-13.207323,-28.385277,-4.848859
1201,20.016666666666666,0.1456661,248.58202315209726,1269.1985557802345,467.46034674825466,3207.8431396628766,4510.085620620041,0.016091630377224445,0.06403854314183756,17.354868380743728,-351.25916,118.14482,35.90355,85.552505,40.13873,-48.52048,-14.594358,15.820104,-20.754206,-12.614301,-8.347316,-25.356197,-5.163771
1202,20.033333333333335,0.112201534,244.4917501095001,1152.6533249921067,454.8170575298426,3016.667738239687,3779.6112300503296,0.016091630377224445,0.06403854314183756,17.354868380743728,-376.0515,110.13962,38.605713,80.7599,43.079773,-36.41388,-13.922868,11.398244,-16.790855,-11.600148,-10.102292,-25.42189,-7.5454054
1203,20.05,0.06828996,237.87435141168342,955.7265885800003,429.7226924285863,2717.3715785755544,3417.822008125444,0.016091630377224445,0.06403854314183756,17.354868380743728,-419.9315,98.13233,57.228428,64.99648,38.4104,-7.033494,-8.306,-3.319272,-10.601841,-7.4301715,-12.856754,-18.652271,-3.7389088
1204,20.066666666666666,0.025128799,234.24968464579126,1586.0882098145846,442.40926738186903,2563.3920405189574,3621.214013217226,0.016091630377224445,0.06403854314183756,17.354868380743728,-461.35654,72.517334,57.831184,46.399925,29.310715,12.295081,5.0657988,-0.13773525,-4.912121,-4.0208993,-5.8580875,-12.332134,-11.766876
1205,20.083333333333332,0.005220353,0.0,1732.4960430120063,458.94002511048063,2582.9590017426226,3647.0265913664116,0.016091630377224445,0.06403854314183756,17.354868380743728,-473.197,61.022305,51.229713,38.774704,25.107956,12.488323,3.589708,-1.3911961,-3.5016048,-3.5935638,-3.3961484,-3.927113,-3.9998374
1206,20.1,0.004354324,0.0,1767.0263513760308,373.13966774157393,2573.793832716538,3711.150321659839,0.016091630377224445,0.06403854314183756,17.354868380743728,-480.9367,51.6513,44.92513,35.285305,24.584663,14.605143,6.6134005,1.1380261,-1.9897946,-3.3932393,-3.8299112,-3.9240036,-4.031218
1207,20.116666666666667,0.0032252595,0.0,1738.885115389817,355.11913306805116,2503.191778452554,3852.2609496233854,0.016091630377224445,0.06403854314183756,17.354868380743728,-487.71793,42.919777,38.533302,32.095364,24.68579,17.42699,11.233805,6.6396546,3.739719,2.2538989,1.676562,1.4577159,1.1577166
1208,20.133333333333333,0.0018525699,0.0,2258.9568175201593,446.0126593195492,2462.381976617271,3899.143212855943,0.016091630377224445,0.06403854314183756,17.354868380743728,-493.88403,34.494583,30.906914,25.543146,19.191122,12.716461,6.895464,2.279511,-0.88016546,-2.6349258,-3.2751005,-3.222517,-2.910946
1209,20.15,0.014377534,0.0,4328.04675736975,556.7714508559388,2274.8162902493586,3471.1896809386667,0.016091630377224445,0.06403854314183756,17.354868380743728,-414.69965,69.90756,3.9086113,32.37498,6.033054,-34.58664,-0.4131829,0.45851678,-21.029194,8.822716,5.9945984,-29.204819,-6.323552
1210,20.166666666666668,0.021747557,0.0,3683.3761965535377,557.2641182816618,1939.7595409476226,2982.2857428715165,0.016091630377224445,0.06403854314183756,17.354868380743728,-313.71463,124.22435,-12.740225,45.76048,32.545918,-50.310898,-5.447234,-7.0255003,-41.994423,3.134704,18.57915,-21.69197,-4.9608946
1211,20.183333333333334,0.08743504,250.54389570738417,1407.1646980177056,431.87408049152975,1517.6696822239855,3106.5762177774277,0.016091630377224445,0.06403854314183756,17.354868380743728,-337.22937,149.11037,34.981987,54.317078,34.262398,-20.377882,2.168322,5.2694597,-30.694996,-12.039593,10.621195,-3.0685668,1.7211366
1212,20.2,0.13835701,248.25143550677623,808.327602745452,456.19588632113135,1257.9679502922547,3144.822750852639,0.016091630377224445,0.06403854314183756,17.354868380743728,-298.05106,194.57309,45.150932,26.213915,16.43535,-18.72741,-6.521097,6.9051714,-21.751474,-20.76818,-3.8419027,4.916857,14.129034
1213,20.216666666666665,0.17170812,245.60019098820632,808.2372310008221,475.2462429121203,1276.112261847699,3187.7949064008676,0.016091630377224445,0.06403854314183756,17.354868380743728,-301.52805,188.73343,49.41131,31.261236,17.789381,-20.127766,-9.914848,13.018143,-21.3118,-18.16649,-2.616613,-3.3981488,7.790657
1214,20.233333333333334,0.16132429,246.1296679385624,753.2507708206894,471.46567581521026,877.4870532120767,3131.8074066784466,0.016091630377224445,0.06403854314183756,17.354868380743728,-322.81067,180.04538,64.77988,36.405396,9.455613,-27.133087,-10.581244,17.877613,-12.593939,-17.667463,-8.28387,-1.1904465,11.381159
1215,20.25,0.12394693,243.20067732251027,714.8515240605561,474.26597102936006,951.7017739332437,3101.638810085494,0.016091630377224445,0.06403854314183756,17.354868380743728,-371.98447,154.11856,86.290726,55.397396,15.932051,-15.85577,-3.618042,11.309906,-10.954769,-12.974606,-4.9138746,-6.80167,0.8571274
1216,20.266666666666666,0.05797725,240.2909168361265,864.8278449625261,482.5559546848658,1358.7222203334313,2991.3066675459168,0.016091630377224445,0.06403854314183756,17.354868380743728,-428.0049,116.3376,86.66159,52.74153,22.557886,3.6849198,-1.8680964,-2.3682895,-3.5201406,-3.8523335,-4.253337,-5.9405794,-5.782113
1217,20.283333333333335,0.0068980227,0.0,1904.0200325398202,489.165166531862,949.4709645803965,2929.619058349998,0.016091630377224445,0.06403854314183756,17.354868380743728,-464.47922,70.9459,53.894478,31.658451,10.732422,-3.9201927,-10.471927,-10.278559,-6.588996,-2.741147,-0.7593318,-0.8912918,-2.065572
1218,20.3,0.0037608738,0.0,1931.3077402117326,490.64495079392196,1569.0933232845136,3414.7116095274982,0.016091630377224445,0.06403854314183756,17.354868380743728,-474.00626,59.395542,47.282505,30.946238,14.655472,2.0309894,-5.0739803,-6.8972645,-5.250301,-2.4805229,-0.42528635,0.19095114,-0.27410942
1219,20.316666666666666,0.0021172212,0.0,2137.1552650171648,536.0807178867725,2619.99689290188,3851.18776191226,0.016091630377224445,0.06403854314183756,17.354868380743728,-487.03458,42.989937,36.336357,27.313091,18.159374,10.699244,5.776566,3.1693738,1.9631393,1.1482995,0.12555254,-1.1135938,-2.1695664
1220,20.333333333333332,0.0020617505,0.0,2489.480895099544,564.1835706703414,2485.944958504129,3311.6480417136145,0.016091630377224445,0.06403854314183756,17.354868380743728,-486.43646,44.073692,37.909798,29.095793,19.36853,10.420221,3.476531,-0.9338033,-2.9665227,-3.2470503,-2.561005,-1.5757859,-0.6855863
1221,20.35,0.013627784,0.0,4511.933591904676,564.0234947555143,2486.9255086498447,2966.278550630424,0.016091630377224445,0.06403854314183756,17.354868380743728,-312.32144,96.31804,-39.872543,26.132778,47.025467,-40.5824,-30.850988,-6.1675987,-28.462072,20.308563,1.3994232,-27.573637,1.6991305
1222,20.366666666666667,0.014571443,0.0,4379.167636643015,603.34948174803,2604.947282615639,3030.604863878666,0.016091630377224445,0.06403854314183756,17.354868380743728,-345.4354,85.02149,-38.860924,44.186462,54.018623,-38.67697,-27.366001,-5.282538,-16.726719,18.28865,6.931167,-23.818508,8.713111
1223,20.383333333333333,0.016179191,0.0,4217.449761108427,434.7904733206607,2752.611635303649,3085.5891528056927,0.016091630377224445,0.06403854314183756,17.354868380743728,-404.48105,59.778107,-11.0161495,62.775406,67.17859,-21.448463,-16.645561,15.453019,10.463984,7.851841,-4.4208293,-16.713314,7.1635933
1224,20.4,0.07866467,237.45334224995403,2207.3702923360615,340.861404294081,2773.655246113411,3129.284825023868,0.016091630377224445,0.06403854314183756,17.354868380743728,-373.06476,97.42067,25.65445,77.67113,69.18055,-24.519405,-34.41726,-9.203038,-14.307845,-8.251132,-14.723914,-25.449366,2.592476
1225,20.416666666666668,0.13813096,238.4183047555454,1638.5903159331867,462.1830072447794,2762.0122602806277,3214.0050736561466,0.016091630377224445,0.06403854314183756,17.354868380743728,-319.72897,118.19746,20.496227,70.39064,66.66036,-34.43288,-54.162117,-15.004866,-27.516285,-2.995808,-11.662322,-31.681501,-2.3261526
1226,20.433333333333334,0.18016846,233.19620373786842,1561.501906216193,459.49214727494694,2743.17779426384,3206.0434896722954,0.016091630377224445,0.06403854314183756,17.354868380743728,-317.36487,111.12848,9.556802,74.44705,73.75444,-34.13923,-50.08366,-7.623155,-20.756355,-2.380301,-14.254708,-34.213745,-1.2069919
1227,20.45,0.19281098,230.20433488936328,1389.5804112454462,448.2021619997241,2706.9693939941335,3139.0688537704523,0.016091630377224445,0.06403854314183756,17.354868380743728,-289.57532,141.34935,8.751483,68.79045,78.587074,-28.458775,-49.22203,-10.931459,-17.748804,-0.24882895,-17.036911,-36.154556,-6.3939896
1228,20.466666666666665,0.1872817,230.0343758310603,1117.9426897951867,437.0598597534717,2503.4906285464062,3071.8554225828793,0.016091630377224445,0.06403854314183756,17.354868380743728,-292.35165,162.51753,16.699112,61.515553,80.469864,-12.634518,-38.12953,-17.78259,-14.580344,2.148534,-9.245965,-32.089355,-12.133652
1229,20.483333333333334,0.167478,232.52650615641755,858.4157735853613,433.1817504055218,2265.045397015781,3045.471833476479,0.016091630377224445,0.06403854314183756,17.354868380743728,-330.13083,154.8991,37.913277,55.027634,64.108955,0.74077123,-25.281914,-20.464638,-19.577671,-6.9811125,-5.9241977,-24.798065,-15.678892
1230,20.5,0.14568669,235.15500190852455,677.9610554149845,432.82070112852205,2231.4021067406643,3040.6373050184725,0.016091630377224445,0.06403854314183756,17.354868380743728,-374.14313,138.25085,55.747765,57.6214,54.254196,10.021444,-14.266867,-18.147139,-15.717026,-1.3559599,-2.8751755,-19.501102,-18.649036
1231,20.516666666666666,0.1490609,234.66192468262113,683.8438049612414,431.43571571478975,2267.3809070652383,3066.144366309487,0.016091630377224445,0.06403854314183756,17.354868380743728,-375.75784,132.5502,52.412117,62.327904,55.360027,2.7845104,-16.56498,-13.273251,-12.171616,-1.2318803,-1.8711925,-15.462925,-13.777487
1232,20.533333333333335,0.17384341,228.8229499300521,742.1353590534459,424.85764392204953,2336.9010365759077,3072.406751622358,0.016091630377224445,0.06403854314183756,17.354868380743728,-346.88687,144.391,38.749653,67.08258,68.62209,-3.0857658,-29.156172,-19.639137,-12.002262,3.1313558,-7.5834684,-33.985767,-20.857082
1233,20.55,0.1894671,223.69277984994102,863.7071986213099,401.88882923723213,2638.536782276415,3103.791940759164,0.016091630377224445,0.06403854314183756,17.354868380743728,-328.58606,149.08633,35.267357,80.05442,87.32183,-8.645462,-40.311836,-11.398797,-2.549628,0.054670632,-12.422392,-26.235191,-9.831644
1234,20.566666666666666,0.19191435,223.20184197062764,1060.7705896950213,385.37861283303494,2818.97554447908,3208.1487217369995,0.016091630377224445,0.06403854314183756,17.354868380743728,-324.07,141.00476,35.366608,94.77226,93.935196,-20.153336,-40.829872,-0.51227164,-2.4017692,-6.786722,-13.362207,-17.036772,-1.6013865
1235,20.583333333333332,0.19510083,223.34070374160942,1126.5705613285922,375.03179020759165,2994.660235462614,3335.50539489895,0.016091630377224445,0.06403854314183756,17.354868380743728,-336.62112,128.6459,45.253563,103.81488,87.00507,-29.83934,-34.510834,11.991129,-4.542849,-17.107079,-14.919844,-13.082235,-3.0855644
1236,20.6,0.18629767,224.88068038310084,1060.8392317675755,365.8264389656891,3116.0490455967524,3555.5090598871393,0.016091630377224445,0.06403854314183756,17.354868380743728,-350.84412,122.44341,53.03714,104.843445,74.530464,-29.914095,-24.362568,14.202772,-7.7406216,-19.060184,-12.588485,-14.1206665,-6.0999146
1237,20.616666666666667,0.18191262,226.27030760991232,1107.9907264649773,365.46213572340935,3125.7403668643383,3725.8694388537,0.016091630377224445,0.06403854314183756,17.354868380743728,-353.39694,117.863266,48.198402,110.247574,69.84272,-37.22705,-18.809116,12.73061,-16.592258,-16.616356,-10.728051,-15.131499,-2.7077925
1238,20.633333333333333,0.1776502,227.87857311803506,1101.695960513821,373.6408471151897,3130.193831899987,3752.4459002385147,0.016091630377224445,0.06403854314183756,17.354868380743728,-354.7878,115.76608,53.081993,107.73215,64.86531,-30.77822,-21.01987,14.314077,-14.360624,-18.523987,-10.394,-16.336617,-2.4634333
1239,20.65,0.1811573,229.83171890029647,1063.2992904036646,382.0280434028762,3169.77764020002,3793.2498962744144,0.016091630377224445,0.06403854314183756,17.354868380743728,-360.9418,113.32009,51.254204,107.7343,64.22385,-29.876377,-18.36374,17.819035,-17.05092,-17.852253,-10.6157,-13.318512,-3.7579389
1240,20.666666666666668,0.17981529,230.63119367853523,1214.8358557305546,388.920623350851,3161.345752676116,3753.235694614336,0.016091630377224445,0.06403854314183756,17.354868380743728,-357.6181,103.62999,40.69703,106.82278,61.037773,-31.55331,-12.634561,27.255066,-12.4614315,-10.501493,-7.722622,-19.253464,1.2318666
1241,20.683333333333334,0.15597545,226.70909138270528,1065.388615240654,375.6971337114703,3000.284415349411,3661.5414866262377,0.016091630377224445,0.06403854314183756,17.354868380743728,-359.9462,111.449326,44.348324,104.87898,64.8713,-23.412155,-7.1864862,30.335854,-1.9397545,-1.6876695,-5.106043,-19.354591,1.4600763
1242,20.7,0.11244172,222.59959297228633,1201.021305600876,428.3068189654315,2738.512026661647,3483.788531506835,0.016091630377224445,0.06403854314183756,17.354868380743728,-342.6264,129.58412,31.228516,84.00484,60.123985,-19.4746,-4.931416,19.278826,3.7917242,13.199657,0.674608,-17.962164,5.749115
1243,20.716666666666665,0.062141176,0.0,2390.7379984712943,485.5728105722866,2565.4945908711315,3495.9494322688515,0.016091630377224445,0.06403854314183756,17.354868380743728,-305.90323,129.5217,-2.8085506,76.64039,54.349777,-20.790686,13.502615,14.272762,-3.5667307,25.83667,-3.6055973,-28.63686,14.028335
1244,20.733333333333334,0.044675753,124.94482872945451,3158.755288873124,689.8556042986856,2501.2074727152194,3688.306873233017,0.016091630377224445,0.06403854314183756,17.354868380743728,-276.05603,120.85252,-4.869897,72.40466,32.602997,-14.720711,16.007586,9.802662,-9.6028805,33.974014,2.3113983,-25.88874,11.550614
1245,20.75,0.028755127,0.0,4572.790016085234,1086.176968670872,2428.0221030499065,3924.050168577089,0.016091630377224445,0.06403854314183756,17.354868380743728,-310.23517,71.88927,-14.234358,78.66263,20.89537,-8.018781,31.061821,15.350422,-14.61253,34.430218,20.291027,-7.7620764,13.918768
1246,20.766666666666666,0.011059441,0.0,5395.896750416818,1744.461244114536,2931.7901646146806,4408.739966519342,0.016091630377224445,0.06403854314183756,17.354868380743728,-411.6754,38.024914,-5.8015814,72.55879,21.467087,-12.833899,31.641518,13.710352,-8.036533,29.356754,10.413431,-12.545126,10.1707
1247,20.783333333333335,0.004048222,0.0,3049.5676842295884,1580.0787841043614,3307.3611054937937,4485.847273608932,0.016091630377224445,0.06403854314183756,17.354868380743728,-479.7886,45.987316,38.241623,38.82049,26.499779,16.63181,20.860245,16.981009,11.062542,16.386509,12.903408,2.0093257,2.1644864
1248,20.8,0.002441982,0.0,3493.853173837535,280.0213454264365,2579.9478053920425,3761.2020654079306,0.016091630377224445,0.06403854314183756,17.354868380743728,-493.2541,35.31143,31.606663,26.34179,20.577772,15.305499,11.170268,8.334853,6.5182495,5.181678,3.7813754,1.9896028,-0.195185
1249,20.816666666666666,0.0012618979,0.0,3077.4214314749684,388.19698036196223,2547.611049689367,3601.2752782759785,0.016091630377224445,0.06403854314183756,17.354868380743728,-499.26053,27.697847,26.37143,24.282076,21.594809,18.510029,15.239689,11.984626,8.916086,6.163624,3.809428,1.888907,0.39550996
1250,20.833333333333332,0.0010518787,0.0,3241.739106912602,312.1374304534597,2702.593740767301,3539.3929904630777,0.016091630377224445,0.06403854314183756,17.354868380743728,-503.01877,22.49464,21.490986,19.901186,17.839893,15.449434,12.884504,10.29618,7.8173065,5.550985,3.563579,1.8828013,0.5009207
1251,20.85,0.0008984169,0.0,3540.500498288651,333.5631402814326,2599.5971105887274,3412.962040973606,0.016091630377224445,0.06403854314183756,17.354868380743728,-505.16348,19.474798,18.508926,16.975689,14.981991,12.662638,10.167486,7.6476517,5.242236,3.0669684,1.2059933,-0.2925626,-1.4168544
1252,20.866666666666667,0.007752595,0.0,4195.922161708799,502.08742654877733,2555.571839767669,3206.5907535259494,0.016091630377224445,0.06403854314183756,17.354868380743728,-422.4778,60.85213,0.6728883,39.665016,16.349075,-30.39259,-6.289095,-0.85032654,-12.477253,10.748085,4.040696,-15.35528,5.4620447
1253,20.883333333333333,0.01930517,0.0,3942.7304421444583,658.9453708836703,2365.44126405903,3052.0451749319705,0.016091630377224445,0.06403854314183756,17.354868380743728,-295.98077,124.1164,-25.795834,46.034122,26.577826,-43.271515,3.1476538,-6.835929,-26.432774,21.055767,1.399426,-17.560886,8.4981
1254,20.9,0.057472322,0.0,2684.469391996254,462.7735698790709,1869.3409969096397,3130.4000251266493,0.016091630377224445,0.06403854314183756,17.354868380743728,-303.22296,140.3382,-0.30754584,60.406174,36.476562,-26.91065,13.53344,-0.52122474,-21.669138,21.253214,11.342806,-15.618611,5.32938
1255,20.916666666666668,0.11272308,113.9121266507211,742.4150089650656,358.12704579451747,1414.213007507914,3154.5798773243437,0.016091630377224445,0.06403854314183756,17.354868380743728,-309.3329,190.01646,59.834873,49.00161,21.099625,-19.943485,9.348455,16.493355,-21.307312,-17.845398,-1.5592036,-3.627353,7.354425
1256,20.933333333333334,0.14545746,112.3102581700053,796.9122653367778,438.49859659621774,1316.337223080548,3253.8377719656764,0.016091630377224445,0.06403854314183756,17.354868380743728,-285.11646,206.0904,53.59478,30.600395,15.176397,-26.03897,-3.5582316,16.64231,-19.552896,-25.530155,-10.402377,-1.1599145,3.9962058
1257,20.95,0.1578097,109.92226800348513,801.6905694864025,403.78740279996754,1053.1821888242405,3244.3905520157905,0.016091630377224445,0.06403854314183756,17.354868380743728,-284.8276,208.09622,55.13108,29.120918,13.022412,-32.757076,-10.587179,19.985992,-7.1876483,-21.557735,-13.32132,-1.6221673,-0.029781401
1258,20.966666666666665,0.16802101,109.36194823941297,737.5267400510598,380.92995672035175,953.2498112283989,3237.084789977448,0.016091630377224445,0.06403854314183756,17.354868380743728,-306.80133,200.21864,71.57526,36.54004,0.87274146,-37.583145,-13.53119,17.597431,-2.8520522,-12.738511,-11.8794155,-11.238544,-3.8434997
1259,20.983333333333334,0.17571446,109.59667779502598,694.0416763842252,383.98446302423787,975.3384423433903,3387.9188938456614,0.016091630377224445,0.06403854314183756,17.354868380743728,-318.23245,197.36485,85.01405,37.06905,-3.319703,-38.3768,-17.61598,16.883545,-4.952174,-14.301622,-9.203112,-6.190749,-10.578985
1260,21.0,0.17808825,109.2063523388436,711.0695825093642,370.0783540310212,930.8997996594767,3378.5467953735233,0.016091630377224445,0.06403854314183756,17.354868380743728,-321.25858,196.5438,92.99844,39.240204,-3.4561927,-41.99617,-24.043606,17.698627,1.478164,-12.455438,-9.809663,-3.1740172,-9.800934
1261,21.016666666666666,0.18070844,109.57846178762479,669.938837781848,354.48464022404556,866.1998203496296,3381.9959457637965,0.016091630377224445,0.06403854314183756,17.354868380743728,-328.63092,196.97293,92.93108,42.63849,-3.270157,-44.25528,-22.528742,13.713306,4.2328095,-13.065831,-9.119633,-2.8492227,-8.572666
1262,21.033333333333335,0.17653733,157.00619968030324,682.0944060498542,342.48510802379957,839.0554176537551,3369.2192903349064,0.016091630377224445,0.06403854314183756,17.354868380743728,-341.3718,180.78214,89.9389,47.092464,-5.166826,-47.31749,-22.86148,13.654062,0.62131166,-8.982813,-5.6373663,-9.17657,-6.9460754
1263,21.05,0.1757632,221.34227536765684,652.444683392473,341.8908528422409,848.399859815193,3385.050228823034,0.016091630377224445,0.06403854314183756,17.354868380743728,-357.33917,172.35596,92.05211,48.671223,-1.3152088,-42.890064,-26.17439,8.777043,4.5760183,-5.838986,-6.307519,-8.227272,-10.813873
1264,21.066666666666666,0.16731583,222.21358917393513,630.9615862472524,345.3951716078482,864.9604533363498,3373.4643270396,0.016091630377224445,0.06403854314183756,17.354868380743728,-362.73166,171.42119,90.744064,40.83362,-7.7065525,-44.3936,-26.68139,3.8346748,1.4888034,-8.53114,-6.26741,-7.193018,-15.950519
1265,21.083333333333332,0.14232047,223.8529047675806,599.6943047239457,326.81266164061697,831.2836088204375,3355.5805161046437,0.016091630377224445,0.06403854314183756,17.354868380743728,-364.60037,169.3724,90.12259,43.823708,-2.085448,-38.052177,-21.308985,7.9204617,2.9604878,-8.403715,-3.8987045,-1.8099641,-10.863047
1266,21.1,0.10193781,220.68778191422413,610.3310055395698,279.93098886531556,860.6423895924247,3345.452151813877,0.016091630377224445,0.06403854314183756,17.354868380743728,-393.57407,141.41418,81.06903,41.01522,-0.27592155,-32.227287,-21.627617,2.303718,2.9348123,-3.9937701,-3.6283317,-5.530527,-12.274807
1267,21.116666666666667,0.054754853,215.42004744849203,746.1894038261266,286.123885597419,982.1902082798232,3316.72142997813,0.016091630377224445,0.06403854314183756,17.354868380743728,-426.69046,113.32861,73.90591,34.308624,4.8497877,-9.877293,-5.7273035,9.014434,15.739391,8.543872,-1.7298439,-8.149748,-12.823332
1268,21.133333333333333,0.009154114,0.0,1312.2928756459723,350.0161798899605,968.5883574759754,3334.5386803624383,0.016091630377224445,0.06403854314183756,17.354868380743728,-457.60196,78.81676,57.534508,31.82013,11.028454,0.7878153,0.8436866,6.2015715,10.607206,10.165627,5.0521646,-1.3941705,-5.2906456
1269,21.15,0.0035812221,0.0,1531.2293936055003,316.8543173582818,970.7775850431815,3352.251839521139,0.016091630377224445,0.06403854314183756,17.354868380743728,-475.8397,56.969505,45.43777,30.260735,15.769847,5.3814735,0.4458942,0.06821009,1.8852792,3.3513284,2.8981657,0.46243525,-2.777385
1270,21.166666666666668,0.0027392334,0.0,1372.3821691757912,479.3119665971118,1222.02442102948,3392.2281199177683,0.016091630377224445,0.06403854314183756,17.354868380743728,-470.99872,61.580414,44.73091,24.375336,7.743481,-1.0208101,-2.2894616,0.26209643,2.4163754,1.8557518,-1.0776109,-4.380951,-6.124155
1271,21.183333333333334,0.0019468731,0.0,1497.3104400770344,700.5268976760424,1510.174909865521,3461.493967917062,0.016091630377224445,0.06403854314183756,17.354868380743728,-466.344,63.254166,36.625984,11.35372,-0.7049297,-0.14875284,3.9912984,4.375805,1.1002146,-1.2189703,0.064787775,3.0841885,4.5735054
1272,21.2,0.0020928537,0.0,1523.6274286118853,636.2488543856765,1626.8438722575027,3366.9503340195365,0.016091630377224445,0.06403854314183756,17.354868380743728,-451.36423,76.75368,35.456448,3.862677,-1.5491219,8.037664,11.189283,0.9616109,-10.696751,-10.426618,0.2974918,8.531143,6.1036115
1273,21.216666666666665,0.002243474,0.0,1720.905532775836,662.1469576300385,1757.1771103362214,3094.640733509826,0.016091630377224445,0.06403854314183756,17.354868380743728,-443.10614,79.65421,29.641052,4.0736666,2.1612475,3.1785626,-0.5783614,-10.645468,-18.865395,-9.970447,7.96414,9.742683,-4.3108125
1274,21.233333333333334,0.0023301924,0.0,2028.012190444847,641.6521498330077,1836.1541808045315,3020.2748831391746,0.016091630377224445,0.06403854314183756,17.354868380743728,-438.91217,72.403564,12.864819,3.7375698,14.256451,10.671717,2.8356628,-8.464203,-17.625927,-6.1019516,11.1010475,9.556002,0.81427836
1275,21.25,0.002920604,0.0,2056.1476306487316,667.8268738029607,1925.5057527018405,3109.2997073898114,0.016091630377224445,0.06403854314183756,17.354868380743728,-419.99997,82.92343,6.0345716,1.9167166,14.524442,5.55338,-0.46735668,-9.913389,-18.487434,-2.0542574,13.169214,3.9183125,-4.4426417
1276,21.266666666666666,0.0039004143,0.0,2191.3052948145532,645.4211576250847,1993.107246218338,3131.9239086657662,0.016091630377224445,0.06403854314183756,17.354868380743728,-402.63153,87.840836,-5.564868,5.2177672,20.34259,-5.31894,-11.785852,-13.202435,-23.177162,-5.4826713,13.141165,1.6839547,-3.5645037
1277,21.283333333333335,0.0042769266,0.0,2220.7755884221347,692.413212194191,2105.270062585645,3153.2327795383126,0.016091630377224445,0.06403854314183756,17.354868380743728,-388.47134,91.82727,-19.56659,-0.48989502,26.35969,-1.1584697,-9.859128,-9.182257,-18.880291,-2.4714985,13.123764,-2.8957453,-7.4318075
1278,21.3,0.0044478797,0.0,2558.7631633085753,767.0635921740089,2157.8356942411206,3215.1247819684263,0.016091630377224445,0.06403854314183756,17.354868380743728,-387.87457,85.27365,-26.185575,7.626624,35.50668,-0.9624039,-9.655638,-7.532732,-17.515638,-1.5045595,7.182975,-11.921032,-9.767968
1279,21.316666666666666,0.0044016335,0.0,2678.1041257286647,775.2689872233481,2166.0178844773495,3168.893242706264,0.016091630377224445,0.06403854314183756,17.354868380743728,-385.38916,83.28198,-29.272507,11.184139,33.320087,-12.822411,-18.840164,-12.220545,-21.93583,-5.119334,4.006439,-11.035147,-1.4494672
1280,21.333333333333332,0.0048935497,0.0,2645.9915114725495,688.3774674459612,2238.8484411069435,3068.8319383812895,0.016091630377224445,0.06403854314183756,17.354868380743728,-383.14804,84.01661,-31.149418,10.108244,32.817265,-14.368984,-21.212387,-13.372111,-18.889656,0.4211006,6.598505,-10.414788,1.7474911
1281,21.35,0.0053600585,0.0,2598.1216105624994,661.997440030129,2334.013117897011,3169.676537999767,0.016091630377224445,0.06403854314183756,17.354868380743728,-376.0558,89.301956,-31.028812,11.209362,32.646843,-19.982994,-28.76598,-17.163086,-17.946869,0.9350151,2.8439574,-13.45186,1.9009007
1282,21.366666666666667,0.0054008067,0.0,2675.748139838474,862.4265547490089,2474.6737919576817,3168.9192463238346,0.016091630377224445,0.06403854314183756,17.354868380743728,-377.16776,87.20928,-34.377052,9.2722225,36.828262,-11.06584,-21.888107,-16.254242,-21.067856,-1.6962936,1.4916884,-15.558466,1.7670871
1283,21.383333333333333,0.005069767,0.0,2876.2791481049085,928.4379113583751,2484.1989486403277,3039.0556528225015,0.016091630377224445,0.06403854314183756,17.354868380743728,-379.4467,82.9772,-33.96947,15.526827,36.318962,-16.813387,-20.32351,-10.0396595,-17.61539,-0.47347867,3.4027023,-9.809216,7.0054364
1284,21.4,0.0051298346,0.0,2806.710725365027,673.8896667498053,2341.078976592673,3120.3868644719905,0.016091630377224445,0.06403854314183756,17.354868380743728,-373.9287,86.798035,-34.43139,14.809321,32.77117,-22.492025,-22.123957,-9.931424,-20.287773,-3.0719705,1.4484227,-16.337433,-2.5069127
1285,21.416666666666668,0.0049430514,0.0,2813.476437143847,915.9550327384679,2431.7894111834607,3184.055370330439,0.016091630377224445,0.06403854314183756,17.354868380743728,-381.43826,82.90805,-32.660965,14.87825,37.37086,-14.3535385,-18.31081,-3.7287233,-10.153196,-1.9245183,-2.4158583,-9.060116,12.695364
1286,21.433333333333334,0.0042537283,0.0,2752.2740960144934,952.985363573577,2475.799029638738,3262.037268607445,0.016091630377224445,0.06403854314183756,17.354868380743728,-388.28552,81.10988,-27.43177,15.314928,35.906487,-12.418869,-15.072765,-0.7427892,-10.056179,-4.4659963,-3.6146064,-13.887901,0.36847734
1287,21.45,0.0036300637,0.0,2687.710548902182,717.3236786470244,2431.324832128288,3097.046082141424,0.016091630377224445,0.06403854314183756,17.354868380743728,-403.02695,74.7552,-20.182983,14.827427,33.714233,-9.326888,-18.978378,-7.181044,-4.552223,3.9807634,-3.4902387,-14.74673,3.7874837
1288,21.466666666666665,0.0027616892,0.0,2571.2567265921703,912.5132332228766,2453.1155086905273,3157.5545241029445,0.016091630377224445,0.06403854314183756,17.354868380743728,-419.48508,68.061325,-12.789885,11.4075775,27.232283,-10.259373,-23.862768,-13.287344,-8.689844,-3.7978585,-6.8510437,-7.222288,11.363682
1289,21.483333333333334,0.001902899,0.0,2612.2123032107843,974.8787155232303,2483.437076250815,3112.4861364508206,0.016091630377224445,0.06403854314183756,17.354868380743728,-442.75543,55.479362,-5.656129,10.75931,26.75639,-2.16928,-17.385565,-3.9414804,5.977453,5.3878164,-2.0255227,-4.7299237,7.5966396
1290,21.5,0.0014515715,0.0,2535.001643567656,834.5335100757785,2537.4710154873496,3070.2827030736653,0.016091630377224445,0.06403854314183756,17.354868380743728,-471.89075,44.328087,15.09771,17.33557,21.857246,4.303962,-9.04933,-0.83677995,8.981664,3.7851815,-6.5392456,-4.6619983,6.3918285
1291,21.516666666666666,0.0010188491,0.0,2205.8880421993854,777.0813289647144,2500.7232749307254,3185.0217383544987,0.016091630377224445,0.06403854314183756,17.354868380743728,-486.3211,37.59971,24.982533,23.492268,22.309273,10.15402,-0.8205052,1.1296005,5.7466393,1.9665911,-2.4690034,1.4425634,6.3852777
1292,21.533333333333335,0.0008494352,0.0,2489.006441771463,677.8192870545242,2504.0669925233406,3188.2635565527567,0.016091630377224445,0.06403854314183756,17.354868380743728,-501.0711,24.373123,21.57418,18.236172,14.20716,9.682714,6.081867,4.1051874,2.940573,2.2215629,2.553372,3.6101048,4.0823216
1293,21.55,0.0006509858,0.0,2788.6436498957983,809.0688203527076,2633.353842008342,3066.853801448106,0.016091630377224445,0.06403854314183756,17.354868380743728,-507.2157,16.554668,15.564487,14.076739,12.293286,10.425272,8.646759,7.062111,5.6951323,4.501053,3.3960087,2.2936413,1.137621
1294,21.566666666666666,0.00057502947,0.0,2585.949277648384,806.5784118162574,2702.081178946708,3246.549386924028,0.016091630377224445,0.06403854314183756,17.354868380743728,-508.2355,15.353531,15.037617,14.524242,13.832113,12.985519,12.012611,10.94355,9.808577,8.636295,7.452218,6.277772,5.129779
1295,21.583333333333332,0.000625699,0.0,2929.8621135613157,515.3948894375701,2134.0521928768503,3314.7208829590954,0.016091630377224445,0.06403854314183756,17.354868380743728,-509.36914,13.733689,13.36888,12.777089,11.981537,11.012604,9.905889,8.700062,7.434581,6.1475163,4.8736815,3.6431003,2.4799771
1296,21.6,0.0004879672,0.0,2778.4222294264937,247.83133433619702,1697.3676274056243,2821.3894007145605,0.016091630377224445,0.06403854314183756,17.354868380743728,-508.48914,14.938812,14.458877,13.684876,12.653288,11.410721,10.010099,8.5065775,6.9535933,5.399598,3.8855567,2.4437237,1.0974151
1297,21.616666666666667,0.00051207,0.0,3538.921856985574,315.6669970172847,2196.122592102187,2927.8482047048005,0.016091630377224445,0.06403854314183756,17.354868380743728,-511.23215,11.1088085,10.773041,10.227937,9.494503,8.600706,7.5801005,6.470229,5.310808,4.1419106,3.002046,1.9265049,0.9457921
1298,21.633333333333333,0.00078427343,0.0,2906.643656287348,290.91706071533014,2199.0469736310815,2884.7335562865765,0.016091630377224445,0.06403854314183756,17.354868380743728,-508.2582,15.272369,14.811276,14.0617,13.050879,11.814819,10.396322,8.842822,7.2039914,5.5295696,3.867076,2.2601438,0.74695086
1299,21.65,0.0029126983,0.0,3669.3454135995617,403.2484684047374,1975.3245236833416,2697.2707701714376,0.016091630377224445,0.06403854314183756,17.354868380743728,-454.15952,64.69819,23.305538,18.177135,27.105225,6.236861,-27.448463,-30.437607,-9.010502,0.5419894,-3.8154728,-0.12514468,9.175196
1300,21.666666666666668,0.0423281,0.0,1972.8438063519498,443.076200218523,1633.6889811895107,2822.3740839706156,0.016091630377224445,0.06403854314183756,17.354868380743728,-420.9966,96.28309,31.16438,20.461885,32.740288,11.417114,-17.692274,-13.329286,-1.0614166,-9.796259,-12.866683,5.244153,8.368625
1301,21.683333333333334,0.107556336,247.2512230852173,947.1351717935962,403.9752125216834,1381.0435814554585,3012.8069063675566,0.016091630377224445,0.06403854314183756,17.354868380743728,-326.98035,187.32663,52.620907,-11.897224,-10.285469,-18.197525,-28.369488,-8.717444,-4.128994,-21.252794,-25.253948,-3.5036948,1.4370749
1302,21.7,0.1518319,192.44607373235456,1030.6994842763272,541.1166736004302,1257.3864247898002,3061.448196845963,0.016091630377224445,0.06403854314183756,17.354868380743728,-290.63962,200.57599,52.98043,-20.137314,-7.078693,-12.404006,-27.329626,0.06703052,-3.3162935,-22.790886,-24.440516,-1.2619191,0.23375773
1303,21.716666666666665,0.16750899,121.32337658523964,930.7918821221,479.2041797750182,1082.1655021911386,3097.4896887227274,0.016091630377224445,0.06403854314183756,17.354868380743728,-294.80865,205.42316,61.268284,-10.657177,-2.9630928,-16.467884,-27.838509,-1.9755691,4.27103,-21.13527,-21.649353,-7.650337,-10.734294
1304,21.733333333333334,0.16125448,121.36350804768583,827.4213252141772,435.0831288115649,973.9521715546459,2703.6326063295905,0.016091630377224445,0.06403854314183756,17.354868380743728,-302.76285,202.24557,60.531868,-3.3449664,-0.7869657,-6.995984,-21.520344,-6.4700646,-2.9484,-12.881392,-14.16683,-15.790535,-10.175737
1305,21.75,0.1610617,121.83543163218232,837.7758738507443,419.01185868976836,1009.3000041602354,2344.7336589347583,0.016091630377224445,0.06403854314183756,17.354868380743728,-308.98376,194.53534,50.585064,-6.247081,-0.7898443,-1.9059733,-17.595581,-7.313679,-3.5222535,-14.216186,-14.093437,-20.421959,-9.205076
1306,21.766666666666666,0.17640738,122.88682772071151,844.1357380435634,444.97310545546463,1068.2854292963834,2369.9761504113612,0.016091630377224445,0.06403854314183756,17.354868380743728,-300.16837,194.41327,42.6192,-8.431944,0.12187415,-5.831004,-19.54515,-8.007562,-9.951916,-15.256622,-15.287546,-21.61539,-9.991928
1307,21.783333333333335,0.19913724,123.81876143999727,870.9937987459743,493.16945897734263,994.4794600865987,2351.247001166437,0.016091630377224445,0.06403854314183756,17.354868380743728,-274.66086,204.34683,33.0338,-8.704457,1.52433,-13.096092,-25.377728,-2.9613955,-14.578154,-14.488479,-11.094769,-15.199565,-4.120961
1308,21.8,0.21610714,123.92472627992294,971.1346629532235,549.2237951442615,988.6888555699446,2785.4457022093648,0.016091630377224445,0.06403854314183756,17.354868380743728,-258.7342,203.10239,14.587456,-14.086119,2.154512,-28.420002,-27.244537,6.995305,-14.214976,-16.56535,-10.226561,-12.125629,-11.031819
1309,21.816666666666666,0.22678493,124.07691194552578,1175.7829894206586,582.8206809974541,1153.9061340995447,3154.9588802200324,0.016091630377224445,0.06403854314183756,17.354868380743728,-227.40337,206.3296,-6.946208,-18.468542,7.2396235,-34.15837,-24.432894,18.587355,-12.561781,-19.884724,-7.1238146,-9.201441,-7.4630175
1310,21.833333333333332,0.21950072,125.10255575167368,1489.0188281702563,629.7432196046287,1495.086931909758,3165.9597026840474,0.016091630377224445,0.06403854314183756,17.354868380743728,-189.53502,205.3443,-25.333817,-18.81353,18.789211,-33.17872,-27.884258,20.495625,-30.865742,-18.329863,-1.4779344,-4.5120134,-6.2885528
1311,21.85,0.20073065,126.69748541982803,1493.6909205882034,680.674453859171,1799.438136555269,3238.7254404720984,0.016091630377224445,0.06403854314183756,17.354868380743728,-186.0242,206.72044,-21.28397,-2.8273857,24.433304,-33.07155,-31.945274,14.290906,-34.518555,-8.41937,10.449909,-1.6674573,-9.06966
1312,21.866666666666667,0.17570512,127.59146008810801,1479.8367138541662,706.3629395200828,1943.1430085939467,3243.7023689117755,0.016091630377224445,0.06403854314183756,17.354868380743728,-202.7576,200.77539,-19.17714,8.2729225,26.6287,-30.198755,-24.781569,8.703711,-33.87552,4.2317724,12.487537,-12.3605385,-4.034862
1313,21.883333333333333,0.12580892,124.69935720761009,1523.8094290333393,685.0731072847509,1998.159178040222,3224.843238576846,0.016091630377224445,0.06403854314183756,17.354868380743728,-253.71208,178.87578,-11.646725,20.16667,30.897497,-31.552238,-21.575735,8.877237,-24.064098,10.008118,13.199803,-12.572609,-6.687566
1314,21.9,0.0645447,120.31245176790297,2018.4374390956134,683.9641615757658,2011.695873032269,3270.000841880756,0.016091630377224445,0.06403854314183756,17.354868380743728,-291.69937,159.55656,-18.489117,14.90167,29.072216,-23.682785,-10.703556,1.132186,-14.37823,18.436987,25.329762,-6.046258,-6.8478603
1315,21.916666666666668,0.080218896,0.0,3031.6091983738042,515.3982521983612,2028.9565416833132,3330.3656587830324,0.016091630377224445,0.06403854314183756,17.354868380743728,-277.8016,148.23477,-29.772911,47.931473,37.39778,-33.856274,12.8732815,12.331774,-25.976917,21.839409,28.006508,-13.0021,-0.014203489
1316,21.933333333333334,0.097070165,0.0,1934.5078616389424,230.35119659974802,2025.5496164247002,3255.3436902045482,0.016091630377224445,0.06403854314183756,17.354868380743728,-262.51843,154.43939,-11.068855,84.59044,65.488846,-25.899403,26.357353,28.757687,-28.178743,9.745848,18.747639,-13.247351,2.1342595
1317,21.95,0.09430424,0.0,1231.1059474066553,532.9042871058574,2227.6013425022884,3322.113773651834,0.016091630377224445,0.06403854314183756,17.354868380743728,-341.08618,128.6256,12.367221,67.189896,61.690296,-6.5422716,17.01339,37.63038,5.74294,9.76877,16.491592,-0.66846967,6.787777
1318,21.966666666666665,0.018783486,0.0,2199.912888633467,956.3334877461535,2457.8875269221185,3743.0097570208227,0.016091630377224445,0.06403854314183756,17.354868380743728,-426.36407,88.374344,38.350525,37.30934,23.375376,-0.78937244,8.3711405,17.535164,12.174158,18.323524,15.872988,-2.885169,-2.3026376
1319,21.983333333333334,0.005454761,0.0,2706.0227530310726,684.326035162075,2334.704150358092,3328.1064637664113,0.016091630377224445,0.06403854314183756,17.354868380743728,-458.5623,68.88823,46.58902,37.41834,19.84647,2.7328517,5.1814547,7.69561,5.482407,14.702158,18.115013,4.908527,1.1221646
1320,22.0,0.0071734064,0.0,2415.017565055806,396.90888577944986,2180.690288342485,2772.350009315343,0.016091630377224445,0.06403854314183756,17.354868380743728,-428.30078,73.91586,16.21144,38.820957,46.362183,6.7512317,-5.841343,4.987232,1.3903916,1.4364703,7.8576365,1.9320935,-5.8213882
1321,22.016666666666666,0.010901564,0.0,1559.0096822769206,318.93598394946883,2108.5467635465466,3118.978600521838,0.016091630377224445,0.06403854314183756,17.354868380743728,-387.43658,111.72815,20.882957,36.842274,55.707848,9.727643,-20.72493,-6.876075,6.108305,8.967016,9.912815,5.361583,-1.5448107
1322,22.033333333333335,0.07410992,0.0,1453.1568746404043,371.5014883257794,2234.1726438301503,3101.903600106641,0.016091630377224445,0.06403854314183756,17.354868380743728,-357.3534,134.35767,30.11411,57.25607,63.699265,-5.838052,-33.08499,-13.964733,-1.5011475,6.42391,1.5988929,-10.875243,-6.6060762
1323,22.05,0.13077979,139.69942415775859,1463.250746038249,488.5473078060388,2406.8027423351214,3222.0333151090827,0.016091630377224445,0.06403854314183756,17.354868380743728,-245.68477,177.60355,-2.3939557,46.77146,58.95646,-36.847363,-49.06308,-20.4565,-28.872524,3.8507838,-2.5607731,-31.53532,-3.7780514
1324,22.066666666666666,0.16790473,138.86218813711966,1728.5196383088003,541.7088551037446,2467.3013687994353,3261.5297860544047,0.016091630377224445,0.06403854314183756,17.354868380743728,-225.11717,167.29976,-6.182108,51.947533,61.463318,-37.647415,-50.33381,-17.566368,-38.449074,12.286994,-3.8026762,-38.073215,1.3550498
1325,22.083333333333332,0.16544224,198.27210550228028,1820.8429312217743,531.5650544566248,2464.8575255330343,3295.8105934563932,0.016091630377224445,0.06403854314183756,17.354868380743728,-231.58623,161.25943,1.6979767,48.54815,58.44075,-31.698494,-45.657494,-14.091972,-34.201485,14.703863,-7.1805677,-34.555008,6.202367
1326,22.1,0.120978974,277.42525127957583,1769.6395988312468,475.18757631546276,2469.3144438304444,3324.8642498721215,0.016091630377224445,0.06403854314183756,17.354868380743728,-285.49112,144.49202,21.119282,52.932465,48.610344,-24.65585,-24.073181,-6.796301,-26.952309,9.283726,-9.580748,-27.303474,8.047216
1327,22.116666666666667,0.06240667,275.19956420494395,3519.9767123243223,451.7495882204971,2446.3638103204407,3321.2242357345554,0.016091630377224445,0.06403854314183756,17.354868380743728,-300.51013,116.13613,-22.507698,66.20628,35.297638,-28.050152,9.666121,0.22202185,-20.23812,15.192051,-10.283775,-28.493008,14.488543
1328,22.133333333333333,0.020192832,0.0,4672.145072560717,452.2490549400662,2363.392397695909,3167.439571402884,0.016091630377224445,0.06403854314183756,17.354868380743728,-310.24277,81.92581,-35.95189,74.20275,32.9397,-17.578527,23.662273,5.3169727,-23.568424,22.84959,-1.5534297,-22.455513,22.441872
1329,22.15,0.020515563,0.0,4883.180952655063,591.181608609784,2460.446792919437,3021.173680324266,0.016091630377224445,0.06403854314183756,17.354868380743728,-318.70135,69.29942,-56.24023,63.72691,38.299706,-14.462221,22.230133,-2.591143,-25.180016,20.380215,-1.5716935,-20.64954,15.058941
1330,22.166666666666668,0.01697426,0.0,4504.459481965572,759.6018202101372,2568.3348272670905,3190.447864672666,0.016091630377224445,0.06403854314183756,17.354868380743728,-320.18127,84.51642,-54.871597,55.113033,39.316334,-28.514408,14.805379,4.9776564,-17.545553,19.121443,-5.271362,-25.921001,14.263471
1331,22.183333333333334,0.032265004,0.0,4054.0667223765813,517.3855287207613,2565.644980315508,3290.975706341202,0.016091630377224445,0.06403854314183756,17.354868380743728,-350.9132,92.866325,-21.116463,58.842796,46.50963,-29.217472,-0.407479,4.2106185,-13.230241,13.509062,-3.9132264,-25.250282,14.18088
1332,22.2,0.11134111,312.60468960656135,1488.3803863268035,463.7344388212995,2555.863757436436,3281.0713241555504,0.016091630377224445,0.06403854314183756,17.354868380743728,-268.28635,175.63086,5.4792643,46.386375,59.875084,-34.835323,-45.61622,-15.409815,-16.164288,5.1234236,-3.5257719,-22.915848,-3.9971952
1333,22.216666666666665,0.15527976,311.08158466505824,1562.3077717906513,603.8400247576493,2332.1686625463394,3180.441633320226,0.016091630377224445,0.06403854314183756,17.354868380743728,-213.08978,197.39896,-17.546928,25.516674,60.460426,-38.21209,-47.335426,-17.398773,-30.569405,7.5517344,-0.40409026,-21.542181,-9.149351
1334,22.233333333333334,0.1840607,311.3945176706381,1407.8456606720886,649.4798072076374,2027.5968313994622,3126.391689915525,0.016091630377224445,0.06403854314183756,17.354868380743728,-244.69589,186.9324,-17.895561,9.691947,39.809994,-31.748865,-34.324387,-15.719625,-29.459715,2.2974274,1.6737621,-12.583267,-12.281014
1335,22.25,0.20958254,314.34922959938064,1214.8611866003598,649.0947139608497,1822.6751763940383,3156.692350750608,0.016091630377224445,0.06403854314183756,17.354868380743728,-248.9086,191.12874,-9.8036785,1.1768982,23.54443,-36.737526,-30.189072,-11.434333,-35.460926,-10.800873,-1.4381948,-7.965823,-7.8731318
1336,22.266666666666666,0.23170017,321.6946093930651,1163.869691990405,654.9816594532483,1796.8673715077261,3240.731852222795,0.016091630377224445,0.06403854314183756,17.354868380743728,-236.27263,200.93768,-18.879452,-6.663925,14.114227,-44.872326,-27.376411,-13.038849,-38.714355,-17.8517,-1.6975673,-4.8365107,-7.3851147
1337,22.283333333333335,0.24551228,334.00878408633434,1443.1247644441548,663.9062228692734,1794.5799202439139,3325.418574686475,0.016091630377224445,0.06403854314183756,17.354868380743728,-232.66704,180.89828,-23.787834,-2.249508,24.133686,-51.26664,-32.36384,-11.606511,-45.115044,-14.646593,-1.4385471,-3.4849987,-14.268194
1338,22.3,0.22719695,340.48710854662187,1440.2996461629646,629.6376956635087,1780.657976536397,3383.1564669972818,0.016091630377224445,0.06403854314183756,17.354868380743728,-255.56317,162.92578,-13.983368,9.010093,28.583986,-49.307987,-25.358334,-12.207924,-54.600487,-18.190186,4.777871,1.2698704,-16.812666
1339,22.316666666666666,0.16861525,335.315196981113,1605.461069622136,543.5743648421749,1852.9344373943532,3587.706777362172,0.016091630377224445,0.06403854314183756,17.354868380743728,-297.65594,142.19208,-0.7020549,26.960606,29.088898,-43.743355,-13.495909,-10.173537,-49.3521,-11.662365,3.3251376,-10.960102,-19.466217
1340,22.333333333333332,0.08319815,327.6379252650675,4143.77883413932,555.9818465912692,2193.3944241719573,3935.335762842866,0.016091630377224445,0.06403854314183756,17.354868380743728,-314.8616,108.42644,-12.448793,71.14891,26.286627,-57.8125,14.543777,12.230813,-53.25066,10.983236,22.199669,-23.408592,-6.7211637
1341,22.35,0.049852576,0.0,4927.3895851761,679.723643468598,2332.7548207963628,3842.6035576073573,0.016091630377224445,0.06403854314183756,17.354868380743728,-321.54398,74.105865,-40.299194,65.8178,31.509342,-51.98022,17.337313,15.113479,-51.789265,22.923943,28.021715,-14.932035,4.665575
1342,22.366666666666667,0.030722389,0.0,4082.060963276959,682.8112009289056,2028.245120612121,3415.7329343167135,0.016091630377224445,0.06403854314183756,17.354868380743728,-332.66513,103.499916,-30.710304,50.48661,32.501972,-40.697212,5.456813,0.8747719,-48.775856,3.1874995,28.913902,-8.437246,1.370347
1343,22.383333333333333,0.051034536,0.0,3156.535198584941,570.7427196087144,1851.4158896405318,3339.648587957657,0.016091630377224445,0.06403854314183756,17.354868380743728,-364.3409,109.6378,7.7267013,37.334576,29.30238,-29.19469,-9.704781,-6.110495,-37.457394,-11.536997,13.839529,-6.936535,-13.507854
1344,22.4,0.17816241,353.40756572485765,1089.3824181223943,529.7151879463427,1685.6269922890497,3324.40028033778,0.016091630377224445,0.06403854314183756,17.354868380743728,-275.5727,187.02368,4.7285624,8.539101,10.661409,-45.617226,-27.006227,-10.279901,-35.586678,-22.35101,2.4442568,1.7550453,-5.736782
1345,22.416666666666668,0.24447268,354.3136554785229,1156.5613463929403,649.7680506142206,1705.175226784817,3202.626534907962,0.016091630377224445,0.06403854314183756,17.354868380743728,-237.07999,198.70172,-17.768085,1.9796208,18.978313,-47.41087,-25.860615,-3.1819215,-37.13227,-24.63971,-4.067402,6.738201,5.830082
1346,22.433333333333334,0.27340662,351.5423494450111,1179.5723764461604,649.1148969984594,1651.1861400537923,3186.630354626998,0.016091630377224445,0.06403854314183756,17.354868380743728,-251.79803,184.5575,-16.604706,2.2070487,17.18438,-50.63764,-27.065924,-3.5405896,-38.37826,-28.59053,-7.0099964,8.722355,6.3074865
1347,22.45,0.26689452,349.9420278277165,1188.7567029209836,645.4289833476811,1604.9488747573891,3216.096682948851,0.016091630377224445,0.06403854314183756,17.354868380743728,-275.22885,163.22813,-14.5827055,8.417431,15.71067,-50.040085,-22.117601,-0.8824526,-38.643826,-29.628302,-12.1095295,8.793712,7.1878266
1348,22.466666666666665,0.23689914,345.9088730638789,1168.195201701512,632.9407244081639,1498.1087144992118,3266.1494950379665,0.016091630377224445,0.06403854314183756,17.354868380743728,-280.9415,163.71494,-2.6774786,12.97596,10.76733,-53.508057,-19.445786,7.383034,-33.53881,-32.26187,-15.625796,7.38303,6.5262604
1349,22.483333333333334,0.16603483,342.2520063576151,1077.1564194995462,559.2120044139198,1320.1280844083221,3322.44651216018,0.016091630377224445,0.06403854314183756,17.354868380743728,-309.36664,164.386,23.441769,22.889763,14.41713,-41.975487,-16.601707,7.1511273,-24.799477,-40.161537,-22.105797,3.836296,1.5566416
1350,22.5,0.075537294,342.00296507973235,1124.423474178317,567.4278503612545,1164.6136473791014,3284.916741892499,0.016091630377224445,0.06403854314183756,17.354868380743728,-405.99304,126.99727,67.72654,30.63694,6.0201664,-16.461504,-17.201803,-4.744692,-10.926048,-24.596478,-15.3691635,0.83110297,-5.0837326
1351,22.516666666666666,0.007959606,0.0,1802.6824421191493,690.751251777788,1050.2875429602143,3226.9547246829106,0.016091630377224445,0.06403854314183756,17.354868380743728,-451.9015,81.96324,52.798508,23.809643,0.5126031,-14.268356,-14.210178,-2.3124647,7.1828794,7.906313,6.4185276,5.5753613,1.3156705
1352,22.533333333333335,0.004734241,0.0,1703.8269845015807,688.0381855947891,1531.8656012463452,3235.808824712366,0.016091630377224445,0.06403854314183756,17.354868380743728,-462.8437,72.21347,52.829117,28.788868,8.080822,-4.2436333,-7.7099543,-5.4531126,-1.6393665,0.93907285,1.7508223,1.7559118,1.9151083
1353,22.55,0.009615141,0.0,3024.8364990212003,741.648846466644,2203.104374226614,3169.496588005032,0.016091630377224445,0.06403854314183756,17.354868380743728,-442.7446,64.13689,22.085121,31.561415,12.812899,-9.079866,11.732462,6.813821,-15.303354,9.034798,21.98452,-4.865299,-2.5826242
1354,22.566666666666666,0.013714878,0.0,3100.6201170235017,738.2488997220531,2206.3609687451044,3098.5690552854235,0.016091630377224445,0.06403854314183756,17.354868380743728,-287.53235,137.83427,-35.82175,10.377519,44.885315,-7.669648,-12.60121,-8.159558,-31.657446,17.087456,11.0581455,-15.940836,-1.5507743
1355,22.583333333333332,0.08590574,0.0,2065.0094701615017,622.9171897338301,2267.216199102636,3092.101281381602,0.016091630377224445,0.06403854314183756,17.354868380743728,-312.21976,147.94336,1.667369,33.81453,38.01358,-18.780596,-23.641148,-17.418985,-26.275974,11.325922,8.238717,-23.479021,-3.3277097
1356,22.6,0.1446072,316.2951459434213,1561.988837258823,667.4283932930164,2270.751461350198,3097.41917979633,0.016091630377224445,0.06403854314183756,17.354868380743728,-220.50893,188.3912,-22.033844,23.40007,30.243341,-50.330414,-47.35,-16.359406,-33.317364,17.923306,4.885537,-29.802927,-0.96982145
1357,22.616666666666667,0.18199182,310.6864427385367,1661.7162912551573,753.1182865317234,2202.6492039616755,3111.201255291215,0.016091630377224445,0.06403854314183756,17.354868380743728,-197.56006,198.56319,-34.336327,15.664517,33.412834,-49.654465,-48.791656,-16.775494,-35.456,22.476814,7.2210135,-28.139713,-3.3464544
1358,22.633333333333333,0.17529401,308.66448201168186,1610.1561265946864,813.3152951711619,2163.5409426323095,3109.1786723176947,0.016091630377224445,0.06403854314183756,17.354868380743728,-200.57918,202.89783,-38.41295,7.3354216,29.810642,-49.479355,-46.472607,-17.839254,-31.132593,20.057076,6.473682,-25.866337,-6.6250973
1359,22.65,0.17070104,312.02955127014036,1658.496453076303,816.9895164035319,2093.2281274333436,3059.684981167745,0.016091630377224445,0.06403854314183756,17.354868380743728,-210.35623,193.23032,-42.10544,-0.9133478,30.270184,-44.133224,-44.12361,-14.715871,-32.848232,16.700684,8.164904,-18.756279,-9.003129
1360,22.666666666666668,0.15232785,314.3142110128673,1412.177129003801,729.0541532531693,1886.343285153217,2974.5773815791867,0.016091630377224445,0.06403854314183756,17.354868380743728,-248.90413,180.14008,-29.348316,-3.9634643,24.578442,-36.0535,-33.51854,-15.338648,-29.706429,7.9445753,10.994707,-12.360617,-9.4015255
1361,22.683333333333334,0.13234973,310.9986184703796,1125.080743086964,529.2254413949036,1576.9135667750106,2934.905960294849,0.016091630377224445,0.06403854314183756,17.354868380743728,-310.27884,169.03494,15.035942,-9.37631,8.664628,-9.6272135,-24.96819,-17.223772,-25.948942,-13.424492,-12.798115,-14.036413,-8.348966
1362,22.7,0.111197054,309.0378121718718,1073.0652097690254,357.1153602206016,1197.6376878872888,2714.227293076133,0.016091630377224445,0.06403854314183756,17.354868380743728,-370.27588,137.50491,46.668602,9.556672,10.029207,1.6523141,-18.43362,-15.822693,-17.184896,-9.660721,-16.157698,-12.384943,-0.9243766
1363,22.716666666666665,0.10287828,304.499724880595,1073.836758176045,346.3142529638467,941.0093559023778,2557.4205628631994,0.016091630377224445,0.06403854314183756,17.354868380743728,-393.72922,125.88968,54.553276,12.330759,5.9920626,-0.026666611,-21.524902,-19.339642,-14.856865,-10.613176,-17.598927,-15.784943,-7.952513
1364,22.733333333333334,0.09328365,299.1397411002909,1038.878528929866,331.1477244338136,944.2001246232006,2729.2697977083712,0.016091630377224445,0.06403854314183756,17.354868380743728,-400.39758,127.160324,68.961,23.585289,3.9992795,-0.6881771,-15.257454,-11.457474,-7.931275,-7.783414,-11.451616,-16.499111,-12.509943
1365,22.75,0.08187666,292.9359236908856,1006.5123466080372,316.0278306487803,837.4647287169739,2677.6245767746686,0.016091630377224445,0.06403854314183756,17.354868380743728,-416.62482,118.82676,72.417366,25.050646,-0.16327302,-7.127432,-11.61401,-7.5966463,-6.960354,-5.371281,-9.975478,-12.380285,-11.0844965
1366,22.766666666666666,0.09842281,294.8794430962526,1272.5524706389447,332.8078334932662,1366.1274143536991,2902.696366343338,0.016091630377224445,0.06403854314183756,17.354868380743728,-335.69125,148.41174,18.662155,27.763426,32.20198,-14.189317,-18.611164,-8.059665,-22.360588,-19.565792,-14.886679,-11.336475,1.3169351
1367,22.783333333333335,0.12454894,296.8430859354315,1405.3717423583553,442.77574876836184,2360.0070694656833,3089.0288747499244,0.016091630377224445,0.06403854314183756,17.354868380743728,-283.26688,164.00635,-7.506692,39.159103,52.319305,-30.159231,-44.49435,-12.099182,-12.273304,-8.745383,-11.039131,-21.921926,1.4331286
1368,22.8,0.15040573,291.4464406882989,1625.1811700787368,518.809731273133,2706.4455982504264,3228.0525251123117,0.016091630377224445,0.06403854314183756,17.354868380743728,-290.20508,147.82938,-10.726017,60.106163,67.011444,-46.41182,-59.922577,-12.324292,-4.952874,-2.7078876,-8.007847,-25.207294,-2.5516548
1369,22.816666666666666,0.15321504,294.20564795501906,1536.5827326650415,472.9942945523626,2754.3502643476354,3281.7780274585602,0.016091630377224445,0.06403854314183756,17.354868380743728,-295.4738,144.72021,0.45968127,69.73169,70.37836,-44.18901,-56.75802,-8.035588,-11.479595,-4.01871,-4.580187,-23.953972,-5.847762
1370,22.833333333333332,0.14088841,292.8343011126784,1465.633050020339,446.195666678862,2754.7643212902963,3249.9883091994675,0.016091630377224445,0.06403854314183756,17.354868380743728,-326.59872,126.133804,6.442671,67.75978,66.563324,-41.4233,-47.790024,-6.125658,-13.0299015,-9.688444,-14.872782,-27.72842,-8.7789955
1371,22.85,0.10662094,284.1480399792343,1468.9647902512284,381.351164997123,2674.6300377638577,3269.9719895633248,0.016091630377224445,0.06403854314183756,17.354868380743728,-345.60327,120.13559,4.6451907,63.2445,66.60025,-25.785406,-33.641907,-5.969208,-13.030978,-6.0675917,-6.361432,-17.840052,0.82364523
1372,22.866666666666667,0.06031488,278.3554711448103,2460.610759777634,342.22563048843466,2490.7155201117953,3292.5456269843867,0.016091630377224445,0.06403854314183756,17.354868380743728,-329.61478,119.42891,-15.170994,61.21101,61.50387,-20.164024,-3.9847882,6.09871,-20.714111,5.297799,7.228718,-22.06197,3.0668364
1373,22.883333333333333,0.024826402,0.0,3954.821125710976,1073.5055221118096,2364.8932906445243,3376.7461920129094,0.016091630377224445,0.06403854314183756,17.354868380743728,-324.38156,103.26581,-38.76116,61.55358,54.833046,-24.485634,17.34755,16.948267,-21.537437,21.560375,19.49437,-24.915728,3.1545727
1374,22.9,0.01785603,0.0,4568.115941488266,2085.152795659838,2773.5159499840715,4060.885929595328,0.016091630377224445,0.06403854314183756,17.354868380743728,-355.03854,75.18876,-29.990702,65.40854,42.646618,-22.495674,24.073181,16.695007,-24.753227,22.522524,18.442787,-14.270111,15.437224
1375,22.916666666666668,0.009662425,0.0,4345.624871918459,1447.5379838821013,3025.522699657979,4315.850896399157,0.016091630377224445,0.06403854314183756,17.354868380743728,-440.9214,45.722668,14.925613,68.908,33.415794,-7.5528584,30.583551,13.759578,-16.767952,21.139177,18.090298,-13.187342,8.415826
1376,22.933333333333334,0.0026298373,0.0,3655.7957588022336,578.2757816708453,2468.7038591232254,3591.7905136519234,0.016091630377224445,0.06403854314183756,17.354868380743728,-486.22693,39.286865,33.441353,33.128937,21.884062,12.477953,14.232723,9.484873,3.7921762,8.862192,8.263503,1.7000976,3.6424122
1377,22.95,0.0032059774,0.0,3194.121205097826,597.0034948883566,2554.7924775347333,3711.450813829212,0.016091630377224445,0.06403854314183756,17.354868380743728,-488.98575,36.480423,32.056488,32.551857,23.153023,15.367943,16.69303,11.386461,5.561384,9.1440115,7.249346,1.2792311,3.5885258
1378,22.966666666666665,0.01315185,0.0,4775.7113644977835,477.42790904037133,2508.2840717108056,3545.170220472448,0.016091630377224445,0.06403854314183756,17.354868380743728,-388.84692,70.31668,-2.2713737,69.004295,19.43084,-43.862305,4.403746,-9.261246,-31.740753,23.111217,12.431188,-22.341862,7.920515
1379,22.983333333333334,0.016261606,0.0,4032.1041574457886,528.6820756074076,2082.5091036477206,3138.1692015283866,0.016091630377224445,0.06403854314183756,17.354868380743728,-325.91342,111.20212,-13.225274,65.27765,29.002394,-39.857346,4.860044,-9.0042095,-34.484688,24.83186,14.408594,-20.676968,9.229321
1380,23.0,0.06400655,0.0,1569.021330722037,407.56278388561867,1754.8703520294757,3245.775740491947,0.016091630377224445,0.06403854314183756,17.354868380743728,-357.02042,133.09967,37.26282,60.00356,37.35811,-6.8724318,15.919028,6.489313,-23.19505,7.7373476,18.501337,-6.6838703,1.8844697
1381,23.016666666666666,0.11500168,139.3059058827113,955.2332265896176,491.4310350901062,1602.2655328509943,3258.2302084830635,0.016091630377224445,0.06403854314183756,17.354868380743728,-280.67242,198.88779,41.285004,30.831045,21.40752,-32.607376,-13.075722,2.3071756,-24.710844,-12.257647,11.899103,13.622245,4.658047
1382,23.033333333333335,0.13901922,139.22597945388637,1009.5134090297114,651.1981026364143,1506.1372386375924,3251.147176608158,0.016091630377224445,0.06403854314183756,17.354868380743728,-281.7428,194.07947,30.30581,17.527737,16.912111,-30.22745,-8.652012,12.61208,-19.989765,-21.430775,1.6832604,16.604837,9.5245075
1383,23.05,0.12757982,139.55144779590847,956.386250030096,668.0860742025125,1229.4976721291648,3227.150382607941,0.016091630377224445,0.06403854314183756,17.354868380743728,-300.51166,188.19205,38.07799,10.793835,4.25895,-30.699436,-9.286065,6.7254725,-16.905266,-17.025501,-1.1600149,7.918842,6.068323
1384,23.066666666666666,0.10738117,139.80077084761737,934.8191010181203,578.6979745971082,941.3610766181409,2650.3172419606926,0.016091630377224445,0.06403854314183756,17.354868380743728,-352.38315,159.52356,52.260735,11.793118,-5.0362897,-25.876858,-11.176249,5.1976867,-8.560053,-13.079399,-5.080981,4.785874,-1.1082914
1385,23.083333333333332,0.0945837,138.41044848775863,940.4624395801508,420.9014620215117,854.1811428799966,1962.3603973893705,0.016091630377224445,0.06403854314183756,17.354868380743728,-374.4285,149.27846,61.875504,9.471271,-9.789326,-15.696748,-12.822133,-4.98168,-10.021037,-12.547571,-11.668145,-8.49848,-7.1795754
1386,23.1,0.09158795,136.9260283562632,853.6221619325727,387.5476234089213,838.0576334501429,2141.6778481866495,0.016091630377224445,0.06403854314183756,17.354868380743728,-355.33353,171.97154,76.05292,13.260529,-3.8742266,-3.255023,-7.7748394,-8.180691,-13.032352,-11.58898,-12.710846,-11.893188,-6.23557
1387,23.116666666666667,0.092460655,136.37370818114061,828.0738643887114,398.44931951759355,823.1661954551089,2232.151115839574,0.016091630377224445,0.06403854314183756,17.354868380743728,-360.95557,167.5171,77.37234,18.066349,1.9293547,-0.98882115,-10.607048,-11.100561,-12.317694,-10.442575,-16.325659,-18.635101,-10.602623
1388,23.133333333333333,0.096787855,135.70471328325738,741.2969119256427,397.9436165048261,726.3000698785145,2235.733703776674,0.016091630377224445,0.06403854314183756,17.354868380743728,-369.1973,167.9076,84.03842,19.876476,-0.65856767,-2.5995846,-7.2362595,-11.568251,-13.324194,-9.202068,-15.678068,-18.322351,-11.851758
1389,23.15,0.098066024,135.50504857967164,716.3629344890983,395.716964623947,696.9668566457104,2265.3011072022964,0.016091630377224445,0.06403854314183756,17.354868380743728,-367.6265,169.03278,83.57553,23.789928,0.12065554,-7.3070755,-9.726068,-8.611262,-7.810689,-8.480364,-16.950802,-20.771387,-11.264211
1390,23.166666666666668,0.10750224,136.7555437296577,883.4105880967139,438.52197683749506,1298.8307935065995,2636.1623595353426,0.016091630377224445,0.06403854314183756,17.354868380743728,-314.56717,175.92853,36.05224,32.646347,25.725248,-14.498938,-9.806393,-10.667318,-26.498138,-9.061548,-3.0327559,-17.85923,-9.214912
1391,23.183333333333334,0.11253275,138.6201839135867,1099.8961520064108,519.5469841122532,2419.718945693232,3255.7150193763496,0.016091630377224445,0.06403854314183756,17.354868380743728,-308.9885,161.55292,12.907713,44.88234,51.28588,-21.65323,-31.528877,-8.317175,-15.121847,-11.61652,-6.225622,-13.209671,-3.2885225
1392,23.2,0.111950845,137.74153056978668,1338.380960218389,530.8417075540009,2937.323018289516,3399.974685239898,0.016091630377224445,0.06403854314183756,17.354868380743728,-347.22787,120.29671,15.084399,68.72255,43.143154,-54.733803,-36.889072,4.507645,-8.9177265,-10.147813,-14.825412,-25.629347,-1.8902234
1393,23.216666666666665,0.09253687,134.8417571210547,1382.7682255567831,498.80160838478974,2994.3729399621852,3436.9840528039213,0.016091630377224445,0.06403854314183756,17.354868380743728,-369.92984,108.201675,29.409729,79.0457,45.32826,-45.269417,-34.307045,-4.506794,-14.665889,-9.266855,-13.407785,-23.322975,3.615453
1394,23.233333333333334,0.060503703,130.28744410405304,1622.2891993447006,400.3008753443668,2782.751636773415,3366.331644881168,0.016091630377224445,0.06403854314183756,17.354868380743728,-378.39975,101.68865,21.551056,74.1523,50.392998,-35.815987,-33.533592,-4.112116,-4.964184,1.7289181,-11.576727,-23.668846,4.982655
1395,23.25,0.025933936,127.08838085799555,2930.7670906309836,374.99531213837076,2524.6340319381216,3355.6161258825396,0.016091630377224445,0.06403854314183756,17.354868380743728,-386.1082,79.15567,-7.1030617,62.34707,55.056118,-13.48393,-8.860089,-4.5582614,-2.9134526,21.70866,-5.454281,-28.073765,8.264631
1396,23.266666666666666,0.009534841,0.0,4592.348069633972,1169.6670207772859,2776.103533809705,3898.9799769310966,0.016091630377224445,0.06403854314183756,17.354868380743728,-379.78824,58.430916,-33.517063,62.291206,37.120983,-20.987263,18.754513,-4.1083097,-24.063274,24.351086,6.5757,-21.30362,5.2199726
1397,23.283333333333335,0.009806855,0.0,5183.499937797376,1585.144745381035,2876.9598697486326,4087.37221540028,0.016091630377224445,0.06403854314183756,17.354868380743728,-386.46045,45.3696,-32.727592,69.10898,24.852503,-28.648045,23.265514,1.3384813,-20.29807,20.73021,5.3357162,-12.85416,5.365962
1398,23.3,0.01123404,0.0,5497.328849323929,822.9410712674551,2200.8522970900335,3320.184002124018,0.016091630377224445,0.06403854314183756,17.354868380743728,-377.6273,38.16381,-41.26049,60.79734,12.319717,-28.806553,16.288733,-2.0582721,-17.49787,25.76383,12.056782,-13.270116,10.281541
1399,23.316666666666666,0.012515073,0.0,5547.693211395199,790.863300418335,2145.0128071495064,3202.5204994244077,0.016091630377224445,0.06403854314183756,17.354868380743728,-345.87878,45.85767,-43.296062,57.0073,17.348442,-24.475842,9.128099,-5.2280006,-24.41412,28.101978,9.180117,-20.265562,8.891722
1400,23.333333333333332,0.0113416,0.0,4765.346739492313,705.4175616415896,2008.097366653296,3186.9966173797657,0.016091630377224445,0.06403854314183756,17.354868380743728,-344.1461,89.09917,-25.76955,35.686897,21.019932,-21.561844,18.634178,-9.592806,-23.554682,31.21364,19.803734,-7.954549,6.82877
1401,23.35,0.01690415,0.0,3809.3569721942627,461.927424409404,1829.5409320575434,3290.452357837645,0.016091630377224445,0.06403854314183756,17.354868380743728,-374.0656,97.865265,4.1331415,39.419067,41.012444,-6.352559,12.6786375,7.4507866,-14.523457,6.8399296,17.518013,4.9078927,6.8757725
1402,23.366666666666667,0.07133612,0.0,1384.296552486649,249.3902883447064,1636.4710237295938,3306.4877718975226,0.016091630377224445,0.06403854314183756,17.354868380743728,-367.81992,123.16059,27.084095,53.95353,53.270702,6.6187477,17.39365,28.437176,-4.2386312,-10.209053,9.479484,12.3176775,2.6217132
1403,23.383333333333333,0.14587443,251.81815989600526,869.42083010488,382.50884498022396,1351.5374829143666,3327.1537122748423,0.016091630377224445,0.06403854314183756,17.354868380743728,-295.87128,194.90744,59.654716,35.11155,15.74752,-30.424667,-7.712292,16.661568,-15.417281,-18.376724,-4.217907,9.502905,6.6123466
1404,23.4,0.19669177,194.36435932068466,919.4521493020884,490.7199716306355,1184.8739023394303,3336.089308365562,0.016091630377224445,0.06403854314183756,17.354868380743728,-290.61038,191.91234,55.80122,18.822844,1.5985478,-39.215294,-13.557734,15.2109585,-19.506168,-24.996128,-19.344213,-0.457559,6.201747
1405,23.416666666666668,0.21532841,119.63296460372726,969.2445733115928,472.4121960314178,1053.7063763808621,3279.354497051868,0.016091630377224445,0.06403854314183756,17.354868380743728,-273.01825,203.3759,55.865585,19.791967,4.553137,-41.96246,-15.854288,16.591618,-13.619102,-26.013824,-15.541371,-8.623926,4.1211057
1406,23.433333333333334,0.22161275,119.60081223079774,959.0678836027,466.2403840416471,968.3703438434563,3276.044442914274,0.016091630377224445,0.06403854314183756,17.354868380743728,-263.6441,208.96219,58.452053,20.300123,6.1656485,-45.73351,-22.183132,14.815157,-10.4646435,-22.836372,-12.627985,-11.750407,-1.1805797
1407,23.45,0.22470759,119.12951446943539,930.2155728023877,466.22756261066627,959.2196979427295,3271.9878082078267,0.016091630377224445,0.06403854314183756,17.354868380743728,-254.9362,216.35358,55.301758,20.226562,5.959675,-53.11143,-25.91774,16.732857,-9.025145,-23.02463,-13.131563,-11.969545,-11.118631
1408,23.466666666666665,0.2233404,118.66387053229947,874.2255492352708,465.8535438677272,965.4907153543866,3258.5821821536542,0.016091630377224445,0.06403854314183756,17.354868380743728,-260.8702,216.66026,59.06874,24.002003,3.2857118,-57.0763,-26.457783,16.065405,-9.446913,-20.423416,-13.092323,-11.597448,-13.456383
1409,23.483333333333334,0.22097974,118.83295078589236,882.7990096191935,463.0548192281054,960.7585344454156,3288.817460284583,0.016091630377224445,0.06403854314183756,17.354868380743728,-263.5738,216.1901,63.681892,23.181389,-2.094401,-60.546936,-26.737665,12.826604,-12.230602,-17.182526,-11.587975,-11.572085,-15.127192
1410,23.5,0.20386145,118.75583154859731,850.465210675553,442.9428968274329,954.7491511639578,3334.454061834595,0.016091630377224445,0.06403854314183756,17.354868380743728,-280.2683,212.10538,72.893295,27.355207,-4.06769,-58.638493,-26.264702,12.067036,-7.569854,-16.073637,-8.140148,-9.881142,-15.42741
1411,23.516666666666666,0.15291482,166.52123142418677,797.7326873381937,388.9043129346005,940.1471001845457,3329.244930205288,0.016091630377224445,0.06403854314183756,17.354868380743728,-334.826,182.07063,84.68877,37.258377,-6.112713,-51.20386,-22.4643,14.549627,0.15423137,-14.336767,-6.628927,-5.354561,-16.629374
1412,23.533333333333335,0.085738465,231.45289895918756,875.496569771353,385.4544569879423,970.9417291395174,3329.2655471589906,0.016091630377224445,0.06403854314183756,17.354868380743728,-368.2508,159.56488,75.4178,35.185143,1.5073678,-27.15726,-9.566505,18.68586,11.812204,-2.8003523,-1.1190568,-2.0677338,-12.254597
1413,23.55,0.026167382,0.0,882.7139589099758,576.4416959906059,1002.6298964961475,3256.020537430175,0.016091630377224445,0.06403854314183756,17.354868380743728,-365.2399,159.36569,68.384285,27.160267,0.57987124,-17.130333,1.5444111,20.833284,14.391819,7.131887,4.7114797,-1.9915416,-7.4704123
1414,23.566666666666666,0.034374166,0.0,825.5173256861552,864.9728653721571,1109.7697206323571,3145.95138282476,0.016091630377224445,0.06403854314183756,17.354868380743728,-369.1074,156.0887,63.546066,17.850185,-3.6010342,-14.38629,4.8036704,27.748413,26.1196,15.209556,6.753457,-1.3752472,-5.306262
1415,23.583333333333332,0.03594375,0.0,637.3887154985525,952.0361522367438,1196.7172671402495,3196.635576785093,0.016091630377224445,0.06403854314183756,17.354868380743728,-368.99585,158.83905,67.12035,20.034527,3.36832,-4.7302437,8.48685,28.005875,26.447933,12.3462925,4.2416563,-0.28111944,-9.046396
1416,23.6,0.031006068,95.68543645184761,661.695052271254,906.5290915417927,1925.829285193755,3561.3485717817885,0.016091630377224445,0.06403854314183756,17.354868380743728,-403.87234,134.98123,80.248856,36.457596,5.172819,-11.1256275,-0.5891417,21.327541,26.706575,15.963387,6.2672462,0.059613857,-8.676409
1417,23.616666666666667,0.022358287,96.6013228150004,1008.1929199867013,653.883350090219,2263.338231808377,3716.6980591205515,0.016091630377224445,0.06403854314183756,17.354868380743728,-420.4935,112.656815,67.64195,36.76683,5.7151527,-14.730146,-2.2926197,18.985178,23.63272,19.675491,13.696409,4.1834517,-5.842956
1418,23.633333333333333,0.116126,0.0,617.2207415860335,299.73173974193963,899.9670422543386,3272.736306546287,0.016091630377224445,0.06403854314183756,17.354868380743728,-378.93326,161.3135,96.43309,49.87019,4.482607,-31.663084,-23.68866,4.68991,9.716713,0.97734404,0.46550655,-1.1608372,-11.430236
1419,23.65,0.19528314,115.9060992518474,629.7789939307562,394.66115040664914,858.6968295821648,3339.861996195552,0.016091630377224445,0.06403854314183756,17.354868380743728,-308.3439,211.9968,97.87282,51.03154,-8.2660265,-62.613495,-29.89333,14.354588,-3.4078188,-12.534182,-4.1134796,-2.6190324,-12.901705
1420,23.666666666666668,0.2438809,114.05964807958503,709.2525715181634,432.61637108651314,889.5131992000719,3324.8597788592783,0.016091630377224445,0.06403854314183756,17.354868380743728,-300.04153,210.66956,94.835045,46.64511,-4.3907824,-59.154613,-27.979113,16.185493,-8.824954,-13.838076,-6.0824924,0.9057439,-11.544459
1421,23.683333333333334,0.24357904,113.21986423101849,726.9254450879018,420.9629165401936,881.4052297574199,3346.747303172603,0.016091630377224445,0.06403854314183756,17.354868380743728,-288.60266,212.73071,84.61452,43.022076,-3.628807,-61.35773,-28.020699,16.59385,-11.641933,-14.168915,-2.411354,-0.27919865,-15.81243
1422,23.7,0.23959471,113.47125899939893,754.4065611350926,422.27022889169604,880.5666753628311,3353.805655850289,0.016091630377224445,0.06403854314183756,17.354868380743728,-296.07532,206.75934,91.37974,43.013397,0.28874648,-56.020477,-30.478626,11.456494,-11.40781,-9.815603,-3.174694,0.2877488,-16.059225
1423,23.716666666666665,0.23699506,113.76088926804772,789.1330589573831,424.94707751402007,886.5107730863728,3355.556887592009,0.016091630377224445,0.06403854314183756,17.354868380743728,-294.59927,206.44005,89.3752,35.185207,-1.8598373,-56.26743,-28.320015,9.798759,-12.639621,-13.451136,-5.2872243,3.600533,-17.532204
1424,23.733333333333334,0.23664723,113.71331826751639,789.0986503505187,421.44144889040456,888.2449750786825,3390.4698663651398,0.016091630377224445,0.06403854314183756,17.354868380743728,-293.31107,207.25528,90.13158,41.35807,0.8552642,-57.19889,-24.733109,15.799719,-9.774505,-13.755804,-3.816916,3.3353603,-14.595812
1425,23.75,0.23502976,113.47484838392535,820.4377193980212,412.80278252750526,881.7031729215312,3376.98551685503,0.016091630377224445,0.06403854314183756,17.354868380743728,-291.87424,207.44453,91.73812,39.615715,3.5233598,-51.318275,-26.195103,15.924297,-5.1074476,-8.920916,-4.0946455,3.5290432,-12.392197
1426,23.766666666666666,0.22520708,113.80643947521786,815.9520173547963,418.0436610028632,915.6086690984407,3375.8519338009964,0.016091630377224445,0.06403854314183756,17.354868380743728,-299.05502,204.87598,94.2883,38.471848,1.05673,-51.465073,-25.265211,14.052351,-2.9180608,-10.845896,-10.244858,-2.6117263,-15.13393
1427,23.783333333333335,0.22185172,114.02904026067758,771.713503491102,421.372260952271,926.350394039589,3352.1123608039497,0.016091630377224445,0.06403854314183756,17.354868380743728,-293.5013,214.22543,89.50923,30.20694,-3.1103919,-46.309006,-20.058788,17.725302,4.364668,-13.074993,-13.001924,-2.163964,-8.699474
1428,23.8,0.22649594,114.57820165448372,830.6642048408154,423.39801510211777,940.2193686170497,3359.67008072162,0.016091630377224445,0.06403854314183756,17.354868380743728,-285.7286,211.75092,82.44626,24.73127,-1.2872459,-42.40416,-24.88435,20.057743,3.1811264,-18.891027,-14.007954,-6.4166107,-7.0377517
1429,23.816666666666666,0.22934443,114.93923247655613,945.5773580582578,428.9482173169635,995.4631258783483,3362.235887973465,0.016091630377224445,0.06403854314183756,17.354868380743728,-271.34177,204.6614,68.70857,27.10847,5.4945717,-45.338142,-23.63295,21.235806,-8.10053,-20.1778,-16.542799,-10.812302,-4.203778
1430,23.833333333333332,0.22789724,114.51928310540207,1042.6753237401888,419.3065584233221,1043.5830570904145,3332.2744638171825,0.016091630377224445,0.06403854314183756,17.354868380743728,-264.01913,201.77882,64.121254,21.199608,9.10152,-39.984,-18.567394,22.403471,-11.655647,-18.812206,-21.333817,-8.707001,-1.7967082
1431,23.85,0.22381009,114.5215984615143,952.4719731710263,411.97452037522066,1073.3676242472523,3315.1364713762455,0.016091630377224445,0.06403854314183756,17.354868380743728,-263.117,203.74283,50.372204,22.617455,14.845128,-32.739784,-16.835842,23.135029,-13.200634,-21.135727,-22.578064,-6.7740393,2.5805876
1432,23.866666666666667,0.21192619,115.44431530615236,943.4561516862852,417.5427361168223,1098.8849214235731,3333.6488112979146,0.016091630377224445,0.06403854314183756,17.354868380743728,-263.36774,200.00531,46.450676,22.776897,19.825153,-29.963585,-14.735005,23.311352,-19.943966,-24.183826,-18.306932,-1.2056957,1.3060299
1433,23.883333333333333,0.20020892,117.15199671388896,902.1643139990128,441.8430403900376,1245.9594742341048,3402.335571286257,0.016091630377224445,0.06403854314183756,17.354868380743728,-294.3386,184.00732,56.271225,34.859726,15.431364,-28.46065,-8.590041,21.786234,-26.842766,-25.094376,-13.587378,-0.38079515,1.9236299
1434,23.9,0.18226586,117.98989500795284,932.684591888565,453.2433098082352,1489.9866713128986,3378.083496851741,0.016091630377224445,0.06403854314183756,17.354868380743728,-312.47403,174.52737,65.980896,39.563362,19.515984,-26.850634,-5.580098,19.60073,-27.06928,-28.879282,-13.413439,4.272994,0.8408891
1435,23.916666666666668,0.1481279,117.37837213571342,1043.4877685254014,416.6138024304417,1696.514247493665,3378.012930702315,0.016091630377224445,0.06403854314183756,17.354868380743728,-336.15924,146.23642,47.684216,48.62863,34.29253,-13.249981,5.563814,9.361015,-33.059803,-11.524148,9.839308,3.5168638,0.85842216
1436,23.933333333333334,0.098428264,115.7044471977238,1567.5907378630618,350.19554598134835,1872.2833677994684,3524.944595096211,0.016091630377224445,0.06403854314183756,17.354868380743728,-333.192,133.22934,18.86198,69.6328,56.372997,-8.374067,13.23254,1.433387,-42.957672,-3.0247195,21.789923,-9.907222,-2.4143944
1437,23.95,0.07088582,0.0,3854.2668768999915,295.0942368514602,1925.8316076729125,3632.1009961650175,0.016091630377224445,0.06403854314183756,17.354868380743728,-325.8998,99.23738,-5.60847,82.42731,48.692257,-15.259798,39.21543,17.104431,-45.486744,27.047855,28.582,-17.287569,4.1014333
1438,23.966666666666665,0.07263192,0.0,4097.904021542689,1035.6305090845772,2594.562113780833,4111.04669693009,0.016091630377224445,0.06403854314183756,17.354868380743728,-301.14752,80.825165,-2.1666853,95.436325,40.489822,-13.554443,43.693985,27.344292,-43.486378,43.539288,26.800194,-21.660215,11.940323
1439,23.983333333333334,0.07106318,0.0,4500.507143610279,2105.606602603113,3460.5059137463595,4600.86296218351,0.016091630377224445,0.06403854314183756,17.354868380743728,-325.07434,67.74055,0.48781466,93.10104,34.193596,-10.929667,37.015915,23.39265,-31.924915,41.816597,26.467339,-17.420341,17.794132
1440,24.0,0.025668163,0.0,5134.988119638458,1399.7833711579437,2813.670749442415,3987.383085305498,0.016091630377224445,0.06403854314183756,17.354868380743728,-335.65277,55.934288,-18.510262,74.25105,26.009779,-14.446797,18.071182,17.479706,-19.305431,49.34042,35.482594,-14.808187,11.513851
1441,24.016666666666666,0.028103562,0.0,4973.846828545827,1142.8989535933981,2567.519916796275,3944.8204446241343,0.016091630377224445,0.06403854314183756,17.354868380743728,-350.55746,61.19931,-17.665934,77.02693,29.378063,-18.269588,16.565542,7.3979607,-19.32603,45.24205,28.3383,-16.6649,5.5591173
1442,24.033333333333335,0.023712207,0.0,4355.833379423218,2022.4349606409567,3241.433410788842,4736.15660982176,0.016091630377224445,0.06403854314183756,17.354868380743728,-352.69412,75.588715,-16.418694,80.36049,38.62629,-16.43083,27.662926,3.3713133,-22.938889,50.250214,38.223705,-12.050127,13.844288
1443,24.05,0.020102289,0.0,3993.827098576136,1330.1315245381297,2800.29399363081,4240.096006495627,0.016091630377224445,0.06403854314183756,17.354868380743728,-395.99542,67.93238,-3.711617,66.7769,40.81031,-8.209906,24.22864,-3.4165158,-26.34694,35.83207,35.40288,-6.8679733,10.300037
1444,24.066666666666666,0.0057575977,0.0,3373.6377323896727,524.322822060506,2084.9545370527812,3470.823404434187,0.016091630377224445,0.06403854314183756,17.354868380743728,-437.9816,61.940186,22.702106,48.546112,25.972202,-1.2537074,15.150391,-7.7016582,-23.228643,24.312,29.236492,-6.4154625,6.632693
1445,24.083333333333332,0.0024593496,0.0,2877.120416866603,644.4782351453944,2085.2401206264153,3295.086011920265,0.016091630377224445,0.06403854314183756,17.354868380743728,-471.28568,52.99553,35.42379,31.214132,20.17398,8.651018,6.232005,-0.16134015,0.32591873,15.36816,17.272165,5.4305143,3.4696488
1446,24.1,0.0014672398,0.0,2946.0550751926176,661.778599570559,2109.7604116192642,3292.0524809995873,0.016091630377224445,0.06403854314183756,17.354868380743728,-487.18976,38.63197,26.927303,19.853619,14.408339,6.425976,0.818146,1.750456,5.905948,9.494785,11.544348,10.310822,5.415263
1447,24.116666666666667,0.0010568673,0.0,2969.878989876057,645.0483666321162,2193.3457858419147,3308.391405153152,0.016091630377224445,0.06403854314183756,17.354868380743728,-496.80447,28.022022,22.35951,19.612936,15.673834,8.610274,4.7205467,5.8458424,5.6165977,2.780446,2.686842,4.376442,2.1680863
1448,24.133333333333333,0.00082758564,0.0,2582.320585899186,683.6312820596651,2381.6242387718435,3307.490381257318,0.016091630377224445,0.06403854314183756,17.354868380743728,-498.98917,26.336536,23.0224,21.48686,18.467072,12.431653,7.807457,6.207267,3.632413,-0.36711085,-1.5564961,-0.32818466,-1.1176339
1449,24.15,0.0006786995,0.0,2843.932174939725,670.3998201594936,2536.7554840957814,3289.67100518468,0.016091630377224445,0.06403854314183756,17.354868380743728,-506.80273,17.256386,16.58165,15.505193,14.091043,12.415157,10.55665,8.591534,6.5897703,4.6151905,2.7265902,0.97820807,-0.5818622
1450,24.166666666666668,0.0005550566,0.0,2870.0984106256083,581.7055044181704,2614.691445088339,3316.044936923404,0.016091630377224445,0.06403854314183756,17.354868380743728,-506.47214,17.609919,16.607689,15.032951,13.017739,10.725471,8.332907,6.011101,3.9078145,2.1334314,0.75206137,-0.22138917,-0.8180013
1451,24.183333333333334,0.00052068656,0.0,2629.211392366843,506.4516619328215,2675.516684991328,3416.574118847224,0.016091630377224445,0.06403854314183756,17.354868380743728,-507.02713,16.901003,16.116787,14.87314,13.257839,11.380167,9.359509,7.313263,5.3457785,3.5394363,1.949158,0.60042,-0.5087389
1452,24.2,0.0004652726,0.0,2919.325903010461,517.7403268472841,2706.2851885292334,3401.9938465775635,0.016091630377224445,0.06403854314183756,17.354868380743728,-507.62714,15.997891,15.056863,13.574653,11.670946,9.495302,7.211668,4.9817657,2.9492054,1.2261366,-0.11621891,-1.0519828,-1.5998378
1453,24.216666666666665,0.00058365957,0.0,3057.126200079069,383.31013432136,2712.625982940986,3225.548291988024,0.016091630377224445,0.06403854314183756,17.354868380743728,-509.3771,13.604457,12.900383,11.78953,10.358831,8.716863,6.9825697,5.273139,3.6923695,2.3209722,1.2096012,0.37569025,-0.1959937
1454,24.233333333333334,0.0006658613,0.0,2364.9243178086945,225.70553927332534,2709.9272154124005,3167.859548247532,0.016091630377224445,0.06403854314183756,17.354868380743728,-505.49573,19.053225,18.227459,16.91246,15.193601,13.178148,10.984808,8.732703,6.530924,4.4700294,2.6160839,1.0081263,-0.34126273
1455,24.25,0.00078823225,0.0,3105.2770769906183,258.9625712346152,2894.552105242566,3352.1585330747903,0.016091630377224445,0.06403854314183756,17.354868380743728,-507.1051,16.840704,16.198086,15.164974,13.7951765,12.158133,10.333762,8.406584,6.4598074,4.5698853,2.8017745,1.2057073,-0.18474932
1456,24.266666666666666,0.006176095,0.0,3065.263663317845,338.31547813589725,3044.7161751504864,3580.0686534825763,0.016091630377224445,0.06403854314183756,17.354868380743728,-494.2801,28.128658,22.896374,27.642128,24.190796,14.257488,12.674354,12.107805,6.0795155,2.6399202,1.2172201,-1.1637788,-0.9050683
1457,24.283333333333335,0.050494906,0.0,1092.3079972238718,319.0557209847149,3069.587384562929,3587.586666553895,0.016091630377224445,0.06403854314183756,17.354868380743728,-422.67084,92.70085,54.020485,69.53461,41.512302,-14.581243,-14.763071,-2.1109352,-17.962585,-22.150219,-13.756231,-12.226187,-10.530247
1458,24.3,0.090192094,231.07596598607432,1029.082985024069,432.0401288818012,3071.132156819167,3536.596863034297,0.016091630377224445,0.06403854314183756,17.354868380743728,-366.56107,125.46885,46.351143,76.2858,39.377552,-43.856995,-34.692474,6.0905848,-12.352354,-24.750935,-21.216948,-21.286,-5.3913608
1459,24.316666666666666,0.12363967,226.05305481538224,1062.6179442948796,434.03900693907815,3016.966163082571,3325.3529757607644,0.016091630377224445,0.06403854314183756,17.354868380743728,-345.95273,134.35913,38.306038,75.151505,37.463326,-47.203762,-26.793865,20.454947,-6.473362,-21.28989,-19.960445,-29.397104,-4.377901
1460,24.333333333333332,0.14794496,223.1660011240852,1039.8887665789441,422.3806419338202,2758.4967413157656,3101.730103259085,0.016091630377224445,0.06403854314183756,17.354868380743728,-334.46182,142.92761,34.984615,66.91827,41.98993,-39.529152,-35.79597,19.367022,7.1849036,-14.354032,-23.07195,-30.526577,1.15134
1461,24.35,0.1580038,221.13783218219183,826.5331969064919,408.4710064583852,2147.2749514273337,3098.4080350298004,0.016091630377224445,0.06403854314183756,17.354868380743728,-348.09198,144.37164,42.980904,45.128696,29.726482,-21.368904,-29.546497,6.5221,6.5991235,-0.42478088,-16.401981,-33.491848,-9.069741
1462,24.366666666666667,0.15751602,221.8088475138288,753.1537677290519,400.06613859112565,1737.3928860872375,3142.558219141684,0.016091630377224445,0.06403854314183756,17.354868380743728,-352.68466,150.81223,53.81407,36.543518,17.703552,-14.316122,-19.78353,-2.2644737,-6.9020934,-4.553462,-9.586096,-25.198792,-15.702448
1463,24.383333333333333,0.15502933,222.95445170996234,825.3982722733675,410.935237259756,1964.741094031443,3131.6422430178786,0.016091630377224445,0.06403854314183756,17.354868380743728,-353.25043,142.09416,41.792892,39.869034,27.601276,-12.429642,-18.348919,1.021961,-5.773795,-1.0494351,-6.0558853,-26.697815,-15.737257
1464,24.4,0.16059175,224.6006684327967,839.7100840057701,418.79394678495674,2386.80912972476,3065.3630735136803,0.016091630377224445,0.06403854314183756,17.354868380743728,-346.46857,143.5182,40.42846,52.208008,40.26922,-13.0592,-23.328815,5.100287,4.926299,2.051014,-13.903739,-35.85577,-9.843958
1465,24.416666666666668,0.17109755,226.40073001748095,1005.5211150734358,417.87070254974225,2786.135349778903,3127.6547793276436,0.016091630377224445,0.06403854314183756,17.354868380743728,-341.73468,130.68059,30.342194,75.66104,53.351757,-31.451853,-34.870735,16.644566,4.2491803,-15.364458,-24.38245,-34.76702,1.4185865
1466,24.433333333333334,0.17623399,225.71845139609897,1218.9344799990206,414.31715545517966,2925.7280989968326,3339.47924771306,0.016091630377224445,0.06403854314183756,17.354868380743728,-318.67664,135.39604,22.011766,88.68976,55.24225,-43.72506,-31.874832,26.326504,1.536,-16.663223,-19.316332,-36.465546,3.0158472
1467,24.45,0.17657351,226.8052291207951,1103.0322701410305,404.62151791192156,2927.7592743343707,3413.0193998202467,0.016091630377224445,0.06403854314183756,17.354868380743728,-326.0738,139.73819,36.92682,94.15705,53.3761,-45.740738,-33.572754,18.397114,-1.8080595,-13.070833,-15.867472,-30.343342,2.8452342
1468,24.466666666666665,0.14807363,224.76565731528044,1076.6959585808297,360.440749065494,2818.5958240284353,3382.499151666608,0.016091630377224445,0.06403854314183756,17.354868380743728,-355.52972,119.28444,39.03744,92.42468,54.568153,-33.54932,-26.920109,8.948166,-2.0166974,1.4178939,-11.458294,-27.205486,7.0257926
1469,24.483333333333334,0.0969088,220.70262027440913,1804.080294990746,342.54949588203135,2590.4383411982935,3371.773050238844,0.016091630377224445,0.06403854314183756,17.354868380743728,-368.30292,102.2404,22.565285,71.73067,59.067474,-21.534859,-23.31442,-3.9884534,-2.7838159,15.775227,-9.986844,-27.807308,0.13679954
1470,24.5,0.032281656,220.3488174076555,2735.40438124834,384.1775102211199,2380.2240882670553,3366.3956418969765,0.016091630377224445,0.06403854314183756,17.354868380743728,-387.54996,92.36052,9.728826,53.813805,41.722027,-11.9738035,-3.967648,-5.876402,-9.414221,24.342255,11.271463,-21.871624,1.5732921
1471,24.516666666666666,0.00930521,0.0,2745.3002944466393,458.8525505740861,2279.2301708468726,3397.827363790927,0.016091630377224445,0.06403854314183756,17.354868380743728,-376.98718,99.574974,7.7488246,53.04385,41.33588,-13.564209,0.4512232,-2.263873,-15.783865,24.331514,22.14626,-24.752085,-12.594631
1472,24.533333333333335,0.006643444,0.0,1777.3716955753653,636.4625016974821,2288.434987386306,3319.814100463172,0.016091630377224445,0.06403854314183756,17.354868380743728,-419.6408,100.947556,43.342583,28.340225,19.724861,-2.3060699,-9.207121,-3.727085,-0.3064044,6.6862097,7.726204,-2.1883352,-1.3677273
1473,24.55,0.004461159,0.0,1828.942187830447,634.6052381411821,2281.1143884272337,3276.425590029358,0.016091630377224445,0.06403854314183756,17.354868380743728,-458.6941,74.200165,50.707935,30.3427,16.282314,6.669323,1.313384,0.118860066,3.14815,6.992978,5.43991,0.69330364,0.28980145
1474,24.566666666666666,0.010203503,0.0,1478.4513349610725,380.8724864867121,2269.435411891118,3467.9986690195306,0.016091630377224445,0.06403854314183756,17.354868380743728,-464.20645,69.306335,51.230347,35.065094,23.282564,12.446646,3.2864842,-0.6404287,-0.3980074,-0.42082685,-1.6203252,-1.229598,1.2135398
1475,24.583333333333332,0.060368203,0.0,569.8100352482293,284.3022113258765,1600.8375731527635,3078.574410025221,0.016091630377224445,0.06403854314183756,17.354868380743728,-439.0527,100.56871,74.84567,50.44197,28.307842,12.835516,6.4278736,1.0737219,-4.5890665,-7.8194137,-13.167407,-17.063362,-11.351472
1476,24.6,0.10074335,232.5626132009221,733.6533113732395,330.65891232841955,879.9833984069677,2632.740176119947,0.016091630377224445,0.06403854314183756,17.354868380743728,-350.23074,164.63055,59.857094,29.649647,12.581923,-7.956167,-0.24114296,-2.698451,-16.940224,-13.648005,-18.546318,-26.782932,-7.3484144
1477,24.616666666666667,0.13058849,231.45075079191452,959.0034227282163,472.59247635718225,1302.9412752469386,2947.6489771687147,0.016091630377224445,0.06403854314183756,17.354868380743728,-275.6513,201.79547,31.721329,14.711241,14.614063,-26.196857,-10.521351,-0.058116734,-16.838022,-10.902509,-8.560425,-9.979908,8.5908165
1478,24.633333333333333,0.141905,228.748578470604,1056.071434415739,609.7372158520685,1616.6137162243128,3114.2131836396607,0.016091630377224445,0.06403854314183756,17.354868380743728,-267.3656,201.76195,22.63789,7.597719,16.88403,-20.505093,-17.540955,5.5296144,-19.135231,-8.355358,1.3889765,1.4410818,4.3960958
1479,24.65,0.1409437,228.50144817074488,1229.6955498481266,653.4239018655037,1725.8127581523077,3158.826448229209,0.016091630377224445,0.06403854314183756,17.354868380743728,-251.83325,195.68335,18.018984,11.408954,22.372074,-23.932602,-18.16449,7.2077246,-28.835648,-1.9010837,11.252068,1.8548362,-0.1750494
1480,24.666666666666668,0.1277051,228.2219396309319,1251.1610363397626,499.39828360658805,1700.9078392522042,3191.4367255466263,0.016091630377224445,0.06403854314183756,17.354868380743728,-294.8755,169.71616,34.430138,19.072817,14.216801,-24.810524,-10.614254,8.007748,-30.107058,-1.9861923,10.971365,5.5580955,4.602507
1481,24.683333333333334,0.092663854,224.59803530853475,1251.3260381270918,339.10162156408813,1755.7020976519025,3205.983290448475,0.016091630377224445,0.06403854314183756,17.354868380743728,-326.47665,151.1095,21.06551,30.716139,27.728556,-4.0336447,8.860224,1.9569234,-23.262495,5.2544727,13.597504,-0.04268372,9.4855995
1482,24.7,0.056270074,0.0,3511.171039735763,1112.9770336891372,2510.9571720552944,3882.437339435843,0.016091630377224445,0.06403854314183756,17.354868380743728,-291.55215,117.44409,-11.003107,61.91971,34.181183,-10.425344,33.166267,15.598268,-30.52435,30.266685,16.171293,-7.5310082,20.584976
1483,24.716666666666665,0.052378524,0.0,4332.609643236159,1925.1713390962764,3132.691272746425,4648.56987126335,0.016091630377224445,0.06403854314183756,17.354868380743728,-280.28516,84.54217,-13.887444,75.53453,34.71895,-6.755313,42.159863,27.358723,-38.2705,34.401176,9.970412,-11.579908,27.289764
1484,24.733333333333334,0.043189596,0.0,4782.875710085284,1546.25391587972,2545.107277939054,4315.255707865586,0.016091630377224445,0.06403854314183756,17.354868380743728,-289.26337,79.206345,-36.847404,47.93257,29.259064,-6.929965,44.08078,27.555166,-41.88482,30.829876,17.674454,-7.284074,27.462753
1485,24.75,0.02044434,0.0,4205.866143301078,1303.2178059173307,2471.657404449351,4142.531131665036,0.016091630377224445,0.06403854314183756,17.354868380743728,-375.49893,83.3584,-17.445467,33.66014,30.632927,3.0626326,49.30192,28.585567,-22.592758,11.461031,19.68053,-13.0996685,9.474073
1486,24.766666666666666,0.005463192,0.0,3005.3935919935557,1045.0293436428951,2560.124550676407,3824.9562946607866,0.016091630377224445,0.06403854314183756,17.354868380743728,-469.82602,52.23757,38.687565,42.010284,24.199045,11.146339,22.317978,16.860073,5.7131515,15.775274,13.783747,0.907007,8.501096
1487,24.783333333333335,0.0024169243,0.0,3943.8336282563514,927.491585403882,2474.2077515345586,3582.132328438101,0.016091630377224445,0.06403854314183756,17.354868380743728,-493.22717,33.942673,29.633703,25.475853,18.683235,12.982444,11.019796,8.649356,6.7980633,7.867188,7.378994,4.9742603,4.459364
1488,24.8,0.0008349253,0.0,4070.1444142514547,566.1878031194213,2427.8042890726156,3905.144343987327,0.016091630377224445,0.06403854314183756,17.354868380743728,-503.5788,21.551037,20.135113,17.987244,15.376609,12.596617,9.909788,7.5069304,5.488925,3.8721569,2.6116688,1.6322042,0.8568572
1489,24.816666666666666,0.0007657849,0.0,4116.130605188646,552.3340542249673,2298.699511968484,3944.173235944234,0.016091630377224445,0.06403854314183756,17.354868380743728,-503.25812,21.980007,20.477814,18.152,15.244359,12.047245,8.865511,5.977847,3.6028748,1.874701,0.831083,0.41538242,0.49159738
1490,24.833333333333332,0.006638358,0.0,4210.089152756141,847.2110853705138,1568.2998052811304,3462.527311823091,0.016091630377224445,0.06403854314183756,17.354868380743728,-401.9276,115.34581,52.34507,-2.4903045,-23.798534,-44.8762,-18.116497,4.8596344,6.800933,-3.8926764,2.6786695,1.928647,-11.299868
1491,24.85,0.0069307014,0.0,6952.318546129181,740.2819378279368,946.468723860321,3146.9635293228757,0.016091630377224445,0.06403854314183756,17.354868380743728,-390.38138,107.485535,68.69495,-0.6122304,-7.9371386,-37.591335,-16.964645,6.595867,0.55663204,1.1819634,0.23680383,7.052681,-13.316191
1492,24.866666666666667,0.0053626746,0.0,3669.735819063375,510.0667846520544,965.8033310332017,3201.3218657005705,0.016091630377224445,0.06403854314183756,17.354868380743728,-453.42026,80.71452,53.524925,25.855083,2.6327167,-11.707732,-10.4693165,1.2559206,9.372665,10.0023985,8.478176,4.6530523,-2.8998804
1493,24.883333333333333,0.028146727,0.0,1517.0800784009125,324.8540874931572,1003.854076440831,3232.9367178866755,0.016091630377224445,0.06403854314183756,17.354868380743728,-444.24197,90.17483,59.196358,33.424458,11.445834,-5.439658,-4.27375,8.73514,10.950917,1.4945881,-3.5455503,-5.025185,-11.02775
1494,24.9,0.076936506,223.94967444548953,861.3124822425698,301.1062819918623,960.4038552100102,3363.914237727758,0.016091630377224445,0.06403854314183756,17.354868380743728,-391.20398,145.5838,84.17308,40.24769,3.5326982,-28.484455,-26.514233,3.988999,8.335964,-10.514944,-14.555714,-6.753619,-12.542921
1495,24.916666666666668,0.11231575,224.5907686048082,1021.3037768886841,412.0281382770266,980.4577984513523,3365.948347310897,0.016091630377224445,0.06403854314183756,17.354868380743728,-351.47617,164.41869,88.05553,31.130539,-6.9503508,-35.13951,-19.139704,15.531866,-2.6274118,-15.664215,-22.52109,-5.661502,2.427621
1496,24.933333333333334,0.117013626,219.06709983511152,964.4421560654642,399.29710324823145,1099.3884793222073,3403.593082307539,0.016091630377224445,0.06403854314183756,17.354868380743728,-345.0524,159.61832,69.75922,34.89839,0.2637233,-28.43916,-1.3388801,24.04097,-14.696394,-21.92659,-14.384634,-4.856325,3.5605745
1497,24.95,0.08480765,209.64661096361777,1215.1040581875427,317.6644273138617,1202.6590586754555,3375.4708450607495,0.016091630377224445,0.06403854314183756,17.354868380743728,-351.7537,143.67558,58.470848,66.915695,12.006542,-38.51995,14.031475,22.941101,-27.699104,-14.823622,-2.8365018,-20.389294,-4.0012374
1498,24.966666666666665,0.033516224,199.58643678791395,2051.2416930324125,297.4612771719081,1166.6355750615962,3183.730604719518,0.016091630377224445,0.06403854314183756,17.354868380743728,-431.95157,80.64577,51.45102,66.5074,24.920546,-11.103018,14.051688,5.489759,-18.845783,2.8614984,5.4602823,-12.781122,0.7936523
1499,24.983333333333334,0.0075105047,0.0,1697.9006291150474,367.8256572852639,1027.952799365523,3219.7850988357154,0.016091630377224445,0.06403854314183756,17.354868380743728,-463.4069,72.776405,56.665215,35.90867,16.70116,3.5271595,-2.1924734,-1.8850524,1.4570367,4.7476916,5.833549,3.9353948,-0.3465559
1500,25.0,0.0038897258,0.0,1502.161737528943,537.8964066924705,1398.922540154694,3340.262987493916,0.016091630377224445,0.06403854314183756,17.354868380743728,-464.07642,69.132454,47.554977,23.889046,7.2199426,-0.19208267,-1.9092221,-2.1113315,-1.6491845,1.1684614,6.7004623,11.701329,11.4159975
1501,25.016666666666666,0.0030317237,0.0,1626.971092947369,692.2852889679783,1508.602273493109,3148.429292900401,0.016091630377224445,0.06403854314183756,17.354868380743728,-463.26953,68.55379,43.280773,17.002361,0.73313725,-4.020609,-3.2858171,-3.008685,-3.6035457,-1.4223012,5.3814316,13.252118,15.743261
1502,25.033333333333335,0.0022422622,0.0,1897.6632590100378,740.4894663721742,1654.837447225718,2949.0681026772954,0.016091630377224445,0.06403854314183756,17.354868380743728,-472.24667,59.002495,40.95951,21.218449,7.27174,0.7858425,-1.3596151,-2.538838,-3.1067002,-1.2479903,3.6277158,8.95512,10.732557
1503,25.05,0.016294057,0.0,4454.658852002348,898.4336836577518,2214.369991094621,3234.8305255974433,0.016091630377224445,0.06403854314183756,17.354868380743728,-367.2344,103.17221,7.096772,26.717045,7.6368637,-36.86933,-4.5955834,5.581856,-5.67527,19.351936,0.12939286,-23.454254,1.8641763
1504,25.066666666666666,0.027816249,0.0,3279.390872319213,848.9385392936797,2324.886982918485,3375.7278457828625,0.016091630377224445,0.06403854314183756,17.354868380743728,-267.19406,147.12231,-5.575449,30.50177,18.614056,-41.547886,-6.5672383,7.007514,-21.79018,31.340984,1.1866179,-19.731007,7.8676405
1505,25.083333333333332,0.08012651,0.0,1249.9831561595252,710.5957363638533,1970.1084529530663,3094.4301640971335,0.016091630377224445,0.06403854314183756,17.354868380743728,-336.52777,154.969,49.317905,46.02249,28.864794,-7.1278152,1.6519017,9.516769,-3.8880162,15.582403,9.601765,-0.38935924,16.906727
1506,25.1,0.12331961,227.12795383358383,1146.5346917413085,578.1203060856174,1743.0939656064209,3045.781372836956,0.016091630377224445,0.06403854314183756,17.354868380743728,-280.60703,182.38098,42.46914,33.62456,15.956843,-12.31782,-9.389416,-3.7639532,-27.619942,22.047287,9.951544,-8.227767,20.944038
1507,25.116666666666667,0.14708416,222.36233805042863,1154.5663958456976,651.9688433857152,1742.7275256264302,2984.7548801557564,0.016091630377224445,0.06403854314183756,17.354868380743728,-267.39133,188.42938,28.603247,23.699226,11.088711,-20.67679,-9.451778,-10.019967,-37.108932,15.349718,14.183719,-10.974393,8.43045
1508,25.133333333333333,0.15111499,222.4544586050817,1146.8491911772007,652.7786763280565,1734.9765518946988,3018.369442501279,0.016091630377224445,0.06403854314183756,17.354868380743728,-270.8069,187.53,34.992424,26.739225,14.407201,-16.440172,-13.399424,-8.283771,-33.177868,16.156101,13.729957,-8.199761,16.836197
1509,25.15,0.15180655,222.45209288193203,1151.7441568698325,603.2249510328465,1785.3162299215098,3088.665250978162,0.016091630377224445,0.06403854314183756,17.354868380743728,-281.39767,178.7479,37.46614,33.999756,15.250145,-14.516069,-6.6802444,-11.772728,-42.260017,12.060356,15.596025,-4.4507403,15.51311
1510,25.166666666666668,0.13301684,219.15414908010902,1227.3181962346364,572.3735839314937,1800.082912327223,3150.927946453495,0.016091630377224445,0.06403854314183756,17.354868380743728,-313.54236,150.52249,26.00461,40.895485,23.841778,-17.939217,-12.537609,-7.869724,-32.552402,15.519244,17.76096,-9.710379,2.0164268
1511,25.183333333333334,0.094787374,206.67632103579203,1170.1823965235767,522.2751496330283,1781.516577838178,3222.8985753456054,0.016091630377224445,0.06403854314183756,17.354868380743728,-325.3576,153.24033,25.51161,34.4279,27.581615,-6.283633,-0.64349365,-3.4503336,-21.345455,4.338416,6.6274753,-0.01127398,9.664705
1512,25.2,0.06108264,195.28047503918015,2234.0671323554,569.1483171844993,1971.2242064450454,3379.8028730494802,0.016091630377224445,0.06403854314183756,17.354868380743728,-286.28018,140.17944,1.6991901,61.51963,30.026192,-6.1400533,22.24979,7.1443357,-16.193485,30.816471,15.210511,-7.4755487,14.567214
1513,25.216666666666665,0.05092195,0.0,3333.1901475569566,832.9570975987591,2303.2523943584356,3616.451778636104,0.016091630377224445,0.06403854314183756,17.354868380743728,-295.96307,91.971344,10.263365,84.46675,19.782446,-4.1039453,23.344532,10.916444,-15.07612,47.012905,31.022812,6.0526686,18.678444
1514,25.233333333333334,0.031813618,0.0,4612.689107984085,922.7276566764376,2337.648619340736,3508.5118734819034,0.016091630377224445,0.06403854314183756,17.354868380743728,-332.88507,58.861984,-14.368889,74.9859,16.380344,-15.778055,16.77938,20.250557,2.711123,45.530487,33.98688,10.981527,21.660543
1515,25.25,0.009065282,0.0,4744.566085200552,932.1832519893723,1971.7286969019478,3329.546251765571,0.016091630377224445,0.06403854314183756,17.354868380743728,-411.14798,53.583668,-7.82736,50.28444,9.572432,-24.963398,23.78924,13.868479,5.980719,40.357727,20.06821,-4.2145505,-0.6927587
1516,25.266666666666666,0.003937821,0.0,2586.037003747174,993.6701271607232,2280.1145543641824,3492.032674887822,0.016091630377224445,0.06403854314183756,17.354868380743728,-454.16617,72.595505,32.381435,-0.088597514,-13.220667,-7.3961067,9.345612,22.338783,25.677647,24.06667,17.164207,2.431784,-13.1539
1517,25.283333333333335,0.003793025,0.0,2460.3336661730036,1047.152176294914,2176.2836995747825,3327.282142593433,0.016091630377224445,0.06403854314183756,17.354868380743728,-470.75168,57.34384,32.0394,7.120208,-7.6689534,-7.161653,6.6613913,21.636425,26.436956,20.554638,8.311594,-5.9507937,-14.953329
1518,25.3,0.0036002372,0.0,2232.3455073354075,920.223956364327,1283.7033432946587,3176.3769203839684,0.016091630377224445,0.06403854314183756,17.354868380743728,-471.8928,56.501373,31.621315,5.764202,-9.280745,-8.618891,4.576632,20.196484,26.883217,20.265202,5.3679028,-8.981596,-16.160267
1519,25.316666666666666,0.015134085,0.0,3005.7251561951944,738.7998810039588,1288.454091181363,3022.2214232393226,0.016091630377224445,0.06403854314183756,17.354868380743728,-333.10623,126.65248,-10.458949,15.069965,-7.975087,-51.66963,-10.320062,-3.026452,-15.707668,9.9400425,-0.21124524,-18.071991,6.5351987
1520,25.333333333333332,0.042646214,0.0,2770.195585922601,758.6540884796682,1747.3157663962522,2914.1668758212727,0.016091630377224445,0.06403854314183756,17.354868380743728,-285.00244,154.16452,-1.7991654,32.00356,10.640373,-45.052925,-0.096883595,1.4058917,-13.3876095,17.673717,1.5885625,-16.701708,9.098722
1521,25.35,0.09720904,231.6477997374191,1119.4370407121723,747.9064862096379,1904.349052245725,2998.7505545478166,0.016091630377224445,0.06403854314183756,17.354868380743728,-276.34222,195.52756,30.014135,18.498219,12.231626,-18.330675,-10.647129,-7.639777,-25.538107,16.985495,17.799683,-10.032248,1.0461073
1522,25.366666666666667,0.13376562,177.74381883701227,1089.9884348902794,712.2101168308764,1862.5328657177788,3011.0284349363724,0.016091630377224445,0.06403854314183756,17.354868380743728,-238.12213,213.74042,13.940917,3.9823809,13.194689,-17.083916,-18.206385,-9.717735,-29.024895,11.068575,13.420361,-11.839338,2.527804
1523,25.383333333333333,0.14693524,109.71755673390557,1083.0621140318924,754.3344921418619,1856.153851319304,3045.8150819979146,0.016091630377224445,0.06403854314183756,17.354868380743728,-235.07953,214.58304,10.755353,-0.7097362,14.131699,-12.603875,-20.216679,-0.07099962,-20.969334,10.042532,12.274015,-6.6752625,1.9582543
1524,25.4,0.15043353,110.35826065941558,1114.5956976700159,758.3056347724869,1807.34472611341,3063.4497525265806,0.016091630377224445,0.06403854314183756,17.354868380743728,-235.02946,212.65811,2.5176318,1.5128623,22.379898,-16.603903,-20.495964,5.7689424,-19.600405,-1.7400411,12.161394,-0.86900306,1.4429351
1525,25.416666666666668,0.15705435,110.51769454884702,1077.8948885255834,742.5622649571036,1759.0077348308366,3087.8499989894585,0.016091630377224445,0.06403854314183756,17.354868380743728,-243.16571,213.24794,7.336131,-2.633956,22.072968,-15.43813,-19.189945,7.1947446,-14.069638,-7.874614,9.066116,4.5485706,1.2817452
1526,25.433333333333334,0.15078501,110.46500169946148,891.1958926300266,683.8181855068503,1688.7131455339704,3071.5151468193935,0.016091630377224445,0.06403854314183756,17.354868380743728,-257.85153,218.05026,17.95971,-1.9725165,19.152863,-15.417585,-19.860167,3.964361,-10.26691,-14.698261,4.257293,6.6943865,-0.8457948
1527,25.45,0.14159477,111.25957953740075,737.0782837024938,501.98977760539367,1400.3876742617156,2827.8774446785956,0.016091630377224445,0.06403854314183756,17.354868380743728,-299.90994,206.80678,47.66604,-0.533483,12.919161,-1.0163765,-18.285513,-2.5863888,-0.33089656,-12.26058,-6.7694106,5.5170264,1.3454218
1528,25.466666666666665,0.1390542,161.03664077625137,635.8343545585435,308.7203526884063,997.4692510220278,2528.135466020094,0.016091630377224445,0.06403854314183756,17.354868380743728,-341.3891,181.57399,66.4413,15.606312,8.064781,-2.791158,-10.0726185,-4.0903964,-2.6715994,-6.67387,-10.30686,-8.90347,-5.154999
1529,25.483333333333334,0.14709407,228.71497345488123,555.1645910888684,294.0983117721965,818.2247939894427,2466.9307331458635,0.016091630377224445,0.06403854314183756,17.354868380743728,-379.89975,153.1342,70.589645,20.615204,7.410082,-0.32006347,-8.582896,-7.3419733,-1.2498825,-2.1848989,-10.334629,-15.504557,-14.895159
1530,25.5,0.15727663,228.96502593879657,505.67866143796743,303.27698453988916,670.1446040212173,2561.9767870159108,0.016091630377224445,0.06403854314183756,17.354868380743728,-399.73047,140.12987,80.07812,31.013554,6.765208,-3.2684774,-8.805109,-8.237257,-2.678321,-1.2813735,-8.878796,-17.730133,-18.766907
1531,25.516666666666666,0.16016324,228.14479632517367,476.2171677689971,298.27832783363834,612.6020973256105,2671.0302021993543,0.016091630377224445,0.06403854314183756,17.354868380743728,-407.51895,134.2355,82.88727,36.566338,9.201296,-3.5717993,-7.886184,-4.6606913,-0.024126649,-2.8647208,-13.177628,-22.289602,-23.24433
1532,25.533333333333335,0.16566038,226.24470337880123,460.0600548024324,269.7988361637915,543.3273060807082,2522.3033927040174,0.016091630377224445,0.06403854314183756,17.354868380743728,-414.47604,130.93085,90.22146,47.358406,16.665846,0.48242354,-4.2776294,-2.369675,-0.73228073,-4.80869,-12.882483,-18.628475,-19.68077
1533,25.55,0.16840476,224.58232625404597,435.8129083767874,259.29637260134234,492.1958022176616,2596.075011647444,0.016091630377224445,0.06403854314183756,17.354868380743728,-418.53748,125.89343,87.19733,46.245605,17.161785,2.7814307,-1.3775113,0.030456305,0.77367204,-3.6642628,-11.103224,-16.634464,-17.674068
1534,25.566666666666666,0.16359672,223.13341623018457,423.89775838520427,258.3661710441974,478.7698913782781,2689.4961090161637,0.016091630377224445,0.06403854314183756,17.354868380743728,-423.5831,121.93997,88.310814,48.74045,17.479546,1.3011796,-2.0218182,0.24528295,1.323131,-1.8338819,-8.556887,-16.213234,-21.891966
1535,25.583333333333332,0.16645664,223.20921072350853,526.1323643326276,322.8003351722094,1192.011671138757,2892.213569232888,0.016091630377224445,0.06403854314183756,17.354868380743728,-379.13235,148.52534,70.680115,38.442635,23.09183,4.510503,-2.260055,-7.775755,-16.108894,-17.361788,-19.5192,-17.49701,-5.4304333
1536,25.6,0.17918262,219.90419607262103,1048.6372575069745,404.0424615427363,2485.569211431412,3199.3517147519397,0.016091630377224445,0.06403854314183756,17.354868380743728,-320.45682,142.311,29.482323,78.483475,56.134193,-28.795216,-26.529015,11.32884,-22.965277,-20.143686,-10.478523,-22.276281,5.5092363
1537,25.616666666666667,0.18767244,209.99043347113889,1398.19603800403,408.61662705465415,2894.8210003081394,3420.888548219519,0.016091630377224445,0.06403854314183756,17.354868380743728,-315.55637,121.4086,36.525864,91.2348,53.860046,-29.212421,-41.901855,18.380083,-14.436395,-15.820386,-4.872876,-32.003075,3.6253514
1538,25.633333333333333,0.18616556,205.22600500196498,1882.801584499647,397.3092244164396,2974.1991650823497,3487.260265250657,0.016091630377224445,0.06403854314183756,17.354868380743728,-315.39844,96.01834,37.03783,91.62157,56.62163,-37.120834,-42.274563,23.276691,-18.440155,-16.300838,-9.371227,-25.66626,-2.606722
1539,25.65,0.18715656,203.77273957789302,1716.5350869354784,390.7689102910952,3044.1883748996806,3505.719287773866,0.016091630377224445,0.06403854314183756,17.354868380743728,-320.2018,100.617096,35.732414,100.69113,57.749535,-28.873236,-41.40943,23.910315,-18.472795,-16.940649,-5.2133293,-31.802433,3.075842
1540,25.666666666666668,0.18402262,202.60049064413246,1615.7276107175987,399.5097626044821,2994.16323389253,3515.732926406672,0.016091630377224445,0.06403854314183756,17.354868380743728,-319.7243,105.799965,38.667442,96.11801,59.812897,-25.115488,-49.29824,25.108564,-7.759551,-11.289348,-1.6583924,-26.594799,4.691305
1541,25.683333333333334,0.18744135,201.82183290934344,1579.9083728936914,410.0864519863505,2979.4284005744553,3528.2463714986966,0.016091630377224445,0.06403854314183756,17.354868380743728,-318.4633,110.80972,42.12983,88.4984,56.94596,-27.058811,-51.368385,28.490158,-2.482791,-8.3925085,-5.4750795,-26.707092,3.6324248
1542,25.7,0.18115847,200.79946211849915,1763.1894137150343,437.1883009230773,2934.07688810075,3441.1284776229572,0.016091630377224445,0.06403854314183756,17.354868380743728,-305.78607,107.5334,40.450096,92.89328,52.00708,-33.555122,-58.72724,22.252798,-10.193731,-6.0489707,-7.094185,-29.040686,10.411806
1543,25.716666666666665,0.1739943,199.41686200296203,1805.899224997364,471.52183577169944,2898.060803475804,3347.0702517806603,0.016091630377224445,0.06403854314183756,17.354868380743728,-306.82883,109.30507,37.283516,86.12964,54.285892,-28.865824,-64.06111,21.071354,-6.9481516,-5.8961263,-8.182053,-30.960155,10.5081215
1544,25.733333333333334,0.17881726,198.10083757337412,1804.808950670997,498.8742217192081,2924.4181269036158,3407.6265122149475,0.016091630377224445,0.06403854314183756,17.354868380743728,-301.19592,110.246544,32.72619,87.45595,49.69847,-35.37861,-64.40405,21.385534,-5.358833,-1.0063194,-8.233685,-36.00223,6.633598
1545,25.75,0.1774148,197.11287401558945,1797.6424960678405,524.6349242654137,2926.694556905798,3363.09508043214,0.016091630377224445,0.06403854314183756,17.354868380743728,-296.12885,113.30757,29.254183,83.411804,49.564045,-39.807926,-64.68905,21.782253,-5.9125953,4.673996,-9.291741,-36.37486,11.188214
1546,25.766666666666666,0.1750087,196.9269444652149,1823.1376402204896,535.1617551489783,2943.2802626578,3303.2928661884434,0.016091630377224445,0.06403854314183756,17.354868380743728,-298.1369,112.12164,33.686623,77.137184,45.092133,-36.34557,-59.164303,22.458954,-1.8407142,5.59723,-13.005404,-33.225544,12.354559
1547,25.783333333333335,0.17309016,196.73158559525507,1729.4967893987214,518.6060001506987,2933.757446226165,3332.413120403939,0.016091630377224445,0.06403854314183756,17.354868380743728,-298.5772,119.540825,32.73121,76.82227,51.249092,-34.54003,-67.55176,16.387224,-1.846801,-1.5142252,-10.074955,-34.47207,11.624588
1548,25.8,0.17189299,196.2101477394244,1815.3795608552202,495.59620282920486,2879.9552004305533,3370.494012281394,0.016091630377224445,0.06403854314183756,17.354868380743728,-297.99277,114.72341,27.971464,78.770744,49.34427,-36.675247,-62.152153,24.678782,0.112698674,-2.8514361,-7.5382843,-32.7182,9.78421
1549,25.816666666666666,0.16379686,195.97360150369994,1739.633247543864,502.34369827432505,2834.535872685522,3266.173513443043,0.016091630377224445,0.06403854314183756,17.354868380743728,-298.59222,121.006325,32.126896,70.24849,46.33394,-39.35352,-67.13034,19.091736,0.257802,0.7824929,-10.662149,-35.762455,5.8426447
1550,25.833333333333332,0.16251045,196.24015205529815,1726.625372182973,510.2073295494806,2809.952922745803,3226.037447119844,0.016091630377224445,0.06403854314183756,17.354868380743728,-300.62537,121.089386,32.470573,74.70982,44.15983,-35.764294,-61.76008,20.053131,-3.1225986,-2.7230456,-8.231567,-37.31629,9.784929
1551,25.85,0.16587503,196.15090269337028,1694.2709874332104,517.4577053834371,2771.1745187598644,3269.0028473409097,0.016091630377224445,0.06403854314183756,17.354868380743728,-296.81924,124.65132,28.743837,72.428314,44.104244,-42.655796,-59.423973,18.644085,4.6745462,8.007694,-7.083739,-36.288048,10.485531
1552,25.866666666666667,0.16653706,195.83562560682734,1787.8530799076511,531.0972800522292,2738.3716676808176,3307.235656192534,0.016091630377224445,0.06403854314183756,17.354868380743728,-294.216,123.58679,37.204586,70.99994,40.41214,-34.328392,-63.566105,23.076477,6.460188,0.90080124,-8.333209,-37.229626,13.193829
1553,25.883333333333333,0.16852781,195.18291108347546,1579.8699835723633,531.8460430213042,2687.89197767994,3334.7087603478326,0.016091630377224445,0.06403854314183756,17.354868380743728,-295.32785,132.17638,30.616226,66.66728,42.014393,-34.208847,-67.3511,13.535624,3.6207302,5.28633,-5.3615813,-38.39389,6.733251
1554,25.9,0.17708965,194.7550784435174,1412.8661836592296,508.2082822307541,2614.289039714875,3283.106307711866,0.016091630377224445,0.06403854314183756,17.354868380743728,-293.2185,138.6512,28.438656,60.47067,37.325603,-29.952682,-61.03788,8.841555,0.7833034,9.088282,-6.7535954,-44.12272,2.3089275
1555,25.916666666666668,0.18467425,196.60938016791732,1285.235896520767,478.09282789175825,2573.0402927816353,3228.7644896064144,0.016091630377224445,0.06403854314183756,17.354868380743728,-306.24884,134.43106,27.986317,58.517845,35.17742,-24.291782,-52.0215,10.02957,0.64130783,6.4861097,-4.2431536,-40.80844,4.01538
1556,25.933333333333334,0.16927883,202.64319171830414,1063.3479941820492,441.47023450896785,2478.954600871081,3152.203754648454,0.016091630377224445,0.06403854314183756,17.354868380743728,-303.52136,159.867,51.21988,57.217926,29.269753,-16.217264,-45.855152,-0.24141729,4.2568007,8.843253,-3.9617665,-43.578453,0.4956279
1557,25.95,0.13552713,210.883635778425,870.4218635652804,349.906694919957,2245.4850490520084,3202.1455628460826,0.016091630377224445,0.06403854314183756,17.354868380743728,-340.14417,162.04144,69.60322,47.274998,30.288757,2.0190754,-30.308266,-7.4606876,7.1194296,12.01528,-3.212522,-29.115486,-5.15053
1558,25.966666666666665,0.091062225,213.73351187175172,711.4338759892162,257.3386676523596,2070.3773968029805,3150.2949151698845,0.016091630377224445,0.06403854314183756,17.354868380743728,-401.98868,133.00626,75.95843,39.138428,23.944616,8.627785,-10.423031,-10.465893,-1.4976182,5.3427935,3.335235,-6.95277,-13.735552
1559,25.983333333333334,0.05326981,211.35169803828865,682.2731732037978,247.52147183419038,2156.7817348551775,2999.2092621052952,0.016091630377224445,0.06403854314183756,17.354868380743728,-441.95615,96.31769,69.45238,47.543373,33.52643,18.820333,3.3883696,-3.2022557,1.1265792,5.965846,2.7842093,-5.192747,-10.5602455
1560,26.0,0.017777639,0.0,1508.4597773185164,304.21647534512783,2188.202451064681,3031.978159954809,0.016091630377224445,0.06403854314183756,17.354868380743728,-473.37173,61.095345,51.21363,38.031437,25.055138,15.0280075,9.01386,6.295559,5.0581474,3.4612277,0.5566898,-3.366248,-7.1079254
1561,26.016666666666666,0.002770718,0.0,1566.6773027987356,307.6821710356687,2063.0955229758383,3234.225228029571,0.016091630377224445,0.06403854314183756,17.354868380743728,-485.34412,46.102978,41.25691,34.21823,26.197983,18.346962,11.483694,5.9872947,1.8621701,-1.0939276,-3.1197987,-4.397957,-5.059497
1562,26.033333333333335,0.00264611,0.0,1849.598787161687,350.4727439162031,2177.449612401041,3392.8190713757344,0.016091630377224445,0.06403854314183756,17.354868380743728,-491.8856,37.548935,34.573483,30.008448,24.371706,18.258953,12.24947,6.824631,2.3137906,-1.1254115,-3.494066,-4.9149203,-5.5837975
1563,26.05,0.0022597539,0.0,3435.115067003153,514.9437087459969,2195.583485598278,3232.763442926666,0.016091630377224445,0.06403854314183756,17.354868380743728,-440.62015,67.8869,23.58387,29.97724,15.908665,-8.306269,-8.02294,-17.845676,-16.39132,14.100796,9.662928,-16.711815,-4.2594004
1564,26.066666666666666,0.002352446,0.0,3963.2351864004504,640.3105400130622,2211.8585713156735,3126.5092399256364,0.016091630377224445,0.06403854314183756,17.354868380743728,-446.50952,65.161026,24.262379,27.610992,17.79387,-2.9456825,-6.737547,-14.907292,-10.949261,12.601065,5.7409463,-14.197924,-0.11633606
1565,26.083333333333332,0.0021054014,0.0,3163.3319728423376,693.5391738646708,2315.3490051959193,3230.1088020986367,0.016091630377224445,0.06403854314183756,17.354868380743728,-466.39346,55.80938,29.856293,24.411678,18.290577,2.006183,-6.770772,-4.456152,3.1830206,11.112963,8.338417,-1.0470699,-0.7128225
1566,26.1,0.002020867,0.0,2736.434010711708,660.1041900773878,2406.3388210086546,3110.9495883859527,0.016091630377224445,0.06403854314183756,17.354868380743728,-469.6462,52.339886,29.953348,26.73909,19.67138,3.9251103,-5.902317,-8.951231,-1.5945282,9.940247,5.34085,-3.4688253,4.2001977
1567,26.116666666666667,0.0015564689,0.0,2865.2806974205137,599.063344607104,2416.15390582348,3002.809620988986,0.016091630377224445,0.06403854314183756,17.354868380743728,-465.82898,49.784393,20.72471,25.354248,22.85984,0.936077,-10.780165,-9.0061,-0.17081375,9.623909,4.6593084,-3.375875,4.99436
1568,26.133333333333333,0.0015776438,0.0,2864.683571080888,587.5267581532911,2349.7070131430564,3069.4120435452833,0.016091630377224445,0.06403854314183756,17.354868380743728,-463.84964,45.7952,12.309132,23.778069,22.973927,-2.468684,-13.374918,-11.592927,-2.3168337,12.834728,7.704322,-6.3409634,3.841468
1569,26.15,0.0015074941,0.0,2727.872112996491,661.8789428955065,2422.833757258811,3220.305300923563,0.016091630377224445,0.06403854314183756,17.354868380743728,-464.399,47.67852,16.5708,25.954754,22.109213,-5.9464645,-17.428581,-13.954287,-6.4753637,5.8252993,5.207139,-2.5133674,7.637901
1570,26.166666666666668,0.0016885691,0.0,2845.0831628746537,635.4796863293734,2444.114498619132,3221.5494404215697,0.016091630377224445,0.06403854314183756,17.354868380743728,-463.33896,44.55219,11.609594,28.429085,27.601269,-2.778181,-12.432821,-6.32403,-0.8151375,6.8933372,1.918086,-7.506403,2.2482078
1571,26.183333333333334,0.0016980561,0.0,2657.3456785088883,616.016774516325,2410.171104414086,3234.344155434123,0.016091630377224445,0.06403854314183756,17.354868380743728,-455.6641,50.452003,11.157654,29.372543,31.325497,-1.6949198,-14.208908,-7.0111623,0.9805814,11.26994,6.80056,-5.9227543,2.728054
1572,26.2,0.0017847937,0.0,2691.1423166493737,621.3945253348348,2376.953443477459,3158.5376163657684,0.016091630377224445,0.06403854314183756,17.354868380743728,-456.37778,49.43979,11.022335,28.121376,25.526522,-7.9221835,-17.38881,-12.76056,-8.997122,2.360521,-0.18470909,-11.467989,-0.1828031
1573,26.216666666666665,0.0021814185,0.0,3080.958271320628,601.0067631148379,2350.341086431676,3236.1417984999157,0.016091630377224445,0.06403854314183756,17.354868380743728,-450.24606,44.60481,-0.54525965,32.53212,31.680841,-9.316248,-12.899742,-7.4993696,-11.573856,0.8444183,0.0047355294,-13.511572,1.5508609
1574,26.233333333333334,0.0026703756,0.0,2989.8394340761547,578.386103177633,2392.8171469188947,3176.5668004219983,0.016091630377224445,0.06403854314183756,17.354868380743728,-429.18835,54.949814,-6.842619,40.160244,43.822372,-8.647856,-13.547616,-5.9716697,-12.198503,0.77653897,-0.8012731,-15.597802,2.495058
1575,26.25,0.0029394,0.0,3063.984621878617,646.9788714854803,2418.0884209519445,3244.3694322851684,0.016091630377224445,0.06403854314183756,17.354868380743728,-420.14883,57.99563,-17.265158,28.432955,33.64824,-20.521759,-21.872227,-5.779337,-7.9196787,4.9605627,5.439106,-8.031903,4.1036687
1576,26.266666666666666,0.003149894,0.0,2902.4697392377843,723.030168977118,2421.7075706333344,3300.0743439746416,0.016091630377224445,0.06403854314183756,17.354868380743728,-416.9667,64.259,-10.517528,30.705433,33.00533,-19.833168,-22.729486,-9.902357,-9.485275,6.1506267,2.864196,-13.901183,-1.4940187
1577,26.283333333333335,0.0035917787,0.0,3076.2704718205855,654.9292285310847,2443.874130711665,3216.1394067211104,0.016091630377224445,0.06403854314183756,17.354868380743728,-406.8101,64.75458,-22.973995,28.372654,38.569294,-18.403984,-23.55923,-12.823866,-15.829131,2.116772,3.344971,-9.443567,7.497867
1578,26.3,0.003657803,0.0,3024.512788066084,723.1409777232273,2457.523446022664,3291.6104541416644,0.016091630377224445,0.06403854314183756,17.354868380743728,-408.02573,64.51145,-19.89143,31.849522,37.9141,-21.835403,-26.408047,-14.05876,-16.127384,-1.4822474,-4.7479115,-15.0932255,7.726769
1579,26.316666666666666,0.0037050666,0.0,3081.8772010190733,926.4561263214108,2466.2667864505183,3402.1208716449823,0.016091630377224445,0.06403854314183756,17.354868380743728,-408.68073,61.99394,-26.636631,24.871025,38.259872,-15.1003275,-17.436817,-6.104293,-14.551457,-2.4327118,-0.15477353,-12.13452,3.285192
1580,26.333333333333332,0.0037121281,0.0,2873.270079369294,884.7402023401432,2361.5583890263724,3240.4920774801317,0.016091630377224445,0.06403854314183756,17.354868380743728,-395.1228,75.573746,-23.274963,24.05357,39.43829,-13.780142,-18.511204,-5.653122,-9.391436,4.2696795,5.169835,-8.467448,1.9755225
1581,26.35,0.0036802418,0.0,2974.3138257378405,717.2607349923485,2343.3394615815114,3154.3454475907743,0.016091630377224445,0.06403854314183756,17.354868380743728,-397.11743,72.99318,-23.98392,23.179863,33.515583,-21.16071,-22.674473,-10.552374,-14.627954,4.495822,7.631615,-8.1555195,4.349613
1582,26.366666666666667,0.0029872018,0.0,2891.7080247767854,747.2244637796535,2424.5759608974777,3231.282253647136,0.016091630377224445,0.06403854314183756,17.354868380743728,-410.31198,68.06445,-14.832911,27.044785,35.04914,-15.888226,-19.550648,-6.7202992,-8.129532,5.2825165,5.657595,-5.0540967,6.4071417
1583,26.383333333333333,0.0023397077,0.0,2972.0126441819793,722.9082056388263,2426.331027416054,3202.10483059125,0.016091630377224445,0.06403854314183756,17.354868380743728,-436.74487,51.772285,-11.785154,20.006025,29.042667,-10.478008,-18.953527,-9.107073,-3.962068,6.7380323,-0.06296697,-11.851737,2.9995196
1584,26.4,0.0017341431,0.0,2756.438694286696,721.5335935961921,2510.5432703452802,3175.8454789719863,0.016091630377224445,0.06403854314183756,17.354868380743728,-449.9326,52.3805,7.657938,27.33743,26.342627,-8.538103,-15.175133,-3.221611,4.63234,9.26539,-2.2136014,-10.613113,3.7441013
1585,26.416666666666668,0.0012818804,0.0,2892.6553936167797,753.1731682291673,2499.7858130909794,3168.413368782508,0.016091630377224445,0.06403854314183756,17.354868380743728,-472.15442,38.52232,9.712168,20.715942,20.033707,-5.431636,-13.351161,-2.4238873,5.523871,5.8904867,-1.6691219,-5.7899127,1.2608811
1586,26.433333333333334,0.0011225519,0.0,2715.3060006163028,666.7898109864377,2425.4975822884217,3163.470778626146,0.016091630377224445,0.06403854314183756,17.354868380743728,-486.95932,34.613846,20.245647,18.64,14.958561,2.4282475,-4.3253517,-0.44760615,4.6900463,4.870185,1.875565,1.5227911,4.2350893
1587,26.45,0.0010617916,0.0,1819.610628866521,608.7908948189487,2312.5786667006737,3228.6252117249114,0.016091630377224445,0.06403854314183756,17.354868380743728,-492.05417,36.53325,31.555664,24.592228,17.133614,10.571629,5.9072266,3.559286,3.3049092,4.432757,6.0676346,7.4670534,8.143859
1588,26.466666666666665,0.001135657,0.0,2116.188879013008,557.8270867386613,2214.509715168976,3075.7058061110065,0.016091630377224445,0.06403854314183756,17.354868380743728,-497.87283,29.132557,26.343588,22.191044,17.307514,12.384397,8.035138,4.6846647,2.5089936,1.4358702,1.201371,1.4436733,1.8072977
1589,26.483333333333334,0.0008112111,0.0,1900.7183008035495,521.025955181902,1780.405262045577,2892.2782979854155,0.016091630377224445,0.06403854314183756,17.354868380743728,-498.33694,28.660103,26.374184,22.909216,18.711422,14.280478,10.080125,6.4637604,3.6304362,1.6182961,0.33326638,-0.398259,-0.7684865
1590,26.5,0.0008641178,0.0,1977.9910222083727,377.3064189514238,1211.1139223996565,2852.6331776611337,0.016091630377224445,0.06403854314183756,17.354868380743728,-500.4428,25.853565,24.04934,21.286657,17.890985,14.243459,10.722707,7.6496634,5.2448034,3.604376,2.6986246,2.390826,2.4722555
1591,26.516666666666666,0.000861034,0.0,1950.3238619332776,331.17149175881656,1236.019202459115,2859.3395018655347,0.016091630377224445,0.06403854314183756,17.354868380743728,-500.6731,25.501013,23.616405,20.71919,17.131214,13.225821,9.372054,5.8863745,2.999876,0.84405434,-0.5462811,-1.21839,-1.2808092
1592,26.533333333333335,0.0008419998,0.0,1908.8164381937136,404.228430445321,1315.9570609127607,2862.598401827023,0.016091630377224445,0.06403854314183756,17.354868380743728,-501.09985,24.605068,22.171375,19.156174,16.296656,13.693586,10.926153,7.6278,4.0066895,0.8454637,-1.0334142,-1.3873802,-0.73201597
1593,26.55,0.0011165612,0.0,1860.607972746397,372.04057586227015,1289.8455474559482,2781.4084142585175,0.016091630377224445,0.06403854314183756,17.354868380743728,-498.6336,27.75468,24.43211,20.29486,16.443142,13.233452,10.307515,7.176527,3.8209422,0.79363596,-1.2271323,-2.0068874,-1.9303939
1594,26.566666666666666,0.018421106,0.0,933.2054976888757,348.8665654445546,1289.2607350530438,3047.9742178358492,0.016091630377224445,0.06403854314183756,17.354868380743728,-478.31836,54.104164,44.74527,33.48545,23.78304,16.789413,11.298079,5.4471703,-1.3478768,-7.810053,-11.921526,-12.675869,-10.938988
1595,26.583333333333332,0.046794243,0.0,419.8926972079341,328.3794542256783,1215.6683955495118,2916.992422643078,0.016091630377224445,0.06403854314183756,17.354868380743728,-408.08044,139.15631,95.0175,46.676495,13.084253,-0.9592671,-3.6752167,-5.8847423,-11.539307,-16.934893,-17.332287,-13.156471,-9.62764
1596,26.6,0.06652206,112.99149874830233,429.9750871127936,373.84727447642035,1039.5995099023064,2468.5915604879788,0.016091630377224445,0.06403854314183756,17.354868380743728,-382.54037,165.48486,101.64461,40.66902,6.8083115,-2.43813,-1.7204766,-1.7170562,-6.1291213,-13.786739,-19.171703,-16.810768,-9.293385
1597,26.616666666666667,0.078570314,144.00646188782395,574.278839623186,387.49902555735855,955.3782072798984,2470.7289258734772,0.016091630377224445,0.06403854314183756,17.354868380743728,-373.20554,163.77878,84.75552,29.513334,0.57134235,-8.649784,-7.2780304,-8.615159,-5.2262793,-2.3952875,-16.996279,-27.071095,-13.910815
1598,26.633333333333333,0.094649486,149.04140484042836,770.0125681117676,431.3964098032876,779.6156134249411,2711.449022236011,0.016091630377224445,0.06403854314183756,17.354868380743728,-326.81976,176.40186,51.250942,33.435883,14.7795925,-31.81724,-28.717773,-5.0702543,-4.5943155,-9.70141,-21.239378,-25.08633,-4.0695496
1599,26.65,0.11724121,228.49599447203605,1231.7158017605339,452.1459501137284,690.4877198081386,3059.303311825243,0.016091630377224445,0.06403854314183756,17.354868380743728,-298.5157,167.09277,24.934917,66.24756,31.686258,-65.08212,-36.25833,12.78027,-11.160122,-21.765127,-21.949802,-25.345432,4.682731
1600,26.666666666666668,0.15801387,344.3956810219723,1523.97403083428,395.3572588458237,787.8917169308497,3148.959295597998,0.016091630377224445,0.06403854314183756,17.354868380743728,-309.74484,146.75241,23.820068,63.975113,30.757065,-68.99731,-30.936935,23.630777,-3.538752,-22.337574,-20.78759,-23.873945,2.9364223
1601,26.683333333333334,0.19225505,370.1210023271067,1331.902045173302,395.41095465716364,753.8900377998955,3141.4579847245755,0.016091630377224445,0.06403854314183756,17.354868380743728,-320.82553,135.0823,14.15905,61.342525,31.050842,-69.86059,-37.992554,21.698822,-3.0222192,-27.325684,-19.78439,-20.687109,1.7762337
1602,26.7,0.21561444,391.199166673241,1357.5640920119326,406.66897792036184,918.2140795946215,3121.8913124177147,0.016091630377224445,0.06403854314183756,17.354868380743728,-319.85068,132.94437,6.248092,63.03965,35.272213,-72.34085,-41.992157,15.524684,-10.584355,-24.137367,-24.182678,-29.47815,-1.2986474
1603,26.716666666666665,0.20477027,407.85815948472066,1339.7072995909439,418.8267302515548,992.7545796218706,3174.7904385996826,0.016091630377224445,0.06403854314183756,17.354868380743728,-330.97818,124.74753,3.2541957,64.108086,33.00333,-66.70067,-29.398582,13.525282,-20.975712,-21.444561,-17.051502,-30.622898,-4.257995
1604,26.733333333333334,0.1811297,417.976170184244,1293.2555361056297,426.19565316276385,941.3182645138473,3169.2233873879322,0.016091630377224445,0.06403854314183756,17.354868380743728,-355.34497,114.06357,14.420009,64.57177,22.716734,-61.845024,-15.3361635,15.780544,-26.57712,-21.10795,-10.567267,-26.220474,-7.6422167
1605,26.75,0.1291653,423.31956843681525,1137.6134312589568,432.0383233911906,913.8131993439907,3068.30621404747,0.016091630377224445,0.06403854314183756,17.354868380743728,-368.33496,114.03795,24.572132,57.78231,15.724949,-56.274406,-18.244179,6.263551,-26.3607,-17.91227,-9.218833,-23.891132,-8.921755
1606,26.766666666666666,0.06600288,426.2520172008667,1415.000854039264,437.6595045866016,1058.4531589948738,3061.311669872981,0.016091630377224445,0.06403854314183756,17.354868380743728,-406.79388,104.47114,49.327175,47.48933,4.2923594,-34.64829,-8.764547,-2.1828067,-18.190977,-4.314294,-5.004513,-18.43559,-4.0244646
1607,26.783333333333335,0.010097511,0.0,1729.9114317438584,465.38268868115125,1228.935127771717,3147.7420080415063,0.016091630377224445,0.06403854314183756,17.354868380743728,-450.90732,81.69189,57.12469,36.479874,11.044359,-5.243391,-4.1651936,-5.263133,-7.818735,-2.5880306,-2.9352164,-7.986728,-6.041566
1608,26.8,0.002700673,0.0,2146.6666801692354,513.8826341447746,1490.8790019876465,3166.4325669119876,0.016091630377224445,0.06403854314183756,17.354868380743728,-480.9515,50.141495,39.60649,25.489563,11.502478,0.66070676,-5.628495,-7.713894,-7.155815,-5.841553,-5.1735826,-5.6196833,-6.7175484
1609,26.816666666666666,0.0022767282,0.0,2717.2251008756616,541.4565828200468,2377.431595329306,3254.4180653953345,0.016091630377224445,0.06403854314183756,17.354868380743728,-492.68906,35.414276,29.79015,21.843258,13.258219,5.647254,0.12418988,-2.9241269,-3.8108807,-3.3041263,-2.2752845,-1.3805342,-0.8865484
1610,26.833333333333332,0.022237735,0.0,5286.612066172049,481.9002406200102,2916.854949745638,3407.656119060976,0.016091630377224445,0.06403854314183756,17.354868380743728,-451.29675,20.023129,-9.66107,65.87787,26.439991,-28.302345,24.49187,18.93324,-22.618979,12.65209,12.853191,-20.465393,7.8888087
1611,26.85,0.04087789,0.0,5292.637559654372,548.405270976235,2698.8937528227625,3488.4051303600127,0.016091630377224445,0.06403854314183756,17.354868380743728,-338.79517,55.0689,-45.942978,62.118225,41.001373,-59.330914,4.643887,15.713816,-32.58412,26.863297,9.000343,-15.876806,8.7118845
1612,26.866666666666667,0.11774474,0.0,4938.187619238923,1603.526988931525,3070.582597727404,3965.3384056808363,0.016091630377224445,0.06403854314183756,17.354868380743728,-239.51006,69.74089,-44.566635,69.256714,42.694397,-32.530907,14.860447,36.11635,-23.43211,21.722538,5.1860867,-10.627297,10.161085
1613,26.883333333333333,0.13173214,0.0,4917.873086216502,1900.379164567679,3188.1840840881227,4239.242475168974,0.016091630377224445,0.06403854314183756,17.354868380743728,-192.1638,64.11124,-53.782406,80.4895,46.90323,-35.523914,9.614043,40.011215,-30.4463,17.62487,3.7419686,-12.028488,6.1740913
1614,26.9,0.1189624,0.0,4566.516294955543,616.5962589942395,2786.715297985023,3564.402306154389,0.016091630377224445,0.06403854314183756,17.354868380743728,-234.6698,79.65198,-49.18569,82.767975,47.323883,-39.605377,7.3043876,35.704903,-20.932549,10.867262,6.8465223,-5.9229164,13.073047
1615,26.916666666666668,0.09715832,0.0,2862.660282251579,454.7654071682718,2911.6718067841903,3548.6362091185533,0.016091630377224445,0.06403854314183756,17.354868380743728,-312.47305,118.46122,-18.24952,74.15869,48.43409,-44.177727,-3.3504665,24.599867,-15.138769,-5.5077124,-3.8519397,-21.441236,5.8442373
1616,26.933333333333334,0.13494512,454.20357223399645,1305.9027902327011,459.17267892165853,3108.629022852286,3638.9485007209423,0.016091630377224445,0.06403854314183756,17.354868380743728,-340.41614,118.76166,7.413251,68.69081,47.065777,-47.804596,-36.581608,5.065635,-19.090546,-16.23973,-9.494064,-21.97704,-8.621195
1617,26.95,0.15992153,468.50517694711783,1489.320552338579,471.4833778379111,3247.7217563037098,3706.814114635587,0.016091630377224445,0.06403854314183756,17.354868380743728,-371.22314,89.05168,2.047277,77.24515,49.377037,-47.4756,-22.986782,14.292,-21.013573,-20.027418,-9.580568,-26.506107,-21.594067
1618,26.966666666666665,0.13922381,476.7922556087514,1595.0212158010427,479.8528567270357,3095.263720033244,3564.9563745090613,0.016091630377224445,0.06403854314183756,17.354868380743728,-380.43134,80.88378,2.8438954,78.39313,46.993904,-47.0925,-22.226284,9.976961,-25.646063,-17.30901,-8.350654,-26.191229,-15.689911
1619,26.983333333333334,0.1179563,479.57176694547184,1644.793699861054,483.14621970085597,2957.0806054791533,3592.3907523771904,0.016091630377224445,0.06403854314183756,17.354868380743728,-383.7451,79.59412,2.2526865,71.94458,44.09166,-47.466644,-27.488953,9.637792,-22.784939,-16.985132,-6.3154464,-26.618801,-16.255764
1620,27.0,0.09831233,476.34660567970326,1680.1968579150657,479.00469584868677,3095.680012076133,3512.2564500848125,0.016091630377224445,0.06403854314183756,17.354868380743728,-390.03763,76.070816,-3.6868696,61.19157,34.31732,-50.443054,-25.150023,8.6228695,-19.819832,-16.20514,-10.187305,-29.103512,-16.314032
1621,27.016666666666666,0.077825546,472.12006369858193,1872.8330462003069,473.8795167423524,3066.593827382772,3450.488146026315,0.016091630377224445,0.06403854314183756,17.354868380743728,-393.1772,71.737885,-6.9510655,63.487373,35.670055,-45.856815,-11.154172,15.268657,-14.061271,-8.797497,-13.827888,-31.696272,-8.253833
1622,27.033333333333335,0.05552427,467.20437093745676,2266.998940602713,468.8526237958715,2862.4815740701606,3755.526810820655,0.016091630377224445,0.06403854314183756,17.354868380743728,-396.09787,72.42598,1.3306255,70.50697,33.865936,-51.72515,-15.868244,8.414691,-20.486763,-5.922247,-6.387851,-29.6689,-6.8480163
1623,27.05,0.028667565,461.8009041365215,2509.0836693739466,471.49671742701355,2746.939511144633,3822.486867812545,0.016091630377224445,0.06403854314183756,17.354868380743728,-426.39877,59.52906,14.425398,65.1768,28.811687,-34.13179,-2.9654984,3.9941149,-25.9944,-4.6590214,0.143709,-23.901306,-4.6566534
1624,27.066666666666666,0.010201675,0.0,3761.9378640653376,478.79330974588,2556.867500935294,3584.393515930153,0.016091630377224445,0.06403854314183756,17.354868380743728,-447.1595,43.186966,13.056635,61.43052,27.885872,-20.730724,12.361082,9.336405,-22.92921,1.1226358,3.6816099,-22.714321,-1.9289892
1625,27.083333333333332,0.0068867328,0.0,4488.903103349738,509.1524227298294,2459.3079677782544,3357.6073057930057,0.016091630377224445,0.06403854314183756,17.354868380743728,-437.58307,34.702274,-9.963553,60.249115,31.742344,-27.912973,11.041702,11.4176235,-23.452038,8.959272,10.858337,-26.145468,-1.063946
1626,27.1,0.018295147,0.0,5249.585874877921,644.8475932474857,2415.496078917205,3389.7497775836937,0.016091630377224445,0.06403854314183756,17.354868380743728,-393.45865,50.00532,-26.010836,57.169556,44.01435,-33.59377,0.5996065,11.502663,-28.32413,13.16486,11.996135,-11.944384,3.1993642
1627,27.116666666666667,0.029337525,0.0,4685.136439290256,645.6035473152418,2539.7672441748737,3407.2305852423456,0.016091630377224445,0.06403854314183756,17.354868380743728,-318.13382,78.64576,-53.688984,60.05143,51.27693,-46.79902,-2.9428577,11.376123,-30.324348,13.788877,13.316365,-18.336048,3.0574374
1628,27.133333333333333,0.30322793,398.2257623357081,1604.4557932829089,455.2194706013517,2641.5585725563888,3336.8503094888124,0.016091630377224445,0.06403854314183756,17.354868380743728,-285.60907,137.95602,-29.09885,63.29544,56.134262,-48.551857,-29.197859,1.4965343,-26.839954,-13.425383,-21.082787,-41.943825,-7.378765
1629,27.15,0.35507983,420.45137712293405,1396.4377760398997,430.32811852131204,2601.300906599561,3165.4044190789714,0.016091630377224445,0.06403854314183756,17.354868380743728,-221.88397,168.39224,-32.778778,35.538902,55.73692,-50.213753,-58.054543,-5.576618,-32.287956,-0.7777691,-29.641176,-45.037106,-9.151463
1630,27.166666666666668,0.36285475,422.47552722661464,1370.5917959681353,472.6939168105036,2342.959356985466,3048.1433706610014,0.016091630377224445,0.06403854314183756,17.354868380743728,-266.9661,159.86035,-25.775854,25.359043,41.998074,-46.23134,-52.743176,-21.194576,-27.467587,5.723815,-15.010037,-36.840607,-9.392339
1631,27.183333333333334,0.28847227,425.35351817936777,1205.2854901391747,532.7019888157794,1608.0572121185605,2977.783023689046,0.016091630377224445,0.06403854314183756,17.354868380743728,-291.82117,147.34694,-22.736012,15.392172,28.880829,-39.417152,-38.00067,-15.641601,-27.228174,7.775014,-3.5950727,-25.86956,-12.841788
1632,27.2,0.28686777,425.3461583348002,1150.8959464473462,536.2594572017281,956.1983254459547,2982.998211549582,0.016091630377224445,0.06403854314183756,17.354868380743728,-306.3125,136.42682,-31.750366,9.843315,18.881058,-45.510654,-31.421211,-8.528151,-32.554626,-11.656787,-6.258665,-20.4362,-8.532985
1633,27.216666666666665,0.27171203,422.26149917756436,1047.268944704149,564.6591752910991,1189.7007021687468,3094.4697490593803,0.016091630377224445,0.06403854314183756,17.354868380743728,-310.92947,143.74306,-24.541248,-2.7832031,4.09568,-45.61399,-26.2373,-3.9063296,-29.905052,-20.572014,-8.091942,-9.848167,3.1525168
1634,27.233333333333334,0.2548615,419.6809103943432,1032.8802771233063,636.0362720933582,1401.2671004587642,3267.390082778226,0.016091630377224445,0.06403854314183756,17.354868380743728,-317.3029,144.5369,-14.940134,-4.5326934,2.0874498,-36.935516,-13.07779,5.6482334,-23.9343,-18.094105,-10.999068,-12.0677,-5.8927774
1635,27.25,0.24106991,417.8220059993124,1009.1773969315811,654.6296359288503,1360.9436197252842,3326.9080411538635,0.016091630377224445,0.06403854314183756,17.354868380743728,-331.56976,140.31516,-0.778525,-1.139658,-4.60576,-38.234177,-14.021851,7.666191,-23.042305,-18.975443,-9.390156,-11.77445,-7.61026
1636,27.266666666666666,0.23131584,418.40279318153864,1021.7982988307331,658.6787335475215,1298.4086371686278,3324.287162075427,0.016091630377224445,0.06403854314183756,17.354868380743728,-338.0969,134.45885,-2.3819916,-5.417774,-12.769771,-41.834568,-10.877436,12.843445,-26.60073,-28.660301,-11.010515,-9.436945,-6.0098968
1637,27.283333333333335,0.22774896,419.5578380353716,1037.3550837142438,646.1741732910231,1267.4923517202685,3349.928891544365,0.016091630377224445,0.06403854314183756,17.354868380743728,-333.99133,138.55518,-0.79949594,-7.3985615,-18.822464,-50.138504,-12.574453,13.454428,-29.797804,-31.73674,-8.469311,-6.4400997,-11.837097
1638,27.3,0.22352873,420.2157267845045,1049.094720460366,639.0040287897788,1266.8100168801416,3352.7001400941913,0.016091630377224445,0.06403854314183756,17.354868380743728,-333.15662,140.8718,0.0118557215,-10.18088,-31.02571,-58.468624,-9.266372,16.396267,-29.821323,-29.689201,-6.6353083,-14.192335,-16.489893
1639,27.316666666666666,0.21653132,420.3521661961215,1019.9429153279804,619.7699986181022,1259.7682303334961,3347.1390473352562,0.016091630377224445,0.06403854314183756,17.354868380743728,-345.38742,133.6337,1.8924931,-4.430582,-24.235672,-53.42472,-5.7227592,16.641605,-29.332386,-30.693111,-5.0837913,-8.976135,-12.786432
1640,27.333333333333332,0.21216251,419.6839427187333,992.3502917885176,596.1991458649264,1250.0861442252335,3455.3820490703993,0.016091630377224445,0.06403854314183756,17.354868380743728,-350.69836,132.85672,9.289965,-0.53609455,-20.521914,-46.977867,-3.7324715,13.661402,-29.949759,-26.568005,-3.20831,-9.959083,-17.055939
1641,27.35,0.20914163,420.7484267679079,999.2872876637332,585.7577887953764,1244.654915969059,3496.0169203847136,0.016091630377224445,0.06403854314183756,17.354868380743728,-358.84225,127.08799,14.351131,1.2281075,-22.57552,-44.5503,-0.44382417,16.632044,-28.177574,-24.040874,-3.81081,-15.034227,-24.297874
1642,27.366666666666667,0.20794135,423.6041929154732,958.2471928645075,582.2265084054252,1229.918677508453,3415.4006751441907,0.016091630377224445,0.06403854314183756,17.354868380743728,-353.04678,133.77164,11.599869,-2.8182228,-26.105822,-53.171406,-6.2968755,16.88353,-28.34145,-31.990093,-5.317032,-10.173702,-23.623535
1643,27.383333333333333,0.20106041,425.23219785521945,937.4123999815888,559.1873854264039,1216.2298361502728,3623.1145902509415,0.016091630377224445,0.06403854314183756,17.354868380743728,-361.8874,129.21024,14.744345,-5.298347,-28.100906,-49.29515,-5.7030644,18.989359,-22.142078,-27.491083,-3.5996459,-12.099047,-29.617886
1644,27.4,0.187592,424.0876747602642,912.3587595963675,530.6302835172019,1225.439495228943,3930.1465332727435,0.016091630377224445,0.06403854314183756,17.354868380743728,-369.59293,129.31683,24.676018,1.2183361,-25.604885,-42.502922,2.8783276,21.349945,-21.449055,-24.080793,1.6884133,-10.982176,-27.156261
1645,27.416666666666668,0.17354934,422.0466593270853,930.9200756981139,507.9693058820534,1155.5239841640994,2937.9464763152523,0.016091630377224445,0.06403854314183756,17.354868380743728,-375.40472,122.01106,19.397236,-2.3064773,-31.97499,-48.60248,0.6257501,15.792455,-28.674347,-26.273346,1.9287093,-10.863195,-21.604517
1646,27.433333333333334,0.16045186,419.50149473327656,920.4134213725118,508.58771920822943,1057.6883352977188,1212.151006713864,0.016091630377224445,0.06403854314183756,17.354868380743728,-379.40524,122.638916,20.661652,-11.2104435,-35.044334,-44.292007,-4.3149304,13.59752,-22.165142,-27.05679,-4.2008414,-13.068774,-26.258514
1647,27.45,0.14953065,417.96912683048157,913.1495947571539,510.2060509995409,1071.1436092892702,1215.466195348991,0.016091630377224445,0.06403854314183756,17.354868380743728,-379.03787,123.66018,20.505386,-9.334133,-30.940086,-39.47208,3.5052052,18.112732,-21.852585,-30.894062,-10.36944,-15.033759,-24.868908
1648,27.466666666666665,0.14121372,416.9574238148403,923.1411553623956,521.0628896034689,1137.935019965276,2310.536723475851,0.016091630377224445,0.06403854314183756,17.354868380743728,-374.75806,126.611496,21.374376,-3.4552588,-23.67401,-38.179512,1.052136,15.375763,-22.833534,-27.617504,-3.2691607,-11.610764,-29.851624
1649,27.483333333333334,0.13428876,415.33343145191105,923.7281276988069,506.25550866184955,1098.033175332474,2728.29916987873,0.016091630377224445,0.06403854314183756,17.354868380743728,-373.92838,127.00398,22.126198,0.53396827,-17.791477,-36.042683,-0.15622735,15.798965,-23.719213,-30.726284,-3.5587616,-10.194134,-28.467445
1650,27.5,0.13271755,413.748630908157,929.2872515843131,459.0606549363278,1066.3299037232619,2306.60296210029,0.016091630377224445,0.06403854314183756,17.354868380743728,-373.92957,128.6342,25.745823,3.065939,-17.975407,-37.530777,-3.6547973,8.929449,-29.391338,-32.28175,-3.7716525,-9.380747,-24.944592
1651,27.516666666666666,0.13374704,413.7300734708971,944.9431435551938,450.59092463122647,1276.4704310831862,3785.181490181155,0.016091630377224445,0.06403854314183756,17.354868380743728,-374.56274,125.76235,24.406929,3.810011,-16.468342,-34.180946,0.12784815,14.780174,-27.313663,-33.783226,-4.9813547,-11.867941,-27.582428
1652,27.533333333333335,0.13172293,414.053240402173,928.5344276267994,457.5662535218688,1285.4336052779536,3787.755296012433,0.016091630377224445,0.06403854314183756,17.354868380743728,-376.93085,124.45459,22.463654,2.347006,-15.690447,-33.744255,-0.9901608,10.09643,-27.975803,-33.559605,-8.706481,-11.931036,-25.736252
1653,27.55,0.12513143,414.1711620034608,918.1482771200108,456.86125639882283,1269.8291089777997,3783.032302054695,0.016091630377224445,0.06403854314183756,17.354868380743728,-383.90192,121.389435,24.358593,0.13320722,-16.087599,-32.25323,-4.8326,8.103681,-23.147528,-29.25935,-6.0609083,-9.74972,-28.421833
1654,27.566666666666666,0.11863821,414.5817746914741,965.7704347970528,455.81961299712253,1257.8943452261453,3794.8643744199453,0.016091630377224445,0.06403854314183756,17.354868380743728,-387.34824,119.38074,27.025684,-2.1023269,-20.57771,-31.937555,-5.823458,8.962525,-21.047878,-29.826107,-10.990724,-15.465989,-28.903786
1655,27.583333333333332,0.1129102,415.1399379419285,989.9488306764637,458.7636730707056,1254.1713528759374,2764.960107774612,0.016091630377224445,0.06403854314183756,17.354868380743728,-383.80206,123.05795,28.77205,-4.383504,-26.169256,-34.21456,-2.933445,13.546897,-18.351265,-28.203972,-10.770863,-15.853301,-23.637371
1656,27.6,0.110032,416.4243230081165,999.4336224237954,463.79127498810215,1150.5672111065492,1286.757307814022,0.016091630377224445,0.06403854314183756,17.354868380743728,-383.48428,122.117195,26.946808,-2.6646063,-23.470688,-33.262894,-0.29964697,14.249856,-21.021324,-27.37069,-4.6299415,-11.668912,-23.43221
1657,27.616666666666667,0.11492286,418.4377999404594,1015.9438106733087,476.32268141299244,1062.821327246689,1238.7123571952789,0.016091630377224445,0.06403854314183756,17.354868380743728,-377.94244,126.54285,25.140045,-9.423407,-26.818848,-33.12327,-1.1735175,12.852351,-19.514442,-21.956163,-3.433574,-14.604822,-27.057297
1658,27.633333333333333,0.12013487,419.4295274180986,999.6186214792331,482.42347572571913,1162.7217296938554,2339.1752476876945,0.016091630377224445,0.06403854314183756,17.354868380743728,-380.3881,121.32646,20.481468,-9.560917,-25.469257,-33.83283,-2.6468568,11.85939,-20.967295,-23.197025,-4.425057,-15.992101,-29.280727
1659,27.65,0.11954259,418.436962558318,1006.4627473516414,501.5280146403045,1220.816771521174,3860.5772752392445,0.016091630377224445,0.06403854314183756,17.354868380743728,-378.8257,124.471375,22.668882,-6.833436,-26.094147,-36.159058,-0.80509806,12.769016,-20.330902,-23.061882,-3.5364463,-13.384281,-26.923582
1660,27.666666666666668,0.112339996,416.8210410778265,1021.0372459426493,517.3245537555239,1227.6830967498079,3876.211904361224,0.016091630377224445,0.06403854314183756,17.354868380743728,-381.9886,124.58682,29.66332,-4.5043993,-30.50855,-38.01954,-0.6079203,16.350763,-15.192917,-20.014683,-5.53402,-19.746233,-28.789707
1661,27.683333333333334,0.10517925,415.24431297468016,1092.9724064754964,521.807644361866,1229.602128450323,3849.0704438317675,0.016091630377224445,0.06403854314183756,17.354868380743728,-387.40103,116.76158,23.725105,-4.919282,-24.457169,-33.25596,-3.5184093,10.1695,-24.063263,-29.418346,-7.787277,-16.12158,-26.016338
1662,27.7,0.10167655,415.4630518106268,1038.9757020259326,518.199328894051,1152.8358903732612,2682.777490563258,0.016091630377224445,0.06403854314183756,17.354868380743728,-384.96497,121.81593,23.953531,-8.096633,-25.127396,-33.362274,-4.7206364,5.2475657,-23.87849,-26.045233,-4.7287536,-9.566621,-21.794897
1663,27.716666666666665,0.09923522,417.10284292005025,1061.579902445729,533.3486689346281,1117.5406963896444,2312.2329398345146,0.016091630377224445,0.06403854314183756,17.354868380743728,-379.26892,126.730804,24.95908,-12.38582,-29.558758,-34.88189,-2.597312,10.258284,-19.445236,-22.387428,-5.69046,-10.4078045,-24.63537
1664,27.733333333333334,0.093636185,417.5215644986501,1067.8383351240584,562.974423741009,1214.5496121441115,3858.0969317593276,0.016091630377224445,0.06403854314183756,17.354868380743728,-380.94363,123.19101,20.761564,-11.517766,-30.312363,-35.741352,1.2580404,12.395962,-19.863659,-23.491096,-6.164976,-13.550094,-24.55724
1665,27.75,0.08418221,416.53361638598875,1089.7494528844904,576.8819295726308,1224.1982575822622,3670.455951821595,0.016091630377224445,0.06403854314183756,17.354868380743728,-382.47217,122.66295,22.081882,-9.427267,-24.628662,-29.983109,2.059928,9.494787,-22.678276,-24.695744,-4.258667,-6.373065,-19.778198
1666,27.766666666666666,0.07205744,416.2372184365254,1224.0700354887017,610.8686285863287,1338.6575726692392,3450.9735980892774,0.016091630377224445,0.06403854314183756,17.354868380743728,-388.32825,109.47087,12.971757,-2.1492975,-10.916647,-27.327148,-2.699917,5.4525404,-30.608627,-30.962727,-1.8148054,2.4286125,-17.221054
1667,27.783333333333335,0.060613055,416.1594812814986,1286.891420826839,628.2169792323689,1522.1250010521478,3508.861825088088,0.016091630377224445,0.06403854314183756,17.354868380743728,-383.71512,115.19221,16.624643,4.237447,-1.3188123,-21.21019,-6.063551,-2.126844,-31.121992,-23.405598,9.47135,11.323507,-12.937719
1668,27.8,0.05187716,416.2857289129005,1264.0576724968062,618.3868687374667,1521.7435379954666,3556.8014394180223,0.016091630377224445,0.06403854314183756,17.354868380743728,-394.73752,107.125465,15.197479,2.1551461,-4.8633327,-25.743782,-12.001629,-4.7134666,-28.353638,-23.69904,6.148567,5.366881,-18.094881
1669,27.816666666666666,0.04532652,416.27149982218657,1330.1081435795054,614.304009339706,1362.0010036023393,3474.7285828719782,0.016091630377224445,0.06403854314183756,17.354868380743728,-403.94302,97.67032,14.778015,7.213915,-2.6187558,-24.19983,-7.7165895,-3.050942,-27.038685,-15.689933,12.45595,2.149312,-21.769718
1670,27.833333333333332,0.03926068,413.56948897489184,1257.18137886869,548.5661164823014,1084.0274215509173,2944.1999678439743,0.016091630377224445,0.06403854314183756,17.354868380743728,-423.5332,90.342896,29.647108,16.138647,2.8298948,-16.783394,-12.992181,-14.753843,-27.477833,-14.105768,5.9444227,-1.4018835,-17.483597
1671,27.85,0.030251151,409.9642996904904,1272.9769321026006,436.51447034095827,959.1785744323145,2125.8516989532973,0.016091630377224445,0.06403854314183756,17.354868380743728,-440.53027,87.070595,45.104656,18.637794,2.355811,-6.470691,-8.804209,-15.457081,-17.393381,-5.540941,0.28403953,-9.154883,-20.342472
1672,27.866666666666667,0.019919282,408.0471413656242,1279.3567214810032,415.9441823149451,1400.1221010739928,2656.877580214975,0.016091630377224445,0.06403854314183756,17.354868380743728,-462.4033,71.16513,49.47453,26.61746,9.823416,-1.085767,-8.603164,-12.751498,-12.725385,-10.756687,-11.050606,-14.690954,-18.031704
1673,27.883333333333333,0.011169053,0.0,1621.1458761703686,410.2872197841952,1908.2914230211645,3394.671819975225,0.016091630377224445,0.06403854314183756,17.354868380743728,-475.82727,56.6261,44.57057,29.478214,15.239101,3.7631798,-4.471695,-9.471693,-11.758842,-12.695873,-13.792175,-15.359233,-16.232578
1674,27.9,0.0037906629,0.0,2313.070322800663,499.2818383670782,1977.6611674858218,3418.9822352509414,0.016091630377224445,0.06403854314183756,17.354868380743728,-492.67267,35.87483,31.397778,24.868805,17.408371,10.126104,3.8541636,-1.00193,-4.457428,-6.8069897,-8.414463,-9.520076,-10.138089
1675,27.916666666666668,0.0008644602,0.0,2605.6609985743316,665.1356147349285,2024.6726816046637,3617.9900297459603,0.016091630377224445,0.06403854314183756,17.354868380743728,-498.5427,27.76738,23.921417,18.56903,12.903749,7.9754868,4.3801203,2.1487296,0.86033547,-0.091098376,-1.2008369,-2.6515708,-4.2754765
1676,27.933333333333334,0.000660756,0.0,2680.7255310793907,688.6809687215803,2068.16918333985,3724.4395502780594,0.016091630377224445,0.06403854314183756,17.354868380743728,-504.68857,19.951214,18.458996,16.224333,13.550892,10.741646,8.030148,5.545355,3.3186646,1.3256351,-0.45828408,-2.0134823,-3.2625914
1677,27.95,0.0005433526,0.0,2398.87219064008,567.1809674150197,2171.048363147014,3506.802082925282,0.016091630377224445,0.06403854314183756,17.354868380743728,-506.90778,17.106415,16.424706,15.329996,13.881291,12.155027,10.239536,8.22872,6.2154965,4.2855225,2.5116367,0.94959784,-0.36473384
1678,27.966666666666665,0.00048233915,0.0,3080.1807075302872,388.49944519867705,1969.082778387499,3021.2910615160276,0.016091630377224445,0.06403854314183756,17.354868380743728,-510.31982,12.302348,11.68494,10.697686,9.39982,7.867614,6.1885796,4.454753,2.7559183,1.1731875,-0.2264927,-1.3943896,-2.3024049
1679,27.983333333333334,0.00041125927,0.0,2906.352404618605,373.6094520125114,1746.0696677082074,2997.535861159232,0.016091630377224445,0.06403854314183756,17.354868380743728,-510.88412,11.569357,11.140041,10.443766,9.50832,8.3705015,7.074152,5.6678815,4.202571,2.728868,1.2947025,-0.05682513,-1.2892854
1680,28.0,0.00045253718,0.0,2686.577490393299,523.9101961058657,2141.3093410489064,3413.711952204294,0.016091630377224445,0.06403854314183756,17.354868380743728,-509.34976,13.725544,13.256298,12.497843,11.484036,10.259245,8.875616,7.389867,5.859914,4.341589,2.885498,1.5345453,0.32199404
1681,28.016666666666666,0.00054773496,0.0,2490.1688734707113,440.0807865562256,2154.4104458147303,2986.268018936457,0.016091630377224445,0.06403854314183756,17.354868380743728,-509.34085,13.720162,13.199284,12.361988,11.251914,9.925125,8.445747,6.881069,5.296653,3.7519212,2.296535,0.9679749,-0.20963532
1682,28.033333333333335,0.0005697743,0.0,2205.2231613775057,519.0756698903949,2136.422086756502,2433.4355223895627,0.016091630377224445,0.06403854314183756,17.354868380743728,-507.16577,16.358276,14.76513,12.691288,10.459055,8.152965,5.8741455,3.8276868,2.0988474,0.52705634,-1.0342658,-2.4068823,-3.206413
1683,28.05,0.00067971466,0.0,2123.152337848637,656.4416670825539,2125.8674412139026,2334.225445410305,0.016091630377224445,0.06403854314183756,17.354868380743728,-501.56027,21.153557,14.366236,11.603546,12.906248,12.2709875,7.2733035,2.7418022,3.224254,5.8639297,4.4467278,-1.4664035,-5.819099
1684,28.066666666666666,0.00070405705,0.0,1898.6139869525848,498.74466812330746,1889.7290137131681,2355.138866391804,0.016091630377224445,0.06403854314183756,17.354868380743728,-499.794,24.392275,18.444674,14.585654,13.396193,11.516994,7.6373196,4.582114,4.5896683,5.388982,3.2344446,-1.6417465,-5.196501
1685,28.083333333333332,0.00075897184,0.0,1841.29706943883,520.5384478623663,1656.4818116213087,2322.235075912691,0.016091630377224445,0.06403854314183756,17.354868380743728,-498.60068,27.558777,23.417252,17.790455,12.048117,7.3351793,4.263956,2.811697,2.4248846,2.3169444,1.8587456,0.85808074,-0.4342213
1686,28.1,0.0007653066,0.0,1899.3074107363714,522.3610852954826,1371.2816585073479,2297.5122188190367,0.016091630377224445,0.06403854314183756,17.354868380743728,-499.65414,26.189426,22.336926,17.005299,11.412512,6.6142206,3.1940036,1.172816,0.15040624,-0.41069752,-0.9023615,-1.4175833,-1.7809615
1687,28.116666666666667,0.0006873429,0.0,1918.4581726836107,492.8916925851991,1485.376996801774,2382.6310148115513,0.016091630377224445,0.06403854314183756,17.354868380743728,-501.9146,23.796085,22.068459,19.4464,16.266064,12.909273,9.737287,7.0323277,4.9579983,3.5454412,2.7064571,2.26834,2.0218396
1688,28.133333333333333,0.000659378,0.0,2441.6908865187042,517.9650481618139,2059.112079677721,3081.759354736537,0.016091630377224445,0.06403854314183756,17.354868380743728,-505.9422,18.160336,16.607231,14.258375,11.427738,8.473452,5.7364607,3.4854655,1.8782616,0.94604987,0.6020401,0.670888,0.9313611
1689,28.15,0.0008425743,0.0,2593.3462867250273,617.3393605607502,2339.720570839523,3955.8562662291706,0.016091630377224445,0.06403854314183756,17.354868380743728,-505.9817,17.925308,15.892228,12.917102,9.517307,6.239664,3.5396414,1.6890306,0.7336397,0.5085467,0.7033441,0.9571195,0.9571272
1690,28.166666666666668,0.0014928057,0.0,4501.728800203649,625.7062213074995,2357.611649974903,3672.6216926131606,0.016091630377224445,0.06403854314183756,17.354868380743728,-464.9845,31.806744,7.2216043,37.079945,7.97705,-20.030758,5.7975664,-6.6532164,-21.095509,15.448041,14.12154,-12.416281,4.8320847
1691,28.183333333333334,0.0018736986,0.0,4240.7362264009125,657.0500512731292,2223.4566135276496,3216.5198369796185,0.016091630377224445,0.06403854314183756,17.354868380743728,-463.46948,29.437984,-2.8456285,30.413265,15.246516,-10.117605,5.660119,-7.867401,-15.347851,20.749104,14.451438,-15.161932,-0.11698666
1692,28.2,0.0014476683,0.0,3695.867526660353,567.5271137799504,2162.7834611301532,3097.1538005190455,0.016091630377224445,0.06403854314183756,17.354868380743728,-480.45074,29.033932,12.062927,27.642738,17.37788,3.3848138,8.235494,-3.778835,-6.4900007,13.314577,5.096134,-8.739073,5.347483
1693,28.216666666666665,0.0011770146,0.0,3190.182289455989,484.4853287841273,2188.877832606348,3148.6625100964675,0.016091630377224445,0.06403854314183756,17.354868380743728,-478.80475,31.848972,11.960306,26.147783,21.223991,5.912956,5.7845364,-2.9574475,-5.7323465,9.935713,4.1242576,-11.806043,-2.7447186
1694,28.233333333333334,0.0012823064,0.0,3427.3476928318723,329.5117970480983,2254.4073903100516,3283.6828889189337,0.016091630377224445,0.06403854314183756,17.354868380743728,-480.4548,23.560268,-0.80341196,20.800701,22.047739,4.154802,0.19362402,-8.253254,-6.7969084,11.878963,3.1111562,-15.16677,-1.587432
1695,28.25,0.0011730646,0.0,3290.7132406446626,279.39070899359564,2294.139237843596,3185.2675375563567,0.016091630377224445,0.06403854314183756,17.354868380743728,-482.97983,25.115932,5.6603217,24.501106,24.344196,8.4677925,5.2707605,-3.0319688,-3.6983957,9.929647,-0.39024606,-16.257513,-2.4626698
1696,28.266666666666666,0.0011841296,0.0,2786.279445594133,416.0132902545695,2272.3097376837873,3059.692046635631,0.016091630377224445,0.06403854314183756,17.354868380743728,-483.89728,34.934288,19.474262,23.469624,22.36487,12.627571,4.6058636,-4.0349045,-2.4616284,7.483547,0.9348508,-11.243173,-5.3119516
1697,28.283333333333335,0.001065147,0.0,2745.977830119614,526.2712020493216,2270.7317550310026,2979.923565233484,0.016091630377224445,0.06403854314183756,17.354868380743728,-486.72278,34.15755,22.184036,22.9086,16.837976,7.837738,3.5096176,-3.7119722,-2.281151,8.220052,4.2866354,-3.9884613,2.2643719
1698,28.3,0.00096330914,0.0,2529.4773945214265,539.3458847370565,2268.0234213701206,2797.100459882824,0.016091630377224445,0.06403854314183756,17.354868380743728,-490.32227,33.12967,21.763702,17.77182,14.371502,6.6300707,-1.873002,-5.9396696,-1.4689313,4.918516,2.9468899,-0.7579804,3.2959342
1699,28.316666666666666,0.0008426789,0.0,2553.743155443409,518.5550307503696,2314.9289109978117,3027.548126942946,0.016091630377224445,0.06403854314183756,17.354868380743728,-499.85284,24.38414,19.102432,16.268456,14.670407,10.237215,3.6080942,-0.26096863,0.54575753,2.1605406,1.1708126,-0.059054762,2.1416826
1700,28.333333333333332,0.0005859859,0.0,2412.5183423030567,522.3423373480018,2360.525646074325,3227.443334527639,0.016091630377224445,0.06403854314183756,17.354868380743728,-502.24805,23.133348,20.89759,17.559448,13.49123,9.087604,4.826782,1.1938213,-1.5075475,-3.2189937,-4.007283,-3.9698994,-3.2957807
1701,28.35,0.00059158204,0.0,2655.2535482293792,530.6084598904614,2391.1027448698933,3203.24601844852,0.016091630377224445,0.06403854314183756,17.354868380743728,-507.55087,16.075329,15.050572,13.452158,11.428492,9.158379,6.828152,4.6094203,2.6408012,1.0159919,-0.22073108,-1.0721323,-1.5800083
1702,28.366666666666667,0.0006923013,0.0,2146.1176513327437,597.6069465126368,2453.5468983328933,3242.529865294389,0.016091630377224445,0.06403854314183756,17.354868380743728,-506.63596,17.400782,16.464025,14.991892,13.10721,10.961641,8.718524,6.534882,4.5447702,2.846107,1.4923886,0.49036947,-0.19641021
1703,28.383333333333333,0.00069585117,0.0,2097.100382814747,659.0990471326513,2511.2948056710734,3262.9144270076176,0.016091630377224445,0.06403854314183756,17.354868380743728,-507.4075,16.425972,15.825902,14.87542,13.642905,12.212892,10.676535,9.121817,7.6245103,6.2410545,5.004381,3.922698,2.9816737
1704,28.4,0.00064664957,0.0,2318.898063042677,711.854172160379,2531.815347192812,3316.86675998077,0.016091630377224445,0.06403854314183756,17.354868380743728,-509.4863,13.589578,13.288635,12.800245,12.143097,11.3413105,10.422663,9.4166565,8.352604,7.2580185,6.1572094,5.0705776,4.0142345
1705,28.416666666666668,0.0006632309,0.0,2249.443575620259,453.77793628335917,2418.0556613924427,3176.62207805515,0.016091630377224445,0.06403854314183756,17.354868380743728,-509.77344,13.209564,12.984243,12.613485,12.1043,11.46628,10.711302,9.8532715,8.907736,7.8915415,6.8223805,5.7184114,4.59781
1706,28.433333333333334,0.00080360036,0.0,2473.658701375439,235.44255166668336,2441.324764052634,3054.384704727881,0.016091630377224445,0.06403854314183756,17.354868380743728,-510.49207,12.181503,11.923291,11.505259,10.944796,10.264162,9.488646,8.644608,7.757574,6.8504596,5.9424067,5.047902,4.17666
1707,28.45,0.000674805,0.0,1829.7842771201936,500.5088748636188,2626.5504222917148,3758.922533718021,0.016091630377224445,0.06403854314183756,17.354868380743728,-505.9027,18.597881,18.11875,17.336357,16.274296,14.9643135,13.445044,11.760567,9.958732,8.089378,6.2024727,4.3463664,2.5661008
1708,28.466666666666665,0.00068363856,0.0,2337.754241169846,730.3363463224896,2619.937776627469,3939.784711700568,0.016091630377224445,0.06403854314183756,17.354868380743728,-509.16302,14.04084,13.720793,13.196595,12.481774,11.594636,10.557726,9.397082,8.141431,6.821303,5.468065,4.113001,2.786357
1709,28.483333333333334,0.0005377807,0.0,2199.444086779316,619.2293949832175,1602.6807000962722,3097.649045230766,0.016091630377224445,0.06403854314183756,17.354868380743728,-508.15875,15.423623,14.993536,14.293691,13.34864,12.1910515,10.860119,9.39971,7.8563232,6.2770143,4.707428,3.1899257,1.7620634
1710,28.5,0.011123301,0.0,1099.0568682681005,422.3284205535208,561.0301164618345,3048.5538057722006,0.016091630377224445,0.06403854314183756,17.354868380743728,-493.56744,35.2697,32.546806,28.265541,22.781616,16.537754,10.01714,3.694374,-2.0099115,-6.7657275,-10.357611,-12.694166,-13.8029175
1711,28.516666666666666,0.016782114,0.0,564.8238650316663,210.09972072635853,510.1796391234947,3132.910758803388,0.016091630377224445,0.06403854314183756,17.354868380743728,-445.79068,93.26306,71.87856,50.983955,26.78626,-0.8305745,-18.812012,-22.397486,-22.20462,-23.658298,-20.911583,-13.883305,-11.497185
1712,28.533333333333335,0.017237904,0.0,691.3701053230945,230.4432624512244,1557.0544843445691,3108.5842416798173,0.016091630377224445,0.06403854314183756,17.354868380743728,-429.5497,105.10071,73.73522,60.41252,36.50383,-3.900003,-24.121689,-18.960636,-16.520334,-22.119417,-19.449636,-6.947649,-2.4625812
1713,28.55,0.02902511,0.0,943.8122784778452,450.8786951184937,3041.2814207597958,3299.547406225933,0.016091630377224445,0.06403854314183756,17.354868380743728,-402.75894,110.17589,57.713882,74.665436,47.5505,-20.60028,-28.26907,-6.203636,-11.212707,-18.995403,-17.208977,-9.320694,-0.6903783
1714,28.566666666666666,0.04521416,0.0,1197.0065748032562,379.82045050076545,3011.9857378887573,3467.314417645309,0.016091630377224445,0.06403854314183756,17.354868380743728,-376.37558,119.812775,50.064686,91.20708,59.724,-31.794495,-30.254955,4.101827,-9.270786,-17.679638,-12.935223,-9.961721,1.2713947
1715,28.583333333333332,0.08329262,0.0,1431.342749440388,354.87548467859483,3037.719389656246,3517.8904923183727,0.016091630377224445,0.06403854314183756,17.354868380743728,-332.59003,131.56241,32.559402,109.477844,72.33708,-49.175102,-40.42044,16.121643,-7.292553,-20.38961,-12.005622,-21.210648,-0.97923285
1716,28.6,0.12330053,108.64878830535788,1667.2365526146004,394.3754109566085,3058.4987379032673,3545.8462450060147,0.016091630377224445,0.06403854314183756,17.354868380743728,-292.725,138.90788,29.89426,115.257164,69.65025,-55.47267,-46.555237,23.415493,-4.6566954,-13.207318,-8.51402,-32.685146,-0.9861566
1717,28.616666666666667,0.15628983,110.86170123599113,1810.9337691172,400.64978525137695,3083.3153605036778,3550.2310472715967,0.016091630377224445,0.06403854314183756,17.354868380743728,-265.86392,138.10526,24.053818,112.690445,69.978134,-53.41336,-51.131752,23.47214,-10.663936,-11.415094,-8.17552,-33.43424,-1.7063868
1718,28.633333333333333,0.17862466,116.0367971237849,1839.9931981096906,401.38691798601036,3113.3068242300624,3581.987045545207,0.016091630377224445,0.06403854314183756,17.354868380743728,-253.39786,136.1549,15.635323,108.85193,67.0049,-49.04854,-52.149338,23.937725,-17.37907,-16.381672,-6.583435,-34.044373,-2.6047688
1719,28.65,0.18449152,118.59572052224345,1939.5037130219514,436.02992324262533,3106.4196088595627,3633.717391663705,0.016091630377224445,0.06403854314183756,17.354868380743728,-265.5387,124.693985,16.598742,111.373535,68.728165,-47.510674,-50.818405,28.749992,-21.196175,-21.63385,-3.536444,-36.206226,-9.059911
1720,28.666666666666668,0.18047449,120.2258827253977,1904.5135006583268,457.60274391563706,3103.0703333413044,3608.751634464928,0.016091630377224445,0.06403854314183756,17.354868380743728,-277.76953,118.77101,16.646692,105.47556,65.3482,-46.535316,-54.67813,19.914982,-23.626076,-18.442278,-3.7563756,-35.802658,-10.660965
1721,28.683333333333334,0.17129873,121.95463088820598,2046.920856726517,467.13083133004443,3113.430569706354,3612.7109593772443,0.016091630377224445,0.06403854314183756,17.354868380743728,-273.02518,117.73276,10.9912615,104.27164,66.87488,-43.932518,-51.31604,22.06285,-29.728407,-20.786135,-4.077404,-36.074226,-10.094026
1722,28.7,0.16634227,124.16866665063864,2052.339980858031,477.9570975979284,3089.7873133789444,3604.678580778893,0.016091630377224445,0.06403854314183756,17.354868380743728,-289.03818,108.24315,4.595482,97.73473,70.543655,-37.098274,-56.687305,17.919716,-29.767189,-21.569592,-8.71652,-30.649956,1.150334
1723,28.716666666666665,0.16797958,125.02871963374605,1973.2462781822073,478.92175835739533,3067.759783487127,3554.9151853947787,0.016091630377224445,0.06403854314183756,17.354868380743728,-303.91553,97.70567,3.912118,98.06992,70.08266,-37.20809,-54.537064,18.106163,-25.859,-16.704792,-5.4648256,-27.441563,2.1994836
1724,28.733333333333334,0.14699125,125.39241642770638,2123.476022522224,455.52013451798365,3107.0504428205804,3517.4299231818677,0.016091630377224445,0.06403854314183756,17.354868380743728,-298.59644,104.43708,10.222258,104.711655,67.2787,-33.402687,-47.440025,23.065899,-21.809067,-10.4682865,3.221262,-24.769073,7.3356676
1725,28.75,0.105749674,125.5148127445395,2043.1507150648563,437.55010799181247,3176.6263369521166,3611.6293665944245,0.016091630377224445,0.06403854314183756,17.354868380743728,-319.3726,109.53958,27.51892,128.94766,70.80001,-35.52379,-16.63991,34.87496,-14.599056,-9.679642,1.6896205,-20.484943,8.777611
1726,28.766666666666666,0.048222467,0.0,1839.5892024121977,475.3519425215844,3016.3150774609453,3633.730827900385,0.016091630377224445,0.06403854314183756,17.354868380743728,-404.6352,85.49228,36.115402,93.28722,58.234825,-19.347504,7.7169895,28.076202,-5.8809013,-0.59288526,13.350109,3.6662478,9.759168
1727,28.783333333333335,0.0160544,0.0,1539.1602084129902,492.48369029484667,2897.3861748230897,3475.1442489533974,0.016091630377224445,0.06403854314183756,17.354868380743728,-459.9466,68.9265,53.143314,53.243484,39.51644,15.546293,10.45697,12.98053,5.8972616,1.6464013,5.292715,7.1044073,4.7251863
1728,28.8,0.0048014885,0.0,1776.7831335211747,454.17782196323174,2916.8293683127117,3435.5371103137177,0.016091630377224445,0.06403854314183756,17.354868380743728,-476.33063,57.19391,50.177094,42.51631,32.413445,20.413181,11.126113,5.483055,0.7334568,-2.7391832,-2.820379,-1.1166908,-0.4863131
1729,28.816666666666666,0.0036120287,0.0,1605.31133691497,392.3511005916572,2931.4530145823974,3393.749411727104,0.016091630377224445,0.06403854314183756,17.354868380743728,-485.70157,45.962265,42.0388,36.048462,28.716087,20.880146,13.359299,6.8310633,1.7439731,-1.7233989,-3.653756,-4.3394313,-4.2026463
1730,28.833333333333332,0.0027707496,0.0,2512.7646020019556,396.10130911092995,2938.654434520102,3383.397143033953,0.016091630377224445,0.06403854314183756,17.354868380743728,-487.38464,43.36296,38.874214,32.216663,24.427769,16.61849,9.743355,4.4268866,0.88623744,-1.0396403,-1.7734401,-1.8380344,-1.7007389
1731,28.85,0.015186602,0.0,4714.970288965584,566.9342830574852,2794.0831627312914,3476.910239295126,0.016091630377224445,0.06403854314183756,17.354868380743728,-348.86548,74.819756,-41.85293,46.391953,36.12814,-54.208336,-20.4696,17.616009,-23.708424,-1.9440148,1.4447751,-12.603903,6.4202914
1732,28.866666666666667,0.026126305,0.0,5012.650863878639,678.3694075790974,2883.9356837756904,3577.9537373200515,0.016091630377224445,0.06403854314183756,17.354868380743728,-285.3068,72.96162,-40.905975,53.124252,34.241364,-49.21011,-22.440874,22.10836,-36.68609,2.973215,-2.077872,-16.764986,9.945695
1733,28.883333333333333,0.05349541,0.0,4729.23184872954,472.96635676817823,3004.262383214049,3673.296093014863,0.016091630377224445,0.06403854314183756,17.354868380743728,-304.1352,65.09505,-34.601494,88.1669,46.895184,-42.65596,-3.6922781,33.60231,-34.06343,-4.0313506,2.9156394,-11.476004,10.374809
1734,28.9,0.1374552,244.91379641305946,2193.819798132182,316.6398421857663,3084.18570789359,3605.082887982425,0.016091630377224445,0.06403854314183756,17.354868380743728,-290.6918,112.47327,18.175312,109.46854,64.37512,-40.355164,-42.10952,23.811468,-25.129444,-14.860146,-5.663512,-27.875359,-0.42370743
1735,28.916666666666668,0.18428034,228.04582807534533,1980.2541099652058,401.66091017713075,3097.47373580991,3542.0732939846903,0.016091630377224445,0.06403854314183756,17.354868380743728,-267.98596,116.909904,18.239653,99.77819,68.78696,-30.37418,-48.902454,26.787766,-23.55876,-15.257417,-4.3605123,-26.971327,-1.7875159
1736,28.933333333333334,0.19757797,221.27062492499442,2064.1312008123796,407.3636886164862,3085.3354714480533,3495.671138402903,0.016091630377224445,0.06403854314183756,17.354868380743728,-282.6847,101.07056,8.361307,100.79278,77.10956,-22.928707,-45.87694,31.55803,-17.44387,-12.1181345,-7.1353617,-27.490826,-3.3775358
1737,28.95,0.17502804,218.7819990753812,2029.6008810837516,387.8241144016269,3107.321505831901,3465.734245366362,0.016091630377224445,0.06403854314183756,17.354868380743728,-290.63776,103.26745,6.3163996,102.86683,71.79444,-24.92773,-46.410545,26.731495,-17.05437,-10.878426,-2.2191782,-28.41034,1.0948699
1738,28.966666666666665,0.11709533,220.05985249066435,2490.3208444076968,337.18971119912203,3122.2857719703634,3623.7108371352374,0.016091630377224445,0.06403854314183756,17.354868380743728,-322.8875,92.28618,5.564354,123.88148,74.59956,-41.355392,-26.650703,17.52679,-29.589779,-8.728067,-10.225901,-36.22206,1.4013231
1739,28.983333333333334,0.046577595,225.32367863089806,3479.8701762489654,334.6785502924468,3133.4093957832893,3606.6052316218584,0.016091630377224445,0.06403854314183756,17.354868380743728,-389.56723,66.85937,2.6938057,100.789505,69.415344,-31.401455,-5.026384,23.739649,-19.59757,-12.792784,-5.989415,-22.314102,-0.24974705
1740,29.0,0.007398328,0.0,2539.403197527216,364.6537994560847,3045.777471376459,3379.3451907375365,0.016091630377224445,0.06403854314183756,17.354868380743728,-456.99426,62.82595,42.627598,54.559975,38.812004,6.2890296,5.0278597,7.605478,-4.719482,-8.013315,-6.747055,-7.442035,-3.1222067
1741,29.016666666666666,0.0048824092,0.0,2598.3799833557505,336.6781280527175,2918.36292027079,3429.709106932852,0.016091630377224445,0.06403854314183756,17.354868380743728,-470.906,58.264954,47.640114,46.224266,34.077934,16.306984,10.043417,5.9159565,-1.0676175,-2.6275136,-2.7139425,-2.9906602,0.18334538
1742,29.033333333333335,0.0034625605,0.0,2861.6774644489187,344.3179319712358,3052.451270724221,3438.586256733297,0.016091630377224445,0.06403854314183756,17.354868380743728,-487.36487,40.076958,34.895645,33.700684,26.41158,16.555649,12.404358,8.057261,1.9225957,-0.58034533,-2.2324078,-4.1500607,-3.5646484
1743,29.05,0.0023606191,0.0,2704.551128134781,342.392863738692,3169.8029380688795,4060.248574783374,0.016091630377224445,0.06403854314183756,17.354868380743728,-491.18335,37.881905,34.534027,30.535133,24.626719,18.046072,12.649144,7.6099215,3.0342946,0.13272476,-1.9587183,-3.6537004,-4.0911202
1744,29.066666666666666,0.002387332,0.0,2334.2337955132025,276.8266010094399,1974.6490170119393,4055.7891470973836,0.016091630377224445,0.06403854314183756,17.354868380743728,-492.19138,37.2498,34.762985,30.981438,26.145147,20.776123,15.403463,10.266018,5.664588,1.9032531,-1.0550903,-3.2576761,-4.613018
1745,29.083333333333332,0.008471297,0.0,2585.7898611485552,469.1086584895017,727.8923244551573,2990.7196462689426,0.016091630377224445,0.06403854314183756,17.354868380743728,-460.13593,66.16412,34.695793,11.529321,-3.4707465,-3.328279,11.845005,17.113941,7.178788,1.6447191,0.43068582,-2.7960763,1.3908228
1746,29.1,0.014212183,0.0,3344.2473164453777,792.1873190747273,1306.2765101146765,2882.3299012026587,0.016091630377224445,0.06403854314183756,17.354868380743728,-314.76675,140.42343,3.3391938,-12.7301,-15.608943,-38.02062,7.4022255,32.646393,-25.555225,-3.201289,0.92914194,-15.147318,-4.1733656
1747,29.116666666666667,0.014812107,0.0,3055.7637738783033,659.2089908938044,1245.860809824387,2963.3548518144826,0.016091630377224445,0.06403854314183756,17.354868380743728,-314.03506,147.57483,17.595201,-9.010124,-19.11869,-40.56814,-3.7362318,24.82251,-25.158794,3.714357,4.7471757,-16.011223,-4.7097616
1748,29.133333333333333,0.010825155,0.0,2928.9719645470195,539.5055204351954,1136.0402700960735,3037.776875803324,0.016091630377224445,0.06403854314183756,17.354868380743728,-395.75757,106.16153,28.337978,24.863937,-5.551574,-35.360474,8.652075,31.330807,0.9011251,1.613426,8.228108,-14.355221,-6.2316
1749,29.15,0.09232503,0.0,1383.1618222917307,421.35198213034494,1016.5809972209199,3032.2851411080105,0.016091630377224445,0.06403854314183756,17.354868380743728,-390.95883,125.58747,56.21482,37.468357,3.629095,-21.97544,9.74827,26.35218,0.35920602,-1.9889486,-3.5923731,-27.000912,-20.278288
1750,29.166666666666668,0.18582265,228.38084039757,663.5120683223971,339.09075777403245,951.2523068213225,3086.604848471453,0.016091630377224445,0.06403854314183756,17.354868380743728,-330.98245,190.90309,102.09529,42.054314,-15.026588,-37.474823,-19.487003,5.2678986,-19.467749,-7.77969,-8.956076,-27.282738,-9.233412
1751,29.183333333333334,0.2466555,216.05704163893765,662.2375845215705,413.6609305245775,928.1809275030257,3143.7543303109933,0.016091630377224445,0.06403854314183756,17.354868380743728,-315.94748,198.10078,98.4163,36.655357,-22.392727,-41.849953,-17.55194,13.438313,-16.787775,-5.0641108,-7.247883,-29.60693,-7.66816
1752,29.2,0.2568757,209.0217375565048,671.5012273911682,389.1158377857673,876.2433110698366,3130.518150811889,0.016091630377224445,0.06403854314183756,17.354868380743728,-326.72397,185.71147,93.943405,41.14173,-17.110863,-37.20027,-15.563126,13.050924,-13.703426,-1.6054685,-2.2144716,-26.044008,-4.5478406
1753,29.216666666666665,0.2440913,207.2877524699765,701.0395445296656,374.3386453539302,836.0971905843812,3162.414966048528,0.016091630377224445,0.06403854314183756,17.354868380743728,-342.7324,168.04869,88.40277,45.642822,-12.4286,-37.46582,-17.03341,11.619068,-14.900661,-0.14397427,-0.5022441,-23.56331,-3.438898
1754,29.233333333333334,0.22565754,207.84123556960384,713.238973049079,367.6336081516721,824.7007468001187,3192.9743380863115,0.016091630377224445,0.06403854314183756,17.354868380743728,-344.5392,166.61078,85.83707,46.150017,-14.151197,-46.482777,-19.849209,9.021719,-18.974566,-5.2255735,-5.5571575,-27.955837,-10.413853
1755,29.25,0.2166865,208.81912761751883,734.7471880023282,372.8099051049922,827.1401913274086,3202.477917042978,0.016091630377224445,0.06403854314183756,17.354868380743728,-340.64325,173.47552,94.98245,50.309334,-17.881245,-47.155552,-23.80383,2.1099813,-20.956497,-3.7771382,-0.7778771,-26.33723,-5.6161547
1756,29.266666666666666,0.20557381,209.16383455185425,717.8762683944831,373.21971103209404,831.4971284546538,3233.6101734735735,0.016091630377224445,0.06403854314183756,17.354868380743728,-354.1582,164.11127,89.99701,45.025738,-16.11721,-47.11268,-24.57582,5.4647274,-13.797162,-0.39648128,-1.345552,-22.698841,-10.17016
1757,29.283333333333335,0.19514973,209.36145571980907,718.3514992049709,376.9916381422349,841.3438756029029,3265.3193625603412,0.016091630377224445,0.06403854314183756,17.354868380743728,-354.5307,169.62253,97.286026,48.269005,-15.284903,-44.58331,-22.817234,3.729345,-10.858076,-0.47599697,-1.4320027,-23.978294,-10.438494
1758,29.3,0.18544883,208.78737735402325,756.7094848323705,379.3873383167458,843.0658526101213,3402.288978173634,0.016091630377224445,0.06403854314183756,17.354868380743728,-362.66885,156.86731,90.08014,43.104507,-21.132954,-45.15196,-22.617432,3.9145563,-12.046744,0.5787171,-0.598521,-25.884083,-8.559666
1759,29.316666666666666,0.17469697,208.51218080977188,747.3081558701494,374.8908136331608,832.8670822712421,3540.1184262504216,0.016091630377224445,0.06403854314183756,17.354868380743728,-360.9275,163.31633,97.55008,53.740044,-12.565689,-44.435196,-18.789913,3.835791,-13.353088,5.57642,7.2395372,-22.955471,-11.005346
1760,29.333333333333332,0.17127684,208.68686136751728,748.3159681198634,372.48290918763587,832.0093819825452,3422.8879196125117,0.016091630377224445,0.06403854314183756,17.354868380743728,-367.42477,157.4712,95.28603,50.114365,-13.513551,-43.275257,-23.076557,-2.5889096,-15.925154,0.8162041,2.7254477,-23.396273,-10.604498
1761,29.35,0.17009336,208.11701730436158,717.8229250028362,365.8410582305837,831.0484373381557,3438.2510066807545,0.016091630377224445,0.06403854314183756,17.354868380743728,-368.645,160.30023,95.35751,48.67318,-13.479533,-46.01963,-25.340029,-5.363616,-15.321936,0.6252239,-0.4506569,-22.523468,-12.923042
1762,29.366666666666667,0.18107124,207.3170366264015,645.3041055410042,366.516689025021,831.9896545479996,3467.2330649727824,0.016091630377224445,0.06403854314183756,17.354868380743728,-367.62238,167.13647,101.35461,51.00561,-10.859033,-44.143524,-25.601713,-6.7762985,-11.627118,0.07356167,-1.2734152,-22.24974,-16.74084
1763,29.383333333333333,0.19475307,209.58392806132758,601.9274677267522,372.1458975910525,842.0428801484826,3564.667292820719,0.016091630377224445,0.06403854314183756,17.354868380743728,-364.8456,171.39005,106.654495,54.09147,-10.350448,-40.92681,-21.92723,-4.5806456,-10.615742,3.7705774,2.179781,-20.826523,-14.590872
1764,29.4,0.20094484,168.3287365718415,575.046859193506,380.4633046153121,855.4874442335614,3538.0221164264317,0.016091630377224445,0.06403854314183756,17.354868380743728,-349.36813,191.88626,117.75785,55.274837,-14.691652,-47.880997,-26.205088,-5.3798494,-8.359534,5.010643,2.3116167,-22.235569,-18.260592
1765,29.416666666666668,0.20537665,107.5091517320455,554.9377224793128,403.4214754691113,877.5302645987667,3337.625029671541,0.016091630377224445,0.06403854314183756,17.354868380743728,-356.0458,185.50058,116.46155,58.540154,-7.324458,-43.37438,-26.997295,-3.9519444,-3.889782,7.9255104,5.4613547,-17.383595,-18.056618
1766,29.433333333333334,0.2015865,107.35116384922931,544.6986830152621,407.35265391038405,912.3339107763381,3410.868244920837,0.016091630377224445,0.06403854314183756,17.354868380743728,-349.32053,192.23096,117.33061,55.765015,-10.285008,-41.789017,-19.337345,-0.025587648,-4.434896,6.204932,0.39600453,-20.186272,-17.211843
1767,29.45,0.19653292,105.51467785233724,569.1056386744114,391.1981174586831,957.8740608289746,3450.7542322300615,0.016091630377224445,0.06403854314183756,17.354868380743728,-342.18542,194.1908,115.79564,55.98907,-10.479625,-39.320114,-10.904074,14.248345,-0.20496362,5.4917994,-1.8503237,-30.018936,-22.230022
1768,29.466666666666665,0.19805841,104.68654409022454,588.6500395042902,378.9672287384502,1054.6687474745827,3448.084544303862,0.016091630377224445,0.06403854314183756,17.354868380743728,-340.76263,190.95703,108.99481,51.51044,-9.450354,-29.486908,2.4287684,22.24557,-4.387272,-6.108609,-10.689071,-32.166237,-15.079039
1769,29.483333333333334,0.2039228,105.76085060350105,689.3409411996998,382.4096299841305,1246.511925907413,3392.696145833703,0.016091630377224445,0.06403854314183756,17.354868380743728,-335.62595,178.8435,97.82446,50.11206,-1.6858184,-13.454409,8.219361,22.999004,-17.940876,-23.416393,-9.672361,-23.163471,-0.37247595
1770,29.5,0.2091509,107.33294573016748,752.5010406149872,391.6461803465092,1502.020472415923,3332.9407322862876,0.016091630377224445,0.06403854314183756,17.354868380743728,-342.35828,165.60599,91.44948,53.815926,17.715626,3.4101439,2.9356194,9.098278,-32.46334,-24.86716,7.2232647,-8.060978,-2.8066964
1771,29.516666666666666,0.20388742,108.73753337365162,793.9227535939884,387.82850623401856,1799.4937549391618,3290.7705648659935,0.016091630377224445,0.06403854314183756,17.354868380743728,-341.3253,156.01324,77.896324,58.70454,31.606522,7.666634,-0.7409464,6.9235106,-29.653687,-15.627544,9.793087,-17.34853,-15.221553
1772,29.533333333333335,0.20142101,110.26467053241325,913.9164447319206,387.85162881282054,2178.038136649238,3285.7198256718675,0.016091630377224445,0.06403854314183756,17.354868380743728,-338.73502,143.71762,60.876175,67.32982,45.97428,0.31102687,-17.318108,2.9982722,-23.7131,-3.0996253,3.1674144,-29.656277,-15.614935
1773,29.55,0.19148366,111.97685717102883,987.339228607842,398.1771892619903,2584.2024968016935,3296.1652849679567,0.016091630377224445,0.06403854314183756,17.354868380743728,-334.45752,135.58511,49.5506,76.88094,47.810387,-22.705841,-34.57786,14.766567,-8.035633,-7.1861176,-11.417899,-35.22024,-9.750383
1774,29.566666666666666,0.18451971,112.64257384996412,1129.3082412716112,406.87399169884753,2854.631865078776,3348.1349739707316,0.016091630377224445,0.06403854314183756,17.354868380743728,-330.57584,131.94339,47.44784,88.696335,56.896023,-27.194218,-39.644325,22.709053,-5.8550496,-12.747543,-17.020763,-31.693396,-5.0952883
1775,29.583333333333332,0.18346141,112.4993750221772,1098.7352729529703,404.3898864640869,2970.3492119075513,3363.8017166680643,0.016091630377224445,0.06403854314183756,17.354868380743728,-331.55728,128.79106,49.570557,97.929794,59.031677,-27.131886,-38.1295,22.075779,-7.5953236,-12.838668,-13.547015,-30.907532,-2.580202
1776,29.6,0.18562332,112.5898292450934,1110.6881460492282,403.35287370776956,3023.0933669730275,3354.8600724328,0.016091630377224445,0.06403854314183756,17.354868380743728,-338.25314,125.37552,52.84835,97.67296,60.989872,-24.101156,-43.16815,24.794682,-6.151603,-24.046234,-14.042536,-25.954834,-3.1579046
1777,29.616666666666667,0.18183032,113.39918421636901,1155.080640462932,404.98925672809463,3080.467503842499,3366.3399415430686,0.016091630377224445,0.06403854314183756,17.354868380743728,-340.17126,122.03696,54.316124,97.516266,57.10961,-25.444145,-45.227554,22.859451,-5.682976,-19.935417,-12.067698,-24.62814,-1.3821777
1778,29.633333333333333,0.18038379,114.23727990926446,1180.2586590140347,406.3060474639327,3128.134391151296,3427.4434471213917,0.016091630377224445,0.06403854314183756,17.354868380743728,-338.269,120.78999,53.282093,102.78409,56.738174,-31.322538,-43.662872,22.053246,-8.542088,-17.042152,-11.034502,-23.37706,-1.5237769
1779,29.65,0.18199416,114.59419368182112,1176.6387005348083,411.0474091099937,3217.5892268805233,3448.088859914598,0.016091630377224445,0.06403854314183756,17.354868380743728,-335.90146,123.70691,54.44094,104.69429,58.118237,-33.944733,-45.271317,22.767757,-9.3374,-18.0099,-10.886662,-19.889225,-0.7233286
1780,29.666666666666668,0.17915991,115.12786248483847,1219.7974401058875,418.2464857342212,3220.2459817296203,3445.391579047576,0.016091630377224445,0.06403854314183756,17.354868380743728,-333.43512,123.25581,51.980236,106.01524,59.172226,-34.244102,-41.34545,30.622194,-8.9840555,-21.220304,-9.433053,-25.757252,-6.875787
1781,29.683333333333334,0.1804195,115.33955871866557,1284.5828132249912,422.7870101451798,3181.122886605478,3388.6734072913914,0.016091630377224445,0.06403854314183756,17.354868380743728,-327.083,123.93896,49.77394,104.62885,58.938858,-38.07514,-47.348946,30.12233,-9.52775,-19.153332,-10.858412,-26.568798,-6.5573206
1782,29.7,0.18255346,115.12759684835873,1316.7729732923322,423.5680858319262,3165.829238594807,3393.464450989575,0.016091630377224445,0.06403854314183756,17.354868380743728,-321.2869,125.06607,43.630432,102.64349,59.744793,-39.849392,-50.944077,29.551971,-5.990592,-19.400341,-15.74828,-31.232193,-6.796212
1783,29.716666666666665,0.1844716,115.38868130841601,1336.1876992361308,424.17106390765906,3067.611417602578,3493.349639227677,0.016091630377224445,0.06403854314183756,17.354868380743728,-320.54605,125.13362,43.993797,102.33528,56.71685,-45.33526,-48.313156,31.109146,-11.786888,-13.686239,-10.866104,-29.286566,-8.205698
1784,29.733333333333334,0.18819249,116.02898640668259,1272.0515930632184,424.7054861826432,3139.2896363991913,3506.1481616279207,0.016091630377224445,0.06403854314183756,17.354868380743728,-330.99686,119.64034,45.936142,96.15222,51.956367,-40.633858,-51.442562,27.450417,-7.2723255,-14.555339,-8.509094,-22.957872,-5.200265
1785,29.75,0.19258727,116.07619324978371,1351.258577783232,425.88427333262956,3208.2419195110715,3482.856651330679,0.016091630377224445,0.06403854314183756,17.354868380743728,-325.62247,121.3818,45.15309,100.61852,54.79259,-44.7293,-48.053574,31.91677,-11.282303,-14.671137,-11.053307,-24.610981,-4.46856
1786,29.766666666666666,0.18711728,115.58937862781582,1251.9970499699648,429.14219821250873,3201.129982130891,3503.7741671703693,0.016091630377224445,0.06403854314183756,17.354868380743728,-325.38586,124.17395,51.942688,101.206085,52.99692,-38.86016,-47.989643,29.432518,-11.989653,-16.049341,-10.025497,-27.227333,-4.895206
1787,29.783333333333335,0.18862832,115.40025120399267,1311.4137163561882,431.45619755003975,3180.6443200658864,3477.470718826594,0.016091630377224445,0.06403854314183756,17.354868380743728,-322.13254,124.11305,47.478836,100.601715,53.305225,-41.423958,-53.130604,28.260937,-9.931299,-19.119663,-12.3703575,-29.428717,-5.6102066
1788,29.8,0.18724841,115.3785938877148,1251.464720848081,428.07657294720025,3128.983403428233,3457.773921849089,0.016091630377224445,0.06403854314183756,17.354868380743728,-323.13895,126.47374,46.565742,101.614006,56.366142,-42.194504,-51.29559,27.40466,-8.756672,-17.900997,-10.402282,-27.503899,-5.6742625
1789,29.816666666666666,0.18747962,115.34614092797293,1288.818803977029,428.66653694515827,3125.604035073109,3469.3272195973327,0.016091630377224445,0.06403854314183756,17.354868380743728,-323.32938,122.65965,49.100746,102.03424,54.77762,-38.00756,-52.158863,26.981956,-10.111088,-17.32243,-9.569252,-27.784988,-2.9955144
1790,29.833333333333332,0.18886976,115.23027668075697,1271.6194688016726,427.91469997706446,3152.9664848901953,3474.8837675191053,0.016091630377224445,0.06403854314183756,17.354868380743728,-324.7444,123.351746,48.597298,102.09392,55.311546,-38.796017,-52.681343,28.142563,-10.802755,-24.259682,-10.974142,-28.621363,-5.4054637
1791,29.85,0.19003186,115.27923866451472,1258.2900317644808,426.4327165329348,3188.742541074489,3553.1580290387365,0.016091630377224445,0.06403854314183756,17.354868380743728,-328.38782,123.45812,45.471436,102.3557,55.384712,-44.194695,-45.18163,28.934385,-11.140911,-18.967335,-12.692706,-25.507343,-5.239372
1792,29.866666666666667,0.18850547,115.41286294961932,1221.3212368790962,428.4519612127584,3265.8917477217633,3515.5081490419316,0.016091630377224445,0.06403854314183756,17.354868380743728,-330.9523,123.072525,52.0176,100.819725,49.606358,-40.55486,-43.51608,28.542164,-13.0699215,-21.32352,-7.0558,-28.127026,-9.593302
1793,29.883333333333333,0.18684281,115.58851169137337,1203.3776128974282,427.4739148568003,3234.449306580312,3415.819625200137,0.016091630377224445,0.06403854314183756,17.354868380743728,-329.08368,122.76135,48.441288,97.486786,50.0105,-38.344276,-49.34118,25.09967,-8.205866,-19.513496,-12.682273,-28.22221,-4.160365
1794,29.9,0.19228128,115.75864061496948,1255.1762636896449,430.4270893226189,3131.3657539354713,3461.5710345747875,0.016091630377224445,0.06403854314183756,17.354868380743728,-324.33203,125.13986,45.93309,95.43471,56.80419,-37.34219,-57.211357,26.793247,-2.04334,-19.3281,-17.332457,-26.216084,-3.9269664
1795,29.916666666666668,0.19698812,115.64822442179417,1131.9032246879908,437.32815529597804,2991.081327510511,3411.758349895391,0.016091630377224445,0.06403854314183756,17.354868380743728,-323.12384,133.76144,51.241737,93.58854,56.846703,-31.586708,-58.087234,18.25016,-0.08044952,-14.165495,-13.6068535,-31.023373,-2.2364078
1796,29.933333333333334,0.20098996,116.05043504281707,1054.4538964533044,447.3219920987349,2779.852059338576,3334.7194575839308,0.016091630377224445,0.06403854314183756,17.354868380743728,-320.33798,142.43466,49.581547,83.98491,58.97406,-27.001595,-66.676155,8.591468,7.171012,-11.712265,-12.84671,-31.576342,-8.428473
1797,29.95,0.2008111,116.65695766710152,1022.7925186198128,457.00547482661136,2607.6582970903896,3217.392342904793,0.016091630377224445,0.06403854314183756,17.354868380743728,-307.7107,158.82553,39.39269,61.026756,64.4782,-16.16944,-65.96121,-6.3742614,8.538336,-7.822132,-15.513468,-31.408714,-10.149157
1798,29.966666666666665,0.17282304,116.59396897022401,969.9918989098311,454.04000312025676,2595.587545677343,3140.0995328033578,0.016091630377224445,0.06403854314183756,17.354868380743728,-302.1012,171.30124,35.043022,42.25231,62.743774,-1.5379664,-57.324577,-19.007904,1.809459,-7.852645,-12.596878,-24.84943,-10.957241
1799,29.983333333333334,0.11942676,113.78307489392316,921.9899987604479,384.7003475666951,2762.0851905851,3208.2438387580255,0.016091630377224445,0.06403854314183756,17.354868380743728,-330.7573,160.71155,29.445873,41.359077,55.50981,-11.157307,-45.314476,-18.470316,-6.0905232,-12.328655,-11.59359,-9.813965,-10.58317
1800,30.0,0.049315635,110.71987953461134,1443.059981924644,325.83466191545824,2836.2372039879033,3259.574966793869,0.016091630377224445,0.06403854314183756,17.354868380743728,-373.19028,112.93512,15.088645,56.348644,68.86983,-5.1946535,-28.075363,2.7022536,5.503557,-5.182004,-5.3389235,-3.9757192,-0.3945831
1801,30.016666666666666,0.016612364,0.0,1858.2433136922307,376.61464596483347,2749.169542847458,3255.912088241832,0.016091630377224445,0.06403854314183756,17.354868380743728,-405.75247,87.68741,17.012505,56.600136,62.214405,-5.347506,-24.261963,5.1454525,10.089368,-1.261888,-5.3995943,-1.6096929,5.5720806
1802,30.033333333333335,0.0101665985,0.0,2505.2378367481333,354.3159344066918,2657.0556170709037,3241.6299253584352,0.016091630377224445,0.06403854314183756,17.354868380743728,-412.4632,71.63825,-0.28974932,50.71551,60.24314,-8.199915,-24.320211,4.3520455,9.118248,-0.22648576,-9.550447,-10.48842,0.6692617
1803,30.05,0.01484027,0.0,3063.876254259084,418.2452699883686,2694.540848695072,3223.3684067149284,0.016091630377224445,0.06403854314183756,17.354868380743728,-370.28983,81.88281,-32.350063,52.070126,70.448,-20.920628,-27.299255,8.149773,0.10513157,0.73526025,5.689959,-1.8692727,3.3536177
1804,30.066666666666666,0.031033104,0.0,2232.566294549925,531.811873791095,2494.6075426376633,3109.587980013667,0.016091630377224445,0.06403854314183756,17.354868380743728,-307.38174,142.82419,-16.69074,47.134254,56.8045,-40.005272,-40.799904,-1.097571,-13.524184,-10.716778,5.1170835,1.9718572,2.0282836
1805,30.083333333333332,0.13333382,0.0,1019.4941549177695,522.8803857803953,1901.402175411288,2900.480356828081,0.016091630377224445,0.06403854314183756,17.354868380743728,-271.38092,200.33102,16.679382,4.2318897,23.23735,-16.086815,-42.220535,-10.941338,-14.4139,-16.229633,2.0772147,-2.7738872,-2.2641022
1806,30.1,0.1894325,127.6522736613371,1099.7023867813941,643.1314708973149,1887.1572331970524,2897.122978896454,0.016091630377224445,0.06403854314183756,17.354868380743728,-202.22179,225.56738,3.6190832,-7.2509146,18.944206,-7.2714586,-49.461983,-8.121841,-24.319462,-9.830362,14.429756,-17.599548,-1.4658223
1807,30.116666666666667,0.21826236,127.05594214889243,1357.530914077655,700.4947005132592,1944.2230003525317,2904.6688024457385,0.016091630377224445,0.06403854314183756,17.354868380743728,-185.75587,207.80734,-10.657087,1.9559839,16.46408,-11.903068,-43.62278,-7.044467,-35.77731,10.387489,18.023224,-27.65147,6.549455
1808,30.133333333333333,0.22218877,128.31722546972102,1427.5473119993867,723.8028209791263,1931.9193312630882,2946.8084426751043,0.016091630377224445,0.06403854314183756,17.354868380743728,-188.16585,198.20712,-11.020725,3.6712103,9.688269,-14.736389,-39.445457,-8.655041,-39.126427,12.640116,15.541462,-31.490053,9.2619505
1809,30.15,0.22219075,129.04609262934787,1358.1917175494452,697.3616041460632,1842.8559905480715,2987.9527356498465,0.016091630377224445,0.06403854314183756,17.354868380743728,-192.03111,201.04266,0.13563633,8.859204,3.2155318,-17.196648,-33.32074,-10.526047,-43.125553,12.521782,13.912528,-27.592997,13.728905
1810,30.166666666666668,0.21951403,129.3119569445529,1242.1166503972447,660.3607258051837,1741.8579867497358,3002.7223363332055,0.016091630377224445,0.06403854314183756,17.354868380743728,-212.97731,197.23785,12.940981,13.936712,-0.10392165,-17.936949,-28.388733,-9.561851,-38.2055,2.6664147,12.617361,-23.408619,18.567654
1811,30.183333333333334,0.2132247,129.7114735703034,1210.5232453694787,649.3000416984327,1740.631115102947,3016.502119441055,0.016091630377224445,0.06403854314183756,17.354868380743728,-218.46596,198.84946,12.604689,17.15593,3.4404693,-17.870396,-24.943663,-7.24701,-34.759483,-1.8340636,9.840366,-19.909475,18.61685
1812,30.2,0.2118081,130.77100834974837,1197.7657906967306,675.3488417346821,1760.6544113740315,3006.3608076264113,0.016091630377224445,0.06403854314183756,17.354868380743728,-222.80333,201.19135,7.7117033,13.253603,0.8424469,-15.666548,-23.730656,-9.133212,-35.14228,-2.6155386,11.93099,-22.294014,17.711918
1813,30.216666666666665,0.21380083,131.75493112707485,1269.010898706003,706.4195638387614,1829.1744611150953,3009.9123353599894,0.016091630377224445,0.06403854314183756,17.354868380743728,-207.69678,204.19347,4.4891186,11.077368,5.3002462,-7.966613,-28.724236,-7.769784,-31.6586,3.5107436,16.047163,-22.865456,22.072628
1814,30.233333333333334,0.21144044,131.9336481491971,1390.2110630414932,721.2137917779837,1867.6361025266895,2996.212720448675,0.016091630377224445,0.06403854314183756,17.354868380743728,-202.46089,200.22165,-2.1009429,15.733976,6.6266613,-11.983532,-26.471663,-5.274099,-34.32093,8.231889,17.139107,-24.636038,23.165443
1815,30.25,0.21201433,131.66487845782007,1325.3018107762766,723.0059928343393,1863.721442814654,2997.7674201906966,0.016091630377224445,0.06403854314183756,17.354868380743728,-206.99515,203.10104,-6.8661184,8.03344,8.139931,-16.055557,-28.529255,-10.799341,-32.842884,7.340728,10.517578,-25.813435,18.441444
1816,30.266666666666666,0.20833373,130.8800168341837,1212.8092159941714,702.7432940689577,1868.0587243286361,3018.4021862859163,0.016091630377224445,0.06403854314183756,17.354868380743728,-212.81242,207.88785,2.3260982,4.3568316,3.6337466,-15.010195,-33.809258,-11.408242,-33.743237,3.7616625,13.558839,-23.696938,17.290274
1817,30.283333333333335,0.19592614,128.67214910165873,1223.1771525402924,630.2356313981059,1846.7051991565775,3027.6686479282557,0.016091630377224445,0.06403854314183756,17.354868380743728,-223.45549,203.17194,15.937426,12.720837,2.0353224,-12.91404,-33.196014,-14.055855,-35.266693,4.8187494,9.113929,-23.23529,23.856798
1818,30.3,0.14619258,125.02719829624827,1054.8796494845976,532.058009693323,1785.571342661198,3023.28553225743,0.016091630377224445,0.06403854314183756,17.354868380743728,-269.46658,196.58301,37.76506,24.29652,15.187181,-7.7605095,-22.518133,-13.789543,-28.159523,-1.2202795,0.09000349,-18.143806,16.846418
1819,30.316666666666666,0.06888832,122.56547114174076,922.1848612334559,552.0668388438448,1631.8884853448774,2996.248550896479,0.016091630377224445,0.06403854314183756,17.354868380743728,-386.88312,149.16756,79.61355,34.73808,11.430837,-5.286536,-12.580446,-11.814819,-6.603202,-0.24973136,1.2927521,1.0759275,0.2808957
1820,30.333333333333332,0.011763126,0.0,1262.000203263851,525.7010926646855,1119.331051207495,2948.2899890745366,0.016091630377224445,0.06403854314183756,17.354868380743728,-427.52475,113.368454,75.66137,36.82222,7.922336,-9.553781,-15.030264,-9.818106,-1.1233143,3.7401686,4.171565,2.784965,0.42521143
1821,30.35,0.006128406,0.0,1402.5714854746511,492.2206774683064,1326.2292966918849,2960.371318489127,0.016091630377224445,0.06403854314183756,17.354868380743728,-451.24854,88.14297,67.16113,40.0561,14.853407,-2.6146932,-10.507059,-10.683884,-6.8895307,-2.6230114,0.20859185,1.4181213,1.7511714
1822,30.366666666666667,0.0032437805,0.0,1615.1824166629644,629.4889749552012,2553.25071121034,3600.987627761181,0.016091630377224445,0.06403854314183756,17.354868380743728,-467.62128,67.7424,53.769043,34.895103,16.036749,1.4166522,-6.7072277,-8.441107,-5.743248,-1.3412353,2.399042,4.201415,4.005599
1823,30.383333333333333,0.0025494874,0.0,2012.1266816577975,646.3985881862673,1995.063186220431,3757.4820457844758,0.016091630377224445,0.06403854314183756,17.354868380743728,-479.0803,53.124313,43.27813,29.47292,14.822877,2.3630805,-5.7553196,-8.760269,-7.3135104,-3.1423397,1.6014984,5.0313272,6.044135
1824,30.4,0.01334158,0.0,3921.8386479399305,654.4356648076288,1194.4782330034852,2907.418294251642,0.016091630377224445,0.06403854314183756,17.354868380743728,-309.77417,119.71209,3.3897734,24.776943,2.986637,-44.931313,-25.693394,9.029442,-31.405533,6.260661,3.529388,-24.053083,4.300523
1825,30.416666666666668,0.02036494,0.0,3669.2637963763136,550.1042084981793,1779.313865125472,3023.4995802452395,0.016091630377224445,0.06403854314183756,17.354868380743728,-316.23965,122.75894,11.121629,33.867638,17.631062,-25.119167,-8.498008,13.774284,-24.63599,15.15602,14.381411,-12.756277,11.392605
1826,30.433333333333334,0.07645154,0.0,1680.8238200394849,479.4680566114109,1858.4829925196436,3090.5835668593286,0.016091630377224445,0.06403854314183756,17.354868380743728,-341.40063,144.47162,33.134827,38.157673,32.05685,3.4145608,0.8926215,6.323727,-8.748318,7.171645,12.578009,-5.237234,10.783323
1827,30.45,0.15089005,264.05803777644064,1159.8988405245932,635.9558503206475,1820.7839901523616,3056.4533557107993,0.016091630377224445,0.06403854314183756,17.354868380743728,-244.25386,200.77312,23.423689,2.2131028,1.2008823,-12.38374,-26.580883,-8.927383,-31.6687,6.7598,11.728122,-10.725087,11.812953
1828,30.466666666666665,0.19193582,204.87520862080993,1301.975653649099,742.8243771323205,1765.2602997002627,3076.149177888578,0.016091630377224445,0.06403854314183756,17.354868380743728,-242.29335,178.56372,-5.4261246,-3.6495728,-6.840002,-22.390774,-29.354126,-3.5258317,-31.138153,4.2733355,14.566723,-16.377316,11.499235
1829,30.483333333333334,0.19788885,130.20122238199264,1304.4360808157908,757.7633909152751,1792.8095030704505,3064.0532600881734,0.016091630377224445,0.06403854314183756,17.354868380743728,-211.6158,203.06549,-7.7140446,-0.851124,-0.014864206,-24.512928,-26.209215,0.024223566,-29.061762,7.950547,11.417,-20.61203,11.344978
1830,30.5,0.19060023,130.85545662488403,1437.3649802646821,760.5916130545938,1845.2882785716924,3047.4192424474454,0.016091630377224445,0.06403854314183756,17.354868380743728,-208.75044,197.11877,-12.073928,-0.342439,6.4536343,-17.401657,-27.494112,3.2155213,-28.883385,1.6014292,12.500395,-17.18499,11.377023
1831,30.516666666666666,0.18651706,130.29078926794534,1477.4573140805308,761.0661320477179,1842.8869692437272,3045.0553631282,0.016091630377224445,0.06403854314183756,17.354868380743728,-207.53595,193.31699,-8.60569,2.1933746,4.2292566,-26.982998,-30.380688,5.1620626,-29.308926,7.5802364,10.29743,-16.351807,8.435708
1832,30.533333333333335,0.1817421,130.62464163119083,1377.121182117809,770.7508097609626,1803.9305346338156,3040.828284845423,0.016091630377224445,0.06403854314183756,17.354868380743728,-217.08052,197.31924,-0.9335923,0.0013277382,-0.6456283,-19.926626,-28.242226,0.44942296,-24.543278,6.201358,11.780887,-18.354782,9.16589
1833,30.55,0.16665532,131.96840618467945,1409.121341887832,772.6964159052692,1728.7346530220864,3039.088029540733,0.016091630377224445,0.06403854314183756,17.354868380743728,-256.40262,168.87033,-2.1429539,0.7979437,-4.569005,-25.516174,-27.460644,0.8372307,-28.391365,3.3128123,13.240563,-15.76795,2.1506891
1834,30.566666666666666,0.15494055,132.28820194429161,1381.1208111381993,762.9622446964571,1752.5374542228813,2999.994832221755,0.016091630377224445,0.06403854314183756,17.354868380743728,-275.33847,156.38156,-7.9439745,4.537883,2.8148956,-21.035938,-23.30191,-7.3919725,-28.747334,4.7953005,1.6795015,-16.931782,14.247325
1835,30.583333333333332,0.1477584,131.79111095903525,1429.221576150418,757.1678483058139,1780.4342808804831,2998.949007416275,0.016091630377224445,0.06403854314183756,17.354868380743728,-278.47137,154.04837,-5.3174553,8.073532,1.9274404,-18.483747,-20.420994,-3.1533537,-25.702091,4.038416,8.419991,-16.477654,13.308468
1836,30.6,0.13513774,130.9110606884921,1400.0931692230997,741.3335901023497,1808.7399669886222,3016.808828668372,0.016091630377224445,0.06403854314183756,17.354868380743728,-288.19412,150.2799,-7.056093,5.185404,4.4437046,-13.816563,-23.820477,-9.438027,-27.207722,1.1446908,14.152029,-17.290852,5.439664
1837,30.616666666666667,0.12312173,129.76076726509294,1396.2016423344983,728.2405954075734,1804.0701334031237,3059.6594465119506,0.016091630377224445,0.06403854314183756,17.354868380743728,-293.87643,149.6607,-7.878132,3.7674203,0.8890811,-22.095375,-24.611526,-7.617713,-22.888378,6.311391,16.82825,-10.200914,8.878521
1838,30.633333333333333,0.111379854,129.0133002543042,1460.3929030521256,719.0030986822188,1777.4529519788516,3060.038867280034,0.016091630377224445,0.06403854314183756,17.354868380743728,-301.3805,145.47198,-8.986501,3.3379347,0.3159914,-25.99585,-18.843346,-6.0616107,-21.683615,10.232086,10.519024,-14.602878,5.010269
1839,30.65,0.10122287,129.1496885999055,1514.312595960306,724.8996250580606,1756.0765937608744,3045.19414099082,0.016091630377224445,0.06403854314183756,17.354868380743728,-301.8229,148.05081,-3.3205929,8.7220745,0.8557323,-26.606394,-20.25779,-7.9972134,-26.101292,9.010339,11.209551,-18.144432,9.823488
1840,30.666666666666668,0.09110347,129.72843803946964,1438.1616861952107,718.9997526145889,1735.0347662516729,3078.419251972391,0.016091630377224445,0.06403854314183756,17.354868380743728,-321.24283,139.76901,0.5775986,9.126009,-0.11386478,-29.216713,-14.665861,-3.0371802,-23.021168,6.3325515,15.9903145,-10.197275,0.30881304
1841,30.683333333333334,0.07916614,130.17999773290853,1326.1072986308131,693.10991336459,1729.6972686031345,3093.545255607351,0.016091630377224445,0.06403854314183756,17.354868380743728,-341.2884,138.27194,17.845161,12.360262,1.9416571,-22.374477,-13.951263,-9.859212,-20.494606,8.311238,11.478901,-5.850216,3.1000805
1842,30.7,0.06378038,129.82208552426226,1100.6198260073934,659.8969334194253,1637.7075191694296,3069.0774066371687,0.016091630377224445,0.06403854314183756,17.354868380743728,-360.37485,140.86339,34.115406,19.72675,10.269606,-12.2327175,-9.183405,-10.5370865,-15.665506,2.3444285,8.909964,3.1618738,7.9535
1843,30.716666666666665,0.045105938,128.17019025786345,995.791687250151,498.67598202747115,1565.3346348222694,3065.8857733078494,0.016091630377224445,0.06403854314183756,17.354868380743728,-389.18054,132.6611,57.906643,29.137415,8.040638,-8.019076,-1.721942,-1.0166285,-3.777543,4.53168,5.92525,6.1706,9.062754
1844,30.733333333333334,0.025937222,127.07175233257897,907.7168545826099,343.0088497062379,1664.6443211583296,3136.4769258208644,0.016091630377224445,0.06403854314183756,17.354868380743728,-408.63556,120.01378,61.677547,35.69283,23.711401,12.423248,12.625559,12.284573,4.60917,4.4425726,10.89374,14.008838,11.018168
1845,30.75,0.025464302,0.0,629.2381276747392,919.6936155355343,2329.2940194971998,3808.5072579999005,0.016091630377224445,0.06403854314183756,17.354868380743728,-427.9122,103.869156,59.383694,35.907196,28.583233,21.72224,19.050726,20.102087,16.26749,12.575175,18.092464,23.664686,13.96802
1846,30.766666666666666,0.021396544,0.0,564.2867713271767,1208.4832945485443,2550.6910576472933,4022.903846787881,0.016091630377224445,0.06403854314183756,17.354868380743728,-448.50516,85.92528,59.57711,41.877956,33.088768,27.550215,24.364508,20.487991,15.697628,15.459658,18.64642,17.031696,7.769208
1847,30.783333333333335,0.013970984,0.0,930.0814051385635,443.4363801477815,1683.5737481527162,3157.2873516063682,0.016091630377224445,0.06403854314183756,17.354868380743728,-473.3847,59.30758,46.87066,35.078453,27.93348,23.307346,17.594036,11.2687235,8.417164,11.021607,15.393519,15.571138,9.9241905
1848,30.8,0.00420255,0.0,1332.225589623581,189.13314219522465,1640.1368531173578,3154.6045036602654,0.016091630377224445,0.06403854314183756,17.354868380743728,-491.33063,38.3325,35.520454,31.630365,27.38891,23.27364,19.494186,16.12114,13.161766,10.533611,8.065159,5.627141,3.3014135
1849,30.816666666666666,0.0020661384,0.0,1429.2527304383657,341.93407318051754,1875.67444500238,3188.508528566118,0.016091630377224445,0.06403854314183756,17.354868380743728,-495.7825,32.43321,30.60738,27.836428,24.456768,20.820152,17.222109,13.858294,10.818811,8.116297,5.7320223,3.6585166,1.9212787
1850,30.833333333333332,0.0012388742,0.0,1617.7597656126486,669.8944801855567,2160.9280538744483,3296.3672921555835,0.016091630377224445,0.06403854314183756,17.354868380743728,-499.47986,27.361248,25.962437,23.77448,20.99345,17.85875,14.624599,11.531185,8.779561,6.513324,4.8087893,3.6742082,3.056879
1851,30.85,0.001011566,0.0,1878.3843793573142,463.5599915284969,2138.812638244514,3301.864591574359,0.016091630377224445,0.06403854314183756,17.354868380743728,-502.85474,22.7212,21.703682,20.097828,18.027843,15.647556,13.123514,10.617404,8.269939,6.188118,4.43739,3.0392442,1.9743443
1852,30.866666666666667,0.0009855605,0.0,1792.8777450142447,307.6760790427309,2050.8667679126306,3192.235892347898,0.016091630377224445,0.06403854314183756,17.354868380743728,-502.20743,23.6735,22.758389,21.296608,19.375599,17.103867,14.600084,11.982529,9.360376,6.827696,4.46045,2.3159232,0.433961
1853,30.883333333333333,0.00114714,0.0,1825.6788838003908,322.8093053370548,1940.5670959013335,3157.3592756764774,0.016091630377224445,0.06403854314183756,17.354868380743728,-500.76727,25.677387,24.663769,23.03816,20.890955,18.338734,15.515379,12.562145,9.61751,6.807644,4.2385798,1.9902043,0.11299434
1854,30.9,0.0014200225,0.0,2275.5518112912423,338.6913971726194,2112.4848601099093,3122.94914966923,0.016091630377224445,0.06403854314183756,17.354868380743728,-499.78577,26.50323,25.207026,23.955719,21.30177,18.38073,16.272253,13.497916,10.529947,8.778643,6.876677,4.584306,3.5128841
1855,30.916666666666668,0.0041665314,0.0,3903.8679721125586,1203.3587606775877,2585.809799711253,3274.6069460805024,0.016091630377224445,0.06403854314183756,17.354868380743728,-464.65854,22.888744,-18.104557,31.821484,48.05433,10.400778,3.2197683,10.013817,8.535929,16.27118,6.9779406,-10.007978,4.2955008
1856,30.933333333333334,0.0050749686,0.0,4802.561894378753,2169.171716237445,2940.167648681202,3639.7706123153184,0.016091630377224445,0.06403854314183756,17.354868380743728,-409.7512,18.106678,-78.712875,32.50796,69.83195,-4.3956404,-4.3801785,-2.9471867,-12.791746,16.169022,9.1018715,-20.106964,-1.3631272
1857,30.95,0.0056783515,0.0,4629.051734867211,1511.0962139810283,2638.123382368194,3508.85384706533,0.016091630377224445,0.06403854314183756,17.354868380743728,-417.29874,44.076294,-36.43486,35.023895,56.52602,1.2698514,-5.4890604,-6.8481207,-10.808548,14.273432,10.532364,-11.934786,1.0436428
1858,30.966666666666665,0.005653979,0.0,3708.173602681615,492.54210363253355,2203.484517846203,3004.1372541364394,0.016091630377224445,0.06403854314183756,17.354868380743728,-399.1703,69.85901,-22.900969,31.5897,46.694458,-2.3741713,-6.0949144,-10.004295,-20.10262,9.382799,12.116381,-15.256187,-2.3047774
1859,30.983333333333334,0.036269344,0.0,1605.8663446401927,282.00807985858364,2385.7991223817617,3055.010138058372,0.016091630377224445,0.06403854314183756,17.354868380743728,-426.94678,83.05561,30.694328,45.439243,45.59116,0.38148236,-20.912657,-9.663727,-1.7870712,0.8929131,-3.9393024,-12.593606,-6.5062237
1860,31.0,0.08414542,243.8709691665146,1047.9736433596227,371.8362481085867,2439.158270113587,3048.212612500489,0.016091630377224445,0.06403854314183756,17.354868380743728,-366.86627,125.643845,26.647266,46.721657,43.80249,-17.59495,-31.922459,-17.470179,-21.817636,-12.150909,-4.2474165,-13.059877,-8.381162
1861,31.016666666666666,0.12154433,245.61015510618273,1162.6844418762098,524.4035487437934,2068.7107813431126,3062.7304541375283,0.016091630377224445,0.06403854314183756,17.354868380743728,-315.4478,160.15332,21.817339,26.588896,24.465126,-29.922966,-22.788773,-16.7974,-32.616627,-12.185158,4.5884542,-10.676897,-10.243628
1862,31.033333333333335,0.14091517,240.14076707559522,1183.7984554488582,632.183726475681,1992.6644236931022,3063.959573935132,0.016091630377224445,0.06403854314183756,17.354868380743728,-263.91745,186.70114,11.917885,14.80954,19.483143,-27.695492,-33.26572,-11.504601,-24.376083,-0.2207045,7.1497316,-18.69572,-2.7066278
1863,31.05,0.14573497,234.7072065087271,1231.6801434432773,718.3351887282967,2053.4415680050975,2994.393525206517,0.016091630377224445,0.06403854314183756,17.354868380743728,-239.56715,199.25693,2.95023,7.760887,14.515896,-27.053375,-33.76672,0.0350821,-17.522638,5.79189,9.385035,-16.40904,3.7278945
1864,31.066666666666666,0.14822252,233.63970572242295,1297.0806187837932,730.6317140215989,1975.9233359559835,3003.3784226193698,0.016091630377224445,0.06403854314183756,17.354868380743728,-238.74603,193.31189,1.0531747,5.291983,16.163696,-17.865305,-29.833336,0.53539276,-21.375765,10.54028,11.980694,-19.728542,-1.669868
1865,31.083333333333332,0.15187345,234.86446138864412,1329.5822970843546,729.3955018716915,1897.2940617044487,2983.8317121781834,0.016091630377224445,0.06403854314183756,17.354868380743728,-245.87221,188.0516,-5.178527,7.9114494,18.024094,-22.59616,-27.677422,2.4479153,-21.653992,3.8110032,8.366262,-17.957773,1.6867173
1866,31.1,0.15464577,234.85646527324494,1211.8022858239633,717.4165785212712,1861.0547449778244,2976.8959906790687,0.016091630377224445,0.06403854314183756,17.354868380743728,-251.85167,193.77429,0.19847164,2.0393877,18.732914,-17.195007,-29.716434,-1.460151,-17.157436,4.839712,7.8905115,-14.876741,2.2517176
1867,31.116666666666667,0.15907949,234.52332912302887,1072.8210140272224,677.5420732544716,1850.976846589456,3030.773806129661,0.016091630377224445,0.06403854314183756,17.354868380743728,-258.30084,197.54883,6.4945974,10.586983,22.963207,-21.635538,-21.81354,-0.28880894,-21.260485,-0.4278655,8.59699,-6.7398643,-1.0736431
1868,31.133333333333333,0.15316877,233.24574033542862,950.9680229391248,589.0539903723444,1710.0195862770238,3028.9736209059784,0.016091630377224445,0.06403854314183756,17.354868380743728,-280.01477,194.52951,16.404299,9.089371,22.114025,-20.3302,-22.360928,-8.560323,-16.086327,-8.856464,-3.4143505,-5.656229,2.4865382
1869,31.15,0.122071385,228.6645128301613,850.038941289575,439.9721001162583,1135.8104060789426,2997.6726398680726,0.016091630377224445,0.06403854314183756,17.354868380743728,-333.54337,167.16183,43.029858,23.336689,27.169643,-10.261207,-19.980686,-7.1507406,-4.864891,-9.82395,-11.361824,-3.0060985,5.07688
1870,31.166666666666668,0.07801636,222.12873548434382,766.047636302883,308.6278850770784,948.9318651657063,2979.4588479958907,0.016091630377224445,0.06403854314183756,17.354868380743728,-382.39987,140.48633,59.732346,37.386894,32.990383,3.5183852,-14.3292885,-2.3693247,3.8327432,-7.589781,-8.333693,8.057422,10.542419
1871,31.183333333333334,0.046576843,218.8575808783968,877.784436459491,256.6049404903856,1493.5391730937051,2966.176011228048,0.016091630377224445,0.06403854314183756,17.354868380743728,-402.4468,118.12575,48.710472,36.2409,40.962612,16.546677,-3.332793,5.9732985,12.630571,0.21950151,-4.0090213,9.275227,10.08377
1872,31.2,0.08600494,224.12580216937633,892.8703694435222,271.8725334119111,1789.5565560066384,2993.6255711794543,0.016091630377224445,0.06403854314183756,17.354868380743728,-379.88278,129.5841,38.931023,36.82626,47.402763,7.8586526,-21.629917,-8.662495,5.4218206,0.10929626,-2.618395,5.6815205,-0.534858
1873,31.216666666666665,0.15871352,232.44620409452907,762.3417204568217,364.3606176014502,2230.6169749809937,3059.2240684790368,0.016091630377224445,0.06403854314183756,17.354868380743728,-328.6047,162.12553,32.381207,44.66363,60.968117,2.5907705,-37.16393,-25.296286,-10.666172,-0.15223777,3.5289106,-1.2882154,-5.0220137
1874,31.233333333333334,0.20114163,230.28075549329353,859.8002044905282,455.8588382020121,2414.053892293492,3066.0975761419313,0.016091630377224445,0.06403854314183756,17.354868380743728,-306.2301,166.44952,29.413286,58.146305,68.0198,-9.621273,-48.429886,-14.349748,-3.1074057,1.5413511,-7.6091123,-18.391884,-5.2821817
1875,31.25,0.22090009,225.76736662146521,1036.5235350069197,444.11256557599387,2491.6445643638076,3123.734077769303,0.016091630377224445,0.06403854314183756,17.354868380743728,-302.8652,153.04282,22.94648,62.418358,71.353546,-16.639383,-55.07483,-8.448265,-5.1890564,2.280632,-10.698063,-25.88749,-8.295713
1876,31.266666666666666,0.22427547,223.6299592511356,1092.1082425581885,435.4379431138593,2541.9612321499753,3199.1842816300414,0.016091630377224445,0.06403854314183756,17.354868380743728,-305.3335,144.81688,21.620281,69.75552,67.97771,-20.087578,-49.09707,-1.32808,-6.765103,0.76837015,-9.960151,-30.974213,-2.8826509
1877,31.283333333333335,0.21851756,222.41483584262076,988.4733122998376,429.48752643850787,2568.017777146029,3180.0312968992703,0.016091630377224445,0.06403854314183756,17.354868380743728,-309.50214,146.08038,20.963434,70.05322,71.076614,-13.449495,-46.551567,-10.06023,-10.085529,-0.16215229,-8.881449,-30.634506,-3.3118577
1878,31.3,0.19751753,220.92093075201362,887.9262590308927,424.9793142906089,2570.006441746587,3131.0604303399664,0.016091630377224445,0.06403854314183756,17.354868380743728,-320.47427,151.00754,31.455664,66.076584,70.627365,-12.056694,-45.49501,-8.8690815,-4.4444547,-1.510716,-9.091841,-22.294521,-9.383615
1879,31.316666666666666,0.14695846,214.46975795679685,643.1140998680817,342.9619753766861,2673.926108136945,3337.9031155202806,0.016091630377224445,0.06403854314183756,17.354868380743728,-366.98303,145.37433,57.23399,57.70247,56.97184,6.7322216,-25.682356,-19.339172,-6.8670673,-0.53927153,-5.437951,-13.387653,-13.070014
1880,31.333333333333332,0.06627253,207.07308209174053,808.6493892541569,305.8184803070229,2719.4725057999335,3522.9987667625305,0.016091630377224445,0.06403854314183756,17.354868380743728,-438.98587,95.4312,67.43602,54.78329,39.80664,12.811727,-3.3295245,1.0892862,7.140218,1.154648,-8.121887,-8.788907,-6.9753494
1881,31.35,0.0154630495,0.0,1392.087746563374,414.9670544208954,2645.684448596854,3345.03399042788,0.016091630377224445,0.06403854314183756,17.354868380743728,-464.60864,69.46315,53.846016,40.6241,28.733303,14.058618,2.161799,0.14872748,3.1860108,1.6594546,-3.6885252,-5.4510183,-3.5595455
1882,31.366666666666667,0.0057840105,0.0,1311.6880720717459,380.8137264501062,2547.2362749689255,3048.581199773164,0.016091630377224445,0.06403854314183756,17.354868380743728,-459.70892,72.848724,54.13414,44.553566,33.83648,11.926088,-5.136048,-3.7689116,1.592863,-3.0932772,-6.5320954,1.0695142,5.9499407
1883,31.383333333333333,0.0062514613,0.0,1849.4903249273661,321.1890138941119,2346.923837178309,2991.0892646621746,0.016091630377224445,0.06403854314183756,17.354868380743728,-445.26822,70.2775,30.219221,41.549675,48.37111,11.790495,-16.23141,-2.217364,16.358904,7.161701,-7.992575,-0.520169,11.435341
1884,31.4,0.052705027,0.0,1994.9682953343754,313.8241913842777,2496.5175094056412,3073.7718735819235,0.016091630377224445,0.06403854314183756,17.354868380743728,-417.02734,79.01339,14.536419,55.663696,72.597885,7.025507,-29.029476,-2.7948232,14.694731,-0.4749093,-17.388416,-11.921604,2.8006027
1885,31.416666666666668,0.1402609,218.68211326631018,971.7726116297082,326.4387546914365,2615.277511235795,3142.881134973132,0.016091630377224445,0.06403854314183756,17.354868380743728,-345.97546,133.71066,38.10013,81.72133,71.39285,-24.709229,-52.942345,-13.373875,-4.41333,-5.4448924,-18.952435,-31.886887,-7.0125284
1886,31.433333333333334,0.1894316,169.18283553840953,1028.3898178400339,424.53973057820014,2640.907303878155,3202.5111767273047,0.016091630377224445,0.06403854314183756,17.354868380743728,-313.22516,147.33545,40.94532,82.214966,67.44942,-32.602844,-58.16292,-4.4147615,-1.6160544,1.9826031,-16.25124,-36.507465,-6.870593
1887,31.45,0.20301431,104.35863007218191,1180.8636136196792,423.71610759500527,2636.950044070082,3267.8239819695377,0.016091630377224445,0.06403854314183756,17.354868380743728,-296.08505,147.12598,42.278965,81.53888,62.874428,-29.769081,-52.19138,-0.5124283,-9.742254,3.589426,-10.521105,-36.278698,-4.8130417
1888,31.466666666666665,0.19898978,103.73939471745976,1165.8711541055254,440.60774319302413,2625.793090900384,3230.086046616197,0.016091630377224445,0.06403854314183756,17.354868380743728,-283.1774,156.19008,39.34413,81.09875,66.37208,-25.0535,-55.16166,-5.9070406,-9.965872,6.0620437,-6.070653,-31.969673,-1.1568303
1889,31.483333333333334,0.1995685,103.92659872592482,1098.0626673225431,455.4669208916603,2608.5376592083953,3137.9952753104326,0.016091630377224445,0.06403854314183756,17.354868380743728,-276.69965,167.40518,39.59014,68.664246,61.129257,-15.613793,-47.963745,-9.400265,-7.4876423,4.820273,-11.646202,-33.181614,5.216848
1890,31.5,0.1735162,103.68558182676242,1037.3034458305667,444.5571759991898,2558.7753103000414,3052.4395631320554,0.016091630377224445,0.06403854314183756,17.354868380743728,-273.67734,178.09326,30.91257,59.269928,61.316086,-4.4905214,-46.85652,-18.752947,-8.765896,12.335714,-10.152144,-33.623394,9.322521
1891,31.516666666666666,0.12644358,98.35262113199695,842.1650400601113,357.96962586125227,2579.2496115848985,3070.043696558252,0.016091630377224445,0.06403854314183756,17.354868380743728,-330.07428,165.69336,44.17125,57.45297,67.25847,1.9592626,-42.091187,-25.19996,7.5175343,12.101758,-14.190519,-18.370445,0.26194715
1892,31.533333333333335,0.054875195,94.1388356104779,1686.8410572752355,1086.702229727176,2773.219569495842,3469.576788868696,0.016091630377224445,0.06403854314183756,17.354868380743728,-372.3381,108.804375,6.4978776,50.85311,69.0389,3.4708219,-22.169674,-6.8349733,1.7707883,12.308606,7.25365,-6.6839485,2.6465387
1893,31.55,0.020366235,99.0379723748212,2223.3959288924775,2103.02142706129,2879.7073970875954,3606.967504978633,0.016091630377224445,0.06403854314183756,17.354868380743728,-338.83145,115.397705,-35.5608,20.354069,66.27092,17.513577,3.0205562,4.413692,-9.397052,6.517348,12.9991665,-5.7736363,0.79326606
1894,31.566666666666666,0.014366133,101.91019549678049,1082.9556296758583,1495.635545909696,2655.6837539753387,3210.7318544995587,0.016091630377224445,0.06403854314183756,17.354868380743728,-415.5768,99.173065,30.098148,24.51527,46.495186,37.496666,11.815208,1.2835764,5.533043,9.945878,7.4353275,5.5912457,9.855581
1895,31.583333333333332,0.010846258,0.0,1431.8736911350911,1172.0059594405654,2463.0786666905565,3633.821695183441,0.016091630377224445,0.06403854314183756,17.354868380743728,-450.57434,80.64224,49.719784,30.58562,23.34675,15.470182,7.810666,7.813639,11.483467,8.039761,-2.2315617,-6.4711103,0.8003328
1896,31.6,0.0043557435,0.0,1567.2149608427435,1501.158345969014,2570.3881326946325,4287.823799277834,0.016091630377224445,0.06403854314183756,17.354868380743728,-466.42905,62.502357,39.703842,26.506815,23.14141,17.708733,9.851557,8.34401,11.172146,6.9549637,-4.134027,-8.335307,-1.0993553
1897,31.616666666666667,0.008050688,0.0,1397.421617374692,996.7151660059044,2425.066862343952,3636.14351736536,0.016091630377224445,0.06403854314183756,17.354868380743728,-472.84753,53.424927,33.028446,25.804478,26.46397,19.051758,8.482428,9.668128,16.85482,11.821411,-3.274198,-8.651184,-0.86601794
1898,31.633333333333333,0.055130437,0.0,550.5305914847927,346.6694226948439,1690.7543193797208,2653.4955088388297,0.016091630377224445,0.06403854314183756,17.354868380743728,-443.53522,90.805016,59.128418,36.835716,24.23785,9.982698,-0.5883215,4.3489017,15.571793,12.495161,-4.325001,-15.232523,-14.098654
1899,31.65,0.09744867,222.17002190921232,412.44357249264027,231.97749702848273,936.5634164563727,2533.8088887385593,0.016091630377224445,0.06403854314183756,17.354868380743728,-409.74265,129.37183,76.08194,33.05698,10.859928,-1.4626,-6.212556,1.278483,11.948895,9.954956,-3.4420402,-13.380062,-15.611652
1900,31.666666666666668,0.12636118,224.80553808306183,476.562700434602,237.7355157458501,923.3905605923642,2390.4899613442158,0.016091630377224445,0.06403854314183756,17.354868380743728,-401.47824,132.77979,65.51185,18.336994,4.144744,1.0431769,-2.2323952,2.2472732,9.738687,6.3795547,-6.9884396,-15.715135,-15.109268
1901,31.683333333333334,0.13674559,225.1946439105699,484.3520193406068,236.05953751582538,926.3654249044699,2271.846301284092,0.016091630377224445,0.06403854314183756,17.354868380743728,-394.06467,137.32816,62.912556,16.1152,6.5238724,4.104211,-2.2275915,2.516497,9.475735,4.36637,-8.984816,-13.690841,-8.7243595
1902,31.7,0.14369176,227.68154336458636,515.0971870438054,273.4591721827252,833.2862630006185,2195.665244821379,0.016091630377224445,0.06403854314183756,17.354868380743728,-373.61072,163.07568,80.87047,22.927242,0.6597924,-10.510706,-21.88942,-20.727196,-13.672239,-11.491034,-12.610195,-8.945181,-1.6248958
1903,31.716666666666665,0.14861841,228.5279167906482,542.8732206342149,318.5086845457428,736.024854036308,2254.0295003491096,0.016091630377224445,0.06403854314183756,17.354868380743728,-372.62274,163.99338,80.093216,16.655098,-8.329634,-14.629887,-21.321802,-17.569103,-10.419338,-7.3949175,-7.6132736,-8.365854,-3.5858397
1904,31.733333333333334,0.15377977,227.22401776640402,584.2278304420181,310.1985104970243,756.6658285945122,2366.429514361519,0.016091630377224445,0.06403854314183756,17.354868380743728,-366.0631,164.21638,70.52662,12.525032,-8.327833,-18.208014,-24.258678,-18.598354,-10.437387,-4.773734,-4.175547,-9.039715,-10.126352
1905,31.75,0.14964676,227.24909847306515,609.5333385193654,312.35747462545237,775.8824490175473,2286.932700730527,0.016091630377224445,0.06403854314183756,17.354868380743728,-366.17236,164.06099,71.392624,14.814518,-9.700256,-20.9811,-18.784845,-10.625221,-8.730171,-4.81965,0.060258925,-3.9130044,-9.915035
1906,31.766666666666666,0.14809807,227.34760527674817,680.2004562848448,318.9361237143285,805.7608842069137,2282.2863720206724,0.016091630377224445,0.06403854314183756,17.354868380743728,-365.428,159.06906,67.30442,15.121054,-8.688749,-18.509964,-18.031353,-8.466709,-10.722806,-5.8155093,2.5089703,-3.4840298,-6.688118
1907,31.783333333333335,0.14483684,228.33255656208013,740.0538905859285,323.8043153692669,817.6070922052539,2308.6979092218785,0.016091630377224445,0.06403854314183756,17.354868380743728,-364.14056,156.4733,65.1868,18.480019,-7.5609026,-24.36375,-24.729149,-9.584927,-9.664254,-2.075453,3.1813977,-8.802045,-9.886406
1908,31.8,0.14795415,230.14649041265395,728.2532243544132,330.9910624546441,837.1618828745403,2371.8369293336123,0.016091630377224445,0.06403854314183756,17.354868380743728,-358.7569,162.97049,67.17261,14.525628,-15.476448,-29.675081,-23.341492,-4.9170446,-4.166545,0.38049817,4.9627676,-3.5064964,-5.033801
1909,31.816666666666666,0.14816703,231.58878357790067,726.9968358057922,346.9446074170486,874.4181525636014,2546.7718247465696,0.016091630377224445,0.06403854314183756,17.354868380743728,-355.9479,166.79321,63.825287,9.43614,-12.513294,-25.720089,-20.630215,-1.5152364,1.6779794,0.35865557,-0.59970945,-8.5949135,-14.166351
1910,31.833333333333332,0.13903253,232.78353309828316,758.8562623664823,363.79041319711007,887.1708973740243,2464.620329433741,0.016091630377224445,0.06403854314183756,17.354868380743728,-358.87424,161.52151,57.597984,3.6337693,-15.894286,-22.55586,-14.796365,0.6463206,-0.8736199,-4.240163,-5.186284,-8.856696,-7.2282166
1911,31.85,0.13093153,232.68187317992002,866.2134129842797,352.388980006903,854.7806532632101,2642.1479052675445,0.016091630377224445,0.06403854314183756,17.354868380743728,-358.63745,157.26813,57.714485,9.226936,-13.628694,-26.92083,-16.277351,6.679956,0.38530326,-8.065387,-7.1453867,-6.075814,-1.6477072
1912,31.866666666666667,0.12165365,230.98206301422255,946.696776400652,330.32840553609975,825.8279064068695,3037.226690628909,0.016091630377224445,0.06403854314183756,17.354868380743728,-354.22778,154.4272,50.600376,12.651624,3.2962198,-20.019047,-19.994564,6.6472697,1.6973813,-15.0834055,-19.556107,-4.017233,5.5544453
1913,31.883333333333333,0.104462,226.38256246304482,1017.6681063664091,300.71511385857195,1010.1954822815094,2952.7518337375286,0.016091630377224445,0.06403854314183756,17.354868380743728,-350.1864,151.96663,41.19772,12.765333,16.828907,-6.208829,-24.334087,-0.04804313,0.03511548,-12.136583,-19.575108,0.38164973,15.73149
1914,31.9,0.07182768,221.34632393757494,1225.3550552762144,284.497023568122,1439.1115961767982,2915.28757737444,0.016091630377224445,0.06403854314183756,17.354868380743728,-349.5394,144.96744,23.014654,10.844404,31.050514,5.983198,-20.850554,-4.629881,-0.8844521,-10.099996,-14.054457,6.538538,16.448906
1915,31.916666666666668,0.03506102,219.55866853481132,2090.849442605275,343.0496965794919,1739.7639641476026,3029.901253390839,0.016091630377224445,0.06403854314183756,17.354868380743728,-362.5491,116.98033,-7.0257607,16.435003,43.242233,-1.6311803,-15.728306,3.1890006,-3.7021568,-8.289552,6.505701,14.742186,5.1014695
1916,31.933333333333334,0.016810002,0.0,3196.776597367292,990.1135545872497,2466.336147571223,3502.7994007656102,0.016091630377224445,0.06403854314183756,17.354868380743728,-337.46606,105.43794,-37.109665,39.267403,51.007286,-26.8993,-7.5322537,16.140926,-15.77018,-2.0728881,22.723595,10.225996,1.6664875
1917,31.95,0.025264628,0.0,3952.707949872279,1813.9481799980094,3250.2158347425107,3918.0608450135846,0.016091630377224445,0.06403854314183756,17.354868380743728,-312.2325,87.06456,-66.77472,51.74843,60.30415,-32.330475,-3.2348917,33.118336,-22.454361,1.1094657,24.530727,4.209057,6.1372957
1918,31.966666666666665,0.040296607,0.0,4435.443350131709,1816.1919066619225,3147.276372590692,3878.8343903047626,0.016091630377224445,0.06403854314183756,17.354868380743728,-312.66403,59.274677,-72.23695,68.144806,61.80429,-28.321024,-0.95638967,38.511192,-29.458199,4.6499715,27.442474,5.04338,16.907997
1919,31.983333333333334,0.044377945,0.0,4644.165992089329,1810.0710327900026,3081.1624695899527,3937.2473940302166,0.016091630377224445,0.06403854314183756,17.354868380743728,-328.46277,33.820026,-70.42848,70.87967,49.21157,-37.806343,2.565145,50.621704,-28.343615,9.032412,33.516003,10.08168,21.762798
1920,32.0,0.054161333,0.0,4924.1392668023855,1870.4558677056027,3113.207018513671,4089.1327814492565,0.016091630377224445,0.06403854314183756,17.354868380743728,-330.32635,32.55574,-59.79219,79.226364,58.40384,-30.191044,9.476719,44.624157,-30.091013,21.513075,29.576042,-7.3133106,5.231527
1921,32.016666666666666,0.048158675,0.0,4750.242493597793,1882.7935075578653,3110.481828834645,4145.210890398058,0.016091630377224445,0.06403854314183756,17.354868380743728,-332.509,44.50289,-62.501724,81.02858,51.27675,-41.245426,8.635885,32.926434,-34.699905,15.967148,32.038155,-10.543734,2.3126607
1922,32.03333333333333,0.039236557,0.0,4521.623978084185,1392.9847380790666,2469.750708156764,3801.577310305678,0.016091630377224445,0.06403854314183756,17.354868380743728,-341.941,71.01868,-56.519066,60.317867,45.383797,-37.80232,12.989959,18.317223,-34.98121,17.12946,39.773193,-1.5019941,5.630788
1923,32.05,0.014941979,0.0,3051.3256386986423,594.0790889425884,1842.2740684655294,3334.3757432573057,0.016091630377224445,0.06403854314183756,17.354868380743728,-380.63107,91.8721,-3.7139418,45.71427,39.759796,-16.850712,5.3016963,12.498751,-18.14951,13.775786,43.24265,11.587933,-5.090571
1924,32.06666666666667,0.029912062,0.0,2188.702298434673,338.6257601700783,1836.9467033289693,3140.4843073039165,0.016091630377224445,0.06403854314183756,17.354868380743728,-373.90945,109.970726,14.602451,48.429276,43.16858,-7.87818,3.3650157,8.845902,-10.855728,15.130383,33.586277,11.394991,5.1947484
1925,32.083333333333336,0.0805583,231.84197608264222,1653.102402076415,379.18769229273437,1890.260091391292,3130.8526345924097,0.016091630377224445,0.06403854314183756,17.354868380743728,-326.43716,137.1771,8.813711,38.272476,38.245464,-12.880387,-13.369889,4.6531467,-19.374985,3.439316,14.057646,-7.947397,-0.5903388
1926,32.1,0.118485734,238.98929319502858,1392.3637269632502,581.3557823594807,1887.5597012167934,3182.3612808084113,0.016091630377224445,0.06403854314183756,17.354868380743728,-293.10608,153.38194,9.698169,21.527168,27.048622,-13.2767515,-10.754576,9.678804,-26.40834,11.604715,21.619204,0.1175024,3.3336918
1927,32.11666666666667,0.13889848,238.1055064595387,1436.5426318524028,657.3871035412586,1835.9976371582459,3178.2891602772925,0.016091630377224445,0.06403854314183756,17.354868380743728,-281.93304,159.73534,7.5580473,21.745514,25.197308,-16.45192,-10.904325,13.947086,-28.39441,6.405313,20.738548,-5.1475897,-3.5112967
1928,32.13333333333333,0.1388165,236.02452884952768,1443.521963417326,666.7938733138084,1839.4311097519994,3179.673851457369,0.016091630377224445,0.06403854314183756,17.354868380743728,-290.3448,149.21478,1.2878476,12.814655,22.540503,-15.553032,-22.534906,12.626475,-19.98452,4.5273666,20.862988,-10.7899685,-7.3433256
1929,32.15,0.1343724,234.8077275907822,1509.4931586990626,681.9252289014079,1808.5524634308717,3212.8958691719918,0.016091630377224445,0.06403854314183756,17.354868380743728,-286.18506,151.28922,-2.367132,9.430416,20.366074,-19.73419,-19.151432,12.942085,-23.414825,-1.7476358,19.69058,-7.7688627,-7.939451
1930,32.166666666666664,0.12846762,234.0943456588433,1567.2372666104725,663.4316897299183,1787.4903608894117,3232.5179193219506,0.016091630377224445,0.06403854314183756,17.354868380743728,-287.32895,146.57697,-9.9573555,7.684126,16.452898,-17.720133,-16.037338,9.0846195,-28.21922,-3.9364295,17.6421,-10.6618805,0.5438597
1931,32.18333333333333,0.12294385,233.87962566511305,1566.5704401235703,634.0781207170506,1803.2088951839266,3260.8549518407804,0.016091630377224445,0.06403854314183756,17.354868380743728,-292.71555,143.99509,-11.953077,7.317849,17.762743,-15.435349,-20.094418,8.328235,-25.78159,-7.6222777,18.860136,-8.066675,1.2547544
1932,32.2,0.117992714,233.5196245590358,1491.7675623882978,629.9848478570078,1769.6196485234652,3270.375220342335,0.016091630377224445,0.06403854314183756,17.354868380743728,-295.30704,148.30988,-9.67034,10.061724,22.455738,-19.05801,-16.854753,11.452033,-21.897907,-9.454018,16.53614,-0.7768772,-0.43315837
1933,32.21666666666667,0.11866015,233.33450933355186,1471.1376536069026,646.6533766051374,1775.7854443634324,3277.5836310609225,0.016091630377224445,0.06403854314183756,17.354868380743728,-302.69812,145.72495,-6.5783005,9.515608,19.25979,-21.86863,-12.202329,9.464949,-26.153957,-12.492971,16.76772,3.102918,-2.7644033
1934,32.233333333333334,0.11935565,233.08205726704963,1373.5392435723227,652.7349612362352,1760.1532784132023,3279.267330460876,0.016091630377224445,0.06403854314183756,17.354868380743728,-300.58914,153.50906,-1.170748,1.6059418,17.856415,-16.84647,-20.553318,6.206729,-23.559763,-11.904352,18.091385,6.7236485,-8.797196
1935,32.25,0.121981874,232.96660896636158,1389.7948967745003,661.0690235631176,1749.8411684774724,3277.390441209834,0.016091630377224445,0.06403854314183756,17.354868380743728,-304.34866,151.99419,5.216132,-1.148912,7.662834,-16.320517,-19.633865,4.228504,-28.352064,-18.113106,16.188726,0.23859829,-9.88694
1936,32.266666666666666,0.11975441,233.5905725408234,1409.484462853598,645.192047528839,1700.491934949139,3284.5598234257272,0.016091630377224445,0.06403854314183756,17.354868380743728,-306.89062,147.17291,3.8916764,7.6033316,15.377739,-22.673676,-16.33177,8.69025,-23.898438,-13.533074,21.101774,4.6634297,-8.618381
1937,32.28333333333333,0.11226203,234.77913932470955,1331.5426255358307,626.578605191989,1687.6507884970167,3286.314527680257,0.016091630377224445,0.06403854314183756,17.354868380743728,-314.47913,148.29094,8.938683,8.93696,13.654379,-21.154457,-13.785983,2.989565,-33.57449,-19.341988,23.037842,4.709631,-11.454912
1938,32.3,0.099682145,236.00013912073175,1290.9296646633948,593.8992802392326,1718.4934922550615,3324.758850953182,0.016091630377224445,0.06403854314183756,17.354868380743728,-330.91202,145.79343,17.292965,6.521984,14.883008,-16.651756,-16.508896,-0.14319813,-20.141895,-12.471682,20.884785,9.999095,-13.132078
1939,32.31666666666667,0.08268606,234.78901317883245,1194.8180867586125,513.5136309004549,1795.06796205004,3371.4601868951195,0.016091630377224445,0.06403854314183756,17.354868380743728,-348.53583,138.98596,21.53505,11.490013,13.4377165,-12.220834,-10.004326,0.79832184,-20.864681,-10.57275,21.313084,11.563053,-14.771277
1940,32.333333333333336,0.058943044,230.23389048036267,1127.3160123519306,398.4612562033189,1827.8941039385527,3379.950136842917,0.016091630377224445,0.06403854314183756,17.354868380743728,-375.2572,129.35529,27.879002,13.316279,18.52864,-2.6564755,-9.188759,-6.058233,-16.342875,-5.5029364,21.683054,15.908883,-18.473164
1941,32.35,0.03242538,226.73264624328834,1265.771580318146,316.0493211316686,1809.5862261159339,3386.989645431668,0.016091630377224445,0.06403854314183756,17.354868380743728,-405.9827,109.34072,33.041653,16.378862,22.175995,6.30967,-6.6003876,-7.6128187,-13.53595,-8.74553,13.7721815,14.164235,-19.33921
1942,32.36666666666667,0.010937996,0.0,1686.2353204641108,285.8194439488518,1771.7429041665328,3016.630336235544,0.016091630377224445,0.06403854314183756,17.354868380743728,-448.07523,75.44234,32.768402,16.578056,19.493275,13.936431,0.8515109,-6.005742,-4.7966084,3.6786213,15.389103,13.408966,-7.8093157
1943,32.38333333333333,0.004422335,0.0,1783.5307110542672,329.2661606910716,1819.65399673898,2857.1895197868566,0.016091630377224445,0.06403854314183756,17.354868380743728,-474.50403,53.829605,34.002304,19.011162,14.922311,14.411534,8.632029,-0.8533947,-4.916054,0.1909413,7.0637536,5.996554,-3.0172143
1944,32.4,0.0023778542,0.0,1746.571791404067,332.9145196823925,1858.9052342023463,3338.6262961556827,0.016091630377224445,0.06403854314183756,17.354868380743728,-492.0303,36.758472,32.316753,26.141766,19.588161,13.797526,9.351683,6.193346,3.8233397,1.6583567,-0.6323606,-2.9699087,-4.9501576
1945,32.416666666666664,0.0016109454,0.0,2159.075505692579,411.36833568557256,1901.2244676733571,3466.414028258658,0.016091630377224445,0.06403854314183756,17.354868380743728,-499.2701,27.413593,25.35715,22.301186,18.709927,15.073169,11.798897,9.133469,7.1289587,5.6634912,4.505557,3.4014993,2.1597564
1946,32.43333333333333,0.0007801666,0.0,2283.7812464922426,686.3129761197541,1967.8950244735222,3525.1287106576888,0.016091630377224445,0.06403854314183756,17.354868380743728,-503.28418,22.051003,20.858147,19.000755,16.652761,14.0183,11.302414,8.684902,6.3018637,4.237301,2.5247393,1.1563406,0.096074104
1947,32.45,0.0006801059,0.0,2169.9473162257323,726.4991255426775,2089.9696543762275,3706.9489782751334,0.016091630377224445,0.06403854314183756,17.354868380743728,-504.16644,20.882622,19.920246,18.422476,16.527407,14.391268,12.162303,9.959541,7.8609095,5.902626,4.088507,2.4057648,0.84184444
1948,32.46666666666667,0.00083933375,0.0,2674.0432455323107,772.4632432097852,2215.5534144007684,3858.3108826956313,0.016091630377224445,0.06403854314183756,17.354868380743728,-508.9727,14.288437,13.908736,13.301273,12.501507,11.5541725,10.508974,9.416012,8.321252,7.2626796,6.2674236,5.350253,4.513479
1949,32.483333333333334,0.0007295018,0.0,1917.4734083932387,699.4873723287529,2177.4425585960093,3752.20016482445,0.016091630377224445,0.06403854314183756,17.354868380743728,-503.83,21.46753,20.807123,19.734524,18.290337,16.52856,14.51388,12.318519,10.018766,7.6913853,5.410143,3.2425592,1.2471752
1950,32.5,0.0007216087,0.0,2664.3987557677056,635.8220667880532,2216.138056498316,3819.478083308712,0.016091630377224445,0.06403854314183756,17.354868380743728,-507.2389,16.700277,16.199741,15.3898945,14.305508,12.991865,11.501761,9.892114,8.22052,6.5420794,4.90662,3.3566866,1.9262446
1951,32.516666666666666,0.0007289396,0.0,2595.504944475947,746.3159403466593,2536.9595067576615,4160.875664535067,0.016091630377224445,0.06403854314183756,17.354868380743728,-508.392,15.066399,14.556849,13.732628,12.629581,11.294554,9.782451,8.152798,6.4661927,4.7808437,3.1495137,1.616997,0.21835758
1952,32.53333333333333,0.0007752164,0.0,2005.7999872771654,527.5355322606421,2467.467301380743,3858.6902818358562,0.016091630377224445,0.06403854314183756,17.354868380743728,-504.33435,20.603664,19.510086,17.77449,15.518396,12.894882,10.073857,7.226116,4.507905,2.0477178,-0.06347151,-1.7773311,-3.088555
1953,32.55,0.0007741758,0.0,2648.6746076402014,430.1028675369168,2153.7726596806096,3411.9845327344924,0.016091630377224445,0.06403854314183756,17.354868380743728,-509.80466,13.036612,12.436161,11.476698,10.215265,8.7227745,7.076905,5.355158,3.6289723,1.9595184,0.39537856,-1.0280653,-2.2879672
1954,32.56666666666667,0.0007402088,0.0,2326.2838438697468,480.453555891694,2147.6258400654583,3451.9795552422265,0.016091630377224445,0.06403854314183756,17.354868380743728,-508.88193,14.373299,13.864062,13.042999,11.947962,10.625538,9.126358,7.501028,5.797291,4.0588007,2.3251784,0.6328975,-0.9837911
1955,32.583333333333336,0.00072776625,0.0,2269.0159388504417,533.3296919037896,2301.402162002324,3784.6722128372267,0.016091630377224445,0.06403854314183756,17.354868380743728,-508.40256,15.00799,14.376152,13.373724,12.069132,10.544665,8.886255,7.1740675,5.4755554,3.8417559,2.306983,0.8911996,-0.39610142
1956,32.6,0.0004220839,0.0,2721.2769513402977,590.129626129348,2413.0375969112906,3970.419480038021,0.016091630377224445,0.06403854314183756,17.354868380743728,-509.34528,13.680428,13.062747,12.075827,10.77935,9.249049,7.5699177,5.828832,4.1073318,2.4753785,0.98660946,-0.3243309,-1.4423261
1957,32.61666666666667,0.00044301958,0.0,3281.0931306105604,464.3473054983561,2327.694140046828,3658.8278980803334,0.016091630377224445,0.06403854314183756,17.354868380743728,-511.3033,10.995308,10.621225,10.01334,9.194189,8.193728,7.047868,5.796754,4.4829454,3.1494935,1.8382816,0.588307,-0.5655992
1958,32.63333333333333,0.00043229046,0.0,2908.113707547265,500.3415028304659,2414.6884031996656,3526.1007941749026,0.016091630377224445,0.06403854314183756,17.354868380743728,-509.2306,13.856651,13.280497,12.3603325,11.15222,9.727004,8.163727,6.542579,4.9381037,3.4135222,2.016501,0.77711165,-0.2922902
1959,32.65,0.00045176447,0.0,2883.357543291087,623.7919310850713,2502.1176268931954,3744.446479896269,0.016091630377224445,0.06403854314183756,17.354868380743728,-508.677,14.616898,13.9732895,12.942425,11.583014,9.969782,8.186974,6.3215027,4.4562798,2.6645854,1.0059311,-0.476261,-1.7550968
1960,32.666666666666664,0.00046196324,0.0,2828.056643162106,741.4008780814239,2495.095647090109,4213.932540109136,0.016091630377224445,0.06403854314183756,17.354868380743728,-507.44574,16.18557,15.0484085,13.2723,11.020366,8.492191,5.900225,3.4458368,1.298168,-0.42173833,-1.6497047,-2.3801036,-2.660528
1961,32.68333333333333,0.00046196682,0.0,2772.9470824099044,573.6319994557325,1791.8542907064088,3579.2426056140725,0.016091630377224445,0.06403854314183756,17.354868380743728,-507.47223,16.172466,15.09891,13.399184,11.19866,8.655931,5.9480944,3.2546344,0.741639,-1.4521511,-3.225862,-4.5229297,-5.332656
1962,32.7,0.0004944668,0.0,2874.262400049848,538.7157155962328,817.6520952327749,2536.9889508046704,0.016091630377224445,0.06403854314183756,17.354868380743728,-508.26675,14.966872,13.680753,11.725482,9.335316,6.7598977,4.2199163,1.882117,-0.14309737,-1.7880614,-3.010736,-3.7860312,-4.1108584
1963,32.71666666666667,0.00046418258,0.0,2536.813854475634,489.60016997810106,1032.1671048964454,2582.1344594993166,0.016091630377224445,0.06403854314183756,17.354868380743728,-506.4029,17.56485,16.160505,14.000376,11.329148,8.441253,5.6413374,3.2040186,1.3388395,0.16516387,-0.29953384,-0.136768,0.48970786
1964,32.733333333333334,0.0005964512,0.0,2459.1864713312157,415.37886406977475,886.9159457895095,2626.9890724245683,0.016091630377224445,0.06403854314183756,17.354868380743728,-504.65182,19.953571,18.296196,15.745604,12.585841,9.153721,5.791099,2.79917,0.40212175,-1.2747931,-2.2105465,-2.4778695,-2.220534
1965,32.75,0.0007057942,0.0,2066.6134662111967,384.7934828664526,1312.8356148606858,3164.6446630909727,0.016091630377224445,0.06403854314183756,17.354868380743728,-502.53717,22.805923,20.753822,17.607954,13.732367,9.551641,5.486001,1.8919554,-0.98143804,-3.014029,-4.2121973,-4.686162,-4.613922
1966,32.766666666666666,0.0008155922,0.0,2035.4350796231142,508.92003157398847,2553.808101442515,3806.3208303483243,0.016091630377224445,0.06403854314183756,17.354868380743728,-502.1411,23.268208,20.94578,17.420267,13.142446,8.624472,4.3523846,0.710212,-2.0699587,-3.923637,-4.935696,-5.2957764,-5.240419
1967,32.78333333333333,0.00087840186,0.0,1867.9914442001252,533.2972662792794,1963.3193603953387,3404.449192221221,0.016091630377224445,0.06403854314183756,17.354868380743728,-501.57755,24.195396,22.232399,19.210064,15.462581,11.385843,7.381738,3.8055425,0.9247694,-1.1051728,-2.2468398,-2.5699852,-2.2287285
1968,32.8,0.0008692088,0.0,1897.6276287853846,436.05712258198696,1724.3118138622535,3422.681136446732,0.016091630377224445,0.06403854314183756,17.354868380743728,-501.55847,24.172318,22.066244,18.82829,14.823597,10.485188,6.252998,2.5155575,-0.43661776,-2.4400003,-3.466795,-3.614793,-3.0818357
1969,32.81666666666667,0.0008181012,0.0,2173.677041335945,430.64419979361537,1736.8966789284,3371.117268691378,0.016091630377224445,0.06403854314183756,17.354868380743728,-502.19305,23.353792,21.464794,18.52818,14.834714,10.741438,6.6294665,2.859709,-0.2678414,-2.5462804,-3.8814101,-4.296838,-3.9241092
1970,32.833333333333336,0.000821411,0.0,1820.108540767444,411.5646986864102,710.0000259274025,2649.352112895246,0.016091630377224445,0.06403854314183756,17.354868380743728,-500.0527,26.294987,24.161205,20.855553,16.718765,12.162891,7.6181145,3.4790525,0.05824072,-2.447035,-3.970343,-4.573099,-4.4243417
1971,32.85,0.00091502554,0.0,1779.5621451523507,486.5751440804216,1745.359352031202,3279.6008576000495,0.016091630377224445,0.06403854314183756,17.354868380743728,-500.0379,26.44302,24.663445,21.862438,18.268559,14.166567,9.867882,5.6795435,1.8753409,-1.3279082,-3.7866547,-5.438508,-6.3015394
1972,32.86666666666667,0.00080160407,0.0,2124.5761292958923,533.1610815633994,2100.6996830205726,3513.0223142151126,0.016091630377224445,0.06403854314183756,17.354868380743728,-503.37103,21.821262,20.319355,17.985634,15.050924,11.795272,8.512686,5.4755964,2.9038367,0.9422978,-0.3503995,-1.0013168,-1.111886
1973,32.88333333333333,0.000664536,0.0,2395.823741765944,467.33168739314806,1078.626240646189,2627.217440341888,0.016091630377224445,0.06403854314183756,17.354868380743728,-503.70172,21.146423,19.054667,15.837744,11.858079,7.547249,3.3459363,-0.35416257,-3.257439,-5.1938515,-6.127599,-6.145687,-5.4304066
1974,32.9,0.000677838,0.0,2056.8728080014985,430.82934357492945,1566.4937248474403,3323.0717102292983,0.016091630377224445,0.06403854314183756,17.354868380743728,-501.74362,23.98006,22.062279,19.074093,15.297527,11.073244,6.7590475,2.690748,-0.84934753,-3.6536422,-5.5998507,-6.6528745,-6.860073
1975,32.916666666666664,0.00072896807,0.0,2032.8365786881536,439.1698265149071,1660.5646014430604,3605.4810024692133,0.016091630377224445,0.06403854314183756,17.354868380743728,-501.41553,24.392097,22.333881,19.16088,15.221674,10.935255,6.7347937,3.0111785,0.0645836,-1.9292271,-2.9335709,-3.0452812,-2.470788
1976,32.93333333333333,0.0007682338,0.0,2018.0339034963185,472.3496029208116,574.0579365917741,2707.3774617287795,0.016091630377224445,0.06403854314183756,17.354868380743728,-500.4681,25.68068,23.47242,20.06068,15.806972,11.142443,6.5096807,2.3076794,-1.1520422,-3.672624,-5.1811266,-5.72126,-5.4339495
1977,32.95,0.00076824863,0.0,1839.5117381212408,505.61837747341804,1490.4050221101118,3128.166741424899,0.016091630377224445,0.06403854314183756,17.354868380743728,-497.986,28.906967,25.929012,21.481693,16.212542,10.815279,5.89531,1.8766513,-1.0322007,-2.8170528,-3.602012,-3.585888,-2.9932837
1978,32.96666666666667,0.0008621257,0.0,2076.7186036450585,544.6826681878495,2562.3081532256215,3616.0884200365213,0.016091630377224445,0.06403854314183756,17.354868380743728,-499.90005,26.250423,23.410706,19.161148,14.130402,9.026786,4.510394,1.0801134,-1.0023751,-1.7382524,-1.3647132,-0.28461432,1.0297096
1979,32.983333333333334,0.00091412873,0.0,1766.9146630857429,601.1642529525691,2519.791658309861,3485.491524499178,0.016091630377224445,0.06403854314183756,17.354868380743728,-496.9689,30.364754,27.426418,22.994732,17.677544,12.164593,7.107519,3.0138907,0.17549229,-1.3570908,-1.7519867,-1.3345654,-0.5033157
1980,33.0,0.0008787777,0.0,2061.058841330521,612.4044618000046,2546.5593955416416,3677.7913214074606,0.016091630377224445,0.06403854314183756,17.354868380743728,-496.91064,29.999958,25.865099,19.877357,13.156922,6.869153,1.9587728,-1.042613,-2.089709,-1.5673349,-0.13190112,1.4958433,2.7241232
1981,33.016666666666666,0.000631652,0.0,2037.7137979674287,646.1299961083546,2507.0097322375036,3527.748802634662,0.016091630377224445,0.06403854314183756,17.354868380743728,-498.2684,28.274887,24.662418,19.354733,13.247212,7.292718,2.298286,-1.2289299,-3.1513922,-3.675901,-3.2491279,-2.4092724,-1.6380603
1982,33.03333333333333,0.000723171,0.0,2393.760434407901,689.7497233566155,2529.0206103198516,3269.3000824713426,0.016091630377224445,0.06403854314183756,17.354868380743728,-501.38773,23.983845,20.740204,16.064463,10.852856,6.0212593,2.2868414,0.01610598,-0.82280874,-0.5986768,0.12689412,0.7778517,0.9229995
1983,33.05,0.00063536665,0.0,2136.600782818928,719.1776946672743,2501.7640448733637,3272.907507082164,0.016091630377224445,0.06403854314183756,17.354868380743728,-500.0052,26.141401,23.41946,19.359236,14.57073,9.724667,5.422677,2.0906603,-0.08223188,-1.1488975,-1.357846,-1.0708934,-0.66782856
1984,33.06666666666667,0.00076639693,0.0,2245.4642976728605,736.2874503733423,2502.521306711627,3375.0554009737098,0.016091630377224445,0.06403854314183756,17.354868380743728,-499.28455,26.852472,23.326118,18.27882,12.708622,7.602354,3.6891608,1.2915299,0.31039152,0.3339315,0.8194713,1.2788062,1.4054339
1985,33.083333333333336,0.0008545568,0.0,2131.0519919966664,695.7746088569734,2588.8113319400045,3492.852885317904,0.016091630377224445,0.06403854314183756,17.354868380743728,-498.71384,27.584225,23.883404,18.682861,13.089743,8.113373,4.3973804,2.1183014,1.0592496,0.7929744,0.8758265,0.9734467,0.89202476
1986,33.1,0.00082931656,0.0,2101.0198565729524,650.9135276875593,2624.3299091783374,3510.7495918991854,0.016091630377224445,0.06403854314183756,17.354868380743728,-499.1492,27.177979,24.02363,19.500036,14.47707,9.795031,6.0498295,3.4787655,1.9754637,1.2135503,0.8201941,0.52722,0.24339366
1987,33.11666666666667,0.0007556378,0.0,2296.0124925263517,663.4379695614721,2638.1004838325252,3559.2033512895373,0.016091630377224445,0.06403854314183756,17.354868380743728,-499.47617,26.584171,23.048618,17.934212,12.178465,6.7123327,2.2325585,-0.9338552,-2.8383489,-3.803773,-4.2509174,-4.526913,-4.796432
1988,33.13333333333333,0.00064135337,0.0,2345.1005134592633,692.4959353345921,2640.658134186965,3596.7127733444413,0.016091630377224445,0.06403854314183756,17.354868380743728,-501.05765,24.49699,21.371037,16.821838,11.647239,6.647326,2.441037,-0.6388392,-2.5518231,-3.4735265,-3.680749,-3.4463573,-2.978623
1989,33.15,0.00058941677,0.0,2405.2149278776324,749.8390845270108,2736.8629227437887,3718.1883663398767,0.016091630377224445,0.06403854314183756,17.354868380743728,-501.78397,23.33094,19.867374,14.986622,9.733543,5.0919356,1.7138617,-0.2202914,-0.97304493,-1.0772116,-1.0946083,-1.4006052,-2.071805
1990,33.166666666666664,0.00054299633,0.0,2447.8004271803397,689.5507006120913,2798.5349296575287,3733.3061322560316,0.016091630377224445,0.06403854314183756,17.354868380743728,-503.23663,21.519016,18.714323,14.727646,10.372535,6.4281836,3.4301994,1.5542775,0.6244985,0.23306203,-0.07909763,-0.64904207,-1.585567
1991,33.18333333333333,0.00050229847,0.0,2675.785040200178,599.5516901906931,1879.9532965709354,3317.0103690087785,0.016091630377224445,0.06403854314183756,17.354868380743728,-506.66483,17.196327,15.797507,13.645664,10.981474,8.089685,5.257805,2.7360978,0.7054351,-0.7422319,-1.6082578,-1.9768643,-1.9925563
1992,33.2,0.00044978654,0.0,2838.956339510585,514.6453740159403,1479.6841165034396,3119.5319327912734,0.016091630377224445,0.06403854314183756,17.354868380743728,-505.68787,18.539886,17.033108,14.720352,11.864648,8.772069,5.7452793,3.0416317,0.84354407,-0.7549068,-1.7449558,-2.1867647,-2.1857543
1993,33.21666666666667,0.00051907817,0.0,2798.671846772676,457.6216453685679,1866.744886200061,3193.855807840693,0.016091630377224445,0.06403854314183756,17.354868380743728,-506.69202,17.196083,15.9013195,13.889818,11.359601,8.548504,5.7030225,3.0481236,0.76255643,-1.037035,-2.302003,-3.0477276,-3.3421283
1994,33.233333333333334,0.0005239042,0.0,2495.5322966222666,526.4242497650025,1496.3870927761043,3207.750399263677,0.016091630377224445,0.06403854314183756,17.354868380743728,-505.78867,18.522945,17.36192,15.529237,13.167384,10.455023,7.5891733,4.7660003,2.1624556,-0.07929063,-1.8630079,-3.1441782,-3.9299757
1995,33.25,0.0005273815,0.0,2626.0706821290337,523.7412927231807,2350.540724015011,3653.4693507046572,0.016091630377224445,0.06403854314183756,17.354868380743728,-507.14005,16.73188,15.918755,14.625717,12.939926,10.971835,8.845152,6.6858177,4.6112146,2.7206497,1.088072,-0.24233235,-1.2573478
1996,33.266666666666666,0.0005478379,0.0,2989.783558272061,382.0564252570046,2214.4607343927228,3450.4908043304868,0.016091630377224445,0.06403854314183756,17.354868380743728,-508.86743,14.334665,13.656033,12.579035,11.1794,9.5529995,7.8070164,6.050173,4.383111,2.889867,1.6312616,0.6408437,-0.07626399
1997,33.28333333333333,0.00061279663,0.0,2464.2059460730065,311.26552943107686,1987.7306644757523,3416.7092697322482,0.016091630377224445,0.06403854314183756,17.354868380743728,-506.6577,17.417797,16.614643,15.334307,13.65847,11.690784,9.547471,7.347147,5.2007647,3.202826,1.4246247,-0.08973752,-1.324355
1998,33.3,0.0007516358,0.0,2368.61703129283,457.87562508868723,1934.430005395184,3511.1680313860265,0.016091630377224445,0.06403854314183756,17.354868380743728,-505.5457,19.048103,18.411633,17.3884,16.03166,14.410137,12.602808,10.693138,8.7632065,6.8882294,5.132065,3.5438871,2.1564107
1999,33.31666666666667,0.000645776,0.0,2312.2635547913223,768.1670617286029,2348.87533953102,3733.2651417387383,0.016091630377224445,0.06403854314183756,17.354868380743728,-507.46796,16.415855,16.031784,15.408691,14.570847,13.549858,12.382534,11.108524,9.76787,8.398815,7.035776,5.708044,4.4388876
2000,33.333333333333336,0.0005917644,0.0,3215.8276891621654,820.3755192918986,2509.3755166109595,3967.5497650655525,0.016091630377224445,0.06403854314183756,17.354868380743728,-511.56775,10.642504,10.334297,9.843676,9.203008,8.453354,7.6407394,6.8120546,6.0109644,5.2742405,4.628887,4.0903244,3.6617603
2001,33.35,0.00059837615,0.0,2483.8356298509198,926.9986574362097,2763.9778945090966,4297.107904742007,0.016091630377224445,0.06403854314183756,17.354868380743728,-508.6376,14.741426,14.301761,13.602917,12.691139,11.622753,10.457487,9.252087,8.05503,6.9029837,5.819315,4.8143225,3.8869374
2002,33.36666666666667,0.0007085215,0.0,2394.5448643998266,864.6310638091423,2874.276637942922,4175.487292530521,0.016091630377224445,0.06403854314183756,17.354868380743728,-505.6052,18.902172,18.08923,16.800455,15.128105,13.18837,11.110031,9.022261,7.0427074,5.2671776,3.7621317,2.560408,1.6609008
2003,33.38333333333333,0.00066330447,0.0,2341.503377834054,691.2997580324887,2901.629857991317,3439.1188757542745,0.016091630377224445,0.06403854314183756,17.354868380743728,-504.70868,20.14685,19.263714,17.856308,16.015217,13.8556595,11.507233,9.102737,6.767023,4.607024,2.7039838,1.1084616,-0.16134995
2004,33.4,0.0006254805,0.0,2777.2441719475364,738.1121573161023,2882.8482405638715,3390.6536070175316,0.016091630377224445,0.06403854314183756,17.354868380743728,-508.04706,15.578,15.138988,14.430136,13.484034,12.343187,11.057106,9.679155,8.263189,6.8603563,5.5163016,4.2689257,3.1469223
2005,33.416666666666664,0.0005033354,0.0,2571.1323804399785,700.73491171317,2874.001139181958,4200.176132813541,0.016091630377224445,0.06403854314183756,17.354868380743728,-506.81964,17.21116,16.47572,15.309211,13.793966,12.032984,10.139568,8.226169,6.393958,4.724201,3.272415,2.065885,1.1046457
2006,33.43333333333333,0.0006936694,0.0,2789.620592821414,794.7654460436468,2813.7910414542,4336.9988810993445,0.016091630377224445,0.06403854314183756,17.354868380743728,-508.08447,15.505512,15.0092325,14.209287,13.144516,11.865559,10.431543,8.906212,7.353957,5.835957,4.406722,3.111322,1.9834762
2007,33.45,0.0007565338,0.0,2377.874300047787,778.4973254971159,2723.8594870157704,4027.7269485760057,0.016091630377224445,0.06403854314183756,17.354868380743728,-507.1921,16.806366,16.42262,15.797607,14.95248,13.915483,12.720734,11.406652,10.014316,8.585682,7.16183,5.781293,4.478563
2008,33.46666666666667,0.0009684431,0.0,2157.819789184918,537.1619866823205,1981.6109229814542,3457.539486250301,0.016091630377224445,0.06403854314183756,17.354868380743728,-505.3854,19.343018,18.903944,18.18631,17.210802,16.005287,14.603814,13.045333,11.372324,9.629202,7.860876,6.111082,4.420974
2009,33.483333333333334,0.0011701607,0.0,1806.7679768406406,186.85189406610579,1936.6213100355312,3089.675511602478,0.016091630377224445,0.06403854314183756,17.354868380743728,-502.25137,23.643784,22.819195,21.487335,19.708452,17.560555,15.134122,12.526571,9.836922,7.160981,4.587252,2.193415,0.043458324
2010,33.5,0.0010715121,0.0,1818.655220908,465.51471719834836,2930.6096854036205,3653.103549231065,0.016091630377224445,0.06403854314183756,17.354868380743728,-501.80658,24.238022,23.317074,21.850431,19.93352,17.686855,15.24463,12.742424,10.305206,8.03701,6.0132627,4.276597,2.8363702
2011,33.516666666666666,0.00074069045,0.0,2858.346733510792,529.9806092792006,2562.3382853889025,3803.0203493816543,0.016091630377224445,0.06403854314183756,17.354868380743728,-509.54965,13.513163,13.250442,12.820918,12.236666,11.5137415,10.671445,9.731428,8.716784,7.6511292,6.557774,5.458956,4.375227
2012,33.53333333333333,0.0017112057,0.0,2438.6796400971352,214.89783469388348,2194.212607917556,3304.889720401896,0.016091630377224445,0.06403854314183756,17.354868380743728,-503.88525,21.306183,20.40363,18.951488,17.024307,14.719507,12.151057,9.442177,6.7176113,4.096039,1.6831157,-0.4343058,-2.1924887
2013,33.55,0.006510813,0.0,961.2637347273578,317.0925316739882,1516.3054923334976,3129.53439731701,0.016091630377224445,0.06403854314183756,17.354868380743728,-490.08783,39.89716,36.378143,31.021332,24.469318,17.42065,10.503313,4.187257,-1.2484053,-5.6973505,-9.175743,-11.763288,-13.554456
2014,33.56666666666667,0.009831626,0.0,743.3099974705603,322.1928516963323,929.1738157920823,2876.719916852982,0.016091630377224445,0.06403854314183756,17.354868380743728,-482.9086,48.80165,42.398148,34.066746,25.298178,17.146965,10.613266,5.8370514,1.6197708,-3.219924,-8.4693775,-13.1378765,-16.65547
2015,33.583333333333336,0.010481233,0.0,748.841463121868,314.495067956437,912.0465324397323,2843.3957457261245,0.016091630377224445,0.06403854314183756,17.354868380743728,-474.18726,58.411224,47.112995,35.69314,24.013517,11.008133,1.0518563,-2.1695726,-2.6734834,-5.841593,-10.029606,-11.401398,-11.892563
2016,33.6,0.007974862,0.0,867.9536069997419,314.2964719138611,830.6991787587481,2814.49927851663,0.016091630377224445,0.06403854314183756,17.354868380743728,-480.52017,52.575226,46.732372,38.207176,28.460304,18.946655,10.772345,4.498535,0.13576785,-2.6995764,-4.5486994,-5.8924265,-7.0259466
2017,33.61666666666667,0.0035903403,0.0,1459.281900316699,335.799908285787,840.970552928686,2777.01551076464,0.016091630377224445,0.06403854314183756,17.354868380743728,-485.87265,45.187428,39.846626,32.03605,23.097328,14.412463,7.0918903,1.7663972,-1.4684031,-2.9573977,-3.2900655,-3.078239,-2.7806711
2018,33.63333333333333,0.0011725358,0.0,1804.5859635716395,378.8689511407194,1572.5928081560587,3522.346084676418,0.016091630377224445,0.06403854314183756,17.354868380743728,-495.11093,32.92925,29.859783,25.368298,20.196047,15.062151,10.48414,6.6858854,3.6167707,1.0636842,-1.1966016,-3.2688704,-5.0857186
2019,33.65,0.0009803537,0.0,2351.4827809286207,407.9171624925461,1855.7815272121175,3865.2548654710167,0.016091630377224445,0.06403854314183756,17.354868380743728,-498.86008,27.947315,25.71416,22.2538,17.920687,13.141412,8.3585205,3.9746776,0.3056281,-2.4514914,-4.230749,-5.090171,-5.1875277
2020,33.666666666666664,0.00074255455,0.0,2452.7172251328384,394.9259152051376,969.7252274316305,2754.827285140798,0.016091630377224445,0.06403854314183756,17.354868380743728,-499.8096,26.649141,24.544975,21.283745,17.197872,12.686855,8.16479,4.009128,0.51799303,-2.1184657,-3.8299587,-4.6613455,-4.7535944
2021,33.68333333333333,0.00080507825,0.0,2799.042678905721,371.93585591341304,1791.6324319012574,3053.946946036472,0.016091630377224445,0.06403854314183756,17.354868380743728,-501.8692,23.825275,21.977009,19.10799,15.505193,11.514927,7.4980555,3.78547,0.64036155,-1.7675205,-3.3729434,-4.2107286,-4.39832
2022,33.7,0.0008309058,0.0,2769.0688995009004,397.19514982899574,2595.889453765164,3546.031079407229,0.016091630377224445,0.06403854314183756,17.354868380743728,-500.72565,25.570673,24.08613,21.758364,18.788826,15.425663,11.935448,8.573954,5.5596223,3.053008,1.1442074,-0.150409,-0.88274163
2023,33.71666666666667,0.0009124785,0.0,4444.793075587472,559.1520802413278,2740.702532902257,3971.7184247951045,0.016091630377224445,0.06403854314183756,17.354868380743728,-505.1954,19.460026,18.589386,17.226788,15.492728,13.533379,11.502258,9.541781,7.767376,6.2563405,5.042708,4.1185265,3.4407911
2024,33.733333333333334,0.0010017965,0.0,5231.119195191393,622.4111599759394,3046.0482965141814,4285.053562876711,0.016091630377224445,0.06403854314183756,17.354868380743728,-503.1902,21.42961,20.451567,19.864992,17.45081,14.928194,13.2896595,10.849415,7.8173003,6.3981056,4.8989563,2.4493737,1.9237576
2025,33.75,0.001099863,0.0,5443.7949326658345,556.9591922616777,3150.167505840081,3707.5792037112,0.016091630377224445,0.06403854314183756,17.354868380743728,-498.71588,21.860973,19.683058,25.523403,19.337616,13.065065,17.188074,13.96433,4.8018036,7.910553,8.260338,-1.4058032,0.7740052
2026,33.766666666666666,0.0015023486,0.0,5934.458956397787,580.334637914092,3184.453621205944,3836.2378979287687,0.016091630377224445,0.06403854314183756,17.354868380743728,-495.36777,20.689995,18.854954,27.144611,16.902546,10.532398,14.940751,12.505634,0.78724587,6.4316435,7.6893473,-6.4532547,0.6546736
2027,33.78333333333333,0.0033544619,0.0,5278.202390139674,542.0931573795563,3158.8526322352523,3887.1494071424177,0.016091630377224445,0.06403854314183756,17.354868380743728,-483.17188,27.939894,18.785194,37.844826,25.227226,4.878026,14.826404,17.521519,-2.775034,1.6476568,8.694679,-7.0014477,-4.6269145
2028,33.8,0.023728782,0.0,3853.0559442197127,370.39218675210986,3150.3761941323082,3855.998294439633,0.016091630377224445,0.06403854314183756,17.354868380743728,-460.1299,45.473114,31.49627,54.505714,35.0711,7.286235,10.716395,22.152618,-2.0801868,-2.8010426,9.2552,-8.964231,-3.8804717
2029,33.81666666666667,0.08772241,223.1552919799149,1248.9257831460286,279.8063516476531,3190.1842932651093,3946.4995507981753,0.016091630377224445,0.06403854314183756,17.354868380743728,-401.2391,98.91081,62.598175,79.21092,32.48181,-16.061695,-16.343946,10.09178,-16.221355,-18.934456,3.8777115,-23.985245,-18.192213
2030,33.833333333333336,0.13198557,223.06750480824184,1240.761175166699,328.9981994192382,3186.170805667499,3990.836375064817,0.016091630377224445,0.06403854314183756,17.354868380743728,-356.27988,113.48317,54.908257,97.55899,40.762497,-32.260372,-28.208134,26.157297,-8.292217,-16.076202,5.2218556,-25.420593,-11.687439
2031,33.85,0.15593252,219.5303907601219,1389.0539422901793,347.951258097249,3124.1349295345144,3760.890925989512,0.016091630377224445,0.06403854314183756,17.354868380743728,-353.5776,100.112366,38.98419,95.24635,47.008957,-35.70628,-31.061508,32.790047,-5.510561,-19.842411,0.49819735,-28.129318,-12.007343
2032,33.86666666666667,0.16122554,218.43336707950553,1223.753513749563,349.5060575183457,3105.2077152172387,3691.992029437172,0.016091630377224445,0.06403854314183756,17.354868380743728,-369.04846,91.95692,33.699123,87.74136,46.132805,-28.268465,-25.674824,28.742222,-2.9924202,-17.265076,-6.381527,-31.873547,-11.717842
2033,33.88333333333333,0.15790732,216.81614340600063,1287.520470605349,357.98096748651466,3085.124124080478,3676.044024951471,0.016091630377224445,0.06403854314183756,17.354868380743728,-367.04718,93.46413,34.552345,91.23945,46.858498,-24.254599,-22.318756,27.914928,-7.144496,-27.413986,-10.639198,-38.70182,-17.652637
2034,33.9,0.15020831,214.65508924977428,1307.6220867431277,369.07893540827655,3071.2255778773188,3686.0029038291696,0.016091630377224445,0.06403854314183756,17.354868380743728,-365.40195,94.48672,29.742832,90.2892,45.0119,-31.717806,-23.00932,27.967562,-5.0305643,-23.267887,-7.5512266,-29.812717,-12.059003
2035,33.916666666666664,0.14679335,213.84722028636028,1290.9681703863257,367.77317661702915,3120.1330549718195,3719.6017500531366,0.016091630377224445,0.06403854314183756,17.354868380743728,-373.41064,93.016106,34.72835,86.120026,44.166954,-28.79244,-23.0429,26.198864,-6.1839085,-22.387651,-7.3435493,-25.64077,-9.77743
2036,33.93333333333333,0.14112587,214.50556821091146,1295.8229061788977,364.17022679961855,3117.4347996469633,3787.3958378483635,0.016091630377224445,0.06403854314183756,17.354868380743728,-374.4545,91.9237,37.66394,93.95708,46.010666,-25.25592,-18.209698,24.109524,-8.002108,-16.994602,-3.5094185,-27.049458,-8.581491
2037,33.95,0.14038494,214.45434096565805,1345.3027443521742,359.4486237298929,3079.201105198371,3791.0817845571187,0.016091630377224445,0.06403854314183756,17.354868380743728,-371.09433,94.45857,39.68016,92.65075,45.88148,-23.913399,-21.824873,26.261568,-8.237499,-20.17716,-4.1323414,-29.389206,-9.914239
2038,33.96666666666667,0.14291169,214.1703920041243,1272.867917436097,356.5455424636191,3106.669260851719,3695.5320929457953,0.016091630377224445,0.06403854314183756,17.354868380743728,-370.67654,95.43338,36.923485,95.10659,50.464527,-25.451061,-19.432026,25.8003,-7.054064,-20.93504,-5.812722,-20.62925,-4.7496157
2039,33.983333333333334,0.14826614,214.85595021110475,1208.2781183219854,351.1903440382558,3174.1253709540388,3827.927551292353,0.016091630377224445,0.06403854314183756,17.354868380743728,-369.85233,103.63821,41.461655,93.62428,49.57348,-29.078579,-20.324974,27.345383,-6.020423,-19.458168,-1.8052224,-21.477322,-10.024256
2040,34.0,0.15476885,215.38430245547943,1128.172649059364,351.22530107881886,3165.3213139526033,3878.862591487162,0.016091630377224445,0.06403854314183756,17.354868380743728,-364.91647,110.37685,47.051132,96.986626,49.04876,-28.38195,-17.32537,24.336695,-5.612771,-14.284557,-5.216792,-25.689161,-8.30661
2041,34.016666666666666,0.15844472,216.35607177174447,991.6177545729737,350.99474407021637,3152.652520190357,3824.2487301816536,0.016091630377224445,0.06403854314183756,17.354868380743728,-361.75394,117.95435,53.212875,96.07034,46.210526,-27.666077,-19.470032,22.313446,-1.7063811,-17.212791,-7.954257,-25.06338,-13.17894
2042,34.03333333333333,0.15979238,218.16933046412126,1024.944572443248,348.3221736828023,3151.4871673782995,3761.43052961802,0.016091630377224445,0.06403854314183756,17.354868380743728,-356.6072,120.11759,55.90563,102.3423,49.700306,-28.21637,-21.212978,21.558756,-5.4451675,-16.605165,-3.2842684,-25.56842,-15.607086
2043,34.05,0.15660343,218.56210569548864,1022.750842650336,344.71283424764704,3119.461563983897,3856.9421591952096,0.016091630377224445,0.06403854314183756,17.354868380743728,-358.72195,119.66251,57.71306,106.26519,55.777786,-24.121525,-22.31361,19.68436,-5.58624,-14.5040245,3.2586377,-20.364033,-7.6143017
2044,34.06666666666667,0.15721838,218.5302707666615,938.9214269759252,337.7106724935015,3165.9910358473244,4011.5172768297675,0.016091630377224445,0.06403854314183756,17.354868380743728,-365.407,119.854645,60.173843,102.17532,53.369736,-22.980541,-19.235382,17.219631,-5.4131746,-14.625111,-0.8034189,-17.160862,-10.1565075
2045,34.083333333333336,0.15561165,219.393155105177,978.015830845729,323.94358150203925,3173.6118707043497,3952.071777580573,0.016091630377224445,0.06403854314183756,17.354868380743728,-363.25516,121.59665,61.062775,100.58836,49.658463,-28.158783,-21.024527,22.413872,-6.239933,-17.510513,2.8296866,-15.042204,-12.29007
2046,34.1,0.15484521,220.45205405632566,1000.2243143300652,314.32460686557386,3153.5290875078413,3873.2097824275734,0.016091630377224445,0.06403854314183756,17.354868380743728,-378.45798,106.74623,48.047646,91.31732,54.22306,-22.52578,-22.180405,20.897228,-0.12972146,-12.259122,1.2235553,-10.88415,-4.3807
2047,34.11666666666667,0.1558282,220.63803778272697,958.2410352567274,295.59228018006394,1985.7581711151297,3574.5213288322893,0.016091630377224445,0.06403854314183756,17.354868380743728,-382.31287,103.0657,45.661053,90.9837,53.125366,-24.032093,-19.22599,22.892143,-1.7540582,-12.263485,5.606193,-10.0050535,-5.1931744
2048,34.13333333333333,0.15179063,220.24287731268285,998.7220241449145,289.8373397805687,1575.9534087304655,3558.2956254543387,0.016091630377224445,0.06403854314183756,17.354868380743728,-385.75284,100.20644,49.847458,90.13321,45.50654,-23.080423,-15.174557,22.310043,-6.971001,-12.451223,8.766041,-11.691164,-5.9257784
2049,34.15,0.142865,218.93550900082477,1045.4922941843172,312.1499541601464,3263.20166955504,3951.168109352011,0.016091630377224445,0.06403854314183756,17.354868380743728,-384.39505,98.18733,42.995613,85.95677,47.09678,-24.991959,-19.07421,25.705109,-1.8266971,-13.049696,4.586246,-15.540714,-11.197468
2050,34.166666666666664,0.13803402,218.37361349460255,1085.140207984881,318.4972667681005,3198.389515878497,3697.471288918085,0.016091630377224445,0.06403854314183756,17.354868380743728,-384.33966,100.32734,45.561096,92.883224,53.448418,-24.89917,-14.410521,28.065865,-4.681187,-13.628975,7.94151,-7.676431,-7.709077
2051,34.18333333333333,0.13775964,219.85831496346867,1052.4417535102443,330.5450355952011,3126.9420695072426,3754.154276298626,0.016091630377224445,0.06403854314183756,17.354868380743728,-387.65317,101.87483,50.507027,92.04321,56.97222,-15.218147,-11.755693,28.724901,-0.55620944,-12.530907,4.5019693,-10.794258,-4.8815174
2052,34.2,0.1414963,220.9200260156814,970.6926468460849,343.2189207802059,3153.5586600000584,3765.9143691908107,0.016091630377224445,0.06403854314183756,17.354868380743728,-391.16504,97.72337,46.79982,89.86306,55.668118,-15.662405,-11.6755085,26.873505,-1.3999768,-12.522452,4.620865,-12.993864,-8.880423
2053,34.21666666666667,0.15455443,220.7107560426101,1085.9575816273532,352.6895393629403,3204.6132729897004,3759.8526179156333,0.016091630377224445,0.06403854314183756,17.354868380743728,-380.02518,99.3396,42.101646,97.25412,53.540813,-26.318745,-13.190132,20.936535,-7.003104,-9.414741,3.626614,-13.887979,-5.0535717
2054,34.233333333333334,0.16398992,219.43769118010886,1036.4962183666844,343.48803548029827,3247.5431263961073,3787.7818842234583,0.016091630377224445,0.06403854314183756,17.354868380743728,-370.26285,107.57354,49.554863,98.6936,49.408455,-28.612614,-18.983658,20.146267,-8.8085,-17.354916,-1.9096134,-17.36082,-11.300051
2055,34.25,0.16772293,218.01800175684536,1018.8768127836936,344.94172360077494,3178.298059016747,3722.4299983269225,0.016091630377224445,0.06403854314183756,17.354868380743728,-363.52982,114.053955,49.253456,95.464005,56.175964,-25.409424,-21.471727,29.938324,3.2455006,-11.663902,-6.358263,-21.751038,-15.829882
2056,34.266666666666666,0.16866878,217.11357323852278,1017.3101037132581,353.9997726571593,3125.172012240391,3690.5753350749033,0.016091630377224445,0.06403854314183756,17.354868380743728,-355.3382,122.77216,54.41074,102.441055,59.67421,-29.517822,-21.644798,29.622303,-3.7311535,-15.324875,-3.6113007,-21.350382,-15.626543
2057,34.28333333333333,0.15298429,215.69371428154733,1003.9373498226616,358.66825286262616,3120.924459848178,3640.7666995908667,0.016091630377224445,0.06403854314183756,17.354868380743728,-351.03937,128.15057,59.158836,104.63837,65.5499,-24.721962,-29.25177,29.616192,-1.5457032,-21.744862,-3.530904,-16.601463,-12.314516
2058,34.3,0.12690905,212.49467686276728,1083.2641840531871,340.53082909975035,3120.7643659327246,3663.123531248791,0.016091630377224445,0.06403854314183756,17.354868380743728,-349.09753,126.85965,59.73691,106.40555,64.017784,-21.056324,-25.597515,31.30738,0.14510281,-20.315514,-2.6652865,-19.869154,-8.566057
2059,34.31666666666667,0.08369232,211.77069602423254,996.668641724691,358.9989617583135,3112.63541354355,3677.231211265011,0.016091630377224445,0.06403854314183756,17.354868380743728,-358.40253,126.98845,63.61934,107.785774,67.12363,-19.684448,-27.645638,17.318228,-9.317451,-26.76865,-6.2081585,-11.574187,-2.361831
2060,34.333333333333336,0.059714846,215.33862035303915,1182.608523856695,340.9380974236865,3141.5974521853655,3597.1565095246883,0.016091630377224445,0.06403854314183756,17.354868380743728,-411.52322,105.65893,63.292957,82.78015,59.49063,-3.4264002,-8.768732,10.301661,-6.1938305,-19.380745,-8.693639,-2.1652737,-5.3506794
2061,34.35,0.010456254,0.0,1422.1572512625005,313.20106947694774,3099.590777588428,3530.98808213844,0.016091630377224445,0.06403854314183756,17.354868380743728,-462.8114,71.0453,59.262676,51.921074,36.004417,18.370548,12.3947735,7.423752,-0.58269954,-1.235199,-0.7744932,-5.6118975,-5.923297
2062,34.36666666666667,0.0067907604,0.0,2008.9544611774813,346.9930376659473,1971.3098169119207,3401.310987411385,0.016091630377224445,0.06403854314183756,17.354868380743728,-475.64264,59.063175,52.305325,42.668358,31.641354,21.04761,12.294775,5.6545167,0.9750789,-2.0417817,-4.2043858,-6.0940685,-7.552943
2063,34.38333333333333,0.0045709834,0.0,1592.9876413908269,254.15642597862092,754.2856021434375,3224.5228809546034,0.016091630377224445,0.06403854314183756,17.354868380743728,-479.82245,53.732372,48.309338,40.224564,30.686695,21.003492,12.318822,5.408576,0.5811671,-2.302424,-3.7062378,-4.2377586,-4.4619427
2064,34.4,0.0034492519,0.0,1696.8227739115714,237.7872263694051,1143.4173309486696,3220.2615926656413,0.016091630377224445,0.06403854314183756,17.354868380743728,-490.81204,39.142616,36.435738,32.437157,27.772717,23.076912,18.841412,15.316019,12.487307,10.13524,7.944127,5.628899,3.0366955
2065,34.416666666666664,0.0022768863,0.0,1621.3400845273668,228.8915759013281,1267.4273330854392,3215.1818259317533,0.016091630377224445,0.06403854314183756,17.354868380743728,-493.69864,35.25002,33.04394,29.67606,25.542204,21.07905,16.682861,12.64542,9.121205,6.1309514,3.5967188,1.3956212,-0.5847836
2066,34.43333333333333,0.0016476586,0.0,1893.8766960614457,221.99140519538759,1089.5132803609904,3089.0171802810964,0.016091630377224445,0.06403854314183756,17.354868380743728,-500.96564,25.45839,24.622189,23.26939,21.457653,19.260994,16.764643,14.059835,11.239412,8.394266,5.6106434,2.967986,0.53691435
2067,34.45,0.0011053993,0.0,1915.890589244059,437.8731051977501,1842.6504020264633,3250.3171190573903,0.016091630377224445,0.06403854314183756,17.354868380743728,-503.4898,21.961079,21.336987,20.321148,18.948627,17.265919,15.328457,13.197946,10.939386,8.618271,6.297819,4.036811,1.8877093
2068,34.46666666666667,0.0007797411,0.0,2873.411240503907,675.4463092263157,2439.8754725389495,3276.1340106613966,0.016091630377224445,0.06403854314183756,17.354868380743728,-509.08844,14.164554,13.898251,13.460411,12.859866,12.108679,11.221847,10.216933,9.113632,7.9333396,6.698552,5.4324217,4.158166
2069,34.483333333333334,0.00062406284,0.0,2795.714506134511,657.8483963087722,2388.044578013893,3227.9329747725483,0.016091630377224445,0.06403854314183756,17.354868380743728,-509.69406,13.308368,13.042922,12.606414,12.007551,11.258193,10.373144,9.3697195,8.267376,7.0872097,5.851528,4.583256,3.305449
2070,34.5,0.00067775405,0.0,2843.993514590359,686.8205222257087,2535.371172015601,3506.0556769433056,0.016091630377224445,0.06403854314183756,17.354868380743728,-507.08826,16.964752,16.61399,16.038807,15.253006,14.275381,13.1290865,11.841021,10.440996,8.96095,7.433914,5.893202,4.371418
2071,34.516666666666666,0.0007727628,0.0,3128.5835328714975,385.19316310149134,2187.6661811623526,3527.2203924070973,0.016091630377224445,0.06403854314183756,17.354868380743728,-507.31406,16.64226,16.282417,15.692632,14.887482,13.886735,12.714767,11.399768,9.972906,8.467363,6.9174023,5.357291,3.820382
2072,34.53333333333333,0.000883301,0.0,2664.2572028371833,286.03475025534124,1890.4758433237114,3420.8494053723302,0.016091630377224445,0.06403854314183756,17.354868380743728,-508.2416,15.315483,14.911582,14.252218,13.357499,12.254358,10.975468,9.557856,8.041438,6.4673877,4.8766136,3.3081732,1.7979349
2073,34.55,0.0008341465,0.0,2279.8397418238847,645.5793731459536,2374.8778015014886,3407.501223318296,0.016091630377224445,0.06403854314183756,17.354868380743728,-506.4708,17.824032,17.432852,16.794361,15.928041,14.859755,13.620438,12.244642,10.768936,9.230407,7.6650953,6.1068697,4.5863905
2074,34.56666666666667,0.0006673343,0.0,3311.925975573368,702.3464939602871,2262.3959203360046,3664.681815161834,0.016091630377224445,0.06403854314183756,17.354868380743728,-509.88992,13.006763,12.669752,12.121153,11.37989,10.471149,9.425077,8.275375,7.057687,5.8079844,4.5609727,3.3486886,2.199297
2075,34.583333333333336,0.0005603711,0.0,3564.741819152289,509.4649357096455,2265.406234161204,3686.426325681275,0.016091630377224445,0.06403854314183756,17.354868380743728,-509.61545,13.325779,12.790649,11.941436,10.834375,9.534954,8.109152,6.6169777,5.1094394,3.6290727,2.212558,0.8939066,-0.29399964
2076,34.6,0.0006636793,0.0,4387.465693970067,445.7804980119636,2071.9822880729325,3410.3508255662737,0.016091630377224445,0.06403854314183756,17.354868380743728,-507.60837,16.175068,15.665331,14.836406,13.718179,12.350408,10.78078,9.062664,7.252624,5.4079494,3.5840642,1.8324339,0.19855654
2077,34.61666666666667,0.0007229661,0.0,3235.89847537856,562.566921020773,2009.9574925046106,3430.5216619758708,0.016091630377224445,0.06403854314183756,17.354868380743728,-507.6254,16.128424,15.55146,14.611708,13.340987,11.782015,9.986639,8.013754,5.9269485,3.7920454,1.6744688,-0.3631195,-2.2631145
2078,34.63333333333333,0.00060649845,0.0,3077.5343549959534,554.0773599019305,1919.492539287182,3417.7408724193056,0.016091630377224445,0.06403854314183756,17.354868380743728,-507.10077,16.844372,16.193096,15.140903,13.735451,12.0392475,10.125725,8.074844,5.9683332,3.8850951,1.8969169,0.0649722,-1.5628299
2079,34.65,0.00083028036,0.0,2858.677026427632,416.9243327324443,1748.0836238887837,3286.0208946616826,0.016091630377224445,0.06403854314183756,17.354868380743728,-506.3089,17.90908,17.098997,15.804588,14.104286,12.098181,9.899405,7.6247487,5.385234,3.2776673,1.3779684,-0.2632026,-1.6220907
2080,34.666666666666664,0.0009019742,0.0,2496.0046586086464,214.24923362669003,1668.2877924542029,3347.238521567757,0.016091630377224445,0.06403854314183756,17.354868380743728,-506.32504,17.972244,17.41111,16.501713,15.28119,13.79845,12.1113615,10.283464,8.380465,6.466749,4.6020823,2.8388162,1.219659
2081,34.68333333333333,0.00087062805,0.0,2295.23302300301,256.18771983584895,2118.967416521451,3485.0741165219274,0.016091630377224445,0.06403854314183756,17.354868380743728,-505.77606,18.761919,18.238592,17.385612,16.230974,14.812151,13.174551,11.369556,9.452432,7.480021,5.508546,3.5913525,1.7769885
2082,34.7,0.0008042042,0.0,2269.4038806588287,266.1048466999301,2216.486364941004,3319.318050855783,0.016091630377224445,0.06403854314183756,17.354868380743728,-504.88406,19.964886,19.271782,18.1544,16.666414,14.877317,12.867348,10.721907,8.525862,6.3582773,4.2880406,2.3706355,0.6463683
2083,34.71666666666667,0.0007488436,0.0,2847.034442240168,450.4836687867389,2159.948779770223,3187.0799123474185,0.016091630377224445,0.06403854314183756,17.354868380743728,-506.4225,17.783245,17.072502,15.926996,14.402759,12.573193,10.524616,8.350893,6.147863,4.0077043,2.0138443,0.23649013,-1.2706947
2084,34.733333333333334,0.00068615226,0.0,2955.2548892711575,521.5248645427669,2193.0073029627106,3213.1554705994217,0.016091630377224445,0.06403854314183756,17.354868380743728,-505.65067,18.90572,18.2855,17.28331,15.944223,14.327124,12.500908,10.540087,8.520195,6.5133076,4.5839796,2.7859683,1.1598852
2085,34.75,0.0008198546,0.0,3164.2168292772903,418.1798924705422,2452.29461229832,3266.741611581297,0.016091630377224445,0.06403854314183756,17.354868380743728,-508.402,15.060154,14.575043,13.793287,12.752714,11.501836,10.096006,8.593178,7.0497046,5.516674,4.0369005,2.6431952,1.3576449
2086,34.766666666666666,0.00067903113,0.0,2474.6434493859915,710.1433686051886,2389.9234395002563,3351.5171834359944,0.016091630377224445,0.06403854314183756,17.354868380743728,-507.0023,17.033653,16.529486,15.713079,14.618479,13.289976,11.779161,10.14151,8.432978,6.706748,5.0105195,3.3843865,1.8596227
2087,34.78333333333333,0.00079768593,0.0,2698.644344921137,829.3412341368582,2462.379058534965,3349.908301996119,0.016091630377224445,0.06403854314183756,17.354868380743728,-502.92685,21.651234,18.164722,13.7045965,9.705848,7.2555494,6.6640167,7.3737087,8.240334,8.060722,6.1177597,2.5071812,-1.8924744
2088,34.8,0.0011267998,0.0,2629.2473494701317,894.3484255357487,2656.401336075455,3598.8551662566833,0.016091630377224445,0.06403854314183756,17.354868380743728,-498.60104,26.248135,18.913956,10.091498,3.2883022,0.97291666,3.523365,9.124842,14.643396,17.061691,14.8196335,8.46389,0.3397897
2089,34.81666666666667,0.0014012716,0.0,2173.113197624002,936.488601725281,2732.429756763363,3783.9727247730266,0.016091630377224445,0.06403854314183756,17.354868380743728,-491.04395,34.22474,20.948757,6.92976,-2.2476506,-3.7884018,2.728058,14.106165,23.441683,24.584957,16.972939,4.888852,-6.757271
2090,34.833333333333336,0.0016031378,0.0,2358.471785975055,971.8453940835652,2808.9798785242638,3674.9769126531814,0.016091630377224445,0.06403854314183756,17.354868380743728,-492.921,30.8012,17.494808,6.2581654,-0.1838735,-1.9564084,3.394865,15.133072,24.367989,22.94001,12.996889,1.7237587,-7.955203
2091,34.85,0.0015826521,0.0,2224.300453185652,983.360558386115,2857.6243878706982,3837.5781607028734,0.016091630377224445,0.06403854314183756,17.354868380743728,-493.24603,31.645443,20.152695,8.802812,1.6733332,0.39145803,5.6202745,14.698444,20.833626,18.731548,9.5895,-1.6505246,-11.241518
2092,34.86666666666667,0.0019394471,0.0,2358.1670235563024,995.3751797150774,2944.8856580972442,4016.460769600213,0.016091630377224445,0.06403854314183756,17.354868380743728,-492.46207,32.112526,19.154898,6.146182,-1.9542665,-1.9192786,6.652256,18.129864,24.553757,22.394848,12.817587,-0.61911404,-12.0025015
2093,34.88333333333333,0.002797667,0.0,3175.607164572464,1004.1153857317748,3012.1009329798076,3948.4100195815345,0.016091630377224445,0.06403854314183756,17.354868380743728,-493.18695,30.666721,17.230835,4.8372636,-2.2648466,-2.717483,4.400236,15.575508,21.952906,17.92419,6.878893,-4.607112,-13.039175
2094,34.9,0.009725723,0.0,3966.310690717011,978.9343795663884,2978.7819308220674,3640.6151281622338,0.016091630377224445,0.06403854314183756,17.354868380743728,-418.19897,56.189034,-8.1656065,44.583252,31.09033,-43.913544,-21.364796,24.69382,16.057384,1.7173027,-7.667427,-17.294678,-9.076059
2095,34.916666666666664,0.009929948,0.0,3823.752540671508,962.5912499379986,2952.460300644856,3418.566877616865,0.016091630377224445,0.06403854314183756,17.354868380743728,-366.81628,76.12501,-12.285915,73.13314,49.963234,-56.376038,-33.95632,28.970907,10.112707,-6.2445326,-13.374588,-29.8289,0.4169712
2096,34.93333333333333,0.011121,0.0,5108.214199719112,986.0573798938294,2992.377931938625,3396.6943264521906,0.016091630377224445,0.06403854314183756,17.354868380743728,-433.2147,50.832855,11.348172,42.199726,26.075596,-18.840214,-10.674221,27.03603,18.431412,1.6106384,-1.111239,-17.527763,-7.8725805
2097,34.95,0.06205106,0.0,3376.8861293928376,794.4161482067213,2941.4479886570007,3289.8403925797475,0.016091630377224445,0.06403854314183756,17.354868380743728,-385.97473,90.409515,27.063223,61.981384,39.576485,-26.132248,-32.048077,16.727085,14.138794,-1.3297558,-11.403622,-29.020649,-3.3160229
2098,34.96666666666667,0.12920554,0.0,1683.6025118374187,512.5460871903035,2721.6253009987936,3199.83396432144,0.016091630377224445,0.06403854314183756,17.354868380743728,-266.6755,151.83916,22.26731,84.79469,65.65108,-38.071583,-49.7595,10.141836,-0.23310602,8.212353,-10.5890875,-50.546917,3.624971
2099,34.983333333333334,0.18852618,106.76436977393946,1539.5641495591974,467.2761034679117,2563.867689748039,3158.3205273827753,0.016091630377224445,0.06403854314183756,17.354868380743728,-233.50276,164.78494,13.641659,75.01953,66.5569,-24.737005,-49.410736,3.9107404,-11.4146,9.866742,-6.8540506,-55.28173,3.014419
2100,35.0,0.22016825,111.73774631218353,1351.830144030505,459.7592626834858,2413.9788483211614,3143.7113062966573,0.016091630377224445,0.06403854314183756,17.354868380743728,-232.98956,175.0708,10.742355,60.54426,58.261612,-21.226881,-42.828495,-2.6344905,-17.222363,12.244008,-0.9383073,-49.605133,-1.7230135
2101,35.016666666666666,0.19054297,113.24336045000211,1026.4586120218091,442.71510639228404,2261.4027027433335,3131.470225367924,0.016091630377224445,0.06403854314183756,17.354868380743728,-274.46466,176.92453,30.33917,56.620842,48.1446,-16.311638,-32.75284,-11.457298,-15.224685,18.041798,1.2313559,-38.99975,-3.816161
2102,35.03333333333333,0.13256808,113.4197001443817,1856.9289906884858,363.29335892333756,2113.381269069296,3096.8272453217105,0.016091630377224445,0.06403854314183756,17.354868380743728,-280.17535,148.88309,2.6712143,71.081024,39.557808,-14.382957,14.097233,0.62166965,-15.969845,28.471418,-1.0181992,-35.953228,0.3509984
2103,35.05,0.070896246,0.0,3350.072524861016,217.4011825254678,1986.231031150779,3094.682014780324,0.016091630377224445,0.06403854314183756,17.354868380743728,-245.46579,116.05762,-4.2489505,70.91126,32.712246,-18.097866,25.499802,19.601133,-18.13677,45.041256,10.889103,-19.820831,14.965948
2104,35.06666666666667,0.06273934,0.0,4279.202306839821,194.9833404685861,1924.81914660345,3224.08493356073,0.016091630377224445,0.06403854314183756,17.354868380743728,-247.14491,95.20717,-7.302293,66.04874,35.620167,-23.13044,18.365934,31.73912,-27.087467,40.76204,19.186123,-9.203365,7.9620485
2105,35.083333333333336,0.030236222,0.0,4320.560406032402,590.575946214319,2402.048131940169,3313.532457141053,0.016091630377224445,0.06403854314183756,17.354868380743728,-329.24466,87.6702,-19.51034,50.514267,52.99157,-28.18617,1.0551257,31.53872,-15.345068,19.333355,25.790184,3.3107023,-4.160714
2106,35.1,0.0065135267,0.0,3163.025718170364,970.4435100056866,2879.4756375957973,3291.541038630843,0.016091630377224445,0.06403854314183756,17.354868380743728,-441.81802,69.24394,31.736254,42.33757,22.126503,-9.764242,6.165798,21.683243,13.27879,14.251469,10.829567,-3.8596692,-7.7188234
2107,35.11666666666667,0.0029700128,0.0,2921.468513665688,943.9077218656629,2797.1768210625946,3518.6766113596686,0.016091630377224445,0.06403854314183756,17.354868380743728,-469.76862,58.746582,39.190273,23.904425,8.900658,0.19777238,5.300666,13.383986,16.376387,15.858175,8.15559,-4.6822953,-11.909733
2108,35.13333333333333,0.0021562881,0.0,2962.4245742157136,932.15813629792,2678.578873391654,3785.9715761602,0.016091630377224445,0.06403854314183756,17.354868380743728,-480.7493,48.734924,35.018776,19.591412,7.7044153,2.180176,3.6170795,9.28702,13.497727,11.805503,4.6401277,-4.199156,-11.141505
2109,35.15,0.0015015127,0.0,2609.0984944789716,936.8830480090063,2580.522033064527,3223.4137017584844,0.016091630377224445,0.06403854314183756,17.354868380743728,-485.9676,42.284336,30.379007,16.47021,6.3144026,3.3759484,7.2598023,14.157861,19.00835,18.186096,11.308427,1.2616888,-7.4764504
2110,35.166666666666664,0.0015983208,0.0,2331.6486284098746,939.5181314198946,2618.5613877862124,3057.836937295232,0.016091630377224445,0.06403854314183756,17.354868380743728,-489.1001,38.777725,29.126904,17.55022,8.521308,4.9030457,6.684435,11.161843,14.438381,13.460249,7.558872,-1.259098,-9.382907
2111,35.18333333333333,0.001826241,0.0,2158.0377584376956,927.9171854253115,2511.7145077756677,3054.884292386064,0.016091630377224445,0.06403854314183756,17.354868380743728,-493.04025,34.384914,27.686563,19.379986,12.364159,8.618235,8.390429,10.241257,11.887931,11.407221,8.191885,3.1981392,-1.6106578
2112,35.2,0.024360899,0.0,1838.4556764880792,744.8447442206339,2544.3685480826775,3190.4726822657717,0.016091630377224445,0.06403854314183756,17.354868380743728,-399.18707,117.515625,48.970634,38.588604,26.267881,-2.279772,-5.280594,-0.6979706,-1.1181995,10.942602,14.167799,0.4238232,-0.98065853
2113,35.21666666666667,0.14386304,0.0,935.5132490554994,471.93771529545404,2113.42636273951,3188.7228009989226,0.016091630377224445,0.06403854314183756,17.354868380743728,-297.1382,184.37439,35.410492,37.62987,47.46231,7.808751,-14.26536,-5.00558,-12.648004,0.81113863,7.777014,-12.501869,-2.4839194
2114,35.233333333333334,0.23636849,228.85025999324765,1064.8456969457689,429.4426300435178,1905.7781313359785,2789.4610308270935,0.016091630377224445,0.06403854314183756,17.354868380743728,-234.8329,198.26561,12.008591,26.263968,49.577885,8.817424,-37.342827,-3.37566,-24.714851,-9.757448,8.482235,-25.132874,0.7749071
2115,35.25,0.29119116,225.68813211663576,1208.639975211129,435.78524768523965,2026.2590188777765,2884.2134171066214,0.016091630377224445,0.06403854314183756,17.354868380743728,-241.6258,173.82556,-1.510285,26.05972,54.109043,4.4512067,-41.978798,-4.3500853,-28.405468,-2.4107165,9.56457,-30.364307,-2.1256359
2116,35.266666666666666,0.29425126,223.7926962354779,1184.0280773096133,430.10091580472124,2034.1604089734815,2933.268914653933,0.016091630377224445,0.06403854314183756,17.354868380743728,-256.18884,161.23935,-9.357049,16.580044,50.717087,1.6406854,-42.178032,-11.484515,-33.130127,-4.628168,4.9281225,-33.91203,-8.903266
2117,35.28333333333333,0.2893502,222.63884897041635,1143.5525686550016,424.2423314330341,2047.4416373056704,2930.37917137481,0.016091630377224445,0.06403854314183756,17.354868380743728,-265.74808,158.17734,-4.6611795,11.801277,56.367832,6.553056,-39.639603,-23.577862,-28.996216,-0.12739661,-4.4737573,-29.142426,-6.0652485
2118,35.3,0.26261,220.9019595897747,1078.2860727041868,413.9510946584352,1862.9793932409912,2619.901646874324,0.016091630377224445,0.06403854314183756,17.354868380743728,-273.31915,171.87132,5.6135206,11.103992,51.865112,14.059415,-30.637453,-30.69704,-19.176964,9.198279,-11.411515,-28.610168,4.0891037
2119,35.31666666666667,0.23370056,220.22502008032305,971.9546567910106,407.22563811077976,1465.8580764433264,2110.5564129816557,0.016091630377224445,0.06403854314183756,17.354868380743728,-299.2275,177.55045,23.413769,-7.103154,43.969765,28.28318,-20.2152,-39.64239,-10.088197,11.89274,-18.211262,-24.88158,-1.2753654
2120,35.333333333333336,0.23164159,221.36386419391573,926.846665444802,416.340865280409,1427.8930583503122,2007.2597499971023,0.016091630377224445,0.06403854314183756,17.354868380743728,-302.16086,175.20255,22.374744,-7.6717052,40.18021,25.444765,-20.599895,-35.673332,-12.652088,2.0204234,-20.445961,-15.441923,4.9457846
2121,35.35,0.2374086,222.3121655300018,952.6754324906649,428.0080765496415,1641.8448035009606,2375.989942420508,0.016091630377224445,0.06403854314183756,17.354868380743728,-289.05438,182.7849,26.07909,-4.124057,33.598904,14.75651,-24.445312,-27.110733,-11.001915,-2.9548237,-23.101599,-11.873656,16.465502
2122,35.36666666666667,0.23039433,222.94753236148628,1077.792345111262,434.1458760604305,1627.8649920048622,2928.9999243693824,0.016091630377224445,0.06403854314183756,17.354868380743728,-284.6403,170.13374,21.843992,-0.81088984,37.14276,12.5704975,-28.487087,-17.317715,-17.467499,-6.9600544,-16.578918,-3.094882,22.429287
2123,35.38333333333333,0.23084226,223.48032639929767,1089.9636274734492,444.12274897949027,1655.0239079191908,2967.963431391276,0.016091630377224445,0.06403854314183756,17.354868380743728,-268.43872,178.84613,20.07147,-2.0133991,29.110523,5.2651196,-30.011343,-2.928472,-18.50411,-12.544249,-9.180945,-8.374672,16.892399
2124,35.4,0.23465629,223.8166694625645,1137.9710617158482,474.64997969885536,1786.214803336351,2985.2336854247314,0.016091630377224445,0.06403854314183756,17.354868380743728,-254.63914,185.56322,23.177092,-0.3813076,26.03403,-0.23501682,-37.023994,-3.5538845,-26.656841,-11.993473,-0.70304894,-9.334072,9.751358
2125,35.416666666666664,0.22959381,223.77064500545,1240.8825395084446,484.1830421960558,1880.0387265937206,3023.2721825528774,0.016091630377224445,0.06403854314183756,17.354868380743728,-243.27306,184.4223,19.260056,6.5878143,34.298115,-0.23613381,-37.509933,-3.9216251,-27.77631,-6.487256,11.5431795,-11.503618,5.630082
2126,35.43333333333333,0.20667009,222.59140085852096,1199.2629826930195,458.0213350327211,1939.545039036869,3069.4506218913843,0.016091630377224445,0.06403854314183756,17.354868380743728,-259.28845,179.19154,22.374374,13.263687,39.156944,-2.722372,-41.1422,-8.5512,-26.447376,-7.912789,9.425237,-10.96343,0.8822216
2127,35.45,0.19918734,221.48344476703676,824.335153568874,404.9574623730215,1346.9825896744078,2760.1556328093343,0.016091630377224445,0.06403854314183756,17.354868380743728,-328.98874,167.74455,49.007126,27.510754,34.56072,7.8429403,-29.36792,-26.289099,-17.918915,-7.9678793,1.107393,-10.1749935,-4.2694044
2128,35.46666666666667,0.19582394,223.0509166666912,643.1045598363605,355.9233936954345,481.3028250377932,2268.333104998042,0.016091630377224445,0.06403854314183756,17.354868380743728,-351.8412,161.66835,63.049965,29.23407,25.197525,12.831539,-19.964596,-20.803257,-7.47616,-0.81038344,-3.8278446,-23.749138,-11.933794
2129,35.483333333333334,0.19659472,224.26109634041168,630.5320272140777,358.65239119820205,513.9970502130441,2165.923715120628,0.016091630377224445,0.06403854314183756,17.354868380743728,-345.8541,167.39442,59.53218,21.65892,20.99464,14.302055,-15.325466,-19.364227,-9.731278,-0.30042273,1.1780121,-16.608082,-8.97951
2130,35.5,0.1929039,225.67766985441804,762.1723371709601,372.300269737022,1189.919934427512,2549.6995856034155,0.016091630377224445,0.06403854314183756,17.354868380743728,-329.00058,176.39882,54.164948,14.564354,17.420744,6.49887,-20.444674,-21.505173,-13.252634,-6.370964,-0.66867304,-15.833451,-10.013025
2131,35.516666666666666,0.20330432,226.75482236585765,956.9586240564995,438.5963088457203,1906.414557978811,3211.6892624207794,0.016091630377224445,0.06403854314183756,17.354868380743728,-306.86234,175.9599,44.00349,2.641891,23.311424,3.2089293,-31.732574,-19.290882,-15.158621,-10.062929,-1.075518,-6.157335,-10.18905
2132,35.53333333333333,0.21552795,226.06956457465773,1149.9302231698148,487.90843791913863,1866.7404108488277,3211.5749008583743,0.016091630377224445,0.06403854314183756,17.354868380743728,-286.57785,169.02246,36.0823,6.017519,33.400455,1.2907274,-39.584618,-9.5695915,-19.395164,-15.600078,3.9375386,2.3091712,-6.1967278
2133,35.55,0.22149268,226.2288927858766,1208.560408965894,488.25799065565747,1848.7258638988696,3206.267945337099,0.016091630377224445,0.06403854314183756,17.354868380743728,-270.27554,175.01364,26.867264,-0.35674927,35.52031,-8.25812,-39.001648,-8.530616,-18.722,-10.84604,2.650708,0.113090515,-9.701667
2134,35.56666666666667,0.21758544,225.62363425011665,1135.6945872439974,455.26084887544226,1849.715646334979,3261.3081282976054,0.016091630377224445,0.06403854314183756,17.354868380743728,-277.72278,175.88187,27.727163,3.6083443,34.493206,-6.616264,-31.430956,-5.8623276,-22.124842,-16.69859,2.9384203,1.760661,-11.4107
2135,35.583333333333336,0.21042041,224.48080136910392,1027.5826120472693,429.28923831488936,1873.3075506525581,3300.6658231723377,0.016091630377224445,0.06403854314183756,17.354868380743728,-297.68918,173.61737,41.713608,7.1408825,27.459774,-2.7666285,-22.664524,-8.434376,-17.06882,-12.174807,2.683203,3.6672025,-7.730384
2136,35.6,0.19495638,223.67983991819167,872.6988845942623,395.7675707081428,1356.8378051873071,2782.4038579044395,0.016091630377224445,0.06403854314183756,17.354868380743728,-323.22144,174.1161,47.94149,10.839178,27.410648,3.0565677,-17.29644,-15.935606,-10.427485,-11.968647,1.3212322,0.6547909,-10.493008
2137,35.61666666666667,0.17979752,223.34191800904367,758.9273535955117,365.74641336299004,582.8682680131498,2057.624920131043,0.016091630377224445,0.06403854314183756,17.354868380743728,-343.76242,167.88742,55.592213,14.222973,18.654898,7.727138,-15.386472,-21.060675,-11.635186,-4.350591,0.5934319,-12.282999,-16.459469
2138,35.63333333333333,0.17411962,223.87223722131634,709.8840037873056,383.1206583753286,1158.7649545285844,2413.799779463866,0.016091630377224445,0.06403854314183756,17.354868380743728,-348.7872,167.71518,63.8455,16.625534,12.1739645,9.495377,-11.35219,-17.46399,-11.14596,0.38259792,1.4656166,-22.507778,-19.85727
2139,35.65,0.18004557,224.9074229938405,653.0100081838423,373.0148537970648,1504.4272275905996,2616.372964470156,0.016091630377224445,0.06403854314183756,17.354868380743728,-351.66467,167.6445,63.074043,15.267791,9.213146,7.977516,-14.154467,-21.22142,-11.404586,1.6197844,0.51071095,-26.811214,-24.482533
2140,35.666666666666664,0.18860866,225.56231960953323,711.1709469678513,377.5314628864875,1275.7228186863872,2657.739500583715,0.016091630377224445,0.06403854314183756,17.354868380743728,-342.02747,166.18858,57.89319,23.118143,18.192654,2.291425,-23.562433,-14.54655,-9.299896,-3.7693264,2.322675,-21.432545,-20.626877
2141,35.68333333333333,0.19398257,225.57594155890308,871.6781524277383,435.8413100366876,2271.5717383847136,3316.56428254446,0.016091630377224445,0.06403854314183756,17.354868380743728,-314.09402,162.90141,38.210873,36.183258,30.472485,-13.157124,-30.712532,2.8558376,-8.859465,-7.9892693,5.541353,-23.255774,-17.84791
2142,35.7,0.19333702,224.82877262578646,1186.4300163013359,441.78652606763586,2581.876961030199,3346.406512072329,0.016091630377224445,0.06403854314183756,17.354868380743728,-296.02927,151.21529,20.83771,43.125175,46.11909,-25.393353,-41.851036,13.097225,-0.178222,-8.212991,-7.4804792,-30.140108,-6.2079782
2143,35.71666666666667,0.19604073,223.97129930209303,1256.8158790791088,445.75586979175887,2633.1770848019587,3318.586264806769,0.016091630377224445,0.06403854314183756,17.354868380743728,-298.28574,147.95523,19.34647,50.666626,47.9142,-36.653572,-47.497677,18.457186,9.258721,-12.000494,-9.950705,-30.595272,-2.9797707
2144,35.733333333333334,0.19262871,224.3350182873466,1025.5050762644273,432.7872592745246,2734.6651425376454,3255.6411908891228,0.016091630377224445,0.06403854314183756,17.354868380743728,-314.00897,151.0533,26.551947,50.386955,48.320145,-30.508646,-46.31253,11.905891,16.845217,-9.1254635,-18.766598,-28.32734,1.2664202
2145,35.75,0.18596657,226.80776804102598,796.5891444456357,378.05870805934904,1938.0618511147063,3203.109685589299,0.016091630377224445,0.06403854314183756,17.354868380743728,-337.89453,152.72421,41.76861,42.316704,35.244793,-22.338936,-35.29981,2.990966,7.5370693,-7.498882,-16.684635,-26.196035,-7.3732495
2146,35.766666666666666,0.15931857,227.46970969202303,662.3465769116744,347.6794395818543,1632.264534711353,3102.7168191117503,0.016091630377224445,0.06403854314183756,17.354868380743728,-368.95892,149.37164,65.940125,40.533752,20.40352,-13.766177,-24.538021,-4.9493413,-2.5345292,-5.8426147,-9.573273,-20.57137,-16.775436
2147,35.78333333333333,0.11800471,221.38163596155115,633.5733508635768,368.35313721251634,2677.6309821843947,3102.672980074175,0.016091630377224445,0.06403854314183756,17.354868380743728,-390.5687,138.129,70.24694,39.900993,22.337183,-5.2832866,-19.629787,-7.891481,0.17370003,-4.0512037,-11.847183,-16.562359,-14.7527485
2148,35.8,0.051964153,215.84052872384567,987.9484735755256,572.6366338995354,2288.1680984402924,3120.2054506224626,0.016091630377224445,0.06403854314183756,17.354868380743728,-418.27615,116.81688,66.61679,31.357615,11.646395,-6.1150064,-13.615055,-2.8591275,8.553038,4.0316873,-6.772145,-10.391811,-11.077394
2149,35.81666666666667,0.009476198,0.0,1319.5100272428017,924.1018096955939,2432.857064508803,3597.9200618648197,0.016091630377224445,0.06403854314183756,17.354868380743728,-410.43292,117.719765,52.34578,14.333525,-0.46412358,-11.024835,-8.841625,7.6239867,19.557035,16.360775,2.498289,-10.347935,-9.904037
2150,35.833333333333336,0.0081489775,0.0,1296.5735243784854,847.9193032552573,2497.571663990199,4026.655680675889,0.016091630377224445,0.06403854314183756,17.354868380743728,-414.55325,109.331924,46.254326,20.612112,14.12852,1.4935784,-3.346138,2.9983926,7.518878,7.471918,1.3000504,-6.8688755,-1.115145
2151,35.85,0.0065962654,0.0,1456.557023205251,710.1274179105212,2381.1056512399864,3455.1278439531407,0.016091630377224445,0.06403854314183756,17.354868380743728,-423.06876,102.178314,45.841442,20.243507,13.228239,3.8420227,-1.115413,1.1200097,4.6692224,7.0404844,2.79674,-4.8098016,-0.46593297
2152,35.86666666666667,0.0033383744,0.0,1664.6874990335823,751.9078272883988,2334.0064997466648,3064.0583217839917,0.016091630377224445,0.06403854314183756,17.354868380743728,-437.18765,88.5905,41.10731,17.233555,9.659258,0.15895343,-4.6586866,1.6141721,10.249712,10.481312,0.9522084,-5.858627,1.679206
2153,35.88333333333333,0.002588254,0.0,1919.3919220517241,787.4370320971625,2265.1967355602796,2957.56419775921,0.016091630377224445,0.06403854314183756,17.354868380743728,-456.93127,69.612946,34.601273,12.495651,3.0932016,-7.43309,-14.342275,-6.409494,7.040921,8.818115,1.8295671,0.9669896,6.910654
2154,35.9,0.001678878,0.0,2297.2908270939183,759.0658707860912,2375.2598199373215,2978.445924110272,0.016091630377224445,0.06403854314183756,17.354868380743728,-468.05695,52.861572,23.826313,18.80875,19.070347,0.6301165,-14.32802,-2.7819114,12.30994,6.509763,-1.9569497,7.105374,16.618687
2155,35.916666666666664,0.0045458595,0.0,2524.559993761666,594.473443542805,2682.1576617674255,3066.7315319342733,0.016091630377224445,0.06403854314183756,17.354868380743728,-461.28616,52.38964,17.90466,28.278313,35.199837,4.053419,-18.051085,0.18281816,21.449486,12.580221,-2.9371128,5.9544544,19.218185
2156,35.93333333333333,0.03869282,0.0,1726.4656530391192,394.4515592054259,2849.6740960504712,3237.2561766585577,0.016091630377224445,0.06403854314183756,17.354868380743728,-428.91754,72.71474,23.76577,56.301258,48.920654,-13.008755,-21.497372,7.9282503,7.774643,-7.3415627,-12.802473,-6.442159,1.3045707
2157,35.95,0.07506656,237.97190803033638,1105.1708695189084,362.56059019489817,2909.059222947217,3299.2111192896155,0.016091630377224445,0.06403854314183756,17.354868380743728,-362.82034,127.28465,42.182617,73.11473,37.517822,-48.841606,-37.512733,9.518105,-4.004906,-12.571249,-9.722589,-22.299786,-8.358907
2158,35.96666666666667,0.09984406,237.61568482184936,1021.9966407962139,451.26404820240964,2851.1534857804086,3738.5172844890103,0.016091630377224445,0.06403854314183756,17.354868380743728,-347.5479,140.14485,46.150696,70.52722,30.849182,-45.402027,-29.392342,12.734914,0.10589266,-7.089015,-15.006241,-31.648695,-3.5924096
2159,35.983333333333334,0.10780183,234.92258455594467,788.8736393183132,410.3657435090538,1871.7817787405816,3819.5895351220565,0.016091630377224445,0.06403854314183756,17.354868380743728,-361.72476,146.42719,64.74003,56.47393,19.398102,-27.46782,-17.910755,9.630202,1.5326211,-7.7227154,-20.74731,-29.304401,-0.9817157
2160,36.0,0.11052379,233.9590366555743,776.4700005822829,389.3522752262688,482.07876721442256,3049.8244336691764,0.016091630377224445,0.06403854314183756,17.354868380743728,-364.8242,148.10904,68.78763,46.588394,13.085422,-19.635294,-17.205387,7.2887416,0.29046786,-12.591588,-26.564892,-31.00419,2.4732974
2161,36.016666666666666,0.115870856,233.3443715293424,810.2110773659356,403.8599832196828,1530.5075725904783,3224.0605347928827,0.016091630377224445,0.06403854314183756,17.354868380743728,-359.6349,147.6415,67.8376,53.797577,19.24941,-19.256073,-19.03526,11.420675,4.9439087,-12.134304,-27.661238,-29.86235,5.068041
2162,36.03333333333333,0.122147396,232.35916369811332,818.7321690070221,419.51854133555173,3007.4735211531843,3697.4184341754294,0.016091630377224445,0.06403854314183756,17.354868380743728,-353.93427,145.99738,55.261856,59.4293,25.683376,-29.0121,-16.608517,11.963719,0.8776965,-11.760857,-25.970316,-28.67814,-0.16386199
2163,36.05,0.13173781,231.71898536015155,948.8017652631859,422.13493117336924,3146.229327398646,3868.9410563518354,0.016091630377224445,0.06403854314183756,17.354868380743728,-346.70544,141.50305,51.168102,69.638535,26.679485,-39.64473,-16.504393,17.096752,-7.694678,-13.770321,-19.940268,-29.381166,-5.052968
2164,36.06666666666667,0.14147873,231.12641343282056,1173.9654020046837,426.3848104967682,3227.7430441109213,3834.824416116339,0.016091630377224445,0.06403854314183756,17.354868380743728,-336.29507,134.08417,44.206604,80.40495,31.11129,-45.21662,-20.920427,23.149124,-10.05467,-14.569849,-18.148268,-31.829365,-3.7590275
2165,36.083333333333336,0.15341008,229.53568114631057,1095.7531211916853,423.92957030940994,3195.3597343882884,3856.699281975641,0.016091630377224445,0.06403854314183756,17.354868380743728,-339.43875,135.2912,48.202873,88.492615,38.954453,-46.408455,-27.578035,20.306335,-9.045322,-15.73834,-11.186525,-30.077076,-6.487719
2166,36.1,0.15886086,228.82795488845676,1028.130400240112,412.113445770258,3104.678411658007,3961.2899982021245,0.016091630377224445,0.06403854314183756,17.354868380743728,-344.639,135.7359,50.25811,87.3692,42.542843,-44.840813,-26.228687,21.638165,-4.3287754,-15.227516,-9.769545,-29.477932,-12.894045
2167,36.11666666666667,0.15830901,229.01769852731505,1008.5489749629648,401.2785038903946,3073.6751699459824,3977.7380195525625,0.016091630377224445,0.06403854314183756,17.354868380743728,-353.13724,129.98386,54.53148,92.14536,41.598618,-42.10262,-22.1357,15.220768,-5.5060124,-10.368179,-8.107292,-27.747036,-8.626428
2168,36.13333333333333,0.14033316,228.67557548948392,923.4228358557226,393.8912645765919,3033.1269296121573,3680.455804403357,0.016091630377224445,0.06403854314183756,17.354868380743728,-375.1588,119.150665,53.938873,83.732635,45.74035,-31.02192,-22.46168,6.38521,-5.953196,-10.583048,-13.981233,-23.449947,-5.5501494
2169,36.15,0.10662382,224.50096318462818,756.147719002486,353.0785292278879,2801.961819184882,3289.4703584535664,0.016091630377224445,0.06403854314183756,17.354868380743728,-409.65082,107.58786,57.89555,63.98275,40.90504,-8.416995,-15.396014,-2.182137,-0.47561568,-5.190074,-20.559319,-23.3582,-5.1572504
2170,36.166666666666664,0.05445441,220.2147247682994,784.3050894431922,283.9568920072552,2711.4213703734827,3519.053584949387,0.016091630377224445,0.06403854314183756,17.354868380743728,-456.12186,80.664665,64.791504,50.931335,34.201427,14.799566,2.313498,-2.2901769,-6.2563915,-11.769802,-15.427292,-15.410808,-14.638043
2171,36.18333333333333,0.016490282,0.0,1402.3597633503673,326.8407762909007,2718.4261977156193,3801.2815447560347,0.016091630377224445,0.06403854314183756,17.354868380743728,-470.75513,64.107635,52.61184,37.484,22.12864,9.197136,0.6697401,-2.8930383,-3.0625608,-2.438286,-2.616305,-3.698552,-5.398487
2172,36.2,0.0057605496,0.0,1570.3542513699263,343.7614033563291,2590.0661602054897,3775.8301286285687,0.016091630377224445,0.06403854314183756,17.354868380743728,-482.8663,49.19303,43.20237,34.566093,24.902351,15.808628,8.468153,3.4196951,0.5455285,-0.7463189,-1.2322092,-1.5878267,-2.2019029
2173,36.21666666666667,0.0031967289,0.0,1474.1538985362313,299.1425672030885,2568.864948763438,3777.8277641917603,0.016091630377224445,0.06403854314183756,17.354868380743728,-490.49292,39.55521,36.70298,32.373566,27.093437,21.419449,15.834451,10.685916,6.176994,2.397933,-0.62789834,-2.9097,-4.480756
2174,36.233333333333334,0.00171766,0.0,2039.3469216712763,397.32294778671087,2627.306991659356,3306.646044855923,0.016091630377224445,0.06403854314183756,17.354868380743728,-497.0735,30.377964,27.921503,24.273674,19.972837,15.560093,11.461152,7.9244914,5.0265694,2.7272468,0.94116545,-0.41022336,-1.3851783
2175,36.25,0.01142286,0.0,3142.5943752193934,528.807057997985,2630.1855670675573,2839.5234911468156,0.016091630377224445,0.06403854314183756,17.354868380743728,-463.07224,51.52323,29.133804,36.29473,9.197028,-19.521034,-2.1824443,2.1549501,-13.886297,0.34571126,9.844169,-8.956287,-7.814216
2176,36.266666666666666,0.014889374,0.0,3344.445575991508,635.0240202394712,2232.212437548322,3050.1176009163164,0.016091630377224445,0.06403854314183756,17.354868380743728,-307.24432,132.56577,-17.978613,46.54905,29.723516,-57.731464,-12.652987,7.622355,-26.802654,6.059371,17.600918,-23.905718,-8.9683275
2177,36.28333333333333,0.038966343,0.0,2808.045020132601,456.5363636870341,1844.685537478469,3239.3542028013367,0.016091630377224445,0.06403854314183756,17.354868380743728,-339.81238,118.26869,-3.4362593,62.060524,49.884853,-25.05653,6.505663,15.114214,-29.644718,1.1710627,29.676384,-5.4761286,-9.629021
2178,36.3,0.10260913,115.69596395617175,814.2935959725147,349.8078370427758,1591.9770911749542,3166.3531592897357,0.016091630377224445,0.06403854314183756,17.354868380743728,-324.48767,179.84772,58.01346,44.02215,26.02642,-18.680563,-3.7484832,13.866236,-14.408226,-23.363651,-2.0208387,5.988782,2.9627368
2179,36.31666666666667,0.14571548,114.99219647355446,748.5201529590717,446.00534250760535,1387.0911259370673,3200.703417562121,0.016091630377224445,0.06403854314183756,17.354868380743728,-297.11792,204.08199,61.22437,30.572086,17.393066,-17.875187,-6.693596,9.937279,-14.588992,-23.828522,-12.438187,3.3223658,5.0533156
2180,36.333333333333336,0.16606176,112.87943943774238,730.6924622119232,430.9495830047953,1176.2532298551967,3210.2871824542876,0.016091630377224445,0.06403854314183756,17.354868380743728,-307.75906,199.19705,67.79335,30.679035,7.4992,-25.96609,-11.478357,13.476498,-9.661057,-26.375685,-19.703527,-1.7293788,5.7820935
2181,36.35,0.16402999,112.03541997599356,691.727196418673,413.54708347095357,1064.6516453743002,3226.569689846259,0.016091630377224445,0.06403854314183756,17.354868380743728,-318.3454,197.59927,76.30382,30.58138,1.4338603,-31.595245,-15.505709,13.385767,-2.9656181,-24.063501,-21.63501,-3.9051013,-2.1178305
2182,36.36666666666667,0.15660915,111.77587122419867,691.4586012773077,396.1742796176917,994.805984093073,3280.057038181504,0.016091630377224445,0.06403854314183756,17.354868380743728,-328.06345,192.45767,85.71777,37.26115,1.0907061,-32.088333,-17.762817,12.148649,-2.5258918,-18.370785,-13.6966915,-5.1023026,-6.1326795
2183,36.38333333333333,0.15431741,112.5100363184504,667.624425898948,373.9353536039522,896.1398657081844,3279.2465638624662,0.016091630377224445,0.06403854314183756,17.354868380743728,-338.7668,188.32562,94.00632,41.16147,-3.815288,-39.44937,-21.82375,12.972803,3.954949,-12.305637,-12.7640085,-8.869593,-12.540498
2184,36.4,0.15883777,161.49984357291862,671.2417447693218,384.8901125682836,906.3234992492568,3266.462115116479,0.016091630377224445,0.06403854314183756,17.354868380743728,-347.5003,184.21298,98.29224,43.48134,-6.9896894,-41.90852,-19.533161,11.042318,7.129892,-5.940012,-12.427053,-13.182283,-12.170851
2185,36.416666666666664,0.16298339,229.396277210375,679.1362666381902,415.3205290873213,916.3990339537614,3288.1519444799005,0.016091630377224445,0.06403854314183756,17.354868380743728,-371.12006,164.50647,99.65202,45.09029,-2.5192375,-33.16709,-24.850704,2.8094907,6.25348,0.36835444,-8.481305,-13.203424,-13.306331
2186,36.43333333333333,0.17221792,229.0451375071752,709.3515976803453,431.04480208577564,955.9588007152399,3318.3620105918453,0.016091630377224445,0.06403854314183756,17.354868380743728,-369.84076,158.88171,91.923935,37.115555,-5.5868573,-32.09506,-24.518322,9.195339,3.5626976,-6.9068336,-11.54476,-14.004374,-15.6036415
2187,36.45,0.18027233,224.48788077150652,783.3978111329759,417.98690439786446,1031.6199857515096,3307.236134456688,0.016091630377224445,0.06403854314183756,17.354868380743728,-341.6381,168.99341,78.43111,31.011765,-12.578939,-37.958687,-17.654255,18.080889,-7.3896084,-18.399792,-16.056225,-16.907246,-6.313265
2188,36.46666666666667,0.19148776,220.18182211692343,891.6009219026038,400.7919701056791,1231.3219487602107,3233.799665331638,0.016091630377224445,0.06403854314183756,17.354868380743728,-316.3664,173.78052,53.422043,20.427345,1.058318,-26.48713,-6.3945923,19.18592,-21.870361,-35.44983,-17.367731,-8.451006,3.8722408
2189,36.483333333333334,0.19631721,218.55316170706496,1068.4661461238961,399.65612687364165,1696.0504646318627,3176.565438933375,0.016091630377224445,0.06403854314183756,17.354868380743728,-282.79605,173.09494,24.781002,19.423124,34.924934,-5.915775,-13.770405,-1.6198081,-36.47209,-19.389145,0.15625277,-7.8318224,-3.3175802
2190,36.5,0.1810795,219.40438671471418,1204.1576492050015,402.07655523250133,2250.107145605647,3132.2583395677866,0.016091630377224445,0.06403854314183756,17.354868380743728,-279.5153,162.09319,18.60485,40.483013,57.651123,-14.14183,-32.29338,-2.3931012,-27.933952,-5.260355,4.7823496,-21.575417,-15.564783
2191,36.516666666666666,0.16685295,223.4578910166642,906.4591845454407,366.84863543376423,1660.1378405490327,3099.4499741935983,0.016091630377224445,0.06403854314183756,17.354868380743728,-335.40308,153.36452,46.980354,62.06909,52.62094,-12.761301,-24.695961,-2.8148992,-13.365515,-3.1225317,-0.6393025,-23.341911,-15.015053
2192,36.53333333333333,0.15822771,229.46362637817657,532.9242063162061,319.4161167617697,462.3136520052421,2820.629477394749,0.016091630377224445,0.06403854314183756,17.354868380743728,-404.81335,134.88162,83.50561,47.3441,23.51009,-2.6324055,-18.698631,-11.725156,2.412734,2.4719899,-8.78932,-15.734344,-14.556625
2193,36.55,0.16329786,231.09296385010663,538.2179090947352,322.1816934717633,446.84048273288454,2680.727272894242,0.016091630377224445,0.06403854314183756,17.354868380743728,-396.31232,142.4172,82.6792,41.35249,17.858305,-5.338432,-21.589474,-17.345108,-3.327005,-1.1929696,-13.828402,-24.710583,-22.316137
2194,36.56666666666667,0.16303267,235.28675326593304,1226.4436738736051,367.34044387755586,1341.6795541810402,3110.87816227141,0.016091630377224445,0.06403854314183756,17.354868380743728,-329.38596,146.11774,36.36093,44.37103,44.834236,-34.67845,-36.55933,-11.099714,-17.559795,-12.82675,1.057694,-14.576985,-31.835636
2195,36.583333333333336,0.16571908,238.6733237920639,1175.839605601798,451.1450940714686,2144.038871447341,3374.8109891651543,0.016091630377224445,0.06403854314183756,17.354868380743728,-283.39337,174.87842,18.569115,23.281631,32.401592,-36.486553,-28.756853,-1.0715222,-27.264017,-21.174086,1.4500009,-1.0477417,-8.359798
2196,36.6,0.1689925,232.03899684396305,1126.4932292768608,471.6826477969773,1442.7010705386174,3254.9837559261755,0.016091630377224445,0.06403854314183756,17.354868380743728,-296.19354,171.62552,32.262596,10.813583,12.785645,-33.276997,-8.079005,6.6364574,-26.791378,-25.965359,-12.77742,4.4994125,1.560797
2197,36.61666666666667,0.1644993,227.44390757178985,1108.4494903764792,459.89064835848376,1353.0445590987138,3326.9680731895733,0.016091630377224445,0.06403854314183756,17.354868380743728,-312.13126,159.66983,30.987717,14.286164,8.729208,-35.08789,-0.6896596,17.287271,-23.01051,-30.76202,-13.8122835,1.2220366,0.17347491
2198,36.63333333333333,0.1466291,225.44029611397875,982.6200087304935,418.205499766249,1281.5318998764815,3409.701440022255,0.016091630377224445,0.06403854314183756,17.354868380743728,-328.21402,160.85602,40.294003,20.871094,5.457674,-30.572813,-3.397438,14.725408,-20.017231,-29.558353,-12.874155,0.08620592,1.3407185
2199,36.65,0.10654468,223.11959847173523,796.0945179514837,326.35375906609056,1111.5276539557053,3325.4506595160346,0.016091630377224445,0.06403854314183756,17.354868380743728,-363.7288,156.98871,64.41635,29.414013,5.268015,-17.537624,1.5913621,15.96701,-11.670462,-33.589016,-23.281742,-9.104523,-6.623659
2200,36.666666666666664,0.051891062,221.97975625323167,854.7642335174826,264.98010633438736,1014.4248095945793,3082.8944544759324,0.016091630377224445,0.06403854314183756,17.354868380743728,-441.3784,98.06237,70.31789,40.47041,16.543674,3.21566,0.54405373,1.1658117,-0.82605326,-4.029567,-6.1828575,-7.6754627,-9.223019
2201,36.68333333333333,0.0150983455,0.0,1660.7833026083927,323.46253298365207,1163.4144687419437,2936.8988469201604,0.016091630377224445,0.06403854314183756,17.354868380743728,-464.60077,69.94059,51.683117,30.380966,13.488383,3.9314528,-0.10361415,-2.1616926,-4.2887363,-6.195861,-6.874256,-6.498438,-6.5459614
2202,36.7,0.007356103,0.0,2378.058808822536,479.45418433601947,1834.3000733319627,3129.65274392674,0.016091630377224445,0.06403854314183756,17.354868380743728,-464.6794,66.0166,46.144035,31.996643,17.27895,-0.73378587,-8.443794,-3.4798274,-1.213732,-5.508527,-5.1264734,-0.29282856,-2.1372685
2203,36.71666666666667,0.008751816,0.0,3679.534163570389,665.8031455428091,2742.1850407700235,3250.263535788265,0.016091630377224445,0.06403854314183756,17.354868380743728,-339.22308,111.32581,-16.261206,34.837723,37.32019,-41.912994,-21.619476,5.4795265,-13.850941,-3.774762,6.696312,-2.258832,3.7672462
2204,36.733333333333334,0.0126485815,0.0,3552.9763378318676,1100.4725972077256,2712.5618081586476,3181.6894065269994,0.016091630377224445,0.06403854314183756,17.354868380743728,-353.40793,90.14249,-36.8114,49.833694,61.011433,-23.949234,-11.326288,16.317154,-3.9828768,1.8877234,7.7370286,7.131505,25.83482
2205,36.75,0.012201089,0.0,2317.2311874658217,1630.9877257106075,2625.9381663967783,3233.4024244266298,0.016091630377224445,0.06403854314183756,17.354868380743728,-374.0085,89.316635,-29.376492,28.599297,66.732864,15.746096,-0.42661366,7.0767226,-0.38619375,5.067421,6.6475663,11.036953,38.745674
2206,36.766666666666666,0.009232659,0.0,2314.573497773602,1378.046326399293,2288.5612472154453,3026.5743615637807,0.016091630377224445,0.06403854314183756,17.354868380743728,-397.02512,84.968216,-17.282158,11.346993,49.55413,24.662916,8.791292,9.28665,2.0675611,5.0159545,5.781123,-0.61687255,14.002171
2207,36.78333333333333,0.0054163276,0.0,2507.110106543056,1047.4250349945355,2315.323292693692,2661.890291524285,0.016091630377224445,0.06403854314183756,17.354868380743728,-394.42642,92.47198,-14.979454,-5.969771,25.35454,10.404196,1.0415272,2.6037972,-2.2067673,4.0937076,9.610521,4.821202,13.277349
2208,36.8,0.020048758,0.0,1161.3005076223117,702.1962764027467,2018.19047520318,2739.0035121096375,0.016091630377224445,0.06403854314183756,17.354868380743728,-430.35983,100.48836,53.694572,26.009827,16.218857,6.109119,2.3108363,14.294937,23.174976,10.907429,-6.128728,-5.820162,2.818964
2209,36.81666666666667,0.0449859,244.90960989327374,625.0680197286061,282.1172739474526,994.6114642405122,2592.4630639370125,0.016091630377224445,0.06403854314183756,17.354868380743728,-413.7,126.21535,78.374275,37.74971,10.848902,-6.052623,-5.870187,9.661755,17.754383,5.9012356,-9.317692,-12.188601,-10.092318
2210,36.833333333333336,0.07389452,253.37807882078238,607.8504977270982,376.1999342510338,875.0584024259209,2523.7710879409888,0.016091630377224445,0.06403854314183756,17.354868380743728,-391.35205,151.16289,85.258766,24.612617,-10.410826,-22.007736,-16.63729,-3.1058626,5.2050037,2.039206,-5.4554057,-9.01169,-8.677058
2211,36.85,0.09011828,252.79606119493315,599.8070310269087,456.9925122942806,900.6102671732322,2934.170856569568,0.016091630377224445,0.06403854314183756,17.354868380743728,-383.91302,160.77704,90.25731,22.274326,-15.6449375,-24.181465,-17.7489,-8.368792,-2.572136,-3.0839882,-7.897229,-11.493788,-10.744263
2212,36.86666666666667,0.09773622,251.52901161046907,594.2390094596918,463.1893315110406,962.2785146565049,2947.6149108798577,0.016091630377224445,0.06403854314183756,17.354868380743728,-376.12,168.58209,91.4491,19.297955,-17.381481,-21.231636,-11.344217,-3.2560577,-2.712079,-7.931082,-13.449547,-14.68429,-11.290347
2213,36.88333333333333,0.09743268,251.66688212653966,593.1840113907425,465.96125343521675,980.4833232945233,2566.075298635736,0.016091630377224445,0.06403854314183756,17.354868380743728,-373.16266,172.2366,94.16784,21.71762,-15.001104,-20.33136,-13.234657,-6.0658092,-2.9456997,-5.752016,-13.138798,-18.44939,-15.968443
2214,36.9,0.091854475,252.79917048579946,628.1156654502986,455.42086789696276,986.7593642617227,2444.9997250220085,0.016091630377224445,0.06403854314183756,17.354868380743728,-373.62134,168.99782,87.79201,17.872993,-13.015599,-16.19788,-11.592227,-6.753765,-4.074854,-8.022919,-17.103048,-20.958858,-14.247779
2215,36.916666666666664,0.093630135,254.43958890848015,648.8754118873974,404.73997128886634,948.1803963565224,2456.531855238653,0.016091630377224445,0.06403854314183756,17.354868380743728,-368.06512,169.85004,80.80444,13.385124,-12.762024,-14.383064,-9.779184,-4.920717,-0.30700964,-2.0663648,-11.896221,-16.730213,-12.294327
2216,36.93333333333333,0.09475122,256.03387681910095,644.9853530028643,393.76984905874986,910.5179641399442,2484.5439525535594,0.016091630377224445,0.06403854314183756,17.354868380743728,-368.79187,167.00462,77.101616,12.694979,-13.094397,-17.346346,-11.0750475,-1.5624475,3.752449,-0.88136435,-10.631249,-13.41403,-10.49826
2217,36.95,0.09664854,258.6342396175314,727.9570013748394,438.62861300811755,923.9700970435784,2462.9524820909414,0.016091630377224445,0.06403854314183756,17.354868380743728,-368.58276,166.6518,77.224884,11.443359,-17.35661,-22.281654,-14.698078,-5.36415,-1.0161918,-3.3690987,-12.577343,-16.31933,-12.323778
2218,36.96666666666667,0.09591946,261.7992161745329,730.4358068733695,405.9323959511018,884.7881160862303,2453.5139499246548,0.016091630377224445,0.06403854314183756,17.354868380743728,-378.75873,153.33829,66.976974,10.029175,-10.470858,-15.408347,-11.531776,-4.4056487,-1.8814008,-4.149571,-8.1401205,-12.524306,-14.622299
2219,36.983333333333334,0.09201077,264.08132812631754,816.6283353843318,342.33445517767865,824.0245597866577,2433.4495818280297,0.016091630377224445,0.06403854314183756,17.354868380743728,-392.12878,134.54996,57.59832,11.383292,-10.250001,-18.32771,-11.5767765,-5.851864,-7.6574717,-7.101106,-8.193943,-8.954891,-10.589572
2220,37.0,0.08693011,265.8105431532721,867.7372850687289,342.8227664839766,847.8738631797905,2458.5766722806397,0.016091630377224445,0.06403854314183756,17.354868380743728,-390.67575,137.7211,61.55047,12.500732,-6.2686415,-11.978003,-8.339227,-3.2029085,-3.992143,-2.1926923,-5.582404,-6.9105897,-5.1855264
2221,37.016666666666666,0.08352221,267.69096701890294,874.1620064351832,351.77689678845087,874.8044762108657,2367.8749530725727,0.016091630377224445,0.06403854314183756,17.354868380743728,-394.2571,138.18634,65.270996,11.585198,-8.1434145,-12.226396,-8.677705,-1.4740102,-1.6324699,-4.914634,-10.890679,-12.001156,-11.5192585
2222,37.03333333333333,0.08639897,269.2691530591835,845.8579643260493,352.9006025494974,860.2137642072403,2330.951755143037,0.016091630377224445,0.06403854314183756,17.354868380743728,-395.48468,133.46799,61.320293,15.766228,-7.676198,-13.943553,-5.5450068,-3.7434494,-4.9561005,1.4563514,-6.0261664,-19.933167,-15.460241
2223,37.05,0.08863752,270.32540338319575,1074.7346911066443,370.9017806244902,827.2357481769242,2423.792278495599,0.016091630377224445,0.06403854314183756,17.354868380743728,-361.83878,141.15665,36.36695,16.11278,2.641433,-16.130497,-3.2379851,-0.74120975,-13.189777,-4.3196106,-0.9322685,-10.995552,-4.3663616
2224,37.06666666666667,0.0916625,270.5417640703481,990.7145372369159,378.6456521947231,807.1097091945421,2403.1048334326542,0.016091630377224445,0.06403854314183756,17.354868380743728,-375.08154,136.4848,49.167873,18.556805,4.72848,-4.0751886,-5.921555,1.6437016,-3.4058204,-1.3256383,-2.8611386,-19.800179,-12.987136
2225,37.083333333333336,0.09416017,270.59055663625975,982.5185327247333,363.2929027112178,801.2121533753622,2780.628719458682,0.016091630377224445,0.06403854314183756,17.354868380743728,-383.08032,124.97267,44.822525,35.571434,17.0203,-24.940954,-21.644192,11.12229,-3.488284,-18.984444,-7.507335,-12.48607,-21.099068
2226,37.1,0.10202318,270.0338295034611,1331.587424344789,459.7395759160496,1673.155913230245,3478.010886251829,0.016091630377224445,0.06403854314183756,17.354868380743728,-350.27197,123.589584,17.56857,52.323616,32.79745,-48.244133,-36.884888,17.27073,-1.8015739,-12.116778,-7.7857494,-21.430927,-8.227069
2227,37.11666666666667,0.11111745,267.93792148320324,1460.634148119759,578.6710299426699,2841.886659427382,3523.231678318306,0.016091630377224445,0.06403854314183756,17.354868380743728,-327.6953,129.39462,7.581837,63.11387,41.055668,-54.32413,-45.30175,12.640736,-5.002865,-13.331737,-10.260773,-27.465029,-1.7276793
2228,37.13333333333333,0.11975735,265.02379437623426,1362.8556374831032,565.575875687924,2781.020959569189,3325.807256496628,0.016091630377224445,0.06403854314183756,17.354868380743728,-332.7381,126.921455,10.408646,58.879612,46.83016,-45.603714,-49.215385,0.601722,-8.634712,-10.9185295,-11.200441,-23.618195,-2.478477
2229,37.15,0.12659922,262.2668280611731,1119.698968478136,543.0265777211703,2240.3695276014705,3181.9325452290436,0.016091630377224445,0.06403854314183756,17.354868380743728,-337.97745,134.28717,13.737726,42.928116,44.08986,-26.800173,-36.71916,-10.952733,-16.339684,-4.8191066,2.7416236,-14.7923155,-14.869648
2230,37.166666666666664,0.12674949,260.2735740953007,903.7659383946695,518.3210830918412,1360.512395386028,3213.3569254208473,0.016091630377224445,0.06403854314183756,17.354868380743728,-360.15076,145.0481,49.786,31.029663,13.353567,-25.391346,-14.758011,-5.463559,-22.676418,-21.936382,-6.3660927,-5.815729,-10.810024
2231,37.18333333333333,0.13135117,259.46925560112214,790.1841618517611,503.9836288463368,1241.1946828397217,3228.718042851847,0.016091630377224445,0.06403854314183756,17.354868380743728,-361.75192,157.97845,68.1335,29.697794,0.72600996,-26.58041,-6.6796627,4.9704723,-15.911997,-23.396605,-9.849621,-3.6148188,-7.4476385
2232,37.2,0.15354997,256.36110126190204,840.217524643467,497.73903344133134,1409.7645623159356,3142.077260020862,0.016091630377224445,0.06403854314183756,17.354868380743728,-345.02368,161.53198,53.72168,21.422298,6.02238,-25.054714,-6.513369,3.9665954,-18.762882,-29.09576,-13.226051,-0.30096328,-3.6532006
2233,37.21666666666667,0.18497165,250.97586653001753,897.3800857415641,490.2466281520321,1646.207327943377,3094.9565704879624,0.016091630377224445,0.06403854314183756,17.354868380743728,-331.24133,158.47833,37.258827,22.031315,20.887978,-20.009686,-5.948114,-3.3321364,-32.505745,-36.047226,-13.864859,-2.060747,-4.350789
2234,37.233333333333334,0.21117857,246.91608228710226,874.9370638674131,488.60232432378626,1812.8530978550332,3094.11064827918,0.016091630377224445,0.06403854314183756,17.354868380743728,-312.91165,162.0752,21.673424,20.27134,24.998154,-15.069924,-15.868588,-13.171344,-34.549545,-23.30011,-11.176817,-14.178375,-6.4830956
2235,37.25,0.22240289,243.19592430748423,963.7406884243194,484.4034886003759,1935.9966190913424,3065.122896010583,0.016091630377224445,0.06403854314183756,17.354868380743728,-286.57547,172.33414,7.4981027,20.827301,38.489113,-10.458422,-24.607632,-21.740305,-35.271065,-13.941053,-3.7729034,-17.70438,-3.59439
2236,37.266666666666666,0.21082865,239.1350791664611,1062.2427583317933,471.3430276342922,2009.1728253613674,2983.1722898609255,0.016091630377224445,0.06403854314183756,17.354868380743728,-281.36502,171.59601,2.3684392,14.597355,33.93193,-8.192341,-28.247032,-31.052456,-35.542587,-6.6599054,-7.2124605,-31.477156,0.41404507
2237,37.28333333333333,0.17864445,237.0849283078369,1089.0992511508243,457.24278867300734,2047.7327609776567,2857.3165241902893,0.016091630377224445,0.06403854314183756,17.354868380743728,-293.1787,170.1741,7.4079733,6.902524,36.298607,0.97354335,-25.569344,-37.736855,-31.14153,4.415615,-3.8271933,-40.326138,-10.405542
2238,37.3,0.13247189,239.1431923119586,950.6561445478347,435.0642861512001,2088.151706553908,2912.136063286903,0.016091630377224445,0.06403854314183756,17.354868380743728,-327.28772,156.49457,13.028498,16.985138,44.846767,9.500432,-23.770824,-35.704845,-23.504084,3.73565,-7.40383,-32.555084,-17.263237
2239,37.31666666666667,0.07870136,236.7295393072906,1440.249365169294,400.721116031755,2259.503334599698,2966.412744637718,0.016091630377224445,0.06403854314183756,17.354868380743728,-330.49887,127.747955,-23.944454,27.6377,66.72946,5.4354978,-24.82167,-21.342903,-16.574337,-0.6039237,-9.617969,-25.553785,-8.09807
2240,37.333333333333336,0.033570252,230.04379939307023,2665.228218544189,419.7397417133095,2352.759053353673,2946.689313988329,0.016091630377224445,0.06403854314183756,17.354868380743728,-338.36395,99.58022,-51.220116,40.358543,87.785446,2.1013265,-28.74488,-12.218791,-9.302607,1.3452126,-5.759862,-17.925058,-4.2017803
2241,37.35,0.025547802,0.0,2519.038731896035,441.7137699034202,2162.473582998025,3061.49681965259,0.016091630377224445,0.06403854314183756,17.354868380743728,-336.46924,108.24957,-39.369583,43.331455,85.424805,3.3567429,-22.922285,-5.861922,-7.6342645,2.0318575,2.3282213,-8.709572,-0.761858
2242,37.36666666666667,0.039126415,0.0,2297.3382866815687,335.5721936946557,2118.1061147469186,3087.541221959154,0.016091630377224445,0.06403854314183756,17.354868380743728,-303.98392,132.81241,-26.142704,58.680046,70.88484,-9.776878,4.0637145,9.88533,-19.41782,15.685177,24.273922,-16.522514,-3.7195702
2243,37.38333333333333,0.065014616,0.0,3535.8538220018113,993.3159654430801,2673.301359240055,3714.794486349645,0.016091630377224445,0.06403854314183756,17.354868380743728,-268.284,122.36876,-37.037853,76.4905,54.520065,-26.166088,17.113693,29.492641,-31.439743,24.991886,33.090317,-26.430695,-2.6246512
2244,37.4,0.074397,0.0,3865.447999786842,1346.2908847230588,2784.0023319976917,4385.163099465407,0.016091630377224445,0.06403854314183756,17.354868380743728,-246.57245,113.39288,-23.795513,75.27168,41.169437,-25.07655,25.529202,41.916687,-43.249977,22.942358,32.46345,-26.113697,1.9212544
2245,37.416666666666664,0.0763394,0.0,3907.9733699077333,316.17687089989556,1944.1773541871232,4117.210975791784,0.016091630377224445,0.06403854314183756,17.354868380743728,-253.8817,109.69289,-5.1532226,74.91156,32.30081,-31.307697,20.349262,41.760136,-39.247135,27.306023,31.50728,-23.39506,4.5595846
2246,37.43333333333333,0.08132638,0.0,3065.1400285426344,229.28629888481433,1938.2641469360678,3565.0635103781747,0.016091630377224445,0.06403854314183756,17.354868380743728,-267.9434,121.77909,1.7216071,81.80467,41.489502,-22.336557,18.1434,34.35044,-32.417583,24.318075,26.554815,-23.669598,4.93965
2247,37.45,0.07518116,0.0,1463.934641393836,257.1539391246745,1745.6197677384198,3160.019411921532,0.016091630377224445,0.06403854314183756,17.354868380743728,-299.61935,150.80339,11.534653,71.40905,54.14358,-6.1415086,29.71,26.752668,-24.426743,12.199379,21.880783,-15.965994,0.6144352
2248,37.46666666666667,0.05910608,0.0,1486.5704305196368,229.40174837770033,1751.5499743430698,3213.018268228897,0.016091630377224445,0.06403854314183756,17.354868380743728,-363.0131,123.78993,25.454931,54.241352,49.94867,5.244458,17.237522,16.782059,-15.875764,2.3702464,22.685402,4.9755526,3.5326126
2249,37.483333333333334,0.05806543,0.0,1676.7486545884567,263.50171579113913,1547.1745679344908,3236.3041932767087,0.016091630377224445,0.06403854314183756,17.354868380743728,-373.0084,118.71273,30.833279,54.605846,46.762993,1.9127192,13.117452,21.783554,-7.9448385,-3.760234,11.473192,13.73723,17.038374
2250,37.5,0.12848361,0.0,850.1959386412871,351.9978634896008,1356.7059415951214,3259.695400163115,0.016091630377224445,0.06403854314183756,17.354868380743728,-307.10013,184.3204,57.440125,43.12851,19.06553,-20.222683,-6.3714933,24.812584,-8.1119995,-18.426344,-4.454981,5.8275976,16.473314
2251,37.516666666666666,0.16987139,242.0445200682376,831.410348023564,473.31265238687195,1212.5330073033833,3351.192164027614,0.016091630377224445,0.06403854314183756,17.354868380743728,-282.97174,203.9881,60.31482,26.72308,-3.5051117,-32.637848,-7.92382,30.26249,-13.738758,-28.60216,-15.135656,-1.7603786,13.2524605
2252,37.53333333333333,0.17722991,236.9561974376501,794.7853334005488,447.90840254779596,1085.8776782415507,3321.9088643530445,0.016091630377224445,0.06403854314183756,17.354868380743728,-295.30038,204.30545,74.89839,28.756887,-5.481769,-35.603165,-17.849665,27.24396,-1.3311759,-23.253859,-21.298172,-7.8830833,6.450336
2253,37.55,0.16740261,234.74613600998245,722.939684914584,432.46676728852776,977.2533677882893,3309.069036567954,0.016091630377224445,0.06403854314183756,17.354868380743728,-326.7882,195.28879,91.41226,34.988647,-9.606612,-40.603363,-22.066292,15.5173855,5.411554,-13.263716,-21.145153,-15.833306,-7.7679205
2254,37.56666666666667,0.15288986,236.02173250646786,647.3042530639949,424.89068129714883,911.4892282120829,3328.318021376403,0.016091630377224445,0.06403854314183756,17.354868380743728,-364.53607,171.85925,94.00572,39.64326,-4.9124537,-36.200382,-27.477291,5.346245,8.892921,-6.5918684,-11.8940935,-7.7635527,-14.551322
2255,37.583333333333336,0.135645,234.25206897117528,613.2867626468918,402.980665679594,865.4914931923104,3327.2097668090432,0.016091630377224445,0.06403854314183756,17.354868380743728,-386.22125,153.55627,93.40064,50.29312,8.608116,-27.49987,-25.652187,0.34719628,10.617849,1.1535065,-4.067787,-1.9523917,-11.693771
2256,37.6,0.1174165,231.5316183728718,625.9349379460309,384.5175142140941,862.008753042229,3310.872934819821,0.016091630377224445,0.06403854314183756,17.354868380743728,-398.0861,144.25714,91.99608,45.99743,5.508572,-28.054869,-28.796669,-4.8310776,7.210187,0.021096587,-3.1630485,-4.7679424,-17.632236
2257,37.61666666666667,0.12431743,232.44195536980803,664.4990055829134,379.04012903232285,883.3562096099403,3303.0476306060946,0.016091630377224445,0.06403854314183756,17.354868380743728,-391.20465,149.49924,92.93851,45.70124,5.499131,-29.782207,-30.048027,-0.113924146,14.095782,4.164257,-0.56710386,0.11041173,-11.717955
2258,37.63333333333333,0.14659618,235.92418658884483,706.533025102346,411.5087241520058,911.9884828078025,3239.1249550440557,0.016091630377224445,0.06403854314183756,17.354868380743728,-378.1345,158.80478,93.027374,41.33296,2.961131,-31.731646,-26.4474,9.322092,21.382935,1.9193602,-9.244867,-3.7961857,-7.9351525
2259,37.65,0.16098014,237.3167639648471,738.3411727705629,443.68808461517807,984.432817486184,3120.06878073559,0.016091630377224445,0.06403854314183756,17.354868380743728,-363.19894,163.8402,80.99567,28.932825,-0.7338284,-26.570292,-22.980991,12.912874,16.493004,-12.612059,-29.712894,-11.240773,5.1994834
2260,37.666666666666664,0.15441394,235.7935716978909,734.7480399067634,437.9313902020281,1004.5295188941611,2851.880152936812,0.016091630377224445,0.06403854314183756,17.354868380743728,-356.1387,168.82634,73.97476,17.413704,5.8494563,-6.4781065,-14.904942,9.914455,15.57678,-8.404285,-27.365402,-13.125824,8.703149
2261,37.68333333333333,0.12253212,230.7292229137481,654.4266335329138,426.3064033684498,1173.1073673783842,2743.2732026620947,0.016091630377224445,0.06403854314183756,17.354868380743728,-365.17062,165.71762,68.46742,8.160921,1.7489691,7.1878233,-1.3922323,-5.8618264,-7.123836,-9.844353,-15.183617,-14.493639,-7.9745574
2262,37.7,0.089377224,225.84000201768524,603.2671011610846,366.3606063614798,1609.9561550514068,3027.497982204398,0.016091630377224445,0.06403854314183756,17.354868380743728,-404.9688,136.39081,79.677925,28.470848,4.5623217,2.3360028,4.084919,-0.50497353,-8.911674,-13.283159,-10.687477,-6.3874726,-6.910943
2263,37.71666666666667,0.09293998,228.19824769838468,542.9901294703845,247.4545192056986,1166.6239350290286,2623.948594707203,0.016091630377224445,0.06403854314183756,17.354868380743728,-408.8334,128.78165,71.36034,26.585659,9.406305,5.355171,0.58406985,-5.8012657,-11.218304,-14.225628,-12.815176,-8.492185,-7.5217624
2264,37.733333333333334,0.12382726,232.42704561957987,534.818972046952,303.9118284433681,1164.956325548278,2424.1259274445165,0.016091630377224445,0.06403854314183756,17.354868380743728,-388.95016,141.8022,62.186844,18.743628,15.73193,9.818285,-10.127565,-20.041176,-14.681582,-12.124588,-15.367349,-12.430722,-6.9586945
2265,37.75,0.15672456,233.55056433064541,634.2705211150685,448.55665002185356,1966.2512964073042,2900.0050060093686,0.016091630377224445,0.06403854314183756,17.354868380743728,-359.05716,158.23145,49.34623,10.447595,23.496456,10.549877,-19.910408,-16.831623,-5.3543835,-13.175884,-19.481585,-4.4735456,3.6217544
2266,37.766666666666666,0.17806941,229.37587123772008,723.8603931135235,448.49826501474655,1670.283172384146,2896.4577739864976,0.016091630377224445,0.06403854314183756,17.354868380743728,-326.79407,179.67448,47.021107,6.66046,29.215412,15.4533,-23.221714,-16.413626,-7.0162153,-14.538925,-15.6672945,-0.90666807,4.4617763
2267,37.78333333333333,0.19156304,224.0092689602417,796.6397601859939,442.9281295045875,1776.6271295776685,2825.790865674239,0.016091630377224445,0.06403854314183756,17.354868380743728,-328.8731,168.75793,40.138542,7.340619,40.629013,19.563278,-28.897501,-19.994003,-4.4962716,-13.91926,-14.120082,1.6731864,8.019502
2268,37.8,0.19372876,222.06271839935877,779.3882088619758,430.40684573932094,1816.3945497457023,2762.4068534228563,0.016091630377224445,0.06403854314183756,17.354868380743728,-325.9122,172.01462,39.665928,9.409269,46.057755,26.213581,-31.619461,-22.3639,-1.5812674,-3.4729195,-10.793128,-0.3577428,4.985236
2269,37.81666666666667,0.18492295,222.31608427044637,767.9731485459465,412.02071580139295,1937.3342768897714,2697.9902367938266,0.016091630377224445,0.06403854314183756,17.354868380743728,-314.86908,187.503,40.500534,5.0243225,45.529152,25.16024,-32.492786,-31.381939,0.298154,1.7322968,-15.121042,-9.703937,-0.43486145
2270,37.833333333333336,0.16727918,223.29174186145698,729.3104730120191,396.36670513441015,2042.9561278835977,2680.8562182169417,0.016091630377224445,0.06403854314183756,17.354868380743728,-335.7901,178.26976,48.404716,8.82097,40.56292,30.545517,-20.43373,-33.34546,-7.00666,5.0613637,-8.333288,-9.354229,-3.5244899
2271,37.85,0.14265399,224.1021854917659,716.9365165223471,386.0370716350478,2020.1924492154762,2804.0010078976065,0.016091630377224445,0.06403854314183756,17.354868380743728,-358.37555,156.72772,39.677765,3.8534808,35.679646,32.047264,-14.988972,-35.217117,-12.23279,4.2558193,-5.1078014,-9.556831,-4.515318
2272,37.86666666666667,0.11813465,222.23514533363377,679.4531877737679,357.69388484542935,1996.819543841705,2742.995853452443,0.016091630377224445,0.06403854314183756,17.354868380743728,-361.3222,153.24698,36.06328,4.5055666,39.677704,37.75533,-11.379995,-34.841553,-14.653187,0.1769844,-8.139545,-11.890438,-5.2258377
2273,37.88333333333333,0.087287106,217.55604143964283,732.9566777934322,293.8632373807195,1882.3712477583267,2619.3358631893148,0.016091630377224445,0.06403854314183756,17.354868380743728,-373.71646,138.2366,29.077347,5.4934807,39.637646,32.925236,-13.485057,-32.464493,-15.310158,-0.6775271,1.3085159,0.95733535,-5.850696
2274,37.9,0.070793286,215.68628637065223,756.8592301276938,246.99208649403857,1761.5922848199564,2514.272745635394,0.016091630377224445,0.06403854314183756,17.354868380743728,-403.07,114.54588,35.701195,21.92974,47.307495,33.432655,-12.540232,-27.339777,-4.9872217,9.846581,4.0090094,-2.348639,-6.1149917
2275,37.916666666666664,0.0861049,218.82226718610096,629.230642440947,278.1218144001268,1867.5112113079563,2649.6185127153,0.016091630377224445,0.06403854314183756,17.354868380743728,-392.21457,127.80714,46.773277,31.77842,50.571556,27.730986,-18.901688,-28.238934,-6.3319893,2.2251601,-3.199315,0.12508589,0.9380336
2276,37.93333333333333,0.09723137,217.82206492762637,572.7130823240844,294.8922672186823,1944.4853373112,3072.9411594411326,0.016091630377224445,0.06403854314183756,17.354868380743728,-397.225,132.85199,68.97445,45.604637,39.61461,15.405294,-8.957148,-10.875819,-0.45129824,4.7804737,4.8774176,7.4783225,2.911251
2277,37.95,0.09831147,217.04941094542323,537.7983007189218,264.18164672431436,1179.4949248210514,2547.724085011569,0.016091630377224445,0.06403854314183756,17.354868380743728,-419.13007,118.49553,75.8532,49.64287,37.53047,23.272099,9.292649,1.8853675,-2.5247061,-3.1168015,5.813985,14.55614,4.712883
2278,37.96666666666667,0.11441788,221.60786289786066,569.0251717258207,273.83390573485997,448.73646757133656,1727.1671235515269,0.016091630377224445,0.06403854314183756,17.354868380743728,-410.33832,130.20888,82.14252,45.09371,25.210575,11.842503,1.9782176,-4.610903,-9.765322,-8.507891,2.5285048,9.953366,-0.18769002
2279,37.983333333333334,0.13730048,225.67854982320426,595.5465194669263,324.5766876735122,487.3339956617431,1633.3482722539768,0.016091630377224445,0.06403854314183756,17.354868380743728,-398.1772,141.8956,82.99802,36.901054,12.1087265,0.6323561,-1.1510296,-2.0122614,-9.452452,-13.014443,-3.9087725,4.631769,-2.2778292
2280,38.0,0.15414941,225.5491940106254,708.8750314436672,342.9628965183926,568.7416285976053,1518.4611185911892,0.016091630377224445,0.06403854314183756,17.354868380743728,-378.12775,150.86087,73.64319,22.33738,3.333164,-5.687115,-4.714966,5.1711025,-8.116508,-14.951109,-8.407661,2.9977717,-7.207782
2281,38.016666666666666,0.15907452,224.3192964914379,806.4379090530704,329.9214293110106,875.6915728225713,2379.3424558325396,0.016091630377224445,0.06403854314183756,17.354868380743728,-356.5488,158.13937,65.74188,26.517445,1.8084025,-20.614576,-4.820985,14.4218025,-11.55714,-16.241787,-3.270071,1.4203887,-9.963321
2282,38.03333333333333,0.1592955,223.63845281617415,890.0726377571364,335.21718514620216,880.8554342801018,3518.77918648444,0.016091630377224445,0.06403854314183756,17.354868380743728,-349.23056,153.83539,58.549038,26.683487,2.5502658,-26.650808,-3.4317508,23.30096,-15.789503,-21.850395,-5.669508,4.2566514,-9.863239
2283,38.05,0.14952964,223.37007058987268,927.0891532378143,341.9798615194096,901.0653710215205,3496.3983250688716,0.016091630377224445,0.06403854314183756,17.354868380743728,-353.60532,151.34436,61.370636,29.778957,0.12381667,-31.84666,-4.62527,19.942688,-17.616247,-21.0448,-5.987429,5.5550947,-6.8931026
2284,38.06666666666667,0.120181665,217.9423811634997,824.9268340709503,305.9311639158848,984.6453832048967,3484.279534506498,0.016091630377224445,0.06403854314183756,17.354868380743728,-364.0193,149.75331,59.195236,36.67125,4.8145075,-29.946022,-4.6750526,13.550735,-15.918716,-20.709259,0.20682192,0.7230271,-9.216616
2285,38.083333333333336,0.07860119,207.19960719448866,1741.857403563087,224.71825370806025,1146.6827136120123,3739.6892479372336,0.016091630377224445,0.06403854314183756,17.354868380743728,-355.52768,126.19154,32.9557,67.72463,18.35873,-47.26382,17.353832,36.91847,-28.662582,-15.766087,18.019527,-9.680395,-11.095184
2286,38.1,0.03953268,201.62980853268158,4430.750279404448,326.0666628994411,1820.263351725191,4003.820085788969,0.016091630377224445,0.06403854314183756,17.354868380743728,-348.10043,89.58137,-2.9530532,79.12082,22.635468,-47.673153,30.01155,36.490738,-38.808357,8.894806,28.601805,-8.323898,16.73664
2287,38.11666666666667,0.030471338,0.0,5063.815212185306,471.00471033896196,2709.4078407970237,3920.3559131773777,0.016091630377224445,0.06403854314183756,17.354868380743728,-340.6985,59.173927,-16.89217,86.07611,39.100197,-42.60013,13.59727,39.0412,-41.16486,13.607437,18.551773,-15.330421,18.082275
2288,38.13333333333333,0.032366477,0.0,5127.588249953158,456.94986474072664,2764.564440951026,3794.7695536953547,0.016091630377224445,0.06403854314183756,17.354868380743728,-343.79636,53.78071,-18.971664,84.18428,32.042328,-42.29569,15.490446,39.22773,-35.788647,15.430015,17.521587,-17.48051,12.598512
2289,38.15,0.030500125,0.0,4566.546439843688,836.7872229036091,2490.2585319622876,3868.4304301195857,0.016091630377224445,0.06403854314183756,17.354868380743728,-320.4821,88.13888,-24.849354,73.68909,34.725212,-31.785639,21.949005,26.112677,-30.87277,25.121647,17.521809,-20.985115,16.321121
2290,38.166666666666664,0.021130295,0.0,3432.0359992841436,1009.0318011588298,2135.6607600914444,3707.672168711267,0.016091630377224445,0.06403854314183756,17.354868380743728,-321.6264,122.25282,-16.3041,45.61204,18.889973,-31.340195,26.789778,10.133166,-34.621094,17.677996,27.047935,-8.733565,12.682707
2291,38.18333333333333,0.012178388,0.0,2513.649822232101,682.0877743672737,1659.2135691648216,3139.3358811820176,0.016091630377224445,0.06403854314183756,17.354868380743728,-372.66873,116.444046,13.215728,18.985443,6.8047705,-19.536947,7.749689,6.8433666,-21.54256,0.17143121,20.49067,11.442509,17.91222
2292,38.2,0.0062306696,0.0,3003.9335460235166,694.4548505581057,1695.6088586675173,3133.259514663606,0.016091630377224445,0.06403854314183756,17.354868380743728,-389.76224,97.78294,-0.6223526,9.901405,11.905662,-12.488502,3.3411217,7.4432983,-12.269766,-1.8288269,11.082994,10.544195,19.323997
2293,38.21666666666667,0.013543869,0.0,2745.2444101798746,470.4375534128555,1735.7866234561852,3103.018742856677,0.016091630377224445,0.06403854314183756,17.354868380743728,-374.87653,102.4335,-11.362937,13.575287,27.408726,-6.3980775,3.9440145,12.513488,-7.9225507,1.5670539,18.20602,13.191526,10.527732
2294,38.233333333333334,0.04535641,221.12885134785688,1890.6609871066137,243.26825192195562,1705.8065843715524,3102.84647805091,0.016091630377224445,0.06403854314183756,17.354868380743728,-346.22815,125.34211,-5.702568,18.180346,35.53808,-4.224921,-2.501234,10.53082,-10.296736,-6.103471,1.1430959,2.5292256,6.137411
2295,38.25,0.07667232,224.85596338504513,1382.5643205188126,316.9407497622646,1403.52447549026,3045.660829218154,0.016091630377224445,0.06403854314183756,17.354868380743728,-329.69608,142.72054,7.844228,18.002472,25.20893,-16.26655,-13.265281,9.598169,-11.329071,2.008767,7.837068,-3.5813103,-8.80685
2296,38.266666666666666,0.10181292,226.6919498272861,1172.807092570387,447.7213404126335,1216.5273019221231,3057.063810513845,0.016091630377224445,0.06403854314183756,17.354868380743728,-321.64532,152.14565,13.07993,16.746233,24.002201,-16.647453,-19.358864,3.136154,-18.611635,-5.3149176,6.4653473,2.6306124,-3.7335486
2297,38.28333333333333,0.114248864,225.99332532342007,1051.498461403909,525.3647416284989,1438.5361398529503,3110.2255645100154,0.016091630377224445,0.06403854314183756,17.354868380743728,-322.6984,159.19261,22.885082,13.915985,15.778775,-18.387611,-17.409264,2.8168826,-19.609304,-10.65554,-1.468983,1.1261203,4.6086464
2298,38.3,0.1202476,224.50672310381194,886.3451756357949,433.7401678195015,1177.0973256168586,3041.235524695857,0.016091630377224445,0.06403854314183756,17.354868380743728,-337.951,159.35564,35.74155,15.486326,14.527124,-16.831354,-20.743965,1.6259643,-10.04694,-16.265348,-9.355959,8.57055,11.261579
2299,38.31666666666667,0.11392057,221.35990222915902,725.0890981362652,336.3325002517027,961.1878748777566,3024.484925945479,0.016091630377224445,0.06403854314183756,17.354868380743728,-358.02054,155.95273,48.910694,18.75688,13.384451,-6.9458017,-5.251408,10.470211,3.2895536,-14.170107,-13.831829,4.5758047,9.6399
2300,38.333333333333336,0.09851361,218.07111715653892,682.7565018605941,282.2649189322375,1237.7736687494266,2999.12487591333,0.016091630377224445,0.06403854314183756,17.354868380743728,-374.20276,144.8508,53.210754,27.264433,24.113834,1.1124637,-7.001947,6.4925766,4.9736304,-11.586815,-10.290319,9.243597,9.88689
2301,38.35,0.09772885,217.04140315835127,731.5399385745152,279.3688543949106,1612.113690506671,3065.4946876081144,0.016091630377224445,0.06403854314183756,17.354868380743728,-373.87335,138.66837,44.472122,30.526213,33.767864,6.320442,-5.591734,2.2262053,-5.9328194,-17.917841,-5.8815236,15.000908,8.907916
2302,38.36666666666667,0.1101268,217.30326377977903,770.148030166205,310.0630197206697,1895.814307433631,3154.0607878993833,0.016091630377224445,0.06403854314183756,17.354868380743728,-365.04965,137.22223,36.367256,35.48973,38.803684,-0.6336967,-15.148739,-3.3315659,-11.559694,-14.891804,0.5988798,9.020009,-2.986321
2303,38.38333333333333,0.11562091,216.017872655228,908.2379821335222,330.81380232206266,2079.891806327203,3134.3547558169757,0.016091630377224445,0.06403854314183756,17.354868380743728,-355.28424,133.07791,23.5235,38.24495,53.07769,2.0795984,-32.446266,-15.558495,-13.333836,-7.749996,-1.50191,-8.289265,-12.2088375
2304,38.4,0.113956675,214.29214980580085,1019.5287527175306,339.1855988205033,2314.569794972226,3148.8548143136404,0.016091630377224445,0.06403854314183756,17.354868380743728,-364.07764,122.41001,26.513824,50.420696,57.949226,-4.086075,-38.19562,-9.332773,-4.54405,1.4704671,3.608242,-10.131226,-11.866186
2305,38.416666666666664,0.10908784,213.8325367143613,1189.5357162112325,357.03779307163717,2569.0574581352544,3193.9754229908735,0.016091630377224445,0.06403854314183756,17.354868380743728,-360.2707,115.410835,19.124023,64.48427,63.83063,-16.347086,-43.22325,-7.8432693,-4.5319853,2.7752295,0.06885344,-19.673992,-5.7388744
2306,38.43333333333333,0.105587915,211.8761585784109,1445.4381652730299,357.06464061301324,2699.859046451974,3277.454423619793,0.016091630377224445,0.06403854314183756,17.354868380743728,-359.43497,104.939255,13.6447315,69.95056,66.28834,-19.744255,-48.244984,-0.12929523,-2.2787638,-1.8951728,-7.757212,-26.2486,-2.927022
2307,38.45,0.10020388,209.81206038228498,1444.1526082244332,351.10677308240014,2757.899335901761,3325.0374133438922,0.016091630377224445,0.06403854314183756,17.354868380743728,-368.58377,102.109924,22.561247,76.308075,58.527004,-26.728518,-43.153133,5.9981356,0.559989,-3.8191915,-5.755865,-25.95292,-2.599965
2308,38.46666666666667,0.09630461,209.97299931896586,1456.758378544994,345.9260191023797,2782.408786694496,3344.792345083272,0.016091630377224445,0.06403854314183756,17.354868380743728,-371.39746,101.55734,25.672354,80.7276,65.17685,-21.116001,-38.54196,13.427652,6.2314157,-2.6875834,-0.42379913,-15.230129,4.108226
2309,38.483333333333334,0.09655149,210.00821811795444,1516.5545629611245,326.5042370649245,2787.5158621211026,3360.83882607071,0.016091630377224445,0.06403854314183756,17.354868380743728,-374.48044,96.32381,23.075994,85.83257,66.3573,-25.954243,-36.35646,16.662064,1.1547947,-10.224957,-2.3636048,-15.9561825,3.660039
2310,38.5,0.100831605,210.33961356686171,1451.9764312377306,333.88051419870425,2837.0422471852585,3357.084516787292,0.016091630377224445,0.06403854314183756,17.354868380743728,-376.4281,96.77529,24.885984,81.596085,64.94507,-23.10785,-40.472626,9.603996,0.561335,-9.66325,-8.135282,-17.62342,5.9826536
2311,38.516666666666666,0.10678791,210.71885116003492,1260.369057376863,354.6175518927642,2876.383015310604,3365.416505916774,0.016091630377224445,0.06403854314183756,17.354868380743728,-374.48752,105.380806,40.446213,89.06231,67.39592,-15.714006,-31.053284,20.678356,6.215184,-4.6084285,2.8611035,-6.6924744,9.92947
2312,38.53333333333333,0.110932134,211.0538941587881,1240.4185489358608,339.68858570802917,2865.827113215885,3355.542244473727,0.016091630377224445,0.06403854314183756,17.354868380743728,-366.54047,110.960495,37.755417,92.39041,68.1485,-21.297077,-29.106945,23.149426,9.768128,-1.8728313,4.3696513,-9.687828,4.3462334
2313,38.55,0.113307536,210.97490968372597,1235.441038376789,330.8623670046485,2839.8035479476957,3358.4169755689104,0.016091630377224445,0.06403854314183756,17.354868380743728,-369.24066,107.58577,34.820644,91.90514,72.205475,-17.538605,-28.992489,25.011381,14.051059,1.0225163,6.0388684,-5.4638443,12.938308
2314,38.56666666666667,0.10928198,211.02232172092823,1272.7009028736238,338.02332373643685,2857.783246289119,3387.1179734949,0.016091630377224445,0.06403854314183756,17.354868380743728,-371.51227,105.79242,33.860683,93.58551,74.06133,-16.892096,-29.430382,19.443539,8.347914,-4.8213644,0.58146745,-7.898468,14.016851
2315,38.583333333333336,0.103621826,210.44155420187786,1341.5545150165228,324.7459397149882,2904.968279644463,3396.6534058082934,0.016091630377224445,0.06403854314183756,17.354868380743728,-377.95288,99.29764,30.224705,91.00859,73.69827,-18.34673,-31.316252,16.938362,2.4222689,-9.887346,-1.8641455,-6.2657084,14.082024
2316,38.6,0.09988458,209.05788216456222,1331.80849848849,309.4653347518528,2908.167739427931,3333.3699117299047,0.016091630377224445,0.06403854314183756,17.354868380743728,-380.27444,96.80718,30.907637,90.75028,73.4404,-13.788736,-29.551413,16.900782,4.5875325,-8.593526,-3.6757298,-9.932375,14.647258
2317,38.61666666666667,0.09994228,208.30528924261355,1291.2108905478694,300.25830307575853,2889.621536943275,3350.1441943617433,0.016091630377224445,0.06403854314183756,17.354868380743728,-381.30154,100.55921,35.88388,92.98212,75.34152,-12.183229,-25.793356,19.385899,6.6071234,-7.638158,-1.5339131,-4.9840016,15.32522
2318,38.63333333333333,0.099029034,209.08330861080069,1333.2694221449442,307.0656296632,2851.3586015256333,3391.0199735209485,0.016091630377224445,0.06403854314183756,17.354868380743728,-377.805,98.835846,30.378588,92.7634,72.46478,-18.663416,-27.779303,20.519474,5.9384403,-9.22312,-0.8005582,-7.020425,11.138502
2319,38.65,0.09889129,210.18273383248336,1398.5482174115257,316.39845686875145,2857.895431393813,3352.6101557533775,0.016091630377224445,0.06403854314183756,17.354868380743728,-377.9932,96.7074,27.296316,87.32257,68.63913,-18.777092,-32.141983,19.328482,9.6394825,-6.005367,-0.65632224,-9.3564415,14.527456
2320,38.666666666666664,0.1028162,211.16230370390844,1308.0559481133587,339.1006282098928,2898.5011596056574,3347.8911995065237,0.016091630377224445,0.06403854314183756,17.354868380743728,-370.98203,104.692825,32.60212,91.75873,74.94377,-17.411167,-34.47444,19.973497,9.732843,-6.545128,-0.61885,-6.1489367,13.183227
2321,38.68333333333333,0.10923279,212.46645825751543,1350.5682512619533,355.2752724505112,2935.0768392539953,3341.0820518159558,0.016091630377224445,0.06403854314183756,17.354868380743728,-368.0331,103.54047,33.023705,89.39805,65.75267,-22.597504,-36.299873,21.269909,6.149292,-8.008958,0.8882804,-12.495403,6.2278214
2322,38.7,0.11255307,212.32545659149642,1317.0578610276757,357.3448438229957,2926.1009447953106,3273.9891332409015,0.016091630377224445,0.06403854314183756,17.354868380743728,-369.146,104.08402,33.59947,83.779434,59.90445,-25.55243,-43.582485,14.52903,3.005844,-10.199763,-3.9640634,-16.54871,7.697648
2323,38.71666666666667,0.11313611,211.61634602925463,1359.6973182877316,359.3991939986818,2836.039194158499,3348.73677020701,0.016091630377224445,0.06403854314183756,17.354868380743728,-365.49173,106.38182,30.286297,91.37782,69.09371,-29.00368,-39.37565,19.988136,4.431056,-11.315203,-4.4239993,-10.988138,6.974076
2324,38.733333333333334,0.11205598,210.7306745586717,1308.5588027283845,351.92200539846243,2853.619324023183,3346.2329950049334,0.016091630377224445,0.06403854314183756,17.354868380743728,-361.44376,112.612625,32.055687,88.26364,68.80965,-24.832817,-41.790287,16.819677,14.153978,-3.97157,-3.469159,-10.453621,9.4792595
2325,38.75,0.1104917,209.92795282004403,1367.4037725826063,333.01515923298894,2873.5208730954346,3324.575454764522,0.016091630377224445,0.06403854314183756,17.354868380743728,-364.87,104.60118,28.59191,95.84804,77.04237,-22.085003,-39.95291,17.546873,4.114795,-12.952129,-1.5256948,-9.957777,9.607642
2326,38.766666666666666,0.107969545,209.14064803174168,1354.258810719892,340.18064469959194,2869.744671875595,3297.0422911491796,0.016091630377224445,0.06403854314183756,17.354868380743728,-369.54562,102.83464,30.6339,92.18696,77.71669,-13.779089,-35.450756,20.404667,10.737854,-5.4176545,-4.2054567,-11.121506,14.747812
2327,38.78333333333333,0.10281397,209.70310744149097,1302.5357074546728,351.02747129896665,2870.2265161083656,3311.950905381003,0.016091630377224445,0.06403854314183756,17.354868380743728,-376.30942,101.625534,28.32957,85.7995,69.13155,-22.299667,-39.592476,9.456589,4.249005,-11.107117,-7.3057127,-10.227236,13.074255
2328,38.8,0.099726096,210.8516465961631,1416.7143918220136,330.0819411050421,2818.254267269707,3347.646247394172,0.016091630377224445,0.06403854314183756,17.354868380743728,-373.7018,101.15698,25.009136,84.94989,72.13365,-24.551563,-45.685066,11.6223955,4.72507,-15.001035,-9.353759,-10.910729,8.188775
2329,38.81666666666667,0.0982534,211.27090775584736,1281.4007438709518,310.7509679772038,2812.006287064903,3320.061375830718,0.016091630377224445,0.06403854314183756,17.354868380743728,-368.28516,110.46958,32.927116,89.31273,76.41008,-18.012161,-38.22828,17.126312,13.350531,-4.6366377,-4.140746,-7.944029,11.22585
2330,38.833333333333336,0.095371574,211.03006208893572,1364.3970840382951,321.43890273313986,2844.913044378126,3311.617090181675,0.016091630377224445,0.06403854314183756,17.354868380743728,-369.83316,106.365036,31.522594,90.2287,75.02702,-17.93778,-36.071793,16.43118,8.179752,-7.103147,-4.839653,-9.965541,10.104395
2331,38.85,0.097166725,211.62448280142152,1321.7985492100156,328.53460674453396,2867.8186138413203,3277.927111799324,0.016091630377224445,0.06403854314183756,17.354868380743728,-368.39948,105.82379,33.171566,91.01929,73.412735,-14.515336,-32.909534,20.888557,14.023781,-0.5186242,-2.0801299,-11.868019,14.343319
2332,38.86666666666667,0.101442985,212.52433337851085,1366.0910025108478,329.16562993237767,2823.7396862933415,3247.9282105972634,0.016091630377224445,0.06403854314183756,17.354868380743728,-367.34412,103.23105,26.885433,88.9787,73.89182,-15.323361,-38.03102,13.977419,12.443516,-2.9370475,-5.125288,-16.463375,10.822269
2333,38.88333333333333,0.1054936,212.12697766076835,1309.2578023904596,347.41325866351326,2744.530077053267,3256.6974940041555,0.016091630377224445,0.06403854314183756,17.354868380743728,-360.3913,111.947845,34.74781,92.05643,74.26578,-15.690819,-38.934494,15.920194,10.98131,-0.4439022,-1.2959592,-17.134771,12.322975
2334,38.9,0.1054716,210.78081320203486,1212.5855511352324,363.1280241145303,2747.2831011473877,3241.849485648232,0.016091630377224445,0.06403854314183756,17.354868380743728,-357.89075,117.29357,38.390064,91.002884,75.46492,-12.292412,-40.392525,12.29859,15.392594,5.9401717,-0.40583634,-10.680508,19.97855
2335,38.916666666666664,0.10533062,209.06537605796206,1498.486916844778,351.713870309208,2736.0468452675236,3229.741309526152,0.016091630377224445,0.06403854314183756,17.354868380743728,-349.58176,113.12089,26.456497,89.37837,68.618034,-22.874886,-46.29352,9.090544,12.683923,6.064194,2.0231562,-17.029608,17.518465
2336,38.93333333333333,0.10526096,208.5782328050187,1393.3078161512337,349.0578916143071,2705.8020765434662,3178.2026653609987,0.016091630377224445,0.06403854314183756,17.354868380743728,-353.47855,111.278336,27.17981,83.6568,73.35774,-10.258038,-45.25837,9.843784,14.113422,9.018983,1.6554945,-18.587755,15.453474
2337,38.95,0.10054768,209.12363460024307,1398.4856616949585,334.131401832263,2683.7026657281885,3128.5754071562214,0.016091630377224445,0.06403854314183756,17.354868380743728,-356.8513,118.60443,25.721445,72.194244,79.18216,-5.9042234,-54.958252,1.5448043,14.34897,-2.1606197,-4.058979,-13.506036,9.266633
2338,38.96666666666667,0.094074346,208.9799121747908,1470.9059156683813,275.82882900168903,2607.210276346394,3042.416884004054,0.016091630377224445,0.06403854314183756,17.354868380743728,-352.6696,119.107216,14.874448,67.97043,87.366776,-2.2483766,-57.042152,-2.253021,15.795231,2.9358616,0.63747483,-11.332003,4.58923
2339,38.983333333333334,0.08225433,208.71573333541994,1289.4501102172812,256.81119001071716,2574.1250143900943,3021.402826454864,0.016091630377224445,0.06403854314183756,17.354868380743728,-365.99136,117.46519,21.005318,61.30322,80.58799,5.2512727,-47.78232,-8.947961,14.099941,6.7805815,-1.3763404,-16.813976,-2.544488
2340,39.0,0.06643353,164.6598184471236,1428.2521000494507,247.01392007922954,2494.767265317644,3014.243196889378,0.016091630377224445,0.06403854314183756,17.354868380743728,-363.7644,118.10281,11.419253,59.418835,88.25975,6.0025506,-44.933746,-7.7278233,21.494503,17.480112,1.0949103,-16.510084,-5.8841734
2341,39.016666666666666,0.04269727,104.66511522007549,1396.0398907418885,244.286485154816,2347.169927084582,2930.3902622734927,0.016091630377224445,0.06403854314183756,17.354868380743728,-376.57166,112.0325,15.583909,60.470947,87.44421,8.460648,-38.97399,-6.4267893,20.265774,14.853797,0.22059476,-11.447657,-5.332868
2342,39.03333333333333,0.022172155,107.02730955813504,1524.1653877527347,239.4188414213146,2286.00168568325,2964.834633741118,0.016091630377224445,0.06403854314183756,17.354868380743728,-409.72116,91.22275,19.189648,50.264435,79.27292,24.771221,-23.108307,-5.7434793,18.204176,12.0431595,0.35324112,0.06604007,6.1147337
2343,39.05,0.010731098,0.0,1894.826237705095,1137.4430903992395,2627.4319484948232,3322.3523491423307,0.016091630377224445,0.06403854314183756,17.354868380743728,-419.522,74.83809,9.406603,51.11611,69.83708,9.478512,-15.904133,11.988487,17.553661,6.694831,11.15381,11.501143,1.6163096
2344,39.06666666666667,0.008658011,0.0,2732.6255905741,2304.5244148358806,3250.77119785208,3696.3772216968496,0.016091630377224445,0.06403854314183756,17.354868380743728,-420.30972,55.636414,-11.64785,59.964935,74.8121,-0.39701456,-6.443695,26.738354,10.187483,-2.908258,10.731922,6.8676815,-6.456601
2345,39.083333333333336,0.0076261917,0.0,3255.6974961798696,2326.5674539500105,3515.706203292754,3685.6956885986215,0.016091630377224445,0.06403854314183756,17.354868380743728,-419.09836,45.458576,-26.476913,59.86093,75.235306,-5.0602627,-5.4090543,25.025635,2.7885633,-4.867654,9.194495,1.229614,-9.035618
2346,39.1,0.00780798,0.0,3365.519064212118,2392.2895892458278,3466.6757224724,3619.7872029195587,0.016091630377224445,0.06403854314183756,17.354868380743728,-413.80283,44.235558,-36.209763,53.5242,69.30844,-13.454981,-10.403114,24.064535,7.26084,6.960041,17.824299,1.4573222,-5.455543
2347,39.11666666666667,0.010685644,0.0,3454.438323194937,2249.3911644601285,3394.192808779136,3706.086147675068,0.016091630377224445,0.06403854314183756,17.354868380743728,-409.70792,45.603775,-37.629677,54.906258,68.192245,-17.427483,-10.946344,23.23941,1.4399166,1.8685595,17.449509,0.97238874,-9.774164
2348,39.13333333333333,0.013173305,0.0,3579.6332882715433,1555.5252818062368,3119.684207418936,3702.600061212806,0.016091630377224445,0.06403854314183756,17.354868380743728,-409.04572,43.839638,-37.20645,59.92895,64.39557,-29.32346,-16.91174,21.609524,-4.5524282,-7.2126904,14.607173,10.715053,1.255347
2349,39.15,0.012515947,0.0,3418.8775189237094,558.7818236774069,2471.760942751679,3478.462597164803,0.016091630377224445,0.06403854314183756,17.354868380743728,-408.38773,52.95224,-27.018873,57.836403,63.05395,-27.085487,-19.433859,20.39048,-6.1818914,-14.562901,11.561001,10.368037,-5.411865
2350,39.166666666666664,0.008278271,0.0,3160.7363293583157,608.8665607058326,2305.6553882516455,3474.3083564564545,0.016091630377224445,0.06403854314183756,17.354868380743728,-425.4701,51.85572,-16.771566,45.686462,58.180862,-17.234404,-27.743338,5.8804045,-7.666061,-17.61203,8.834315,17.45924,2.4903407
2351,39.18333333333333,0.0022993244,0.0,2728.7971329352586,615.8187393345052,2147.7295650296537,3353.9793636685627,0.016091630377224445,0.06403854314183756,17.354868380743728,-463.82053,46.034122,11.377641,26.7313,31.584772,-3.5677247,-18.957851,-1.7285858,0.8350285,-7.6049213,2.8613052,11.480965,-1.0500818
2352,39.2,0.00095893675,0.0,2558.627462020558,561.4268469726572,2246.9889955445633,3195.4697062998184,0.016091630377224445,0.06403854314183756,17.354868380743728,-492.8953,33.512405,26.414816,19.787392,11.93859,3.5503561,-0.5081304,-0.35585254,-0.17773253,0.38524634,2.807085,3.4977994,0.6824597
2353,39.21666666666667,0.00094074104,0.0,2159.7310892003043,568.1473339424723,2335.474729681985,3320.4606763774555,0.016091630377224445,0.06403854314183756,17.354868380743728,-496.8877,30.409492,27.31065,22.755627,17.498688,12.325287,7.880475,4.551012,2.426826,1.3413534,0.96751404,0.93423045,0.9284833
2354,39.233333333333334,0.000886663,0.0,2128.955456488646,745.7192871768475,2454.932190552105,3654.134391016057,0.016091630377224445,0.06403854314183756,17.354868380743728,-501.38596,24.435352,22.46228,19.657623,16.578106,13.73229,11.438031,9.761653,8.553604,7.5562563,6.5330763,5.365383,4.0814857
2355,39.25,0.000684102,0.0,2800.046922436396,767.9227301767476,2560.1892686506335,3692.83114948962,0.016091630377224445,0.06403854314183756,17.354868380743728,-505.5176,18.840664,17.531694,15.598377,13.348845,11.103796,9.122687,7.5495853,6.3926115,5.541189,4.814603,4.0272408,3.0510063
2356,39.266666666666666,0.0005731,0.0,2808.224880096336,702.7983666251748,2361.510345992653,3654.496053398802,0.016091630377224445,0.06403854314183756,17.354868380743728,-508.31628,15.032295,14.138565,12.7954235,11.188925,9.521065,7.969069,6.6531277,5.619836,4.844348,4.249363,3.7346373,3.2086182
2357,39.28333333333333,0.00058316515,0.0,2376.5936101682896,755.4470874840567,2369.5557765838475,3629.751770168715,0.016091630377224445,0.06403854314183756,17.354868380743728,-505.40024,19.163712,18.27501,16.887579,15.125989,13.136165,11.064325,9.038308,7.1546373,5.4729543,4.017511,2.7842054,1.7501106
2358,39.3,0.0007585977,0.0,3227.0846866392535,668.4645699428004,2538.9750934374556,3908.666023696587,0.016091630377224445,0.06403854314183756,17.354868380743728,-510.55533,12.091347,11.829521,11.400295,10.814152,10.085228,9.2309,8.2711525,7.227953,6.1245747,4.9848547,3.8325326,2.690581
2359,39.31666666666667,0.000876552,0.0,2012.3600809779437,319.48705809557805,1997.5457834376352,3804.0263789351266,0.016091630377224445,0.06403854314183756,17.354868380743728,-503.81598,21.357914,20.323332,18.671722,16.50555,13.955707,11.170528,8.303585,5.5014954,2.892965,0.5798262,-1.3687804,-2.9190924
2360,39.333333333333336,0.0011216403,0.0,1942.2371725820783,166.9142099938772,1089.3248374569666,2884.7091676594,0.016091630377224445,0.06403854314183756,17.354868380743728,-503.75763,21.528133,20.747025,19.48653,17.803791,15.770376,13.466379,10.97551,8.381746,5.767475,3.2123837,0.7922094,-1.4234643
2361,39.35,0.0011766198,0.0,2088.396909138375,246.32906509572362,1368.2995904923716,2794.2427775437714,0.016091630377224445,0.06403854314183756,17.354868380743728,-503.15173,22.376293,21.568817,20.264093,18.521042,16.416958,14.042824,11.49786,8.883772,6.2990675,3.8338761,1.5655289,-0.44472882
2362,39.36666666666667,0.0010555515,0.0,2113.274048753872,348.7212837824685,1942.175426168145,3507.7648157575777,0.016091630377224445,0.06403854314183756,17.354868380743728,-499.67136,27.052254,25.589943,23.356989,20.542347,17.42978,14.286554,11.252125,8.441118,5.931773,3.6763277,1.6275239,-0.19336998
2363,39.38333333333333,0.00091706635,0.0,2290.816449391369,568.8720323410887,2323.9033721651713,4288.795503023238,0.016091630377224445,0.06403854314183756,17.354868380743728,-501.92776,23.650692,21.584684,18.522284,14.934605,11.310607,8.047399,5.3743186,3.3303218,1.7966387,0.57043153,-0.54673994,-1.6748625
2364,39.4,0.00089506595,0.0,2932.185093505791,721.7791602586879,2639.671729723616,4105.577977184755,0.016091630377224445,0.06403854314183756,17.354868380743728,-504.68848,20.075186,18.92364,17.164967,14.999187,12.637978,10.262602,7.9969397,5.902029,3.99057,2.253386,0.68596125,-0.69554985
2365,39.416666666666664,0.0009439811,0.0,2260.66360602962,566.5849678979255,2609.7837537456753,3688.7920813645633,0.016091630377224445,0.06403854314183756,17.354868380743728,-503.2529,22.127129,21.020638,19.27847,17.03957,14.472908,11.757053,9.060286,6.5239425,4.251244,2.3025208,0.6965094,-0.58333355
2366,39.43333333333333,0.0009992847,0.0,2361.439915336615,344.9099395141649,1900.9666696836057,3230.1667617728745,0.016091630377224445,0.06403854314183756,17.354868380743728,-502.6142,22.901047,21.435974,19.186909,16.404202,13.370156,10.35019,7.552026,5.101508,3.038926,1.3348525,-0.08076018,-1.284935
2367,39.45,0.00084278936,0.0,2470.2146385183723,417.4313369322872,1669.3003575450107,3160.0319807650003,0.016091630377224445,0.06403854314183756,17.354868380743728,-504.01202,21.120583,20.203007,18.738075,16.816326,14.553188,12.079127,9.528873,7.030851,4.6978025,2.6194878,0.8580153,-0.5539143
2368,39.46666666666667,0.0008009734,0.0,2352.9430858356027,538.07424183275,2285.812320141675,3767.0152650445016,0.016091630377224445,0.06403854314183756,17.354868380743728,-503.9388,21.198551,20.208138,18.633263,16.579258,14.177929,11.574657,8.91481,6.3314686,3.9356577,1.8100572,0.0064358264,-1.4533272
2369,39.483333333333334,0.00083147665,0.0,2680.0397241741475,547.3780045794726,1908.4581829699482,3546.211772956549,0.016091630377224445,0.06403854314183756,17.354868380743728,-507.0104,16.849781,15.869542,14.386588,12.591276,10.687696,8.850525,7.191164,5.741515,4.4586964,3.248959,2.0037918,0.6385778
2370,39.5,0.0007023963,0.0,2642.937079943311,545.154412470622,1498.6759883407933,3276.310302127419,0.016091630377224445,0.06403854314183756,17.354868380743728,-507.1939,16.693972,16.00008,14.918266,13.547087,12.000458,10.389334,8.805277,7.308773,5.924669,4.64489,3.4380088,2.2628136
2371,39.516666666666666,0.00075237127,0.0,3054.7330758952653,284.0950019439971,1922.6587310647296,3393.0722575571253,0.016091630377224445,0.06403854314183756,17.354868380743728,-507.41513,16.425701,15.85104,14.923308,13.685236,12.192276,10.508675,8.703163,6.844513,4.9974985,3.2193942,1.5575377,0.04783544
2372,39.53333333333333,0.0006623308,0.0,3235.804634264482,302.6168274548207,2176.5512383829446,3677.941708729134,0.016091630377224445,0.06403854314183756,17.354868380743728,-503.1537,18.794415,17.061634,19.941774,15.906374,11.319726,13.144725,10.175755,4.213297,5.28494,4.4027476,-1.383564,-0.90206236
2373,39.55,0.0007174459,0.0,3514.417154588018,337.5561947677658,2301.7903787092496,3754.55145193165,0.016091630377224445,0.06403854314183756,17.354868380743728,-507.5548,16.162706,15.404856,14.213292,12.685953,10.942575,9.110449,7.3098025,5.640965,4.1749964,2.9487696,1.965201,1.1979995
2374,39.56666666666667,0.0005976906,0.0,2632.7837988955143,348.72874474162256,2265.468610527295,3638.9810194736997,0.016091630377224445,0.06403854314183756,17.354868380743728,-504.322,20.604778,19.471237,17.697536,15.441257,12.893925,10.25719,7.718585,5.430418,3.494647,1.9554857,0.8006299,-0.029738247
2375,39.583333333333336,0.0006163395,0.0,3291.263866992282,329.56824021202,1533.2867576840317,3104.6505994443833,0.016091630377224445,0.06403854314183756,17.354868380743728,-509.07916,14.049135,13.409596,12.389669,11.053791,9.483643,7.7707615,6.008505,4.284246,2.672521,1.2300333,-0.0073885918,-1.025345
2376,39.6,0.000645997,0.0,3626.192933116138,284.42465625128256,1720.6378860389307,3606.0806219460665,0.016091630377224445,0.06403854314183756,17.354868380743728,-504.55792,14.958191,12.173691,17.644936,13.899281,6.8595586,10.439941,10.37307,2.1555164,2.909535,6.547273,0.169712,-2.2272272
2377,39.61666666666667,0.00082104583,0.0,3028.7666483846756,251.68197065637258,1859.9141380337633,3789.3044891705867,0.016091630377224445,0.06403854314183756,17.354868380743728,-505.2063,18.659367,17.365898,16.690262,14.378201,11.310154,9.582907,7.464729,4.3469276,2.6642833,1.7904222,-0.14501613,-1.3561485
2378,39.63333333333333,0.0008587597,0.0,2750.499101586781,268.6816346807755,1739.0093142789924,3540.094067238007,0.016091630377224445,0.06403854314183756,17.354868380743728,-503.37585,20.631054,19.092876,19.344345,17.053385,13.223972,11.898539,10.14154,5.8826365,3.5139077,2.9369993,0.059268653,-2.5904741
2379,39.65,0.00086172024,0.0,3180.877620031249,279.90865339318856,1766.761341972841,3616.888316695418,0.016091630377224445,0.06403854314183756,17.354868380743728,-501.2923,19.856339,16.635004,21.46171,18.268332,10.391438,12.203826,12.788174,4.2787457,1.9769106,5.411504,0.056192756,-5.5514746
2380,39.666666666666664,0.00076976686,0.0,2725.166504755307,274.1187947879989,1747.698768739328,3389.6202819898895,0.016091630377224445,0.06403854314183756,17.354868380743728,-505.3677,19.240429,18.431787,17.140743,15.446903,13.451433,11.26812,9.013521,6.7973146,4.713744,2.8350234,1.2073212,-0.15038371
2381,39.68333333333333,0.0008120352,0.0,2747.683734379898,267.3487825482652,1793.6091270080099,3554.488286767805,0.016091630377224445,0.06403854314183756,17.354868380743728,-505.68375,18.836273,18.149948,17.043442,15.569984,13.798696,11.809761,9.689023,7.5224075,5.3906507,3.3648705,1.5030692,-0.15198123
2382,39.7,0.0009470053,0.0,3061.2249467412103,243.8944258093599,1826.3911471111303,3945.5395726742486,0.016091630377224445,0.06403854314183756,17.354868380743728,-494.4607,26.732464,21.451633,27.941038,22.644981,10.220983,11.862812,12.518379,0.5796264,-2.7798004,2.8700676,-2.3639379,-8.534767
2383,39.71666666666667,0.0008838882,0.0,2966.286541694661,275.20384566615513,1839.8487782352547,3792.7110085984527,0.016091630377224445,0.06403854314183756,17.354868380743728,-501.2878,21.404968,18.654972,21.30672,18.472124,11.845412,11.5464525,11.060971,4.286684,0.98320407,2.3692896,-1.2028607,-5.8389235
2384,39.733333333333334,0.0007032611,0.0,2840.7555648618954,335.1138502087603,1798.4569243305416,3757.8699136033106,0.016091630377224445,0.06403854314183756,17.354868380743728,-503.67313,21.022358,19.582481,18.339016,15.932075,12.549541,9.870577,7.401224,4.140829,1.4500788,0.05867061,-1.4760885,-3.1031559
2385,39.75,0.00064091966,0.0,3060.0129299034343,325.92341764930546,1820.3078386881832,3885.885836848517,0.016091630377224445,0.06403854314183756,17.354868380743728,-505.81543,18.2617,17.029732,15.622637,13.421478,10.546511,7.944785,5.523596,2.7966688,0.4446583,-1.0107211,-2.242904,-3.379494
2386,39.766666666666666,0.0005416515,0.0,3196.3081697543957,319.49844926396975,1887.6226355693314,3833.107715795989,0.016091630377224445,0.06403854314183756,17.354868380743728,-508.52258,14.885784,14.388273,13.583683,12.507326,11.2055645,9.733049,8.1494465,6.5159903,4.892041,3.3318734,1.8819463,0.5788207
2387,39.78333333333333,0.0006064754,0.0,2981.9232064739185,303.46635022587105,1830.0185476361107,3480.7677008358887,0.016091630377224445,0.06403854314183756,17.354868380743728,-507.95255,15.628561,14.951077,13.878845,12.489088,10.875273,9.135884,7.3639507,5.6389956,4.0223136,2.555811,1.2635987,0.15536198
2388,39.8,0.0007065093,0.0,2953.313999186722,207.38080730391164,1785.815320368833,3391.4548137290312,0.016091630377224445,0.06403854314183756,17.354868380743728,-508.6544,14.719931,14.282541,13.573214,12.6201315,11.460228,10.136976,8.697756,7.191165,5.6643586,4.160722,2.7178838,1.366339
2389,39.81666666666667,0.0005918979,0.0,2869.1900903791025,180.11720859447792,1836.0569722090033,3503.7672645448865,0.016091630377224445,0.06403854314183756,17.354868380743728,-509.56702,13.460155,13.113247,12.547657,11.781599,10.839216,9.7494,8.544355,7.2581215,5.9250546,4.5784388,3.2492568,1.9651792
2390,39.833333333333336,0.00076413667,0.0,3159.8267068242167,226.78638824168237,1852.7420694191128,3090.6720797242224,0.016091630377224445,0.06403854314183756,17.354868380743728,-509.19446,13.923316,13.390186,12.530518,11.385428,10.008318,8.46106,6.809836,5.120762,3.4557605,1.8691044,0.4046638,-0.9057296
2391,39.85,0.000919763,0.0,2410.6954378323953,242.95219403283485,1814.369860429036,3387.477603077524,0.016091630377224445,0.06403854314183756,17.354868380743728,-504.9323,19.885647,19.163513,18.00962,16.49149,14.691359,12.697187,10.5947695,8.462167,6.366867,4.365388,2.5040944,0.82027805
2392,39.86666666666667,0.0034964758,0.0,2216.433426395263,541.0152716792218,1810.8684333489005,4057.81034570889,0.016091630377224445,0.06403854314183756,17.354868380743728,-499.8242,26.770555,25.081497,22.473766,19.218655,15.626125,11.994595,8.568879,5.514366,2.9111304,0.7666619,-0.9593074,-2.3259678
2393,39.88333333333333,0.004112981,0.0,1378.6175152178203,830.6985257725107,1424.4659370396646,3173.283633784035,0.016091630377224445,0.06403854314183756,17.354868380743728,-397.4375,122.10016,41.069077,-1.3037821,-23.607597,-22.258072,4.0797315,2.568273,-18.44625,-6.287875,7.889077,-8.364822,-12.4482
2394,39.9,0.0040879124,0.0,1417.1873318982189,783.5190684072277,1279.3797145697283,2794.769042912917,0.016091630377224445,0.06403854314183756,17.354868380743728,-436.88745,92.11624,46.141243,11.004778,-9.886864,-12.099627,0.22246794,3.303824,-2.3123894,0.85389787,2.8941503,-4.214733,-4.370622
2395,39.916666666666664,0.0014606627,0.0,2006.6266856772081,823.745083563214,1797.3010649734251,4018.5263880077414,0.016091630377224445,0.06403854314183756,17.354868380743728,-496.6459,30.385147,26.487373,21.381039,16.382868,12.302664,9.23384,6.8111124,4.697194,2.9262586,1.8653855,1.8513991,2.802462
2396,39.93333333333333,0.0010682561,0.0,2020.6812461703819,0.0,0.0,0.0,0.016091630377224445,0.06403854314183756,17.354868380743728,-491.9205,36.873466,32.29852,25.885603,19.038277,13.062117,8.818893,6.564658,5.992795,6.427019,7.074084,7.2545404,6.562209
