Frame,Time_Seconds,Volumen_RMS,Pitch_F0,Centroide_Espectral,Formante_F1,Formante_F2,Formante_F3,Jitter_Global,Shimmer_Global,HNR_Global,MFCC_1,MFCC_2,MFCC_3,MFCC_4,MFCC_5,MFCC_6,MFCC_7,MFCC_8,MFCC_9,MFCC_10,MFCC_11,MFCC_12,MFCC_13
0,0.0,1.7455281e-07,0.0,19341.92179648531,0.0,0.0,0.0,0.027200295261307256,0.09461126666333049,5.728714788228517,-562.1839,0.0,0.0,0.0,0.0,0.0,0.0,0.0,0.0,0.0,0.0,0.0,0.0
1,0.016666666666666666,2.2724271e-07,0.0,19274.27433578604,0.0,0.0,0.0,0.027200295261307256,0.09461126666333049,5.728714788228517,-562.1839,0.0,0.0,0.0,0.0,0.0,0.0,0.0,0.0,0.0,0.0,0.0,0.0
2,0.03333333333333333,2.3669523e-07,0.0,19284.140176671248,1293.6338020995047,2317.7559305081554,3226.3335169328875,0.027200295261307256,0.09461126666333049,5.728714788228517,-562.1839,0.0,0.0,0.0,0.0,0.0,0.0,0.0,0.0,0.0,0.0,0.0,0.0
3,0.05,2.4095172e-07,0.0,19199.829464303177,1330.4368265423989,2239.882552201071,3263.177641327109,0.027200295261307256,0.09461126666333049,5.728714788228517,-562.1839,0.0,0.0,0.0,0.0,0.0,0.0,0.0,0.0,0.0,0.0,0.0,0.0
4,0.06666666666666667,2.3578468e-07,0.0,19320.70623539365,1378.135054748046,2344.2745969682255,3281.6271835600655,0.027200295261307256,0.09461126666333049,5.728714788228517,-562.1839,0.0,0.0,0.0,0.0,0.0,0.0,0.0,0.0,0.0,0.0,0.0,0.0
5,0.08333333333333333,2.453465e-07,0.0,19174.325451351036,1415.5510271908345,2399.861705785722,3338.9650472079097,0.027200295261307256,0.09461126666333049,5.728714788228517,-562.1839,0.0,0.0,0.0,0.0,0.0,0.0,0.0,0.0,0.0,0.0,0.0,0.0
6,0.1,2.632597e-07,0.0,18585.018867878956,1332.065427731928,2226.577227290441,3263.7535742168034,0.027200295261307256,0.09461126666333049,5.728714788228517,-562.1839,0.0,0.0,0.0,0.0,0.0,0.0,0.0,0.0,0.0,0.0,0.0,0.0
7,0.11666666666666667,1.9701415e-06,0.0,14640.425954321141,1036.0730245507805,1851.4768272525785,3112.8134638447455,0.027200295261307256,0.09461126666333049,5.728714788228517,-562.1839,0.0,0.0,0.0,0.0,0.0,0.0,0.0,0.0,0.0,0.0,0.0,0.0
8,0.13333333333333333,1.6284495e-05,0.0,5758.799810224047,1236.0029093143066,1954.5280058622523,3334.753994607054,0.027200295261307256,0.09461126666333049,5.728714788228517,-562.1839,0.0,0.0,0.0,0.0,0.0,0.0,0.0,0.0,0.0,0.0,0.0,0.0
9,0.15,0.0001452537,0.0,8225.24660658192,1503.4351759686863,2320.9884305573587,3440.8631243744708,0.027200295261307256,0.09461126666333049,5.728714788228517,-561.3604,1.1631999,1.1591915,1.1525245,1.1432192,1.1313041,1.116816,1.0997987,1.0803099,1.0583926,1.0341301,1.0075905,0.978855
10,0.16666666666666666,0.00031624286,0.0,7956.402887440895,1079.1617138104107,1870.1413965868303,3053.3195983890223,0.027200295261307256,0.09461126666333049,5.728714788228517,-554.83026,10.249485,9.815828,9.145294,8.303819,7.3627415,6.3854036,5.418084,4.487455,3.6046724,2.774077,2.0029278,1.3085387
11,0.18333333333333332,0.00044972682,0.0,8364.614861044167,699.0601166073474,1795.5095776661913,2937.9771757120884,0.027200295261307256,0.09461126666333049,5.728714788228517,-548.1106,18.953974,16.490664,13.389979,10.488605,8.280241,6.984741,6.685604,7.263236,8.252013,8.939623,8.744158,7.5402575
12,0.2,0.0005815165,0.0,8665.688065760514,687.9214066158111,2030.8898818418888,3198.290668744559,0.027200295261307256,0.09461126666333049,5.728714788228517,-546.6357,21.12952,19.564718,16.829748,14.221734,11.45903,9.503258,7.909224,7.068141,6.517995,6.2813816,6.169726,5.9820204
13,0.21666666666666667,0.00070186716,0.0,7197.587715561777,660.7642985970708,2022.6088410029092,3282.9756522325392,0.027200295261307256,0.09461126666333049,5.728714788228517,-541.72955,27.019297,22.515015,17.554825,13.282076,10.158018,8.588219,8.378825,8.768934,9.290337,9.658794,9.278908,7.8683987
14,0.23333333333333334,0.0006778339,0.0,7491.698937910503,979.5130256385332,2035.0565600829,3171.118403179891,0.027200295261307256,0.09461126666333049,5.728714788228517,-535.20044,28.891163,15.075428,11.673861,14.050696,15.396821,12.541538,6.261656,3.1707087,4.142548,6.4403677,10.36518,9.825378
15,0.25,0.00082268735,0.0,9026.77414911606,1633.8373898524474,2660.2191084516044,3651.2507727881607,0.027200295261307256,0.09461126666333049,5.728714788228517,-537.09625,21.482437,11.199821,14.488099,18.524137,10.82875,10.793686,10.000494,7.3089395,3.364417,4.3996515,5.166888,1.4624844
16,0.26666666666666666,0.0009307352,0.0,8132.026743359473,1780.0409564007487,2957.524258689218,3663.5982490517813,0.027200295261307256,0.09461126666333049,5.728714788228517,-511.88315,32.379406,2.0027404,18.390144,27.380932,7.2230816,5.820388,5.884559,4.7943068,5.743099,8.228488,9.360042,5.0068655
17,0.2833333333333333,0.0009721789,0.0,8141.143976248812,1408.113244941199,2501.1900247117937,3176.97003776279,0.027200295261307256,0.09461126666333049,5.728714788228517,-517.60364,33.769485,6.1171236,7.141958,15.462185,8.3722,9.393556,6.6559424,-0.20774834,1.302428,7.127413,10.633665,2.2371771
18,0.3,0.0009099082,0.0,9252.77075190128,1238.3556907425614,1879.6320419473598,2829.5870020257726,0.027200295261307256,0.09461126666333049,5.728714788228517,-511.20038,39.422005,8.759562,-9.191709,12.423035,23.069,25.243519,7.7481,-4.6753387,1.8412217,5.086771,6.177533,-7.428873
19,0.31666666666666665,0.0014847788,0.0,6896.535979723223,1505.544839807287,1927.629770221547,2982.294650211817,0.027200295261307256,0.09461126666333049,5.728714788228517,-508.5078,48.90361,3.4003248,-14.5444145,7.803011,29.29573,24.127314,2.7088017,-6.587906,1.5890721,8.94823,7.1091037,-0.8890416
20,0.3333333333333333,0.0014332415,0.0,4453.120800011071,1201.9113705025775,1839.3005570617668,2573.1385173172384,0.027200295261307256,0.09461126666333049,5.728714788228517,-475.25507,67.02414,-19.934536,-45.268753,-0.86956847,32.13595,27.097118,4.0246096,-0.922217,6.653616,9.819101,6.3935404,-0.656417
21,0.35,0.0014486818,0.0,7515.6472349427495,1054.1402013026166,1768.3906471015107,2937.8973355288954,0.027200295261307256,0.09461126666333049,5.728714788228517,-522.0467,39.606983,10.779638,-1.0634075,10.975803,22.29306,19.179256,6.125588,-2.3222184,-1.3644104,3.2889788,4.954795,-0.1418489
22,0.36666666666666664,0.0007747632,0.0,7477.61364918278,1211.5973366298574,1814.4522083938418,3426.4666905924946,0.027200295261307256,0.09461126666333049,5.728714788228517,-515.80066,45.793896,9.074415,-11.670376,-2.3304844,16.18584,21.7072,9.157798,-4.714225,-4.2632833,5.434646,9.379255,1.1867255
23,0.38333333333333336,0.00069131027,0.0,7163.29825050183,1296.878352843938,2124.6551794086245,3342.2010722108917,0.027200295261307256,0.09461126666333049,5.728714788228517,-538.70074,30.416416,24.243353,18.927635,16.439907,15.252421,13.084969,9.770683,6.885038,5.3383803,4.4442863,3.3522086,2.3343296
24,0.4,0.00058898656,0.0,6866.14465934458,1296.0686963619683,2174.287390894723,3245.799808931429,0.027200295261307256,0.09461126666333049,5.728714788228517,-535.50183,34.3769,26.342417,18.020922,12.64036,10.222029,8.619856,6.1756134,3.21173,1.1814905,0.8367337,1.5166353,2.0780332
25,0.4166666666666667,0.00058116036,0.0,7173.018761214827,981.8641327789792,1793.4023404249426,2959.7680288087936,0.027200295261307256,0.09461126666333049,5.728714788228517,-537.1721,31.643854,22.958685,14.461679,9.423218,7.2253513,5.4203663,2.9585176,0.98402,0.92035335,2.5544991,4.231241,4.508643
26,0.43333333333333335,0.00059803406,0.0,6664.812812541813,675.1953836044614,1882.173523641657,3052.874973214787,0.027200295261307256,0.09461126666333049,5.728714788228517,-537.42377,32.81877,27.427038,21.315994,16.172333,12.152363,8.865551,6.3899155,4.983384,4.2226825,3.108519,1.1914986,-0.79242015
27,0.45,0.0007392909,0.0,7344.827159275403,779.6449587292501,2120.401790309974,3029.221075697553,0.027200295261307256,0.09461126666333049,5.728714788228517,-537.88696,31.881983,25.55417,17.908348,11.305792,6.9744143,5.0917797,5.17434,6.1814814,6.686757,5.61115,3.0791059,0.39486077
28,0.4666666666666667,0.0011809771,0.0,7239.609136130096,816.0397249442367,2252.0161620917725,2688.3512577341203,0.027200295261307256,0.09461126666333049,5.728714788228517,-535.62164,35.592125,30.679834,24.90789,19.772358,15.644871,12.447529,10.149859,8.492928,6.8521957,4.873716,3.0129468,1.9706643
29,0.48333333333333334,0.002272388,0.0,6620.9409142464465,715.0871784800881,2083.0187335813816,2989.2698922375184,0.027200295261307256,0.09461126666333049,5.728714788228517,-528.434,42.537666,33.062355,25.192211,21.856766,17.660479,12.251291,7.854874,7.533038,7.901829,5.624133,1.251558,-2.0482411
30,0.5,0.0033189368,0.0,5864.125530910774,224.18583177956387,1936.7898591914518,2595.7136514499916,0.027200295261307256,0.09461126666333049,5.728714788228517,-520.60443,45.82995,26.25808,22.518866,30.047089,24.532347,7.616583,-0.98957145,6.2431793,11.491503,4.900314,-3.523561,-2.4383616
31,0.5166666666666667,0.0038702725,0.0,4911.953528377577,246.77495295663147,1875.7740530420858,2623.18491501225,0.027200295261307256,0.09461126666333049,5.728714788228517,-500.22388,62.619396,23.198923,15.49082,29.87782,24.344933,0.46090758,-8.553714,4.6117907,11.422298,0.40012872,-10.207289,-7.449431
32,0.5333333333333333,0.0038216442,0.0,5210.828270935741,263.92631859281465,1730.5364771141467,2720.6705585709446,0.027200295261307256,0.09461126666333049,5.728714788228517,-515.11163,60.312466,47.92133,32.019,20.933279,12.754839,9.232009,6.1748157,5.083772,3.2910001,1.8770165,-0.12577054,-1.1213591
33,0.55,0.0037560787,0.0,4601.729238941706,245.25633586378328,1836.8458057405967,2860.0152766478623,0.027200295261307256,0.09461126666333049,5.728714788228517,-519.4589,55.51273,45.8544,33.456093,24.168476,15.886822,10.308128,5.533263,3.7016907,2.362255,1.0360106,-1.5917273,-3.5715866
34,0.5666666666666667,0.0036861117,0.0,4642.1293461709065,239.0210801771375,1703.5087651356473,2769.3424835606274,0.027200295261307256,0.09461126666333049,5.728714788228517,-520.4312,55.452282,46.049374,34.131874,23.144287,15.284334,10.926178,8.913412,7.619604,5.9977,3.7845426,1.1298432,-1.62303
35,0.5833333333333334,0.0037953202,0.0,5173.315181675091,233.78900739822024,1631.3172689310588,2665.107134299616,0.027200295261307256,0.09461126666333049,5.728714788228517,-517.46326,56.7725,42.945206,28.65036,19.776463,14.242023,10.868128,7.8949413,6.1431046,4.2167854,2.151683,-0.27240086,-2.6796482
36,0.6,0.0038123138,0.0,5310.782741626323,233.81986266066804,1800.4141639365776,2909.7594797625666,0.027200295261307256,0.09461126666333049,5.728714788228517,-522.69244,51.64968,43.64219,32.1483,23.011528,14.749617,10.028549,6.05756,4.205468,1.8639147,0.05172643,-2.0546393,-3.2468529
37,0.6166666666666667,0.0038751964,0.0,5224.7318914138095,238.11859250305577,1895.1178478786755,2961.702792882327,0.027200295261307256,0.09461126666333049,5.728714788228517,-518.7993,55.774273,46.201073,33.483154,25.198748,17.098663,11.91658,6.4984875,4.885677,4.1255875,4.5628023,3.0975258,0.8645501
38,0.6333333333333333,0.0038387307,0.0,5115.912610346185,235.47096623629662,1677.2926293845192,2684.0308622771195,0.027200295261307256,0.09461126666333049,5.728714788228517,-521.6568,53.31122,45.87284,37.03709,30.084179,21.69986,13.257591,4.926894,-0.29865238,-3.3486977,-3.8895087,-3.1505404,-2.0783713
39,0.65,0.0037585772,0.0,5466.972100291869,241.53603738721864,1608.3092472345313,2754.3989632796497,0.027200295261307256,0.09461126666333049,5.728714788228517,-523.54,50.90182,43.294144,33.57123,24.786924,16.20818,10.00918,4.5280757,-0.3498129,-4.8361626,-6.530387,-5.781562,-3.628468
40,0.6666666666666666,0.0037015665,0.0,5159.705124040123,241.79307593506718,1727.7042038236327,2879.545522593393,0.027200295261307256,0.09461126666333049,5.728714788228517,-521.3317,54.533752,46.032284,34.98237,23.912256,14.453592,7.5461254,3.4684224,1.6389534,0.94519234,0.4678709,-0.26872748,-1.5228758
41,0.6833333333333333,0.0038166288,0.0,5143.134900880446,236.45060337427154,1795.6258267471935,2904.9361252695044,0.027200295261307256,0.09461126666333049,5.728714788228517,-521.9431,53.370438,44.73443,33.624954,23.229042,14.762665,9.182922,5.4562473,2.878078,0.8467289,-0.4488564,-1.5918936,-2.827403
42,0.7,0.0038218014,0.0,5043.079235312671,243.49737663094677,1787.8241568523679,2777.2000189875016,0.027200295261307256,0.09461126666333049,5.728714788228517,-520.8889,53.870384,43.476692,31.477716,21.53622,13.591658,8.062311,4.374531,2.4485202,0.98959625,-0.46074784,-2.1575477,-3.3041282
43,0.7166666666666667,0.0039326344,0.0,4877.516203262424,243.3880437375989,1997.4822890862245,2964.1977681828325,0.027200295261307256,0.09461126666333049,5.728714788228517,-516.43945,59.176327,46.259552,31.748775,20.436337,12.740021,8.767477,7.8406296,8.882284,8.914021,6.4575024,2.4035308,-0.9025498
44,0.7333333333333333,0.0036278963,0.0,4610.1563061202505,233.49501818707986,1984.5606806646167,2984.551472557618,0.027200295261307256,0.09461126666333049,5.728714788228517,-520.38245,54.712097,44.515274,32.9943,23.74102,16.340927,10.607248,6.6333036,5.171207,4.700308,3.4510255,0.81497717,-1.792346
45,0.75,0.0028098945,0.0,4464.57585638104,215.47940934778498,1874.7782902684523,2850.587933089182,0.027200295261307256,0.09461126666333049,5.728714788228517,-531.08417,41.837296,36.134605,28.681377,21.451824,15.699276,11.590433,8.491802,5.624654,2.623478,-0.32442367,-2.7520285,-4.3253894
46,0.7666666666666667,0.0017514566,0.0,5606.78735576479,156.72371473364052,1865.2898215355274,2950.626424368686,0.027200295261307256,0.09461126666333049,5.728714788228517,-538.1029,32.702194,29.103954,24.324308,19.359922,14.72102,10.542946,6.95697,4.240587,2.590249,1.8195317,1.3736596,0.69828093
47,0.7833333333333333,0.0011421049,0.0,6197.165252806552,778.8093596599743,2075.4569150555753,3142.851534894616,0.027200295261307256,0.09461126666333049,5.728714788228517,-537.43567,33.488335,29.745775,25.29406,20.954899,16.613346,12.204113,8.318913,5.586948,3.8620648,2.4716694,1.1327256,0.16392902
48,0.8,0.0009681833,0.0,6274.489989291011,1560.1823370936854,2468.0413109739147,3226.190654929526,0.027200295261307256,0.09461126666333049,5.728714788228517,-534.72565,36.777596,31.440153,24.75488,18.584236,13.808347,10.27983,7.455121,5.021476,3.0230665,1.5659019,0.5448927,-0.31053916
49,0.8166666666666667,0.0009299774,0.0,6313.964253795806,849.7988419141568,2125.1607577127015,2709.06087072358,0.027200295261307256,0.09461126666333049,5.728714788228517,-535.8588,35.351547,30.436543,24.191904,18.348576,13.906664,10.9884815,9.154772,7.8394794,6.6696787,5.5568895,4.538191,3.5331898
50,0.8333333333333334,0.0008458216,0.0,5763.40970443768,388.941560151904,1568.8087641753007,2729.715074926256,0.027200295261307256,0.09461126666333049,5.728714788228517,-534.01117,37.969963,32.96134,26.357937,19.937263,14.970766,11.807942,9.9544525,8.534127,6.837729,4.661269,2.299913,0.27341375
51,0.85,0.00069341843,0.0,6731.24698851199,871.0454396137175,1812.533035590627,2876.2367283926333,0.027200295261307256,0.09461126666333049,5.728714788228517,-543.01044,25.293592,20.762617,15.672104,11.943897,10.150271,9.497162,8.769024,7.373721,5.675029,4.483142,4.255868,4.7012625
52,0.8666666666666667,0.0005938758,0.0,7284.288859033295,1016.9549535785378,2025.3952140158706,3119.890061187846,0.027200295261307256,0.09461126666333049,5.728714788228517,-543.89935,24.415209,20.748447,16.422356,12.948217,10.975382,10.136192,9.530904,8.417595,6.637537,4.584545,2.8399796,1.7478514
53,0.8833333333333333,0.00061594456,0.0,6717.7444399102205,888.5730208476408,1861.962749356759,3086.852017244259,0.027200295261307256,0.09461126666333049,5.728714788228517,-534.3295,36.688564,29.86153,21.89058,15.521454,11.740635,9.693691,7.873494,5.469262,2.8389816,0.94553655,0.43271807,1.1405039
54,0.9,0.0006272567,0.0,7646.0271012934045,853.2498968129657,1839.4122013159774,3221.3216613873756,0.027200295261307256,0.09461126666333049,5.728714788228517,-536.8043,32.87855,25.321201,16.66464,10.085362,6.727052,5.598981,4.9313936,3.6994605,2.1277983,1.0367745,0.8704898,1.3270524
55,0.9166666666666666,0.0005611129,0.0,7824.804975987025,1040.0894065439022,2150.878275526107,3339.452009905552,0.027200295261307256,0.09461126666333049,5.728714788228517,-542.03656,26.547417,21.710453,16.155949,11.628406,8.608746,6.744858,5.674731,5.300687,5.5375605,6.111043,6.609828,6.56989
56,0.9333333333333333,0.00055393734,0.0,7390.688490219283,1518.2014554792404,2504.197224629241,3573.527983292161,0.027200295261307256,0.09461126666333049,5.728714788228517,-542.4922,26.037498,21.667316,17.019596,13.817776,12.241343,11.277811,9.6688175,6.6912823,2.6194258,-1.2501861,-3.3259106,-2.9577699
57,0.95,0.0005090491,0.0,7844.131816013922,1410.9131079246702,2429.0356025138317,3612.1651803126742,0.027200295261307256,0.09461126666333049,5.728714788228517,-543.6646,23.771233,18.310316,13.356163,10.834412,9.886201,8.73943,6.8934793,5.1159735,3.9178376,2.8812563,1.553725,0.3331513
58,0.9666666666666667,0.0005327721,0.0,6911.300599180593,870.0730796703821,1980.5580173333146,3005.53467479095,0.027200295261307256,0.09461126666333049,5.728714788228517,-536.802,32.874886,25.560913,17.653309,11.831867,8.335848,5.993702,3.9244356,2.0447452,0.5325759,-0.48910546,-0.76618075,-0.054707177
59,0.9833333333333333,0.00064753834,0.0,6563.2028508765225,1052.131943307177,2241.6334657850907,3068.7062039574234,0.027200295261307256,0.09461126666333049,5.728714788228517,-533.7402,36.815804,28.220509,18.308361,10.84005,7.4662476,7.3269787,8.23238,8.324369,7.03382,4.935133,2.9646807,1.7304232
60,1.0,0.0006915732,0.0,6363.851041510433,954.8122899733353,2184.5042745894634,3052.5122251108637,0.027200295261307256,0.09461126666333049,5.728714788228517,-538.0498,31.77171,25.833591,19.00702,13.870214,11.44319,10.908236,10.563314,9.201075,6.88401,4.635869,3.4234815,3.2984548
61,1.0166666666666666,0.00065538444,0.0,6857.3830030546305,546.5909321375382,1881.060281544152,2531.637764119167,0.027200295261307256,0.09461126666333049,5.728714788228517,-537.4626,33.182503,28.611547,22.861362,17.199852,12.196968,8.214874,5.621857,4.3235865,3.51728,2.370104,0.88299775,-0.23112881
62,1.0333333333333334,0.000575362,0.0,7256.1940278771035,858.3267482767329,2196.583546579889,2771.95417363628,0.027200295261307256,0.09461126666333049,5.728714788228517,-536.67487,33.597984,27.459373,20.402641,14.502205,10.233957,7.1395187,4.7282076,2.6928518,0.8788148,-0.5155293,-0.9714575,-0.31321353
63,1.05,0.0005473737,0.0,7220.543023230226,1125.7973060582458,2123.411797895062,3346.4096624698404,0.027200295261307256,0.09461126666333049,5.728714788228517,-539.80963,29.011772,22.462572,15.096256,9.727087,7.2656474,6.650792,6.1495485,4.8171177,2.970919,1.5195258,0.9626293,1.0132554
64,1.0666666666666667,0.0005065046,0.0,7050.996367172687,1180.9329913750862,1813.291495651293,3046.0006622102683,0.027200295261307256,0.09461126666333049,5.728714788228517,-536.4342,33.201042,25.11685,15.845055,8.93085,5.858684,5.695921,6.2901707,5.9253526,4.2304206,1.9303094,-0.03890425,-1.2113291
65,1.0833333333333333,0.0004878522,0.0,8391.802784663247,1218.3689110941482,1793.6485426381655,2842.1614780398363,0.027200295261307256,0.09461126666333049,5.728714788228517,-546.8144,20.656563,17.862782,14.376149,11.129377,8.482018,6.249303,4.1154304,2.029568,0.2843734,-0.7203444,-0.80468106,-0.18276569
66,1.1,0.00046556018,0.0,7447.431893327594,1041.3523893881472,2201.7684952876903,3106.0566277662506,0.027200295261307256,0.09461126666333049,5.728714788228517,-543.2134,24.974781,20.801647,16.73785,13.560172,10.442684,7.145117,4.726552,3.9045446,3.96279,3.9331818,3.8992684,4.202624
67,1.1166666666666667,0.0004984315,0.0,7516.833770368879,1164.3956412993707,2359.914242057109,3380.998770921364,0.027200295261307256,0.09461126666333049,5.728714788228517,-542.24725,26.584957,22.549665,17.842812,13.86945,10.860606,8.178165,5.313175,2.5589647,0.76353407,0.49608028,1.4713346,2.7422605
68,1.1333333333333333,0.0006065585,0.0,7223.084790639515,984.9681624821001,2336.2556862044917,3309.2624625148824,0.027200295261307256,0.09461126666333049,5.728714788228517,-542.28094,26.51752,22.265535,16.958908,12.287117,9.276788,7.973879,7.699666,7.619522,7.2148952,6.396376,5.2980547,4.0113077
69,1.15,0.00061600155,0.0,6514.175348919505,912.6360180654372,2203.2658337936864,3247.644186758733,0.027200295261307256,0.09461126666333049,5.728714788228517,-542.0706,26.740248,22.289507,16.75457,12.0023155,9.259363,8.651855,9.33443,10.082904,9.98556,8.850383,7.1444764,5.569214
70,1.1666666666666667,0.0006527806,0.0,7326.579596462889,740.3428122444708,1960.864836846559,2801.6800437325232,0.027200295261307256,0.09461126666333049,5.728714788228517,-539.46423,29.481354,23.000374,15.887481,10.668198,7.8388653,6.5027742,5.837434,5.6991997,6.039911,6.253186,5.4436216,3.31675
71,1.1833333333333333,0.0042161224,0.0,4375.753694681139,978.738010962485,2071.133435812422,2673.0707820351745,0.027200295261307256,0.09461126666333049,5.728714788228517,-429.80032,82.558624,-45.475266,-27.960808,27.219482,14.561845,-9.500275,0.016663104,4.865058,-1.7191985,0.1459232,14.518116,8.168308
72,1.2,0.0042066094,0.0,3976.2342816982336,1139.5747646840878,2042.4543223213095,2834.8645669126404,0.027200295261307256,0.09461126666333049,5.728714788228517,-378.16415,99.25451,-62.522636,-31.589714,30.215427,8.407404,-15.819703,-1.4938056,-0.62629807,-1.0539918,-6.893053,21.399723,8.964712
73,1.2166666666666666,0.003137779,0.0,6709.707196744535,883.5703857940811,1943.8005732613578,2870.5687534572035,0.027200295261307256,0.09461126666333049,5.728714788228517,-537.9841,29.2173,18.563828,10.353596,7.8905225,8.082769,7.148749,5.0930347,4.056793,4.545897,4.949074,3.9548137,1.9974816
74,1.2333333333333334,0.0004871716,0.0,6324.177901209592,759.3819899921206,1747.798166723649,2824.9988457144823,0.027200295261307256,0.09461126666333049,5.728714788228517,-534.9217,34.40628,24.429832,13.963608,7.084301,4.315057,3.7445397,3.586669,3.4088016,3.4771247,3.773441,3.9398212,3.7849627
75,1.25,0.00046024105,0.0,6780.814321480437,676.5250898963966,1767.1370899023946,3064.700102161489,0.027200295261307256,0.09461126666333049,5.728714788228517,-540.5548,28.583702,23.682514,17.95168,12.657227,8.31,5.257194,3.4220817,2.360179,2.0323827,2.6457942,3.6748705,4.122573
76,1.2666666666666666,0.0005115359,0.0,7873.808474968379,1031.5019313545106,2132.996630890806,3151.1786357108513,0.027200295261307256,0.09461126666333049,5.728714788228517,-542.5293,25.933214,21.500723,16.801113,13.177683,10.365108,7.7496977,5.633704,4.826513,5.2547083,5.6070957,4.616549,2.3877375
77,1.2833333333333334,0.00063305104,0.0,7118.774327997926,1396.156168619511,2387.46457695686,3204.2255861141316,0.027200295261307256,0.09461126666333049,5.728714788228517,-537.58514,32.432648,27.100658,21.924437,18.049881,14.334188,9.962185,5.956459,3.7122984,3.1023781,2.8811593,2.455287,2.329582
78,1.3,0.00068617763,0.0,6856.289383771826,1140.134127735605,2135.1414052859127,3257.551343161238,0.027200295261307256,0.09461126666333049,5.728714788228517,-539.3956,30.184301,25.00882,18.91336,13.963021,11.02623,9.73828,9.203518,8.685579,7.836711,6.5884633,5.0282326,3.3625972
79,1.3166666666666667,0.0006229805,0.0,6449.998794189511,1155.7229313977516,2066.0739106740516,3118.2872771181073,0.027200295261307256,0.09461126666333049,5.728714788228517,-537.4014,32.959274,27.593023,21.078754,15.507379,11.87826,9.912683,8.653966,7.25377,5.4042625,3.3098233,1.4236319,0.17306727
80,1.3333333333333333,0.000626594,0.0,6667.418393233973,1039.5117309380057,2086.723529880218,3042.926224459546,0.027200295261307256,0.09461126666333049,5.728714788228517,-542.0554,26.825737,22.685062,17.823069,13.833377,11.297251,9.836892,8.738187,7.494598,5.961586,4.266142,2.6861103,1.513921
81,1.35,0.0005976846,0.0,6943.542875668976,1109.589149527825,2356.2244174683765,3588.361997688639,0.027200295261307256,0.09461126666333049,5.728714788228517,-541.0249,27.700207,22.384075,16.89204,13.388927,11.957361,11.253103,10.137022,8.564468,7.133723,6.1704164,5.440425,4.5824842
82,1.3666666666666667,0.0005545974,0.0,6661.377306764747,1531.9401005467503,2685.436932592519,3966.9069677010425,0.027200295261307256,0.09461126666333049,5.728714788228517,-537.9591,31.443481,24.832884,18.155117,13.738933,11.238342,9.138086,6.731944,4.478813,2.9992578,2.2468417,1.6637155,0.87558854
83,1.3833333333333333,0.0004565943,0.0,7333.358962524261,1116.1483123006992,2285.5727430207894,3670.66746783253,0.027200295261307256,0.09461126666333049,5.728714788228517,-544.999,22.713524,19.02607,15.355939,12.832116,11.021097,9.173897,7.4345975,6.4885945,6.367552,6.1736565,5.088357,3.282288
84,1.4,0.0005146583,0.0,7360.51198625916,911.5758467430744,2133.3317392734325,3278.5203412682686,0.027200295261307256,0.09461126666333049,5.728714788228517,-541.6844,26.37635,20.152172,13.57201,8.697475,5.5726285,3.6471925,2.9072528,3.3200157,4.067528,4.1978855,3.8193045,3.908385
85,1.4166666666666667,0.00068363064,0.0,6817.481420938597,1389.9396809589193,2502.6208974801384,3489.7492912303483,0.027200295261307256,0.09461126666333049,5.728714788228517,-541.0295,28.60132,25.095623,20.496918,16.022284,12.485365,10.072054,8.482349,7.271149,6.1333046,4.977919,3.823526,2.6683006
86,1.4333333333333333,0.00068243284,0.0,6581.9693987931805,1393.0038680777348,2461.942077814981,3614.72177937964,0.027200295261307256,0.09461126666333049,5.728714788228517,-536.95404,33.715256,28.68903,22.575676,17.138512,13.085613,10.257828,8.353718,7.300813,6.979748,6.8323526,6.001108,3.9843292
87,1.45,0.0005751587,0.0,6855.084386497573,719.0001736072932,1842.138564204506,2938.5076762397057,0.027200295261307256,0.09461126666333049,5.728714788228517,-540.7992,28.73252,24.886707,20.175274,15.748659,11.953039,8.755856,6.299984,4.837483,4.2498574,3.916031,3.1745362,1.8329717
88,1.4666666666666666,0.000538505,0.0,6946.419765074319,855.2948293874626,1983.4786705825884,2876.604810402096,0.027200295261307256,0.09461126666333049,5.728714788228517,-537.0333,33.367573,27.905174,21.544687,15.914726,11.160019,6.8727827,3.1823375,0.63101274,-0.69472146,-1.3676065,-1.8620244,-1.9864469
89,1.4833333333333334,0.00053688564,0.0,6724.024595837726,1233.5392967931018,2085.9375627647223,2977.1456188454354,0.027200295261307256,0.09461126666333049,5.728714788228517,-536.69336,32.964546,25.70285,18.36361,13.578783,10.9436035,8.56864,5.452993,2.1246738,-0.45651042,-1.9398228,-2.5461297,-2.5501146
90,1.5,0.00066464534,0.0,6664.0057969388745,750.3020512629357,1802.008012439896,2869.0104358514727,0.027200295261307256,0.09461126666333049,5.728714788228517,-532.5326,36.674652,25.023346,14.564033,8.557495,5.0951977,2.320725,0.9368261,1.3140684,1.3909824,-0.7651353,-4.121353,-6.191765
91,1.5166666666666666,0.019103142,0.0,1856.1965511833932,379.07219126055315,1888.0405222766665,2676.7551869430363,0.027200295261307256,0.09461126666333049,5.728714788228517,-406.83542,137.56784,13.639696,5.0199757,58.460613,44.95649,-19.288311,-38.0558,-6.233238,9.58949,-6.094509,-14.133566,-2.8962293
92,1.5333333333333334,0.022278784,0.0,2016.604492936053,438.06505564404284,2181.599978128496,2548.2821205311134,0.027200295261307256,0.09461126666333049,5.728714788228517,-321.8426,167.06471,-1.0661043,2.4019892,53.164223,43.546055,-29.455101,-37.226494,9.23156,15.565187,-13.002878,-9.508684,-9.810649
93,1.55,0.10472665,0.0,1650.6342864232704,447.2371573225516,2202.369018332703,2529.3747819611513,0.027200295261307256,0.09461126666333049,5.728714788228517,-273.4142,190.22215,3.344763,-3.6183457,47.742226,47.4088,-31.258682,-37.695335,3.5270398,14.493467,-26.955418,-12.250726,-11.144211
94,1.5666666666666667,0.18241824,0.0,1348.8522694896542,440.55944643479734,2124.903142817433,2523.011940503713,0.027200295261307256,0.09461126666333049,5.728714788228517,-212.66422,217.82532,-13.169357,4.798502,53.219765,41.792892,-37.408905,-42.47907,3.9770708,15.419197,-31.97484,-14.600602,-13.259233
95,1.5833333333333333,0.22961359,115.88677770259133,1343.918942308466,426.27377890684056,2116.5739065437033,2531.3981222095963,0.027200295261307256,0.09461126666333049,5.728714788228517,-217.27724,214.89394,-11.350534,0.98084366,52.02191,46.323837,-37.02491,-44.266495,7.9579496,12.554189,-35.948563,-17.493769,-12.294779
96,1.6,0.24267592,114.41202856585674,1315.619137309928,414.50616369860705,2089.22485222969,2555.7922165374725,0.027200295261307256,0.09461126666333049,5.728714788228517,-221.99959,208.94977,-7.089116,-0.23137784,51.80338,52.296062,-33.168427,-49.586136,2.7991564,14.478077,-41.35962,-10.121858,-16.226162
97,1.6166666666666667,0.23525405,114.16794747965358,1387.403915851318,404.3998435029139,2101.625544552973,2548.6248562332585,0.027200295261307256,0.09461126666333049,5.728714788228517,-218.40286,202.53638,-14.383905,0.7763263,59.503628,51.738815,-35.500153,-39.14541,-0.2673837,15.240503,-43.012947,-11.743191,-16.861994
98,1.6333333333333333,0.2125226,113.2956130488567,1346.9084609903466,402.8517652541226,2049.2593909227576,2548.33451703012,0.027200295261307256,0.09461126666333049,5.728714788228517,-212.80757,199.52057,-12.163318,6.8220563,49.84675,52.000904,-39.062798,-34.261948,-3.5898337,6.328862,-30.500809,-6.7897587,-19.248955
99,1.65,0.15722865,110.17476104836089,1240.3665711453011,410.79683231462883,1905.537140716858,2564.7272851057173,0.027200295261307256,0.09461126666333049,5.728714788228517,-237.77687,194.51236,14.37792,5.5872993,27.729992,46.05822,-19.51337,-27.545795,-9.359169,-1.808742,-24.588459,-5.6552796,-13.37005
100,1.6666666666666667,0.08065476,107.4237124118991,4332.99195355842,467.4878784163641,1766.04635304852,2646.590086869475,0.027200295261307256,0.09461126666333049,5.728714788228517,-240.98766,108.46714,34.471672,30.878445,-2.945767,43.120506,-0.7774714,-19.295265,-7.99397,1.217998,-17.875257,6.8111706,0.625291
101,1.6833333333333333,0.028743014,0.0,9247.492802272987,675.9873008880747,1763.9558428653702,2744.84912024962,0.027200295261307256,0.09461126666333049,5.728714788228517,-254.83737,9.245232,22.077215,24.610487,-18.933073,48.925575,-6.1337056,-20.601482,9.376383,6.340128,-20.291325,18.840307,5.6314116
102,1.7,0.025894618,0.0,9925.621525450639,827.7254604253819,1795.7590328041488,2751.4787740205193,0.027200295261307256,0.09461126666333049,5.728714788228517,-276.74496,1.0264432,22.558388,9.990956,-35.46982,38.601593,-18.865433,-17.346367,16.431984,1.9380629,-18.655842,16.162441,2.9474459
103,1.7166666666666666,0.027598998,0.0,9888.36725122256,736.4128800128154,1827.3129726627403,2698.4502303855766,0.027200295261307256,0.09461126666333049,5.728714788228517,-307.86502,-28.964138,33.21954,28.076023,-41.959198,49.37004,-19.054195,-19.82853,22.283192,4.8823924,-16.180462,17.070824,-6.096683
104,1.7333333333333334,0.024701836,0.0,9602.101073917498,929.8587890830441,2042.4664185253828,3027.861625485266,0.027200295261307256,0.09461126666333049,5.728714788228517,-357.24216,-47.294582,29.525295,47.81331,-33.344696,48.940804,-6.967696,-10.105749,20.00467,2.8534465,-14.829149,21.468956,2.1190367
105,1.75,0.008040519,0.0,9788.525414064196,891.1890623790105,2100.3235329821646,3182.8705509473966,0.027200295261307256,0.09461126666333049,5.728714788228517,-461.77008,-9.7369995,35.3299,48.550644,-13.136971,31.895334,-0.3965478,-1.6719112,12.594524,8.286176,-7.43865,8.103517,-1.2898988
106,1.7666666666666666,0.0014368017,0.0,8105.645436335492,622.186453552239,1873.9580803193717,2927.493588989052,0.027200295261307256,0.09461126666333049,5.728714788228517,-521.7001,38.974876,30.235268,25.84613,10.314445,17.117594,10.874793,-0.5462565,5.159421,-1.2558,-4.593156,0.65795416,-3.783731
107,1.7833333333333334,0.00081529643,0.0,7079.143344158872,896.4958090539765,1940.6519623251006,3224.636515410366,0.027200295261307256,0.09461126666333049,5.728714788228517,-527.11304,43.935005,30.970556,18.772757,12.17143,10.083647,8.859849,6.542843,3.7747462,1.8441015,0.83307433,-0.15241814,-1.2400111
108,1.8,0.012785037,0.0,4115.674014735292,734.9893472061225,1759.9786752293462,2914.5902040158235,0.027200295261307256,0.09461126666333049,5.728714788228517,-309.11844,126.6349,1.6489449,-5.72346,-9.277622,1.989254,-26.708694,-11.714849,-8.767458,3.496243,-21.891434,-1.2801943,-8.7282505
109,1.8166666666666667,0.02423925,0.0,5516.307259582378,654.5477442803739,1721.07327702937,2626.715473632646,0.027200295261307256,0.09461126666333049,5.728714788228517,-249.81805,97.175415,-5.1999283,9.845879,-4.782962,5.635142,-23.970966,-11.127215,-11.190474,2.2172403,-17.309654,0.29413104,-8.339507
110,1.8333333333333333,0.13823259,0.0,1680.079794581643,499.9569749923397,1831.1975126075818,2591.1359960251425,0.027200295261307256,0.09461126666333049,5.728714788228517,-235.82523,173.39809,2.3974292,11.958366,28.378735,34.183327,-12.916372,-30.879665,-22.9043,-1.7804174,-23.092728,-6.5786285,-18.364067
111,1.85,0.20380758,0.0,1329.456059423106,412.7624332342468,1856.5824615595106,2469.725201564618,0.027200295261307256,0.09461126666333049,5.728714788228517,-185.23033,218.03983,-27.217686,2.6043453,27.295597,48.371693,-24.77857,-45.4508,-14.08094,-2.3031895,-24.029053,-22.521235,-7.4011197
112,1.8666666666666667,0.21321851,124.4446965728921,1337.9314357417143,444.1136844720021,1864.2541464185892,2472.100008272553,0.027200295261307256,0.09461126666333049,5.728714788228517,-204.32585,224.13995,-31.48499,-5.8980365,39.345444,43.00933,-30.045668,-43.21532,-17.781609,6.9870777,-22.76534,-17.90781,0.057449937
113,1.8833333333333333,0.17005989,123.7461760230155,1049.2256424367388,428.0860239796553,1650.9614729225307,2389.3261584405877,0.027200295261307256,0.09461126666333049,5.728714788228517,-244.88112,243.33673,-10.167366,-25.027012,35.93627,37.590477,-15.490892,-35.25293,-12.623512,-3.9461923,-25.724245,-12.533424,6.0684
114,1.9,0.13530304,123.42558136583277,771.2222305209248,353.8801256839514,1363.323461454715,2275.7725845679806,0.027200295261307256,0.09461126666333049,5.728714788228517,-317.35434,224.93675,33.067688,-17.87121,25.341656,35.856453,-0.83895516,-22.469227,-6.9072475,-0.978526,-21.185034,-24.908936,-3.7368302
115,1.9166666666666667,0.123223364,121.79297828667183,731.5909741302801,350.64024683234163,1360.6121995872752,2279.764018733265,0.027200295261307256,0.09461126666333049,5.728714788228517,-326.079,224.87753,41.306282,-20.424799,21.51414,38.86338,0.539633,-22.595158,-5.0888004,2.212292,-17.480925,-27.070034,-10.754788
116,1.9333333333333333,0.11810602,117.29137606946465,701.989744920347,345.50350134501093,1420.728205567346,2286.9458543059054,0.027200295261307256,0.09461126666333049,5.728714788228517,-327.64627,223.187,43.1253,-19.197348,18.64586,41.438675,8.040104,-19.722054,-7.3952303,-0.8650732,-16.941372,-26.978502,-14.507347
117,1.95,0.11762411,111.24861894129037,886.3646254491234,374.63348458059136,1624.6796378598608,2328.491402640681,0.027200295261307256,0.09461126666333049,5.728714788228517,-282.59576,238.08067,13.254376,-23.140907,36.02488,40.884037,-12.952218,-28.704422,-4.757303,-8.59465,-20.646347,-9.59971,-1.2418243
118,1.9666666666666666,0.11386191,104.28988073698883,1051.0550293116776,435.90937370648965,1886.524115169268,2443.4160227814937,0.027200295261307256,0.09461126666333049,5.728714788228517,-269.91187,233.17403,-2.6994317,-16.448322,49.4786,37.777206,-25.202656,-32.400524,-5.623472,-5.0107203,-12.190983,-7.5698867,-9.458721
119,1.9833333333333334,0.09810866,100.35417558809321,1079.7635220840145,446.8150515482399,1921.9071929319311,2481.1908192512833,0.027200295261307256,0.09461126666333049,5.728714788228517,-276.416,220.36975,3.6543741,-2.8563673,43.326496,35.74795,-21.950317,-32.946556,-5.748065,-1.8117193,-8.551769,-6.5158195,-13.582081
120,2.0,0.08450905,98.67245302194196,948.1736854456426,422.03649111203987,1808.4915896384557,2403.980962538133,0.027200295261307256,0.09461126666333049,5.728714788228517,-302.02432,213.64017,23.996552,-2.7412581,31.698158,39.77068,-8.116621,-30.266018,-14.105259,-2.237815,-6.711296,-5.085341,-8.708974
121,2.0166666666666666,0.071817644,98.81651876857968,846.6026413044428,398.41839025585637,1728.46616055167,2370.712970473406,0.027200295261307256,0.09461126666333049,5.728714788228517,-333.32123,208.15585,40.309612,-5.052511,27.76441,43.583527,1.6981696,-29.765615,-15.851305,-0.37825802,-3.69801,-7.7306805,-8.187796
122,2.033333333333333,0.0662849,98.81341584074448,838.1100745013548,383.6998656853306,1729.083905367882,2396.593687578646,0.027200295261307256,0.09461126666333049,5.728714788228517,-345.43448,202.15952,41.597027,-2.431075,32.377373,40.008614,0.5983124,-22.570854,-9.739677,3.7829442,-1.719075,-10.822813,-7.758042
123,2.05,0.05254432,98.19603514727464,905.3419381601111,358.1869225927018,1644.2225822898629,2413.3333075231344,0.027200295261307256,0.09461126666333049,5.728714788228517,-359.78436,185.47578,51.383247,10.552456,24.896328,42.519417,5.60816,-25.228569,-10.454182,3.073803,-3.2141657,-5.350422,-7.1546125
124,2.066666666666667,0.03676882,97.3988540558238,4080.6572171324005,422.4260481539681,1560.6499732899863,2459.3836185072732,0.027200295261307256,0.09461126666333049,5.728714788228517,-333.46234,96.62625,61.215816,64.11083,-11.083649,53.44711,1.6492058,-13.275099,-9.731417,3.6434216,-6.5426116,-2.2512093,4.64953
125,2.0833333333333335,0.023289131,0.0,8657.746540552282,551.4445850801231,1582.9423873131245,2560.218432553306,0.027200295261307256,0.09461126666333049,5.728714788228517,-300.86115,21.487469,51.675583,66.93815,-32.9162,42.54044,-4.670637,-10.348797,-3.267815,11.49698,-10.022205,5.863924,6.8593626
126,2.1,0.022692444,0.0,9557.75347879658,738.3570212835007,2016.5881533079812,3150.2439135779077,0.027200295261307256,0.09461126666333049,5.728714788228517,-302.13147,-16.75288,27.63956,52.508614,-43.997566,37.725082,-9.381363,-13.151527,-2.579145,16.195686,-8.909465,-1.9390485,-0.5197638
127,2.1166666666666667,0.025042683,0.0,9607.888945575869,979.9757637446438,2458.632261126039,3255.3173573550284,0.027200295261307256,0.09461126666333049,5.728714788228517,-298.0649,-27.546335,10.958254,40.981903,-51.2596,25.84083,-9.74865,-12.085778,-3.9466486,23.502413,1.9463665,3.97671,1.5274006
128,2.1333333333333333,0.023373656,0.0,9257.006569422101,979.6979088794864,2288.9278575055796,2751.786644804298,0.027200295261307256,0.09461126666333049,5.728714788228517,-270.98175,-19.82422,-7.9003,35.86999,-50.42183,15.038034,-12.192102,-6.9060616,-6.9643593,18.5692,-0.9127373,8.296796,0.003855586
129,2.15,0.017941672,0.0,8918.576014470362,861.3339816803511,1981.7289573061814,3006.0442845525595,0.027200295261307256,0.09461126666333049,5.728714788228517,-276.7953,0.7572918,-16.052462,30.141186,-37.092995,9.350184,-17.746326,-1.5213118,-11.739208,5.6772747,-10.83153,7.801322,-1.4171581
130,2.1666666666666665,0.010130161,0.0,6989.150830850285,680.1369647996341,1688.494645274389,2651.6613027667486,0.027200295261307256,0.09461126666333049,5.728714788228517,-304.68805,52.969963,-18.204723,22.116575,-13.719343,8.554634,-15.702576,-6.691893,-13.556049,-3.0360909,-14.537896,12.123179,1.2111034
131,2.183333333333333,0.09605724,0.0,1810.0404584889293,642.8016244063622,1537.1803978073444,2582.86236503221,0.027200295261307256,0.09461126666333049,5.728714788228517,-280.2625,180.93936,26.461555,6.2130723,-11.295427,-6.0296926,-7.558942,0.13924935,-14.482606,-6.627983,-18.303236,0.84686196,9.636286
132,2.2,0.13744073,113.0309544462198,998.5168618784022,617.2686530621241,1416.9452207707725,2541.9260172455324,0.027200295261307256,0.09461126666333049,5.728714788228517,-226.18582,258.06097,9.2038555,-27.37735,-1.9995707,-8.662447,-10.379471,-15.10254,-14.300388,-5.169742,-22.662258,-0.934494,13.512817
133,2.216666666666667,0.18775941,102.61913929499849,1078.8307478993188,657.9524680721703,1427.8107231081442,2539.7767717217275,0.027200295261307256,0.09461126666333049,5.728714788228517,-215.39774,263.16565,-6.953818,-31.80727,4.4627595,-13.60335,-16.578354,-17.0562,-3.903119,-4.184273,-27.098722,0.98005855,21.370243
134,2.2333333333333334,0.20745541,105.76194312316183,1141.6467890262697,679.6243202286191,1433.123485177038,2572.0874023532656,0.027200295261307256,0.09461126666333049,5.728714788228517,-210.07698,267.94574,-12.539748,-42.29464,4.219694,-10.481434,-21.23743,-14.866216,5.690757,-4.2314434,-28.350624,4.594118,18.360655
135,2.25,0.20593888,107.45861780119772,1193.2176462951088,679.1755818245565,1476.5287330162028,2547.9445458062564,0.027200295261307256,0.09461126666333049,5.728714788228517,-213.214,272.17908,-12.1022625,-57.203243,6.6581016,3.604177,-18.314096,-18.796768,-0.9440501,-5.4666514,-21.692923,3.4075363,17.721134
136,2.2666666666666666,0.15656087,107.84849364985243,1202.3905509808571,668.7644546529629,1539.8544418319557,2588.9266245035874,0.027200295261307256,0.09461126666333049,5.728714788228517,-217.58704,265.89117,-12.044544,-54.501915,11.387133,6.0623684,-18.986488,-21.921303,-5.2460012,-3.4749823,-24.180685,3.84649,16.407421
137,2.283333333333333,0.09087733,105.03662875334881,1448.9166700417309,693.736482820286,1539.2365689603012,2695.0181063377627,0.027200295261307256,0.09461126666333049,5.728714788228517,-251.6156,217.03204,-4.850531,-13.449707,18.59407,-0.37601465,-12.024189,-9.024616,-4.482918,0.16164362,-21.770523,10.83521,17.113216
138,2.3,0.035574604,101.58325070956933,3996.5674673665762,873.0804135407463,1621.1739183991065,2868.7606857731435,0.027200295261307256,0.09461126666333049,5.728714788228517,-252.10156,128.00873,-31.59819,-22.14273,18.371786,7.0085793,-6.4422483,16.627613,-3.2420573,-0.16656744,-12.3183975,24.691864,3.8487716
139,2.316666666666667,0.027210005,0.0,4045.092325841741,775.6338993400245,1736.0644978808248,3097.3084284236784,0.027200295261307256,0.09461126666333049,5.728714788228517,-219.45764,116.78693,-45.07566,-27.752163,14.532362,4.206807,-20.897728,4.6353207,-16.63208,-19.447712,-9.231288,25.628317,-3.0587904
140,2.3333333333333335,0.024907356,0.0,4907.102550987127,822.5247072343786,1814.7809134163217,3219.8126598942285,0.027200295261307256,0.09461126666333049,5.728714788228517,-264.55377,78.54602,-56.317963,-14.227952,19.970678,6.94656,-21.54947,3.1421115,-3.9764144,-18.462196,3.6325545,25.267647,-5.681718
141,2.35,0.015630802,0.0,4204.029516207177,1209.4384864460953,1934.3847377972043,3261.7864462868642,0.027200295261307256,0.09461126666333049,5.728714788228517,-309.71967,92.734795,-66.04065,-13.385046,7.7395544,-3.0172763,-25.050701,-4.8815494,0.47615123,-12.190187,2.9257393,21.918125,-3.9227383
142,2.3666666666666667,0.010286666,0.0,3967.9768050885364,887.0729568121862,2016.6465431196104,3093.7077155738216,0.027200295261307256,0.09461126666333049,5.728714788228517,-327.6256,106.80518,-55.15931,-1.2073694,11.431719,-11.424244,-19.595951,-11.36916,-5.375022,-4.432275,4.2940145,10.01597,-10.751558
143,2.3833333333333333,0.007935988,0.0,3626.812167196258,770.133053871423,2061.121997571133,2721.3148666841016,0.027200295261307256,0.09461126666333049,5.728714788228517,-355.19144,111.974625,-50.323624,0.26190138,26.61473,-0.17827863,-18.577038,-15.228497,-2.1737165,-0.34841394,-2.1965752,-0.08689821,-8.894126
144,2.4,0.08186787,0.0,1618.3564458446835,615.7827501674724,2066.717790357262,2531.478001546832,0.027200295261307256,0.09461126666333049,5.728714788228517,-326.298,168.60413,-2.2871017,16.344772,44.463516,25.753849,-21.109653,-26.83319,-8.5483265,-2.7570195,-0.7206875,-13.2114935,-15.464235
145,2.4166666666666665,0.13627087,0.0,1253.469750113814,423.295700766091,2086.585163542396,2475.0003310151633,0.027200295261307256,0.09461126666333049,5.728714788228517,-242.29343,220.48343,-20.634811,3.8798327,50.17858,34.203156,-31.131115,-40.821762,-9.279646,-1.1571645,-13.20467,-25.013908,-11.335449
146,2.433333333333333,0.17497045,120.63602481134896,1054.1517190234485,413.2770532646744,2082.7416620217573,2454.112419126886,0.027200295261307256,0.09461126666333049,5.728714788228517,-262.104,217.81512,-4.7510366,-0.22303712,42.746227,36.252903,-26.605125,-38.758568,-12.6961775,-2.2147295,-11.428396,-25.075924,-14.699055
147,2.45,0.1740041,123.14605083981681,1064.406536202216,410.03017531871836,2094.1348966230266,2453.6093559746987,0.027200295261307256,0.09461126666333049,5.728714788228517,-266.53418,216.08075,-5.8191833,-4.9717417,44.020008,40.77129,-31.349487,-43.980267,-8.683002,-1.3970869,-15.768764,-26.072086,-17.32212
148,2.466666666666667,0.16609822,126.7285706682734,1002.5356785541222,409.2211342914658,2087.810850567121,2476.55230978792,0.027200295261307256,0.09461126666333049,5.728714788228517,-278.3771,217.90639,2.4416473,-8.958276,42.763794,35.517155,-33.77523,-40.610764,-7.8404894,-5.2291303,-16.948662,-26.280407,-19.74777
149,2.4833333333333334,0.15807426,131.6933921177638,1017.2015415270164,409.36326717832486,2082.362417664089,2506.677272579805,0.027200295261307256,0.09461126666333049,5.728714788228517,-289.6662,210.99475,3.3003263,-4.3528113,39.60883,38.09945,-27.736275,-48.374023,-4.9159164,-1.6293017,-20.00936,-24.26447,-19.497936
150,2.5,0.13824955,110.99298544377912,1014.0113929446031,405.7087970099786,2099.664859582372,2525.533722494549,0.027200295261307256,0.09461126666333049,5.728714788228517,-294.0824,212.76776,2.7217026,0.38614166,54.073143,38.99798,-29.38071,-48.741074,-2.6370099,2.0171967,-21.674603,-22.931885,-16.4667
151,2.5166666666666666,0.10031039,78.97459443258431,1211.625382845346,401.3450151649834,2090.3568789316337,2520.226971233903,0.027200295261307256,0.09461126666333049,5.728714788228517,-300.7887,209.33842,-0.083251625,-4.4484076,60.705406,43.944893,-36.924946,-49.35312,4.100816,2.874318,-21.4886,-20.50391,-16.316046
152,2.533333333333333,0.056913998,0.0,1403.45422663196,405.1657990158616,2181.6989198001384,2454.936166072473,0.027200295261307256,0.09461126666333049,5.728714788228517,-421.82224,125.868195,15.85111,7.362848,54.425053,40.576508,-20.950447,-38.622974,-9.173286,1.7432114,-16.536968,-27.742668,-20.544624
153,2.55,0.007045081,0.0,3186.8523537076285,427.60144872509585,2155.3810045815117,2387.9617372841603,0.027200295261307256,0.09461126666333049,5.728714788228517,-495.30212,69.73508,28.443188,17.940594,29.263485,22.12467,-4.9909024,-17.244862,-4.832459,3.8727913,-8.163345,-22.464745,-19.35292
154,2.566666666666667,0.0013311885,0.0,4460.735981448516,492.0047172779351,1880.3579273794617,2564.0714472486934,0.027200295261307256,0.09461126666333049,5.728714788228517,-511.90396,59.659523,36.98448,22.271297,18.376583,13.757251,3.1536326,-5.9927692,-7.753748,-6.8691444,-9.408443,-12.58235,-10.17095
155,2.5833333333333335,0.00090733886,0.0,5561.7833101591295,575.0752005222547,1996.6007286265938,2911.644795238813,0.027200295261307256,0.09461126666333049,5.728714788228517,-521.2756,51.40792,36.848804,22.836456,13.202166,6.6375165,2.0639505,-0.10634236,-0.87222946,-2.494474,-5.0707407,-6.239154,-4.7639513
156,2.6,0.00073456584,0.0,6145.499660805661,570.4309388278771,2021.7151185816488,2878.5374498784677,0.027200295261307256,0.09461126666333049,5.728714788228517,-527.9709,43.914536,33.212845,22.04201,14.53844,10.723471,8.000334,4.35451,-0.008213848,-3.4848905,-4.8363633,-4.1758676,-2.7279346
157,2.6166666666666667,0.0006919384,0.0,6882.399273142258,747.500005206929,1948.5445350968757,2842.6986227748694,0.027200295261307256,0.09461126666333049,5.728714788228517,-535.00665,35.507195,28.266563,20.131954,13.951,10.495298,8.825872,7.58863,5.9134855,3.6136909,1.1343554,-0.6104937,-0.78993714
158,2.6333333333333333,0.0006893114,0.0,6863.783102262512,1146.3348427146925,2276.162186525996,3287.570001592305,0.027200295261307256,0.09461126666333049,5.728714788228517,-534.23926,36.90001,30.264225,22.418793,15.918682,11.758976,9.397268,7.6758366,5.717502,3.3231006,0.95783883,-0.538908,-0.5258218
159,2.65,0.0006913893,0.0,6905.233131107037,871.0514075565295,2209.665885896614,3247.097467169663,0.027200295261307256,0.09461126666333049,5.728714788228517,-540.04114,29.888077,26.266066,21.9372,18.172272,15.260626,12.596254,9.439021,5.652361,1.8362269,-1.1453276,-2.7592576,-3.047958
160,2.6666666666666665,0.00071309105,0.0,6103.5142725573605,364.8127212569533,1898.0839488144684,3067.208051418742,0.027200295261307256,0.09461126666333049,5.728714788228517,-540.4155,29.994291,27.806087,24.653452,20.98005,17.104452,13.256717,9.655868,6.4911275,3.8413668,1.6727017,-0.04952745,-1.2670116
161,2.683333333333333,0.00085442164,0.0,6133.527808860123,684.1514627069847,2065.900337540081,2870.8551517848787,0.027200295261307256,0.09461126666333049,5.728714788228517,-537.10284,33.47268,28.865267,24.184486,20.477993,17.00735,13.077091,9.049408,5.5217996,2.5855527,0.37958705,-0.46856606,0.24691847
162,2.7,0.010401414,0.0,3613.9979500162326,820.3560456144887,2165.25169603018,2625.251068317367,0.027200295261307256,0.09461126666333049,5.728714788228517,-491.58627,72.09194,26.189901,14.610711,26.604122,18.03184,-10.551853,-19.765167,-0.7012297,13.241557,3.1882052,-9.849445,-4.876032
163,2.716666666666667,0.060837895,0.0,1804.4935565186381,477.700514526422,2123.00398384406,2591.2001608738465,0.027200295261307256,0.09461126666333049,5.728714788228517,-344.95123,165.13368,6.434524,11.240471,55.79196,25.228233,-41.80843,-29.12281,7.647849,12.714386,-8.42835,-13.172013,-17.746178
164,2.7333333333333334,0.1454,0.0,1407.1002244234498,425.7161483384671,2135.114404952803,2597.889232976083,0.027200295261307256,0.09461126666333049,5.728714788228517,-230.94673,229.20541,-21.506966,-16.91852,60.35253,40.57258,-39.59159,-28.970516,-4.9950094,-0.73761064,-22.012844,-13.104639,-12.867184
165,2.75,0.19038023,107.46794149071901,1402.6279132795437,438.1320937279396,2038.4905421842188,2510.80046076362,0.027200295261307256,0.09461126666333049,5.728714788228517,-212.77014,228.59048,-27.013058,-13.163262,52.927788,39.81948,-33.819435,-38.608234,-8.128,1.5573528,-19.176786,-16.461937,-15.465632
166,2.7666666666666666,0.17665483,107.27645168816765,1133.8324308668819,433.5039363651373,1944.4570096261946,2406.913144641722,0.027200295261307256,0.09461126666333049,5.728714788228517,-237.9747,226.26477,-0.6945687,-5.8162985,35.48781,32.06392,-17.415169,-27.02517,-23.73737,0.4163459,-3.326406,-17.752914,-21.477562
167,2.783333333333333,0.11681447,104.16442514294093,1135.9412171540025,411.7978461584756,1776.7145009093601,2435.4522413599084,0.027200295261307256,0.09461126666333049,5.728714788228517,-265.54263,208.57977,20.545788,8.937344,31.669943,23.602707,-18.935581,-18.27414,-20.287731,6.3911304,-0.88700795,-11.042883,-24.022894
168,2.8,0.06216405,102.9850292728703,2841.795434934629,933.6906770392302,1884.9694151599924,3008.7644020448033,0.027200295261307256,0.09461126666333049,5.728714788228517,-272.74625,133.05032,8.449563,34.77516,16.888798,24.74828,3.1760466,7.509778,-24.54411,3.7546139,-2.4770489,-7.380938,-11.228006
169,2.816666666666667,0.021874035,0.0,7455.298847474071,1681.7666159519479,2630.0722125477428,3765.650340310992,0.027200295261307256,0.09461126666333049,5.728714788228517,-272.0173,30.62768,-2.1668808,65.462555,-5.683875,26.870567,-0.79647046,18.586279,-18.374949,-4.874973,3.998861,13.639745,-8.899498
170,2.8333333333333335,0.023781981,0.0,8005.30087998363,1674.1946991493978,3240.629163432534,3707.1744115202014,0.027200295261307256,0.09461126666333049,5.728714788228517,-281.00848,-16.442205,-31.260366,68.60297,-30.17741,20.789215,-14.224491,12.90993,-11.200125,-15.974827,1.6417531,21.689156,-14.892203
171,2.85,0.022398883,0.0,7289.714345530574,1524.2383657419214,3065.4791900436435,3589.114962563999,0.027200295261307256,0.09461126666333049,5.728714788228517,-295.27048,-5.0186124,-49.148964,50.689846,-24.71084,17.357317,-24.941357,5.100155,3.937264,-27.517727,-23.841549,30.126503,-2.4992845
172,2.8666666666666667,0.015127019,0.0,5563.5535071490185,1119.375774625631,2174.9784596913987,3374.8195272079224,0.027200295261307256,0.09461126666333049,5.728714788228517,-303.31363,72.12883,-38.386604,25.510563,-20.226072,1.716933,-8.617987,9.410241,22.75284,-17.209686,-29.938301,16.48369,-2.1364794
173,2.8833333333333333,0.04279581,0.0,2407.7330403598667,778.2459216656982,1625.39314233696,3115.665306762803,0.027200295261307256,0.09461126666333049,5.728714788228517,-355.62848,147.40373,13.276789,21.764925,7.876378,2.0183353,7.033954,17.328352,20.19963,-16.974375,-16.436314,13.768194,0.8936503
174,2.9,0.07315217,0.0,590.3800518986575,593.4931442276995,1482.5414781700138,2811.7366710916713,0.027200295261307256,0.09461126666333049,5.728714788228517,-331.79837,226.1454,65.41162,3.6866136,14.517172,15.96244,-12.055495,-15.620636,6.9918957,2.5152829,-6.5453286,-0.787421,2.0918355
175,2.9166666666666665,0.09888002,111.97958371122135,618.3556916378561,519.1874680082489,803.7484763039492,2436.6157101543117,0.027200295261307256,0.09461126666333049,5.728714788228517,-333.29123,227.67172,68.96444,4.4851103,11.095232,9.614988,-14.207212,-16.83264,4.6012287,4.160479,-10.60746,-10.019924,1.603085
176,2.933333333333333,0.10327792,112.54794062354016,597.386971146607,492.2737260144929,1000.9940945594512,2474.2957455524934,0.027200295261307256,0.09461126666333049,5.728714788228517,-342.77267,221.53867,72.87049,5.967912,6.5866075,10.879198,-4.7855854,-13.1787615,-2.8530726,-0.79505813,-7.0809317,-9.591314,-3.3548594
177,2.95,0.097418666,110.98560521085646,574.0982559094128,473.43822634640986,1233.6080029759516,2497.224029353361,0.027200295261307256,0.09461126666333049,5.728714788228517,-343.48264,222.49118,73.24481,4.9432163,7.1851387,8.696514,-8.876402,-13.888432,-1.12229,0.624302,-7.8737845,-9.836502,-2.0084214
178,2.966666666666667,0.09015116,109.31767813455102,578.6818755208274,352.45765387264333,1192.3453278521572,2488.971030624119,0.027200295261307256,0.09461126666333049,5.728714788228517,-353.51367,211.14899,69.06889,4.2967806,6.862918,15.164146,3.34906,-4.2569294,4.2360053,1.6749258,-11.110515,-15.156102,-6.6216116
179,2.9833333333333334,0.080016375,108.10949319855632,612.3808337118801,330.6594797948367,1217.452657431772,2547.7804774725114,0.027200295261307256,0.09461126666333049,5.728714788228517,-367.27332,199.88184,72.91223,14.039007,9.576873,13.478549,8.94256,2.079959,2.2474,-6.6520543,-21.824175,-16.771795,-0.7230487
180,3.0,0.08140412,107.82057787777165,638.7776280309469,413.63798154518497,1271.721931625609,2656.8730447858024,0.027200295261307256,0.09461126666333049,5.728714788228517,-344.447,213.47623,59.74498,-0.547706,5.7753243,14.186527,8.081675,-0.58117723,1.7940083,-6.7961874,-25.519785,-16.149984,4.6594357
181,3.0166666666666666,0.0946337,106.41323945060306,884.8320730054088,574.7471926747489,1372.0935350322106,2650.0683398975643,0.027200295261307256,0.09461126666333049,5.728714788228517,-273.54913,249.8829,19.753653,-26.317675,7.5659523,5.72486,-12.372614,-11.406718,9.203064,-3.5737696,-36.49486,-13.352511,18.20173
182,3.033333333333333,0.110490546,103.15989457505579,1119.447772471224,670.179697146291,1388.9167543268238,2619.9698984014935,0.027200295261307256,0.09461126666333049,5.728714788228517,-245.51439,252.33913,-7.238559,-32.743927,13.661545,-0.44933784,-18.688702,-8.057319,16.436401,-0.75172293,-34.461327,-4.0011578,18.70975
183,3.05,0.10798285,102.13274418242526,1130.8184330025576,684.9999450506311,1308.7758266630647,2545.544600084108,0.027200295261307256,0.09461126666333049,5.728714788228517,-242.94933,257.75415,-5.216628,-39.494156,11.551497,-4.937894,-21.66425,-3.0825808,16.904074,-3.201126,-31.778645,-3.9236515,12.528612
184,3.066666666666667,0.08500189,100.0376906594757,936.7215327982158,612.2700245263154,1166.3392052103463,2521.656474919604,0.027200295261307256,0.09461126666333049,5.728714788228517,-266.55487,256.6808,19.830769,-32.312748,4.2890463,-10.55032,-29.124886,-2.6143079,21.78091,-3.1793056,-28.403746,-6.371038,2.9274874
185,3.0833333333333335,0.060773138,98.19884159013378,908.1196966282594,554.7809366746096,1088.6854177504208,2491.880246540183,0.027200295261307256,0.09461126666333049,5.728714788228517,-361.47092,201.34879,57.68994,-4.1538324,1.0936542,-4.781051,-16.643663,-1.6906443,14.681194,3.8085365,-11.2098675,-8.56011,-2.449918
186,3.1,0.008429359,0.0,2080.353820821698,491.57654081878053,1285.242238986547,2519.265067078925,0.027200295261307256,0.09461126666333049,5.728714788228517,-463.5714,111.54317,54.21347,13.086781,1.7877017,2.368609,1.4622581,1.4165783,2.1655607,-3.2146769,-12.772415,-14.1857395,-3.8406827
187,3.1166666666666667,0.0033708627,0.0,2854.2643447663804,457.87085531009103,1551.5322346803111,2576.8832511757314,0.027200295261307256,0.09461126666333049,5.728714788228517,-493.1765,83.83035,53.23446,26.034138,12.035576,6.5560255,2.139988,-2.8766966,-6.938446,-9.441794,-9.817812,-6.83265,-1.6085618
188,3.1333333333333333,0.0017641358,0.0,4717.074080866987,534.983548584432,1506.8312299365903,2582.839360583026,0.027200295261307256,0.09461126666333049,5.728714788228517,-511.12576,64.64819,46.704353,27.92704,14.593213,7.1108875,3.110159,0.3950101,-2.246819,-4.44688,-4.288672,-0.7044147,4.1676283
189,3.15,0.0011682214,0.0,5642.6791867094635,837.3132726129045,1711.6815149969107,2758.289386318806,0.027200295261307256,0.09461126666333049,5.728714788228517,-521.6665,50.889767,35.963024,21.497044,13.459066,11.100546,10.058411,7.7430916,5.042631,3.6589909,3.4259772,2.9414985,1.9440188
190,3.1666666666666665,0.0012329256,0.0,5105.99685576768,1006.3015304731456,1922.285498592592,2927.7967311671496,0.027200295261307256,0.09461126666333049,5.728714788228517,-518.9676,51.80557,30.941118,12.807222,5.775919,6.8902593,8.315289,6.48424,3.625427,2.2025158,1.0504457,-2.0206227,-5.874751
191,3.183333333333333,0.01502401,0.0,1886.5596229293112,752.9087350199817,1689.943427859682,2841.7035797807102,0.027200295261307256,0.09461126666333049,5.728714788228517,-348.69357,173.18246,1.6014744,-38.384007,-5.101914,1.8915206,-20.899677,-6.0318666,2.2361307,-1.7057625,8.996629,19.385187,16.809917
192,3.2,0.03967014,0.0,1657.4180560614727,602.1020318848666,1426.5651385228973,2618.3203676619455,0.027200295261307256,0.09461126666333049,5.728714788228517,-333.64096,186.02466,14.327192,-20.761074,4.6607428,2.0926623,-16.873638,-0.8906826,4.000256,-4.4315977,3.6113818,14.325671,10.066276
193,3.216666666666667,0.045967713,0.0,644.1607923117466,392.3745376712255,1169.0092520867138,2518.1843148507864,0.027200295261307256,0.09461126666333049,5.728714788228517,-343.59695,227.58478,71.41206,-16.477394,-13.038493,7.584491,5.8301497,1.4148011,5.04569,0.63167197,-15.038942,-23.434471,-15.71779
194,3.2333333333333334,0.061125256,0.0,862.9964313017028,503.2871609293451,1265.0381307997347,2454.979104935868,0.027200295261307256,0.09461126666333049,5.728714788228517,-366.15598,206.75912,72.65704,-7.855796,-11.087531,11.971418,15.950699,5.0902224,2.207151,1.2470862,-6.039605,-9.168214,-6.917803
195,3.25,0.12319365,0.0,727.3823781632942,512.2177025382351,1283.5868926521152,2260.3426758996084,0.027200295261307256,0.09461126666333049,5.728714788228517,-315.28516,239.42464,61.69858,-15.441353,-7.727453,13.42976,2.3141034,-20.245094,-5.3904715,7.4138823,-11.209551,-19.463612,-17.8685
196,3.2666666666666666,0.17746484,108.99016437073462,651.3280852106054,410.9298284141003,1003.1573528446315,2105.79990823717,0.027200295261307256,0.09461126666333049,5.728714788228517,-299.72977,250.9542,58.445053,-20.19208,-7.601922,18.582212,-5.1723604,-33.5113,2.8043132,22.886612,-13.430538,-30.39859,-19.368404
197,3.283333333333333,0.21782729,109.38830292261767,669.5573430216133,428.2929122408232,984.3531604329689,2316.0366124157385,0.027200295261307256,0.09461126666333049,5.728714788228517,-287.24908,250.13705,48.23792,-12.539072,2.0628254,12.303888,-22.769066,-37.409172,15.057497,19.05967,-24.828129,-24.146645,-12.4122925
198,3.3,0.23807244,110.77669224484937,779.070152449575,453.5433195239923,1037.2417992477979,2350.8481300484345,0.027200295261307256,0.09461126666333049,5.728714788228517,-254.16028,258.28964,26.805393,-15.400528,2.4885795,7.211744,-26.941872,-38.918396,19.1763,15.909618,-39.54252,-23.984756,-5.179668
199,3.316666666666667,0.23552306,111.5037686732179,925.47199372505,491.59198581638157,1160.1561650611243,2354.2430632519954,0.027200295261307256,0.09461126666333049,5.728714788228517,-226.73846,263.3322,7.5720434,-27.626305,3.2931433,12.81931,-27.453007,-31.662167,17.7261,2.4809656,-50.394775,-22.323315,0.35701722
200,3.3333333333333335,0.22401617,111.68700238332625,1095.676350710728,532.3999310600302,1323.6272839625299,2346.6714039520375,0.027200295261307256,0.09461126666333049,5.728714788228517,-209.31511,262.44696,-7.572117,-41.405403,8.442259,23.178745,-27.911938,-29.792059,9.545427,-5.756027,-49.406956,-10.711302,10.073928
201,3.35,0.22028661,113.25357652776431,1182.205882322381,558.6558978658529,1499.3979467299391,2385.210057304739,0.027200295261307256,0.09461126666333049,5.728714788228517,-200.64497,257.08633,-18.5324,-43.48521,16.540295,25.661537,-36.068146,-33.06929,0.6069805,-10.680686,-42.910385,-3.6504328,12.849396
202,3.3666666666666667,0.22064362,115.53644221050624,1136.2651786483827,549.803567820521,1530.7055284984526,2419.5471699089003,0.027200295261307256,0.09461126666333049,5.728714788228517,-213.59122,259.83032,-11.003328,-46.27556,17.440456,26.01841,-40.10769,-28.473732,-1.5310969,-12.876028,-38.05977,-5.4072065,11.856252
203,3.3833333333333333,0.23083797,118.08373918997738,1024.0653195638938,507.6660925735758,1387.138899378634,2395.448847883972,0.027200295261307256,0.09461126666333049,5.728714788228517,-230.1233,262.06244,-4.094337,-49.3593,19.289839,23.972893,-38.332077,-15.944145,5.2384777,-16.341646,-43.26396,-19.153435,5.151848
204,3.4,0.21495672,119.94515150026996,885.547020496555,460.55153554981496,1216.6911096624708,2356.352261160743,0.027200295261307256,0.09461126666333049,5.728714788228517,-250.99721,261.1485,7.4867687,-45.548172,19.06491,18.029942,-33.85481,-13.552988,9.086748,-7.777749,-39.290268,-30.103172,-6.204834
205,3.4166666666666665,0.18225858,124.68922572774161,768.7887930003405,441.30547383483315,1103.6598326881156,2330.2357873319033,0.027200295261307256,0.09461126666333049,5.728714788228517,-289.97345,245.15518,31.889702,-28.622002,8.609664,8.707953,-26.456615,-19.399303,10.097445,4.1574273,-31.537722,-32.78161,-21.262653
206,3.433333333333333,0.17666188,132.95584524220712,833.8380655796607,483.57668401786754,1081.4766540702362,2386.6111268879818,0.027200295261307256,0.09461126666333049,5.728714788228517,-277.41318,250.70331,27.027977,-30.485682,1.6125672,-5.3382025,-36.428936,-23.864609,10.831392,3.768711,-32.863243,-29.452866,-11.3575325
207,3.45,0.20880924,140.8817894035948,970.2065535084907,561.5112461205006,1110.0848757820831,2398.8592385222455,0.027200295261307256,0.09461126666333049,5.728714788228517,-248.7712,264.31354,7.614282,-48.45878,-7.189322,-10.087055,-41.75784,-26.530296,15.231482,3.3070252,-31.048912,-27.529648,-7.0553613
208,3.466666666666667,0.21827175,149.0579002686879,986.3276005369819,621.4059068123616,1183.293844399516,2378.181732048959,0.027200295261307256,0.09461126666333049,5.728714788228517,-244.40942,271.14825,10.283587,-53.944527,-20.579695,-13.772816,-27.321362,-16.691242,4.6531377,-3.6896932,-17.820766,-18.81582,-4.997053
209,3.4833333333333334,0.17782526,159.69296125917663,932.5925997411712,638.0528046799652,1246.4533065530754,2390.376099216084,0.027200295261307256,0.09461126666333049,5.728714788228517,-270.68457,258.20453,20.387947,-49.74402,-22.780468,-18.336496,-28.65213,-11.932282,5.9874954,-12.147278,-30.982939,-15.8717785,15.086759
210,3.5,0.12639882,171.8291656177447,920.6729871450137,589.1250043365749,1246.4726885076054,2385.6882942423094,0.027200295261307256,0.09461126666333049,5.728714788228517,-294.66458,242.69788,26.993969,-42.729156,-19.836214,-17.364416,-28.066568,-9.682788,9.660488,-12.424276,-37.835068,-16.903759,21.015562
211,3.5166666666666666,0.08205932,192.31205187261835,866.298045690894,562.5914517491123,1226.5163263381316,2209.779646470368,0.027200295261307256,0.09461126666333049,5.728714788228517,-317.42984,227.74199,35.330326,-29.771648,-12.381758,-14.474676,-24.063763,-10.736282,4.897751,-7.3500686,-32.153614,-22.668148,7.4996996
212,3.533333333333333,0.051552232,215.93422871477816,889.7245455062099,640.1366075431104,1308.069949325494,2548.782897375323,0.027200295261307256,0.09461126666333049,5.728714788228517,-359.74704,201.56381,52.367104,-19.702412,-24.405048,-24.162292,-18.742306,0.08640158,5.2495127,-15.203375,-29.24507,-11.924942,8.428125
213,3.55,0.028688489,222.55217715340927,1178.9040856660454,551.0492698662049,1336.6559225531105,3330.1844221620927,0.027200295261307256,0.09461126666333049,5.728714788228517,-429.9939,145.3149,62.169796,2.7481487,-18.855206,-18.732273,-4.2050323,10.435191,3.3727942,-16.123608,-17.049282,0.057772666,8.002847
214,3.566666666666667,0.0094918,0.0,2621.302740775989,503.7452126824571,1392.1858195864315,3075.313036135507,0.027200295261307256,0.09461126666333049,5.728714788228517,-475.53973,96.95462,44.273827,6.3890295,-1.8794339,5.7797513,12.026985,7.874382,-5.1546373,-14.63983,-10.038353,2.2460742,7.852852
215,3.5833333333333335,0.0020143576,0.0,3546.217969035297,682.978971761033,1479.1870578999283,2744.5813810467994,0.027200295261307256,0.09461126666333049,5.728714788228517,-480.2756,88.204346,31.126692,-8.754886,-12.798166,3.0810993,15.5446615,13.353281,0.37477428,-9.372106,-5.5720186,5.4998713,8.850832
216,3.6,0.0014785002,0.0,3788.41335059658,720.1846643030223,1427.5098963162638,2865.5776723445288,0.027200295261307256,0.09461126666333049,5.728714788228517,-482.06573,86.281975,33.34513,-0.8071826,-6.8114343,-0.031038627,9.56675,14.972658,8.798384,-1.7937686,-1.2418339,8.049328,9.212395
217,3.6166666666666667,0.00092255644,0.0,6200.770238919575,651.2763783449263,1511.3500359824593,2759.000021107674,0.027200295261307256,0.09461126666333049,5.728714788228517,-520.3737,50.982582,32.07087,14.131862,5.4370303,5.4936647,8.054682,7.9256954,4.615823,0.6977898,-1.7527356,-2.713711,-3.1847186
218,3.6333333333333333,0.00067676115,0.0,6575.1305517765595,710.3172574068622,1854.3977854700668,2987.984606539695,0.027200295261307256,0.09461126666333049,5.728714788228517,-531.71356,39.360596,30.069666,19.549099,11.606105,7.416958,5.717951,4.629665,3.2403228,1.7571368,0.64604574,-0.0068418235,-0.31513882
219,3.65,0.0007282493,0.0,6479.552325745346,819.2544529094907,2117.459233167171,3324.8559758328524,0.027200295261307256,0.09461126666333049,5.728714788228517,-537.21405,33.04211,27.121513,19.732117,13.189512,8.855796,6.744408,5.9331007,5.380472,4.5645466,3.5918849,2.8403625,2.4941258
220,3.6666666666666665,0.0006789037,0.0,5996.501119947666,791.4042828271224,2094.8779279186056,3073.4329179962856,0.027200295261307256,0.09461126666333049,5.728714788228517,-537.1623,33.619858,28.919346,22.782501,16.891308,12.371396,9.421177,7.4689083,5.704984,3.6387935,1.3566042,-0.62641716,-1.768275
221,3.683333333333333,0.0005647833,0.0,7580.502196702196,688.2530620097953,1859.9445671664898,2753.0479062056647,0.027200295261307256,0.09461126666333049,5.728714788228517,-539.60095,29.42557,23.280113,16.4612,11.270368,8.333764,7.092767,6.540735,5.63422,3.7705994,1.2255033,-1.1184523,-2.5908656
222,3.7,0.0006097207,0.0,7528.325115637419,917.7511815475527,1975.9307472649966,3013.2843503582644,0.027200295261307256,0.09461126666333049,5.728714788228517,-537.94415,31.843426,25.748596,18.657207,12.767145,8.841558,6.6980762,6.0178137,6.3981204,6.9739285,6.6015587,4.701687,1.7937777
223,3.716666666666667,0.0006088461,0.0,6594.822479803044,1148.530220115582,2138.1345825148014,3315.893475389653,0.027200295261307256,0.09461126666333049,5.728714788228517,-533.1272,36.8067,26.853075,17.243464,11.823397,9.7582245,7.8522205,4.585664,1.4114189,0.43157506,1.6289872,2.8588994,2.2946475
224,3.7333333333333334,0.0006443093,0.0,6435.731030369075,786.345441164328,1759.9968580559068,2942.409309577816,0.027200295261307256,0.09461126666333049,5.728714788228517,-531.4151,38.059254,25.19498,12.374109,4.9595556,3.0093038,3.21741,2.9475374,2.0225906,1.396095,1.3022023,1.156177,0.688205
225,3.75,0.00064983126,0.0,5826.717980710298,757.6292621173683,1654.6217873382311,2878.368046767638,0.027200295261307256,0.09461126666333049,5.728714788228517,-520.1013,50.405304,29.864614,11.194395,2.0758424,1.0476013,2.859383,3.7501326,2.907989,1.9927015,2.9806886,4.9766607,4.554997
226,3.7666666666666666,0.00080567395,0.0,5475.4821889914565,715.420362398277,1524.1058757836847,2894.842975074507,0.027200295261307256,0.09461126666333049,5.728714788228517,-512.18805,58.410637,30.512863,5.3690805,-5.3992333,-3.927271,0.1730538,0.16804713,-3.0340698,-3.9752321,0.43270832,6.999978,9.639727
227,3.783333333333333,0.0008589802,0.0,5001.311727519033,677.8839239569494,1576.8136295033262,2943.71049915037,0.027200295261307256,0.09461126666333049,5.728714788228517,-506.29984,63.114803,29.185051,2.9568648,-3.99709,0.71223855,4.754503,2.9147933,-2.0595205,-3.8939223,0.8623545,8.08322,9.981413
228,3.8,0.0009028659,0.0,4916.706843317546,683.0443901799085,1662.6716898171474,2871.484633642699,0.027200295261307256,0.09461126666333049,5.728714788228517,-507.20016,62.32436,30.299976,6.8890114,0.7505786,2.3823745,2.0081139,-1.6641433,-6.0103264,-7.875807,-4.3192434,3.1346567,7.444106
229,3.816666666666667,0.0009631317,0.0,4664.803598024971,767.1553423369361,1662.1685126330817,2890.0813793859984,0.027200295261307256,0.09461126666333049,5.728714788228517,-498.7414,67.21273,22.719519,-5.4806523,-8.797058,-4.5877867,-3.5544724,-2.53724,-0.1355915,0.3376109,-0.76614577,-1.3078136,-2.7867079
230,3.8333333333333335,0.0010566888,0.0,4706.660630106984,819.3340925658831,1526.014470074603,2793.1006359157195,0.027200295261307256,0.09461126666333049,5.728714788228517,-497.49332,67.626434,20.441618,-9.474083,-11.703491,-2.362993,5.207738,6.979764,2.0682478,-3.8985739,-1.5231304,7.330119,9.792088
231,3.85,0.0012468181,0.0,4330.679283964538,760.7749481118323,1504.2088223112041,2760.25884334247,0.027200295261307256,0.09461126666333049,5.728714788228517,-485.11798,76.66828,17.757051,-10.621057,-6.0944653,0.8789046,1.6019194,2.5726993,-0.43842036,-8.154986,-6.532299,7.256939,14.839363
232,3.8666666666666667,0.0013907764,0.0,4077.2786571150327,746.524127348788,1611.0252301927874,2800.174952545753,0.027200295261307256,0.09461126666333049,5.728714788228517,-474.77902,84.27858,15.549021,-12.3765955,-4.5125823,-2.374812,-8.276711,-5.0212026,-0.6307494,-5.5532455,-6.675717,3.2772975,8.2937
233,3.8833333333333333,0.0014468873,0.0,3837.741827477601,717.8394197870801,1648.2974032831803,2730.540289801693,0.027200295261307256,0.09461126666333049,5.728714788228517,-475.28024,84.29729,16.232113,-12.586229,-5.403349,-2.1228719,-7.579685,-6.8309665,-4.1014986,-5.281171,-0.7335103,9.778633,10.83255
234,3.9,0.0014602725,0.0,3786.134401875778,746.4802659282824,1594.9287036477501,2705.965917295376,0.027200295261307256,0.09461126666333049,5.728714788228517,-477.71133,82.10898,16.579935,-10.049704,-0.68642145,5.112953,-0.109289736,-4.0216384,-7.979513,-12.119258,-6.274761,5.3812556,6.146805
235,3.9166666666666665,0.0013603567,0.0,3682.3122749047507,843.1350493689139,1591.8539851912055,2716.248502216141,0.027200295261307256,0.09461126666333049,5.728714788228517,-473.28287,82.64746,9.116326,-16.010742,0.13883743,8.123846,1.9495797,0.17322643,-0.9963791,-7.1218996,-5.2338758,6.390133,9.874472
236,3.933333333333333,0.0013352183,0.0,3866.764954680134,825.377354510827,1580.6655752275447,2770.987644306189,0.027200295261307256,0.09461126666333049,5.728714788228517,-477.8923,79.44708,11.003748,-14.982325,-4.630028,1.6783359,1.5074172,5.8963695,4.155061,-6.453821,-7.2643337,4.688675,10.948166
237,3.95,0.0013167019,0.0,4072.22902532564,745.8826475787504,1589.7011329506734,2812.9186972724315,0.027200295261307256,0.09461126666333049,5.728714788228517,-483.27542,76.73122,15.260007,-11.218939,-5.4427714,-1.4264281,-3.4263158,-1.9908373,-2.8492126,-7.153141,-2.654881,9.147189,12.126837
238,3.966666666666667,0.0012967696,0.0,4057.315160532042,685.1621009230226,1564.9861615242355,2766.1742562810377,0.027200295261307256,0.09461126666333049,5.728714788228517,-486.92526,75.714615,21.186794,-3.5801086,-1.9440548,-3.9292383,-9.727609,-6.9136887,-3.7557611,-8.460907,-8.542875,3.308386,12.795685
239,3.9833333333333334,0.0011590812,0.0,4265.794454437527,705.8256318263515,1607.3080212834338,2765.363561273735,0.027200295261307256,0.09461126666333049,5.728714788228517,-490.6437,74.003235,26.392452,5.3719172,5.546245,0.08006793,-7.3792343,-2.9506607,3.9753895,1.8892267,-0.32661277,4.6453567,7.333841
240,4.0,0.0009317541,0.0,5405.307912556953,769.5958451799796,1655.2969269817688,2788.3585858850815,0.027200295261307256,0.09461126666333049,5.728714788228517,-510.34906,54.00467,19.83089,4.3563523,5.090268,3.3246136,-0.049038023,3.348225,7.152187,4.1040907,1.2395378,4.439684,6.559841
241,4.016666666666667,0.0007937044,0.0,5398.748927759604,723.5670993306132,1619.9052335325914,2782.0809957186375,0.027200295261307256,0.09461126666333049,5.728714788228517,-516.2418,47.662754,18.159534,7.1533136,9.982079,7.682933,1.5854201,0.11872971,-1.745634,-7.4528933,-7.0742335,3.3358898,12.09141
242,4.033333333333333,0.0008124522,0.0,5297.095358284347,663.902403118972,1635.264508781014,2755.265287919527,0.027200295261307256,0.09461126666333049,5.728714788228517,-513.5848,53.973785,26.310284,10.010554,5.3848553,1.2866011,-1.4731054,1.0534085,2.1054866,-2.7270997,-4.5584,2.3343344,8.6636305
243,4.05,0.000759719,0.0,5800.927941005893,785.3120542238456,1597.2978260396906,2635.3317231577626,0.027200295261307256,0.09461126666333049,5.728714788228517,-520.45844,46.29709,21.385965,5.224437,1.3485714,0.9002468,-0.13391224,-0.28276744,0.72947323,3.0145185,7.0307126,9.969952,8.581889
244,4.066666666666666,0.00080185046,0.0,6204.320299483619,820.8229008468463,1585.8724749289036,2618.3198129181465,0.027200295261307256,0.09461126666333049,5.728714788228517,-521.895,47.21799,26.211784,9.2509,3.2228732,4.1701794,5.974901,6.19672,5.022193,2.9520826,0.3446356,-2.0707424,-2.821404
245,4.083333333333333,0.000748164,0.0,5916.027938730592,612.6482241957634,1734.2247395855593,2839.3036761609296,0.027200295261307256,0.09461126666333049,5.728714788228517,-520.93604,51.04104,35.530876,22.48655,14.732828,8.546808,2.6475716,-0.6864582,-1.15547,-1.0322158,-0.98521054,0.14903134,2.0448303
246,4.1,0.00069013465,0.0,6346.880563802972,620.4176280749103,1739.7817299438814,2951.450500592603,0.027200295261307256,0.09461126666333049,5.728714788228517,-529.09064,40.014526,26.283081,16.04232,11.083462,7.792755,5.6813135,5.2126756,3.241743,-1.8475084,-5.4338517,-3.4838824,0.94134754
247,4.116666666666666,0.00052350585,0.0,6533.190488221626,675.2271538932179,1778.8561943491948,2912.1563664189985,0.027200295261307256,0.09461126666333049,5.728714788228517,-533.6811,34.53456,22.297081,11.865354,5.377191,0.97407347,-1.1603223,-0.5785467,-0.012241885,-1.4381742,-2.2599177,-0.14149028,2.2010045
248,4.133333333333334,0.0005791836,0.0,6585.207154104722,734.9090101071338,1833.8791218773972,2955.8682084899833,0.027200295261307256,0.09461126666333049,5.728714788228517,-532.2777,36.742317,23.9571,11.784048,5.0252304,2.7218528,1.6228327,0.56948316,0.637123,2.1311522,3.2933528,2.433208,0.20203114
249,4.15,0.00060946564,0.0,6389.369312471952,771.2324967781487,1923.8887558655777,2906.0805453057674,0.027200295261307256,0.09461126666333049,5.728714788228517,-531.30707,39.89306,30.552246,20.059706,12.148954,7.929456,6.3725076,6.0308456,6.102964,6.302856,6.382492,6.058775,5.1788397
250,4.166666666666667,0.00061230373,0.0,6995.51674768097,554.6991310790493,1715.2012699937168,2746.1194468091603,0.027200295261307256,0.09461126666333049,5.728714788228517,-533.6965,36.02964,25.933895,15.781559,9.887152,8.432299,8.6569195,7.9975367,5.944071,3.478955,1.5798938,0.5704918,0.44844657
251,4.183333333333334,0.0005191037,0.0,6842.140264217179,500.8475256004749,1536.626796559287,2805.08999814594,0.027200295261307256,0.09461126666333049,5.728714788228517,-540.89514,27.872074,22.516064,16.837421,12.745726,10.27475,8.532045,6.995019,5.7063227,4.6706085,3.5711098,2.1030564,0.3404845
252,4.2,0.00044647127,0.0,7149.414969805337,577.3696236447172,1565.5049444794897,2625.6171623024475,0.027200295261307256,0.09461126666333049,5.728714788228517,-539.4347,29.761284,23.87798,17.388538,12.345182,8.799288,5.6580257,2.3419132,-0.5390867,-1.9329249,-1.4883788,0.057309598,1.4500532
253,4.216666666666667,0.0006033002,0.0,7035.746682475448,993.9985648456525,1894.013564029673,2736.3336070722885,0.027200295261307256,0.09461126666333049,5.728714788228517,-540.8596,28.64645,24.798378,20.06629,15.553764,11.550743,7.9938006,5.031649,2.9665012,1.8177364,1.22396,0.8221265,0.5523653
254,4.233333333333333,0.0006920846,0.0,6456.941898911945,1448.1398297264943,2177.801065258877,3004.25989863335,0.027200295261307256,0.09461126666333049,5.728714788228517,-541.22614,27.683535,23.103405,18.66344,16.320189,15.775656,15.085937,12.644356,8.678343,4.968611,3.1895149,3.4638963,4.3861723
255,4.25,0.0006883073,0.0,6315.44326903997,1246.9989684287605,2439.9256364985145,3337.083525384451,0.027200295261307256,0.09461126666333049,5.728714788228517,-538.83453,30.479164,24.622673,18.845036,15.118605,13.404641,12.752861,11.84601,9.522021,6.075444,3.4116442,2.9266546,3.8682394
256,4.266666666666667,0.00070903957,0.0,7134.215807536572,1166.4243421553244,2519.144909395911,3504.601384764097,0.027200295261307256,0.09461126666333049,5.728714788228517,-540.6379,28.863224,24.695904,19.533499,14.945392,11.735006,9.7643,8.342848,6.7890034,4.78858,2.4441323,0.12825702,-1.7169417
257,4.283333333333333,0.0007649041,0.0,6510.366066419512,1163.442378796367,2444.860558790588,3442.898758209628,0.027200295261307256,0.09461126666333049,5.728714788228517,-537.5305,32.500057,26.511225,19.442024,13.65567,10.214851,8.851577,8.585734,8.366927,7.560501,6.2606754,5.191552,5.0637445
258,4.3,0.0008579536,0.0,6466.512663397243,1322.998185907452,2558.282360061985,3497.1662827588334,0.027200295261307256,0.09461126666333049,5.728714788228517,-536.76715,32.64895,25.241652,18.382051,14.284945,11.973916,10.161579,8.897665,8.26017,7.317735,5.4620004,3.651721,3.101729
259,4.316666666666666,0.00087328523,0.0,6884.928116829201,1047.6110685512085,2135.5119293636294,2918.7487866568085,0.027200295261307256,0.09461126666333049,5.728714788228517,-536.2129,33.601376,27.269371,22.630875,20.081526,16.311577,10.300388,5.091869,3.2564185,3.5847445,3.6282187,3.2155757,3.5092697
260,4.333333333333333,0.00078656455,0.0,6469.082790103171,856.305207869898,2129.637361386128,3315.574003721652,0.027200295261307256,0.09461126666333049,5.728714788228517,-533.7587,37.276466,30.083693,22.136309,16.311275,13.0863085,10.919182,8.143989,4.566644,1.4687064,0.27830315,1.2458342,3.2408457
261,4.35,0.00083622016,0.0,6675.528171041319,884.7268362719551,2297.0521203527796,3481.6715910577777,0.027200295261307256,0.09461126666333049,5.728714788228517,-537.22784,32.800003,26.494354,19.080101,12.996454,9.05396,6.4674683,4.0471535,1.409068,-0.7903955,-1.629665,-0.874338,0.758181
262,4.366666666666666,0.0007602016,0.0,6303.82849961761,711.5415411522491,2146.421724038631,3361.9483654521136,0.027200295261307256,0.09461126666333049,5.728714788228517,-538.9315,31.06995,26.689686,21.943924,18.29953,15.668644,13.20912,10.506214,7.8129025,5.4745207,3.5868533,2.2630715,1.8149548
263,4.383333333333334,0.0008976865,0.0,7061.220856203005,1172.1844681013913,2274.3336659250413,3610.6580449048083,0.027200295261307256,0.09461126666333049,5.728714788228517,-531.96606,38.6083,29.077484,19.754566,13.799614,10.39225,7.6338434,5.2498827,3.9420638,3.5077667,3.04065,2.5883384,3.1512647
264,4.4,0.023993786,0.0,5537.678182470359,900.13278217358,2251.330100340372,3097.378419569132,0.027200295261307256,0.09461126666333049,5.728714788228517,-369.77344,100.13356,1.6901267,-0.5489848,18.465025,15.652927,-27.616684,-14.678999,10.776701,-5.8710327,-14.028898,-2.436496,-9.745677
265,4.416666666666667,0.043725647,0.0,4478.682499763773,752.398329016726,2385.2765315715105,2697.4545300273967,0.027200295261307256,0.09461126666333049,5.728714788228517,-193.47098,102.24296,-49.096596,-11.187227,30.293144,-1.6718884,-41.83563,-5.4811506,-2.1476564,-9.723694,-16.497149,-4.6882195,-14.4685335
266,4.433333333333334,0.04692273,0.0,3779.302404363548,630.2705794940013,2272.0371404827424,2696.5607231779945,0.027200295261307256,0.09461126666333049,5.728714788228517,-184.00078,121.974655,-50.716026,3.2745955,40.69204,-5.517213,-38.02065,4.2416906,-4.1156116,-7.7826157,-11.498651,2.9418378,-6.5711303
267,4.45,0.11500339,0.0,2148.0803408503234,386.17790423668214,2196.163039941085,2693.021303350348,0.027200295261307256,0.09461126666333049,5.728714788228517,-258.80243,162.81386,-16.330841,20.116657,63.690975,21.1755,-26.361898,-11.999653,-10.688423,9.934324,-17.205929,-11.346904,-19.203606
268,4.466666666666667,0.14823483,0.0,1608.968215707865,452.7324375089044,2202.4103928990585,2672.3799920527254,0.027200295261307256,0.09461126666333049,5.728714788228517,-188.48482,213.81241,-37.94957,6.8932824,58.96142,31.087337,-37.938377,-23.409554,-7.950437,7.109686,-22.473139,-20.52031,-10.395547
269,4.483333333333333,0.15246044,99.71433641024554,1491.310368061685,474.44434792178544,2188.0397199987674,2630.7758236756827,0.027200295261307256,0.09461126666333049,5.728714788228517,-209.86235,211.71304,-22.866076,4.8872423,52.06281,24.008741,-30.475975,-25.013514,-4.9893913,7.574047,-21.694069,-18.037212,-8.3053875
270,4.5,0.09603142,99.11143629089342,1403.7517594251203,456.3608363417851,2082.484039123151,2595.303385081357,0.027200295261307256,0.09461126666333049,5.728714788228517,-261.91382,185.78307,12.682446,22.801195,48.429535,22.43629,-23.61464,-24.63804,-16.974276,8.604155,-15.1198845,-11.375267,-1.4293616
271,4.516666666666667,0.055302676,96.74853648067106,3291.572505675882,1008.9637241899957,2199.4091488914937,3124.710056228276,0.027200295261307256,0.09461126666333049,5.728714788228517,-275.03116,116.7422,5.8789515,39.020847,35.370556,31.703749,2.825924,-17.59882,-20.625437,6.800206,-1.4818726,4.4518824,-13.705985
272,4.533333333333333,0.024645897,0.0,8247.281261248034,1423.600601768477,2333.2575151254487,3445.9455693282007,0.027200295261307256,0.09461126666333049,5.728714788228517,-236.25874,24.700989,-9.327507,38.657078,-9.712437,28.595852,-1.9611721,-7.18235,-4.911732,8.487616,4.751511,20.355923,-10.567014
273,4.55,0.020767724,0.0,8866.152101534773,870.767307246124,1987.0813033896377,2826.853964932797,0.027200295261307256,0.09461126666333049,5.728714788228517,-232.78256,12.822296,-11.651953,19.244755,-31.788507,12.772163,-22.403524,-21.570137,-6.810397,0.33741796,-8.503361,12.873456,-12.217779
274,4.566666666666666,0.018786144,0.0,8348.808100290244,796.5656849751067,1881.9078061426526,2831.36825339592,0.027200295261307256,0.09461126666333049,5.728714788228517,-242.06633,31.86034,-15.298916,6.762278,-29.458279,-0.8075493,-22.878674,-29.722744,-10.925281,4.710523,-9.767299,4.8153667,-18.060024
275,4.583333333333333,0.016131805,0.0,7226.962550833685,697.0098938967275,1895.3340743757428,2731.5868261333,0.027200295261307256,0.09461126666333049,5.728714788228517,-246.5576,50.010643,-12.477014,19.678574,-20.062687,0.29758453,-19.335644,-33.617317,-17.44806,6.76741,-5.260687,8.113633,-14.822643
276,4.6,0.023942005,0.0,5653.338017406134,562.0902934458378,1902.3465960059332,2584.151722926005,0.027200295261307256,0.09461126666333049,5.728714788228517,-278.8712,82.11488,-19.496277,19.099985,9.224833,7.54535,-7.9472284,-26.192001,-19.222172,5.7973843,-3.2392476,5.0521984,-13.757029
277,4.616666666666666,0.09365772,0.0,1466.9500815498452,438.0379129690784,1895.851126553727,2527.899452509537,0.027200295261307256,0.09461126666333049,5.728714788228517,-269.048,182.06708,22.046741,20.907906,26.501904,19.463276,-6.8856363,-27.678848,-25.309654,1.6110909,-6.7680893,-4.748848,-21.41079
278,4.633333333333334,0.12567432,111.0334572554694,1146.6980027805034,447.8124181982975,2043.095599749913,2597.048375981304,0.027200295261307256,0.09461126666333049,5.728714788228517,-257.35864,211.11203,0.15904203,20.399502,48.986538,23.668367,-35.231293,-32.7838,-7.727991,-2.7899652,-6.9354362,-17.276592,-4.052861
279,4.65,0.13641346,110.0654820760916,1217.241301752849,506.29021863926926,2165.8743565293335,2634.9707031982025,0.027200295261307256,0.09461126666333049,5.728714788228517,-255.64197,210.09647,2.0895898,16.76244,45.573704,13.86658,-39.843285,-35.34764,-3.9675102,6.335968,-10.023556,-15.896397,-9.93668
280,4.666666666666667,0.12762578,107.59661671327126,1091.9303101336845,555.3789370233438,2002.5490101567943,2625.1998528148497,0.027200295261307256,0.09461126666333049,5.728714788228517,-258.25494,220.59267,18.926476,12.079075,32.220726,2.155817,-39.646988,-27.847364,-4.2998,1.2616526,-5.3480287,-6.271618,-13.092407
281,4.683333333333334,0.10994719,105.2241413527773,1118.036550980069,520.02980773023,1713.9709538720397,2589.2867359301604,0.027200295261307256,0.09461126666333049,5.728714788228517,-252.0114,222.40231,22.159155,-4.321232,21.909256,9.990427,-16.465887,-21.353931,-17.474182,-7.307646,-14.529823,0.75030047,-2.2395706
282,4.7,0.09247067,0.0,1990.8627568591032,564.8379494961266,1618.7345902911618,2640.6271201255595,0.027200295261307256,0.09461126666333049,5.728714788228517,-265.62097,180.921,4.9378414,8.262163,26.39571,3.0303652,-18.832382,-12.374637,0.76359415,-1.9130784,-28.384268,-2.8027825,8.395054
283,4.716666666666667,0.13713886,0.0,1374.958103363278,666.8276595118782,1659.6276221763515,2607.269084773278,0.027200295261307256,0.09461126666333049,5.728714788228517,-212.7531,238.27335,-11.620534,-30.18158,22.325989,11.177107,-17.99909,-21.000526,0.77246654,2.9620748,-27.49474,9.729736,16.292454
284,4.733333333333333,0.186025,0.0,1207.2339624267302,689.8142841295848,1564.4729163051688,2512.549644113783,0.027200295261307256,0.09461126666333049,5.728714788228517,-185.23085,262.39774,-18.100853,-46.874603,9.650288,4.69156,-24.13459,-17.712626,-5.6049376,-0.25143147,-23.30261,7.429618,13.7192135
285,4.75,0.21115811,105.26519065523667,1354.6054461325741,717.6039208279242,1502.306409776956,2529.0851884879144,0.027200295261307256,0.09461126666333049,5.728714788228517,-171.63113,255.34955,-29.302393,-45.129402,15.378698,-5.4479055,-20.463974,-2.9622154,-5.3953643,3.0354347,-20.435686,10.9771805,14.619936
286,4.766666666666667,0.24107984,105.78555689860575,1370.3998392275646,714.3527956697537,1459.7372909701178,2542.945140259251,0.027200295261307256,0.09461126666333049,5.728714788228517,-173.74681,256.59802,-30.922596,-39.18432,10.549274,-11.968945,-12.572548,-10.255403,-8.824846,0.5969618,-18.391285,0.79058224,14.265436
287,4.783333333333333,0.22087139,106.44065485527753,1211.610918775038,651.7593614105674,1429.6345406431858,2559.8515126700067,0.027200295261307256,0.09461126666333049,5.728714788228517,-182.88681,255.13138,-13.141079,-28.300415,4.2025876,-8.57058,-16.501568,-18.949087,-11.145523,-3.917482,-26.196,-0.25219446,21.93655
288,4.8,0.16060326,0.0,1125.5599362843614,617.9180702789009,1475.2370197194741,2599.3882785379433,0.027200295261307256,0.09461126666333049,5.728714788228517,-224.67007,247.57608,0.025343418,-19.825151,14.03572,-0.7457398,-15.741152,-14.428247,-4.150502,-11.730769,-28.745274,-5.42024,16.950607
289,4.816666666666666,0.052737627,0.0,1957.7557947625733,547.2858729113055,1563.4620161536147,2627.1414254888746,0.027200295261307256,0.09461126666333049,5.728714788228517,-359.88684,178.86348,40.50906,-10.684847,17.579689,0.07931149,-13.5360985,-7.5469637,14.811583,3.3757932,-14.0780735,0.2273475,13.449636
290,4.833333333333333,0.010321182,0.0,3049.1434227449236,447.90916260091893,1585.8085345024356,2617.553995733,0.027200295261307256,0.09461126666333049,5.728714788228517,-464.2118,107.51384,51.00673,21.787497,20.047085,12.311147,-4.890379,-11.479477,-6.5977206,-7.1931,-13.192186,-9.626974,1.2394581
291,4.85,0.0025148133,0.0,4524.761329030471,537.3853944356758,1661.4849816465094,2709.368457259336,0.027200295261307256,0.09461126666333049,5.728714788228517,-505.22458,68.565475,43.149254,22.367363,11.191927,2.3795304,-7.449778,-13.371697,-12.761965,-10.064576,-8.5347395,-5.287442,1.5900856
292,4.866666666666666,0.0020590695,0.0,4855.496254653428,547.419033795753,1717.5375841246266,2755.4728969880844,0.027200295261307256,0.09461126666333049,5.728714788228517,-512.92584,59.939713,38.570366,19.821648,9.782211,4.615889,-0.30593467,-5.0045166,-7.3121443,-6.0743685,-1.5832095,4.6175423,10.081125
293,4.883333333333334,0.019302387,0.0,4584.301344881602,645.2410722804673,1661.024069043292,2705.2736777935293,0.027200295261307256,0.09461126666333049,5.728714788228517,-296.18027,117.09125,-4.0025797,-4.5336466,2.413052,1.2106923,-24.010822,-0.13704777,-1.8259768,-3.7840023,-17.385103,-5.56145,-4.1198754
294,4.9,0.1497964,0.0,2235.023011263569,708.9922243926668,1522.0509823648863,2637.2499579928394,0.027200295261307256,0.09461126666333049,5.728714788228517,-162.88927,178.7526,-6.353673,0.55115086,5.951111,-1.9512774,-20.161602,-6.2265725,-5.0548487,-11.286823,-22.944656,0.66144997,1.2666452
295,4.916666666666667,0.15341951,0.0,1714.9779773614646,628.5234546671052,1439.9343005490166,2530.405061497583,0.027200295261307256,0.09461126666333049,5.728714788228517,-142.24507,229.24063,-31.817787,-18.240559,22.575827,-21.264324,-18.75866,-18.965075,6.8018475,-16.219673,-32.468742,-1.3777497,6.697938
296,4.933333333333334,0.13530964,0.0,2076.3437600831567,778.3006251151468,1682.383476479678,2661.369524181912,0.027200295261307256,0.09461126666333049,5.728714788228517,-246.42955,191.83514,-9.921255,-11.083563,29.763931,2.1725132,-19.480453,-10.177582,11.196239,-6.138703,-30.112057,0.7830504,9.216948
297,4.95,0.038271315,173.3889938761998,2552.935891837166,733.0069250005087,1680.0741129567523,2744.98992750409,0.027200295261307256,0.09461126666333049,5.728714788228517,-293.56223,169.439,16.600796,-13.436078,23.283901,-0.04480934,-21.980381,-3.6758885,18.85462,-8.755421,-29.953674,-0.94619197,1.9276533
298,4.966666666666667,0.07070402,175.54239661506793,2130.07324072942,503.98770509300584,1208.3371277064655,2621.694686181605,0.027200295261307256,0.09461126666333049,5.728714788228517,-286.3482,190.04173,32.61962,-18.380486,13.577798,-10.235751,-21.566906,14.740179,9.321627,-14.6427555,-18.323677,4.209402,5.027584
299,4.983333333333333,0.08687198,0.0,1444.3721795603583,631.1037122400745,1215.9936545628416,2658.4146607844823,0.027200295261307256,0.09461126666333049,5.728714788228517,-230.47176,225.37553,23.505966,-17.731495,2.921836,-26.73695,-24.921528,16.014872,10.106576,-11.999472,-18.7481,3.3362994,4.5035458
300,5.0,0.081054464,0.0,1363.7677260402725,586.5659903839484,1191.6644544829094,2617.9230059092065,0.027200295261307256,0.09461126666333049,5.728714788228517,-273.37335,204.34586,47.4311,13.365906,-3.8510215,-24.244442,-15.524631,2.7970877,3.5075912,-5.0343795,-22.866394,-2.6504169,7.240374
301,5.016666666666667,0.039066587,0.0,2741.2827859251024,533.618414304629,1287.0231946490298,2633.357917135219,0.027200295261307256,0.09461126666333049,5.728714788228517,-400.2264,143.7869,55.765564,19.824062,-0.0138988495,-14.552596,-1.7444589,5.6408186,5.225385,0.7564253,-14.936003,-5.579248,4.3016768
302,5.033333333333333,0.003515293,0.0,4794.03917893796,549.3787491730676,1468.5546591031264,2648.971415742413,0.027200295261307256,0.09461126666333049,5.728714788228517,-498.21387,78.25972,51.2444,26.161036,10.844639,2.0710793,-3.6591878,-6.625396,-7.095845,-5.7075787,-1.6675038,5.547407,11.436227
303,5.05,0.0013165836,0.0,5461.5415858263,385.3146325345194,1516.9185451776502,2611.3922415111338,0.027200295261307256,0.09461126666333049,5.728714788228517,-516.8222,57.341972,41.242203,24.750965,13.803905,8.329182,5.1930714,2.1670089,-0.8748592,-2.7467916,-2.0317435,1.5866234,6.2003956
304,5.066666666666666,0.0010671929,0.0,6104.41874892717,251.55181254714708,1496.318604369446,2615.3203037771027,0.027200295261307256,0.09461126666333049,5.728714788228517,-526.0903,46.370758,34.82657,21.999752,12.664607,8.046898,6.252611,4.9105635,3.3516245,2.54553,3.3724551,5.245676,6.4355316
305,5.083333333333333,0.0010862794,0.0,6353.542669623059,535.6451164639383,1714.665341754826,2823.296355316362,0.027200295261307256,0.09461126666333049,5.728714788228517,-525.221,47.420036,36.184288,24.959599,17.093266,11.577108,6.711339,2.721587,0.420443,-0.6331281,-1.2299201,-0.873898,1.3454895
306,5.1,0.010484607,0.0,5201.566351706036,818.75989285783,1805.954788301385,3009.2196695650373,0.027200295261307256,0.09461126666333049,5.728714788228517,-443.07547,94.96394,7.52849,-6.2764435,-2.0883894,2.544558,9.935939,3.3682144,3.6418045,-1.1172513,-8.094152,0.58294266,6.7982454
307,5.116666666666666,0.117164776,0.0,3048.7618075513346,775.7967595660873,1438.3491100943543,2682.058744717945,0.027200295261307256,0.09461126666333049,5.728714788228517,-242.72363,156.72809,-9.034069,15.308558,1.6443748,-10.379815,-0.77163494,-16.24505,5.4424067,-11.596653,-17.971613,0.035261273,-5.046526
308,5.133333333333334,0.18484102,0.0,1353.303834003598,592.8220026786927,1290.0830792595127,2552.460858300913,0.027200295261307256,0.09461126666333049,5.728714788228517,-166.60748,239.4451,-25.56528,-6.9368916,-2.6926565,-15.89525,-18.097843,-21.052048,6.7395906,-11.671875,-28.533382,-11.051561,7.9679203
309,5.15,0.22796997,0.0,1106.2477563524549,651.3649594784545,1258.5384743161349,2498.954036196497,0.027200295261307256,0.09461126666333049,5.728714788228517,-196.97054,253.49774,-3.5667348,-18.718983,-6.266422,-29.4875,-23.035639,-12.25466,3.5978475,-6.696357,-23.884987,-11.214769,15.300274
310,5.166666666666667,0.23881866,112.49951096739395,1047.2298855113586,678.5624230144265,1245.398974061341,2435.9638155628663,0.027200295261307256,0.09461126666333049,5.728714788228517,-215.56209,253.74673,7.4509754,-31.98853,-12.3214,-29.055607,-14.096626,-11.417404,-2.1937892,-0.69362307,-22.12014,-9.59104,13.621631
311,5.183333333333334,0.25908902,113.3936411830362,1097.1379856626445,694.8247339794952,1252.9380142386035,2462.5589353961627,0.027200295261307256,0.09461126666333049,5.728714788228517,-210.09918,257.21588,2.649626,-34.666763,-8.059233,-27.454155,-14.8890295,-13.0683565,2.8509188,4.3955836,-22.715569,-8.698294,14.8433485
312,5.2,0.2576878,114.90194721558386,1146.2882870809308,690.7212040560244,1265.6341339116461,2558.319055061185,0.027200295261307256,0.09461126666333049,5.728714788228517,-213.74724,257.99207,2.138042,-40.62062,-7.896632,-23.042511,-24.661922,-10.177296,15.3473015,-2.511601,-32.48607,-11.152603,21.86589
313,5.216666666666667,0.24472189,117.30760939053522,1133.6539417873269,657.531506322543,1225.141681062463,2566.099928473955,0.027200295261307256,0.09461126666333049,5.728714788228517,-209.49126,254.46046,-4.402167,-27.910013,-5.2429686,-24.22757,-23.428844,-16.565197,11.666157,-0.8114841,-34.75159,-19.996109,21.69048
314,5.233333333333333,0.23801665,120.51678849940475,986.1774192494522,584.0648521096784,1129.7187066559056,2568.083700877788,0.027200295261307256,0.09461126666333049,5.728714788228517,-215.90099,257.91998,2.7741501,-14.359313,-15.187212,-22.381033,-24.593334,-26.583096,5.401596,4.7087436,-33.71661,-27.316395,21.339338
315,5.25,0.22852693,124.4333414950423,826.7775638148236,501.07431407801334,1041.5268741509385,2597.6554830504247,0.027200295261307256,0.09461126666333049,5.728714788228517,-256.8836,246.91098,32.463238,-5.6127787,-12.738663,-14.5938015,-31.112522,-24.877968,12.8138275,5.672272,-45.397533,-38.109047,17.394268
316,5.266666666666667,0.2260876,130.1169410596527,791.3386721978247,462.53421660712104,968.0453143853487,2611.432423499541,0.027200295261307256,0.09461126666333049,5.728714788228517,-271.92947,243.11903,31.005474,-4.457205,4.504239,-13.852428,-43.356144,-26.01757,14.917637,5.9195576,-37.722847,-33.344524,2.7681851
317,5.283333333333333,0.21295938,137.3927872523296,746.8163387289533,435.60140835942053,906.4180056141385,2630.095749220788,0.027200295261307256,0.09461126666333049,5.728714788228517,-291.20752,235.32953,37.66765,0.10775459,7.1264095,-21.360695,-51.3674,-29.093803,12.050873,2.6818023,-32.940258,-27.049213,-1.1663773
318,5.3,0.21543124,142.4089338412157,697.7524600377646,424.65929969044987,878.3337203314383,2607.5394388364602,0.027200295261307256,0.09461126666333049,5.728714788228517,-306.42776,228.32678,47.51441,7.3667436,4.9352546,-22.983303,-50.288006,-28.975897,15.83515,5.6816587,-26.457047,-24.038815,-7.891461
319,5.316666666666666,0.201116,145.70054636634677,672.078151891449,428.8220517459157,862.9768903323633,2561.6192606956765,0.027200295261307256,0.09461126666333049,5.728714788228517,-320.44672,225.23254,53.80765,-0.820989,1.1632427,-16.750032,-47.58702,-29.045607,10.522662,1.9185613,-24.043243,-23.976444,-8.434843
320,5.333333333333333,0.18978778,149.3643567557202,641.365368234658,436.33503220745786,833.9727129806531,2561.4849794340066,0.027200295261307256,0.09461126666333049,5.728714788228517,-340.54575,220.72676,69.12921,2.5808904,-3.8710477,-19.671566,-46.039352,-29.814522,6.4561067,0.5203775,-21.022638,-18.88556,-7.3922567
321,5.35,0.1675662,154.77290577365312,627.2580831966375,443.8892655329959,801.7285189852844,2577.819296115454,0.027200295261307256,0.09461126666333049,5.728714788228517,-354.57697,212.262,72.23303,8.740229,3.016284,-19.218712,-48.11866,-30.863346,6.1678762,0.1749128,-27.125708,-25.422148,-5.712829
322,5.366666666666666,0.14076883,161.8096718814004,634.7887330165843,452.17693907235684,805.1468437217651,2694.945906552112,0.027200295261307256,0.09461126666333049,5.728714788228517,-368.77853,206.53793,86.93241,19.378433,-4.0664396,-28.572718,-48.228554,-30.697706,2.6172535,1.3768903,-20.718775,-21.943375,-5.3132095
323,5.383333333333334,0.095741436,166.36130556428213,627.1238735194955,435.2158123296391,809.755137560416,2808.978787913924,0.027200295261307256,0.09461126666333049,5.728714788228517,-391.87573,195.48596,107.629364,41.817444,-0.53784657,-36.689407,-52.52227,-30.42667,-0.23408605,-0.6754323,-13.682495,-10.577414,-4.2141504
324,5.4,0.055882096,0.0,703.0815437695633,418.1391521594562,806.4324190596143,2759.0634532014956,0.027200295261307256,0.09461126666333049,5.728714788228517,-410.26624,180.06474,105.269714,39.677532,-1.8633566,-28.7001,-38.32193,-24.925575,-5.0586443,-0.31496334,-5.921699,-4.9003305,-0.6958553
325,5.416666666666667,0.033102456,0.0,740.4663264512349,442.2656489834916,824.7765326475093,2726.171197581107,0.027200295261307256,0.09461126666333049,5.728714788228517,-423.5176,166.6517,102.07889,41.544914,-2.4964778,-32.93583,-41.666172,-24.716991,-3.7359235,-1.6390462,-10.703205,-11.0301075,-5.559471
326,5.433333333333334,0.014740075,0.0,1991.0435537652722,488.0102936892392,1241.1365089648532,2721.039107466855,0.027200295261307256,0.09461126666333049,5.728714788228517,-487.65988,94.536194,67.1446,34.37881,5.843245,-13.176971,-20.646502,-17.970577,-10.487901,-4.360448,-2.2229106,-3.1919115,-6.123834
327,5.45,0.002010089,0.0,4297.523425721194,515.4713586747876,1752.1435805554686,2791.881268048408,0.027200295261307256,0.09461126666333049,5.728714788228517,-513.8176,62.31389,46.66403,27.53354,10.824354,-0.29242682,-5.460083,-5.903051,-3.539725,-0.6243983,0.93059343,0.609717,-0.40614706
328,5.466666666666667,0.0013848096,0.0,5399.072443189033,511.2295660177602,1906.5400911174536,2872.1217640286845,0.027200295261307256,0.09461126666333049,5.728714788228517,-523.10004,51.54347,41.762745,29.325657,17.723324,8.903377,2.900519,-1.2670337,-4.34466,-6.238221,-6.378748,-4.545201,-1.3475007
329,5.483333333333333,0.0010498055,0.0,5865.27720941054,544.9737210615182,2035.7248888949991,2851.1158334373117,0.027200295261307256,0.09461126666333049,5.728714788228517,-526.24927,46.4076,35.7185,24.008343,15.000351,9.380643,6.319001,4.829678,3.7123063,1.8117571,-0.7519479,-2.3817713,-1.8061297
330,5.5,0.00095585466,0.0,5257.189596887414,541.740990846559,1889.3496372472875,2955.6757967981866,0.027200295261307256,0.09461126666333049,5.728714788228517,-530.017,42.58823,35.36281,26.971127,19.747189,14.011002,8.996364,4.391657,0.7537426,-1.2247052,-1.3700054,0.02771657,2.4484434
331,5.516666666666667,0.000786161,0.0,6020.044793051127,640.5511130518372,1892.2066044934484,3163.291388176862,0.027200295261307256,0.09461126666333049,5.728714788228517,-530.97327,40.468758,31.289616,20.693777,12.180047,6.878907,3.971434,2.202479,0.8468047,-0.2686002,-0.99043,-0.9033153,0.41586265
332,5.533333333333333,0.00061784696,0.0,7150.057053840142,690.0126369738134,1902.8532243077882,3036.0782816259516,0.027200295261307256,0.09461126666333049,5.728714788228517,-536.7072,33.98716,28.56726,21.541203,14.897982,9.973288,7.0160108,5.3703003,4.088477,2.5700583,0.86192036,-0.4978898,-0.9289818
333,5.55,0.0044561774,0.0,4848.127165017463,554.4463587637762,2148.3875663274302,3055.6642804398957,0.027200295261307256,0.09461126666333049,5.728714788228517,-513.607,63.904198,51.122925,34.344673,18.064949,5.509705,-2.1318088,-5.3827868,-5.59651,-4.136317,-1.9669907,0.32890168,2.3327768
334,5.566666666666666,0.015100099,0.0,1369.390038711467,443.5126120835967,1545.152622461014,2932.8187468715064,0.027200295261307256,0.09461126666333049,5.728714788228517,-471.5249,117.19634,89.31483,55.129623,23.20449,-0.9871138,-13.846573,-15.782273,-11.906801,-7.1710835,-2.6964908,1.4409883,3.4086423
335,5.583333333333333,0.06634472,125.27838859758684,573.8729263778179,304.9409291044844,712.79329240114,2774.1945417047127,0.027200295261307256,0.09461126666333049,5.728714788228517,-398.63654,181.37418,94.55769,50.222286,27.180454,-13.209866,-37.29853,-16.452765,7.1457214,-1.9510705,-16.346003,-9.184422,2.0061996
336,5.6,0.079774335,112.51403799046346,563.6908966507842,356.3839859337882,776.969223765466,2816.6961705144145,0.027200295261307256,0.09461126666333049,5.728714788228517,-370.23352,202.06467,88.553444,43.14695,24.43692,-21.260826,-40.621567,-5.7171574,17.546738,-0.32509747,-12.676712,-4.0959816,-4.1537232
337,5.616666666666666,0.062084112,110.34807384044704,710.9782628909477,337.93738598764185,888.407754290098,3085.842159152679,0.027200295261307256,0.09461126666333049,5.728714788228517,-381.84616,181.98473,76.29379,47.488037,38.26799,-10.179302,-29.593132,7.1769447,15.172828,-8.488687,-10.102501,6.4896574,-5.931408
338,5.633333333333334,0.030596077,0.0,1375.019401021536,344.1920958401404,1391.4963106215089,3394.8393162541533,0.027200295261307256,0.09461126666333049,5.728714788228517,-451.16397,122.07655,69.07674,49.9141,30.755104,-3.4322462,-5.3078136,21.8796,20.121595,-4.7317877,-4.326976,6.355468,-7.1848516
339,5.65,0.008298439,0.0,2877.3751062408755,688.6876898044056,2117.3003234599655,3547.5941711898945,0.027200295261307256,0.09461126666333049,5.728714788228517,-506.1995,71.31859,53.955475,36.849422,23.367765,14.47398,11.853285,12.410802,10.085796,5.192232,2.4143965,1.5144334,-0.13895965
340,5.666666666666667,0.0032028928,0.0,2850.097099485416,1016.0149784180419,2468.9718265755273,3501.2666891501945,0.027200295261307256,0.09461126666333049,5.728714788228517,-515.0564,62.704475,52.46779,39.596718,27.765985,19.396595,15.031883,13.2292595,11.739431,9.336656,6.333835,3.650871,2.0638065
341,5.683333333333334,0.0022114443,0.0,5036.330690396591,639.0403597439348,2168.357802237312,3097.7818680269775,0.027200295261307256,0.09461126666333049,5.728714788228517,-526.2333,47.037254,37.469616,26.300182,17.203348,11.60883,8.974503,8.034824,7.671718,7.1869507,6.407898,5.6459246,5.25504
342,5.7,0.0011967225,0.0,4991.151837270698,646.1334949467041,1850.8302283193566,2817.42304840119,0.027200295261307256,0.09461126666333049,5.728714788228517,-524.23804,48.54267,36.875458,25.558445,17.766708,12.029947,6.918933,3.6379395,3.443509,4.9795732,5.812672,5.283345,4.1971703
343,5.716666666666667,0.01572088,0.0,1830.9803542223767,821.359143653869,2022.1844849515112,2942.461767644024,0.027200295261307256,0.09461126666333049,5.728714788228517,-363.41098,151.8276,-10.85265,-4.4006867,23.92178,-5.667509,-17.393663,-14.339802,-18.748608,-10.049215,2.2249987,-0.35504732,-7.9733677
344,5.733333333333333,0.08864118,0.0,1488.009001341231,472.39432575837014,1908.86926241314,2652.3941618345902,0.027200295261307256,0.09461126666333049,5.728714788228517,-286.5241,184.68256,-26.509966,17.666445,47.426186,11.125772,-10.229315,-22.213722,-6.95259,-0.7404022,-1.866952,-2.335616,-13.800675
345,5.75,0.14250155,110.66568256129376,1195.0301681301703,344.05807136560225,2171.0343230293734,2607.0525459658193,0.027200295261307256,0.09461126666333049,5.728714788228517,-270.17264,205.79765,-25.344717,18.00969,76.04042,34.166622,-25.814339,-33.473606,4.4050064,2.2423563,-18.753092,-20.02845,-19.877739
346,5.766666666666667,0.16509227,105.7099205775145,1148.7252282015145,336.67813555256157,2256.5471816252293,2642.59187553687,0.027200295261307256,0.09461126666333049,5.728714788228517,-277.46655,207.9176,-10.738255,19.885056,71.4406,35.064003,-31.175695,-34.61962,14.929956,8.684114,-24.025852,-25.154015,-14.521584
347,5.783333333333333,0.12188377,103.33507927010183,1231.642382121765,343.10317631316093,2326.4099238731465,2732.408924554627,0.027200295261307256,0.09461126666333049,5.728714788228517,-282.69434,210.9635,-9.703573,6.5921693,70.45969,35.865723,-31.96133,-27.856262,21.101898,-0.6688502,-35.586617,-19.470337,-4.8824334
348,5.8,0.071025334,0.0,1314.7325946969486,356.85653604359,2218.5919912870027,2719.812864647588,0.027200295261307256,0.09461126666333049,5.728714788228517,-345.5371,178.97897,3.63018,6.926511,69.121925,34.441025,-22.642792,-6.9034505,18.133913,-9.502865,-29.557487,-10.21063,2.3170753
349,5.816666666666666,0.051112175,98.67413133899029,1191.919798999481,343.5362173316801,2130.1285254949394,2626.8338491882205,0.027200295261307256,0.09461126666333049,5.728714788228517,-321.34723,195.8994,-4.5349345,-2.648304,65.00137,27.62358,-23.69075,-1.8182604,13.830002,-10.985683,-14.717526,-4.7764854,-13.873484
350,5.833333333333333,0.05860352,99.4236109894441,1211.4755728846349,320.2766262861486,2284.440496073798,2639.8653707658073,0.027200295261307256,0.09461126666333049,5.728714788228517,-332.93265,181.4852,-9.678476,10.625875,87.8403,38.07241,-27.62027,-8.302956,10.921652,-11.339531,-19.60902,-11.195845,-11.469549
351,5.85,0.07561478,99.88835502266208,1380.9743513382866,337.91783732165857,2253.123692408843,2665.662917410132,0.027200295261307256,0.09461126666333049,5.728714788228517,-294.6117,197.35866,-20.197771,14.724859,77.77817,21.687908,-31.082897,-13.898107,6.755655,-6.482626,-11.863378,-7.0918174,-12.902096
352,5.866666666666666,0.08601251,100.23366686997429,1316.220942526083,355.0393260408099,2254.216710045836,2765.502746343919,0.027200295261307256,0.09461126666333049,5.728714788228517,-282.3023,193.4741,-23.744068,27.457277,76.33615,25.424006,-26.951525,-20.0965,10.56306,-11.94869,-26.725643,-11.543371,-15.41433
353,5.883333333333334,0.07791445,96.69163601913047,1506.36649805658,346.74741958421447,2346.862430539421,2858.1723405683197,0.027200295261307256,0.09461126666333049,5.728714788228517,-291.2599,168.11765,-18.63049,48.11843,69.33009,25.728622,-21.639938,-15.114222,14.160173,-12.992914,-19.83134,-12.201065,-13.784848
354,5.9,0.049163967,93.18373112771145,1905.6765653867517,342.0616658573762,2279.6864679754776,2798.7487159861917,0.027200295261307256,0.09461126666333049,5.728714788228517,-315.66245,142.18703,-10.517121,48.854107,54.56012,20.732487,1.2435184,-0.77615464,7.2862787,-8.713869,-21.771006,-10.348244,-17.618488
355,5.916666666666667,0.030099418,92.12265137877289,4439.747551757923,368.4106693931479,2042.3423157995846,2773.837676785303,0.027200295261307256,0.09461126666333049,5.728714788228517,-294.067,82.90901,-7.0825768,60.17795,33.6977,20.244799,12.571378,-2.892458,-7.896615,12.286808,-12.385711,-7.386876,-20.702587
356,5.933333333333334,0.019193262,0.0,6791.268151183268,511.96660799457464,2019.5778011745508,2788.1082936623843,0.027200295261307256,0.09461126666333049,5.728714788228517,-248.2795,61.672966,-1.8007812,36.828056,-10.085882,-3.8548949,-13.219639,-19.822598,-18.372042,14.319468,-7.215047,0.63147223,-15.511412
357,5.95,0.021022387,0.0,7398.955313745956,704.0318377223101,1884.9080603254356,2666.8703389307934,0.027200295261307256,0.09461126666333049,5.728714788228517,-226.47205,52.452087,-6.7571273,9.424329,-36.068405,-11.874643,-32.022682,-27.802616,-22.112122,10.335641,-10.947287,6.6490192,-15.239839
358,5.966666666666667,0.022574289,0.0,7295.414284624456,725.161509472948,1796.79555035475,2686.2278912229276,0.027200295261307256,0.09461126666333049,5.728714788228517,-226.90674,50.54885,-14.300816,4.857574,-44.136734,-6.8367095,-29.788881,-26.213425,-21.191877,9.163419,-7.069583,10.555262,-21.47081
359,5.983333333333333,0.018526029,0.0,6321.345098148909,686.5458518461566,1763.084011274963,2650.728984485649,0.027200295261307256,0.09461126666333049,5.728714788228517,-237.67583,64.88095,-19.745428,7.344261,-35.26211,-5.625533,-26.866386,-31.19906,-26.550259,-2.4130216,-16.379322,9.561928,-15.387064
360,6.0,0.057380136,0.0,3826.8349756197454,610.1703123012344,1585.927080867878,2633.4727679045186,0.027200295261307256,0.09461126666333049,5.728714788228517,-284.01062,124.31192,7.748198,21.090641,4.8342085,5.180532,1.4052186,-14.223281,-15.535222,2.349744,-12.642372,8.089388,-7.8980217
361,6.016666666666667,0.10828351,0.0,1043.139403638665,537.8540762924824,1378.0673767639057,2463.6528766328347,0.027200295261307256,0.09461126666333049,5.728714788228517,-248.30688,222.36603,10.189165,15.130636,11.718294,-4.1766524,-19.124334,-19.40772,-11.068291,-11.859579,-15.052123,-6.651163,-0.15753293
362,6.033333333333333,0.13828479,112.65332873870061,973.5386729517113,594.9401972123613,1339.3909281268159,2419.2563718701313,0.027200295261307256,0.09461126666333049,5.728714788228517,-245.23152,245.86511,4.699626,-15.394878,7.9990435,-4.741478,-21.324512,-18.934082,-3.4567215,-9.865734,-11.137984,-7.4074817,2.2004125
363,6.05,0.13246827,112.74766314182091,1008.6075063286763,614.013618197061,1313.765167118325,2454.989918292304,0.027200295261307256,0.09461126666333049,5.728714788228517,-242.44708,244.71292,-1.9997631,-17.84133,6.2856674,-8.582573,-20.57984,-14.107085,-0.2623798,-8.913155,-12.573057,-8.634341,8.200439
364,6.066666666666666,0.119687475,111.89432110346087,1066.0331338733438,607.4733227071662,1305.0937081127013,2544.035342373064,0.027200295261307256,0.09461126666333049,5.728714788228517,-246.5788,236.99109,-5.4882154,-7.4725094,7.3902173,-15.242168,-9.655647,-2.3033428,0.34346163,-2.1506853,-13.09495,-15.334789,12.201387
365,6.083333333333333,0.112354524,111.75933889538518,928.5192044049052,607.4462001011699,1319.9453786824529,2633.8474383798293,0.027200295261307256,0.09461126666333049,5.728714788228517,-262.85922,240.71603,15.561361,-8.006148,-6.60483,-16.006012,-0.005220771,3.5135772,-0.5030722,-7.848612,-19.101856,-11.355148,15.34189
366,6.1,0.1042379,111.39539244209377,821.1420656357467,549.8193945838996,1288.2801852496418,2626.233455711266,0.027200295261307256,0.09461126666333049,5.728714788228517,-275.74332,248.85442,31.76279,-18.181332,-8.446859,-3.040192,-0.27399445,-5.265496,-0.96278256,-5.8309197,-22.712433,-16.226458,8.538963
367,6.116666666666666,0.102874324,112.99417416291284,742.277038077038,409.2589339513557,1219.3094307807905,2522.221677510549,0.027200295261307256,0.09461126666333049,5.728714788228517,-311.38586,225.24345,44.001892,-2.2280433,9.777219,18.32813,-2.124508,-17.394192,6.518578,0.64369327,-31.497639,-26.265512,2.4117353
368,6.133333333333334,0.098749526,117.05802381363618,760.3791910912823,336.8327049404826,1183.2038765802124,2466.203099940467,0.027200295261307256,0.09461126666333049,5.728714788228517,-338.70932,196.3804,44.127556,13.392921,22.096348,35.344368,1.5301145,-29.325985,4.2063503,-1.6080556,-33.33555,-21.102448,2.2931778
369,6.15,0.09943533,118.02638659225263,657.6377032690737,327.69517995639126,1106.7926593358438,2447.8364394431783,0.027200295261307256,0.09461126666333049,5.728714788228517,-359.76398,199.57811,55.667625,7.2166214,32.312126,33.24089,-5.942356,-23.295685,0.18794751,5.58619,-24.106735,-30.085855,2.7781558
370,6.166666666666667,0.09292449,118.13945926331621,697.1919734461551,319.7548681394133,1056.9951954539933,2491.8827884406664,0.027200295261307256,0.09461126666333049,5.728714788228517,-366.46793,185.9508,62.533054,24.640467,22.018097,29.008629,-0.4668516,-28.172775,4.922947,6.3576384,-29.461536,-24.317394,-0.105840206
371,6.183333333333334,0.078631066,116.87178800092784,663.3321857762137,311.37163929768144,1008.9692299630275,2521.526226746221,0.027200295261307256,0.09461126666333049,5.728714788228517,-388.49838,178.01224,73.795685,29.896048,24.212093,22.171177,-3.60471,-18.24281,7.5034027,5.7084875,-27.099955,-27.126747,-1.7693235
372,6.2,0.058701433,117.0970718958474,646.7108175057344,315.4877565057984,1006.7404871439672,2522.2018611832586,0.027200295261307256,0.09461126666333049,5.728714788228517,-416.36923,157.7022,71.5973,32.418762,33.915855,23.538343,-2.3190918,-9.120989,5.151443,3.8045912,-22.4733,-32.917572,-8.634678
373,6.216666666666667,0.07879353,123.45583503103816,734.6950054981642,360.71235461581745,1004.6560146138138,2566.1855225607273,0.027200295261307256,0.09461126666333049,5.728714788228517,-373.43192,189.63394,67.21315,20.417385,11.457719,-7.540513,-18.135109,-1.8079082,18.486618,3.8726482,-26.107582,-23.005259,-3.2053578
374,6.233333333333333,0.14474943,127.37656187605249,693.9335413382504,429.40614685852114,968.7818497793987,2660.8595704291315,0.027200295261307256,0.09461126666333049,5.728714788228517,-291.70148,235.2816,42.50056,16.711075,12.451829,-28.509007,-36.84738,-9.419428,19.250687,4.1644783,-36.06935,-29.75391,-1.3121984
375,6.25,0.18556361,124.87359465549825,716.2874266647664,462.3746295968669,921.4911730493333,2699.469312013865,0.027200295261307256,0.09461126666333049,5.728714788228517,-290.51984,230.68048,38.771744,20.70083,11.831457,-33.396446,-39.534935,-15.420211,12.522293,9.678627,-29.76044,-30.466976,2.888538
376,6.266666666666667,0.18491048,128.04593071839437,803.1981904807078,482.4266347451069,907.2017191948411,2676.7612432223154,0.027200295261307256,0.09461126666333049,5.728714788228517,-288.21957,234.77441,32.38984,8.649088,17.276215,-26.661171,-49.365868,-24.385918,12.193755,10.898497,-27.779243,-27.067652,5.7593393
377,6.283333333333333,0.16034237,132.777043104181,840.4839388442306,490.5705949353858,912.1790274549454,2693.143057288318,0.027200295261307256,0.09461126666333049,5.728714788228517,-294.406,234.89902,32.213478,3.3358636,20.311712,-24.637749,-51.088913,-23.064873,11.200199,6.373344,-27.345652,-24.084301,8.536738
378,6.3,0.12426213,110.24594925022319,802.0847774929744,483.1906890825955,907.7959092323372,2716.5245830478143,0.027200295261307256,0.09461126666333049,5.728714788228517,-312.7976,229.36197,48.627846,12.727646,21.427238,-26.849842,-59.245365,-26.12083,18.194553,11.812848,-26.973461,-24.998287,7.216672
379,6.316666666666666,0.077669494,74.99044501654595,711.9155004183515,468.0123486953805,900.7672362795829,2710.003440201001,0.027200295261307256,0.09461126666333049,5.728714788228517,-350.33722,212.35507,68.22241,15.177042,12.895141,-21.80783,-49.745033,-19.545525,17.544447,3.0048172,-27.183966,-18.258999,3.17128
380,6.333333333333333,0.049350373,0.0,901.3159198981434,447.9796040264963,995.5510023764186,2705.5192759388515,0.027200295261307256,0.09461126666333049,5.728714788228517,-419.57758,156.41364,75.29144,30.120302,7.5510406,-26.083557,-44.64379,-21.476223,5.75607,-3.4000573,-25.20422,-22.374168,-9.022573
381,6.35,0.009853,0.0,2971.9750865170977,474.56329963538525,1561.207956596399,2597.4485019783033,0.027200295261307256,0.09461126666333049,5.728714788228517,-495.13257,83.276184,56.998825,30.567196,9.968679,-5.4664116,-13.967758,-13.751463,-9.99785,-9.77364,-12.181702,-11.505253,-7.6513386
382,6.366666666666666,0.0019970264,0.0,4218.765694100034,506.9217035271358,1939.2224890112816,2610.831713288224,0.027200295261307256,0.09461126666333049,5.728714788228517,-509.12485,68.26773,51.45377,32.369797,17.47725,8.33205,2.4408646,-3.131688,-8.866142,-12.715307,-12.441137,-8.1136055,-2.4282131
383,6.383333333333334,0.0016838678,0.0,4538.07030415464,513.163394035956,1688.6132785852092,2813.367455578025,0.027200295261307256,0.09461126666333049,5.728714788228517,-517.43744,57.847416,44.559364,29.635345,17.336624,8.027297,0.43553352,-5.699837,-9.533627,-10.502735,-8.882166,-5.336611,-0.75705653
384,6.4,0.0013078116,0.0,4289.776238827821,551.4792355738778,1840.282117527335,2802.426578150568,0.027200295261307256,0.09461126666333049,5.728714788228517,-522.4864,51.515327,39.941917,26.587492,15.928372,9.451504,5.9141603,3.192248,0.17030473,-2.4122167,-2.7325487,0.17533734,5.0853987
385,6.416666666666667,0.0012040783,0.0,5416.836431032028,557.9249406455648,2004.5568686245779,3045.246223749476,0.027200295261307256,0.09461126666333049,5.728714788228517,-528.14014,44.52822,35.15506,23.58382,13.463306,6.799266,3.4947338,2.1483018,1.2966218,0.2609618,-0.72212625,-0.9124023,0.31850055
386,6.433333333333334,0.0008507088,0.0,5439.761987294831,507.54068099094223,1902.0118950968892,3046.15130321971,0.027200295261307256,0.09461126666333049,5.728714788228517,-529.53436,43.870583,37.750496,29.665745,21.47165,14.299416,8.524639,4.0908794,0.7715971,-1.6646104,-3.2832694,-3.9359667,-3.5115204
387,6.45,0.00086852023,0.0,6306.089980415896,675.1823529715858,1839.5826211931003,3012.2242975917843,0.027200295261307256,0.09461126666333049,5.728714788228517,-535.71063,34.8747,28.497734,21.195803,15.281155,11.2476225,8.329351,5.8909235,4.0704894,3.2350187,3.2153354,3.3571672,3.251358
388,6.466666666666667,0.00078314514,0.0,5850.554858360827,765.8364066545856,1982.7806105861882,3094.399854916373,0.027200295261307256,0.09461126666333049,5.728714788228517,-532.8739,38.476425,30.88599,21.865509,14.598785,10.632278,9.461443,9.389111,8.863042,7.355352,5.360726,3.7520952,3.06032
389,6.483333333333333,0.00075138255,0.0,6716.821344550402,704.4628915295743,1823.6416910214436,2943.2308457686977,0.027200295261307256,0.09461126666333049,5.728714788228517,-537.1013,33.414482,28.107292,21.569891,15.712237,11.376001,8.326389,5.985583,4.1258883,2.9333503,2.5481071,2.6820257,2.7566392
390,6.5,0.00066316774,0.0,7013.045904792381,683.6964484180928,1981.2287271845794,3298.523387763295,0.027200295261307256,0.09461126666333049,5.728714788228517,-538.76587,31.485363,27.168957,21.571438,16.15522,11.8126955,8.725984,6.631625,5.1491585,3.9456043,2.7760627,1.5372477,0.33625963
391,6.516666666666667,0.00055244815,0.0,7652.87723340576,464.18199677539394,2013.4625327054216,3168.6155624991484,0.027200295261307256,0.09461126666333049,5.728714788228517,-541.20685,28.282707,24.52549,19.363838,13.880678,8.887833,4.825161,1.8753247,0.086052954,-0.6125277,-0.4331807,0.30673772,1.2847202
392,6.533333333333333,0.00048334166,0.0,7579.205312394785,683.9977304118038,1862.9069839206168,2780.3732099023096,0.027200295261307256,0.09461126666333049,5.728714788228517,-540.8521,27.978727,22.554754,16.423637,11.686293,8.950316,7.6533117,7.0028863,6.522128,6.017157,5.4039617,4.664402,3.8355396
393,6.55,0.00053378125,0.0,8113.874626496348,577.9610238343182,1720.3591475851065,2838.3945396401728,0.027200295261307256,0.09461126666333049,5.728714788228517,-539.14813,30.604895,25.720518,20.081032,15.159456,10.957108,6.8345275,2.7556999,-0.49572226,-2.1711032,-2.3257647,-1.672343,-0.8692614
394,6.566666666666666,0.00057580863,0.0,7639.468307925787,278.558994689003,1687.1949687338247,2899.620264062647,0.027200295261307256,0.09461126666333049,5.728714788228517,-542.0735,27.548681,25.15549,21.913849,18.432678,14.985104,11.557424,8.142851,4.973209,2.4620597,0.9176322,0.30365485,0.27594692
395,6.583333333333333,0.0007827913,0.0,6716.469041596169,520.549791876488,1878.1260982566935,2936.771158263858,0.027200295261307256,0.09461126666333049,5.728714788228517,-537.2965,32.88243,26.9399,19.774399,13.822665,10.290269,8.781036,7.9508476,6.63017,4.6094947,2.6072176,1.5606728,1.8344455
396,6.6,0.0008332217,0.0,5447.902104928101,889.374936875689,1889.2930753390547,2944.760522348506,0.027200295261307256,0.09461126666333049,5.728714788228517,-525.0671,46.1698,31.612837,17.84953,10.5599785,8.6741295,8.037588,6.7007694,5.77756,6.25385,6.872836,5.765317,3.045766
397,6.616666666666666,0.016710581,0.0,1897.1740944179146,679.4505923740467,1650.658577067002,2607.687293295439,0.027200295261307256,0.09461126666333049,5.728714788228517,-360.90262,168.4768,-2.230052,-25.909998,9.260712,-8.45217,-22.463524,-3.5090477,-2.7500691,-13.719715,-6.2325764,-2.4571486,-9.977308
398,6.633333333333334,0.11939079,0.0,1295.3942786146044,663.862203641354,1418.0443911725367,2618.515601905127,0.027200295261307256,0.09461126666333049,5.728714788228517,-270.1353,214.1379,-1.6883028,-2.3835871,16.087467,-17.191639,-23.460222,-6.3184223,3.8396192,-5.3725853,-19.766684,-9.257345,-7.602762
399,6.65,0.19951503,0.0,942.5018485229475,559.5594236228727,1102.710388134903,2611.452230565831,0.027200295261307256,0.09461126666333049,5.728714788228517,-217.25127,266.1356,-2.735473,-5.6059937,14.747425,-22.53334,-37.750916,-18.548313,23.315659,7.614507,-40.71426,-23.509153,6.6197143
400,6.666666666666667,0.25726527,107.1969791948821,836.335639083729,557.5838164934237,1028.2994835205777,2645.320495609353,0.027200295261307256,0.09461126666333049,5.728714788228517,-241.9947,265.08148,20.513298,-9.422091,3.5873156,-28.134129,-48.55867,-21.010727,26.018356,10.923533,-31.267204,-17.814173,5.780313
401,6.683333333333334,0.25916576,106.2088505072407,760.5112228750238,548.665312742186,988.4977893166188,2626.158505494522,0.027200295261307256,0.09461126666333049,5.728714788228517,-263.1834,267.65744,41.96323,-14.548926,-5.528224,-32.12326,-49.120712,-20.064827,17.91977,11.426374,-23.156132,-20.08226,5.7582946
402,6.7,0.25165915,105.68953951252685,746.7099359551111,545.9211565390099,1014.1548061357024,2586.6725330861955,0.027200295261307256,0.09461126666333049,5.728714788228517,-262.5747,269.56732,43.99019,-15.6994095,-7.665737,-34.848206,-44.61966,-18.161274,16.005482,13.333985,-25.039776,-27.565365,3.6821754
403,6.716666666666667,0.24549983,105.71104633192878,813.7467572044853,543.344362969211,1120.318404145174,2645.5856538302114,0.027200295261307256,0.09461126666333049,5.728714788228517,-238.56116,277.81567,19.107655,-32.365555,-2.4715142,-14.249567,-32.443947,-23.587708,11.537154,8.147163,-38.67133,-29.999199,10.234531
404,6.733333333333333,0.20890912,105.96709587449406,819.6250976613719,508.028938025845,1313.4856326601043,2646.8134431214635,0.027200295261307256,0.09461126666333049,5.728714788228517,-244.09116,269.46948,16.364105,-29.265457,6.139096,1.2917224,-24.329285,-21.70644,6.078805,-10.325067,-44.30695,-18.70543,12.1263485
405,6.75,0.1254743,0.0,1131.4669783458241,475.4147166359495,1871.6304674036792,2707.149826187746,0.027200295261307256,0.09461126666333049,5.728714788228517,-290.58026,215.61102,13.3823395,-4.038247,26.4486,13.729664,-25.977161,-14.448044,5.7232347,-12.686328,-33.49812,-10.278463,13.796547
406,6.766666666666667,0.020380069,0.0,2661.3309742731403,511.08891751666397,2386.331705627942,2806.3887507907507,0.027200295261307256,0.09461126666333049,5.728714788228517,-405.07208,123.08949,1.6753464,12.837404,53.908302,15.703368,-39.649284,-18.392286,10.006971,-5.1816454,-24.275457,-10.6932535,12.230518
407,6.783333333333333,0.00808635,0.0,2446.824922640626,691.0977719513105,2260.2924267815365,2693.6360975331963,0.027200295261307256,0.09461126666333049,5.728714788228517,-422.30148,120.19733,-3.4997425,-26.143234,17.25534,15.410034,-22.707947,-23.294167,4.2664366,4.81004,-14.207576,-12.09355,6.4242764
408,6.8,0.017100293,0.0,2338.6593181054936,1012.7257922221942,2220.6184154694033,2714.450304100475,0.027200295261307256,0.09461126666333049,5.728714788228517,-367.4736,144.46985,-38.711227,-44.92562,19.01184,7.5789433,-36.039703,-27.045639,8.783816,0.5788753,-23.560642,-11.337013,3.0166166
409,6.816666666666666,0.024307579,0.0,2277.7341236914644,1175.4816801184447,2268.310928190181,2923.4801749165294,0.027200295261307256,0.09461126666333049,5.728714788228517,-270.52954,176.03432,-56.083733,-26.800734,5.7696,5.1902447,-14.38338,-11.852488,11.615306,3.9073107,-26.822792,-8.380087,-2.5063858
410,6.833333333333333,0.027510589,0.0,3056.4789768548794,1142.948562923608,2328.333137896275,2957.55125628649,0.027200295261307256,0.09461126666333049,5.728714788228517,-270.5826,135.11353,-78.74208,4.677244,15.710883,-1.0912373,-23.088293,-26.995834,1.2278587,3.0415564,-23.422695,-4.446498,-1.2940804
411,6.85,0.021090275,0.0,3270.5894255428816,1548.4155906201593,2348.759857761616,2866.054622714948,0.027200295261307256,0.09461126666333049,5.728714788228517,-310.4394,110.09479,-81.20773,12.727819,31.086607,8.754158,-16.284098,-27.924047,4.064065,3.595488,-19.98712,-2.2837849,-3.5419955
412,6.866666666666666,0.013377044,0.0,2948.8954848928033,1443.069118665933,2336.1134563945006,2679.3833200588633,0.027200295261307256,0.09461126666333049,5.728714788228517,-399.1092,100.27817,-35.210495,14.674583,58.374153,23.893501,-13.289067,-19.918768,1.9040897,-0.12441182,-18.88409,-8.887334,-3.6917458
413,6.883333333333334,0.004022711,0.0,3614.911166973806,397.5946511946634,2055.966481933918,2586.5967724221596,0.027200295261307256,0.09461126666333049,5.728714788228517,-486.26807,74.42087,23.281593,15.562443,30.85156,19.108711,-10.883504,-19.259136,-6.9257464,-3.4512227,-12.209507,-14.229515,-7.1095896
414,6.9,0.0014020891,0.0,5710.344827866826,519.0909488220732,1815.16659232894,2567.1472685030158,0.027200295261307256,0.09461126666333049,5.728714788228517,-520.06824,49.257477,30.468689,20.765533,18.602835,12.048774,1.3240051,-3.2585094,0.04084117,2.1421611,-1.6322215,-5.123994,-2.4797556
415,6.916666666666667,0.00068800524,0.0,6441.653072938103,674.235860998575,1798.3539657008655,2857.9427584370455,0.027200295261307256,0.09461126666333049,5.728714788228517,-530.1946,40.336937,28.810165,16.959084,8.617683,3.659621,0.7721848,-0.17794761,1.3674788,4.983103,8.742335,10.462148,9.522955
416,6.933333333333334,0.00088983035,0.0,6637.458246552017,596.8331689334394,1762.181573897542,2932.0982459699126,0.027200295261307256,0.09461126666333049,5.728714788228517,-532.373,37.283592,26.469307,16.768024,11.5024395,9.402324,8.365961,7.1663694,4.711102,0.66814286,-3.3236,-5.1587906,-4.7656236
417,6.95,0.001967911,0.0,3194.3485926690337,450.6468555564235,2035.6821745334312,2714.3739416093845,0.027200295261307256,0.09461126666333049,5.728714788228517,-501.45416,76.77206,56.14038,35.98394,21.07536,8.789837,-2.1788163,-9.073154,-10.404543,-8.861407,-7.6184626,-6.824858,-5.173604
418,6.966666666666667,0.012467656,0.0,1907.7303499932655,400.28933849861426,2221.278860904536,2918.7322170346824,0.027200295261307256,0.09461126666333049,5.728714788228517,-490.0866,93.165955,72.253914,49.72089,31.167955,15.621716,1.8345137,-7.9323435,-11.217806,-9.338609,-6.0821347,-3.9502401,-3.2172694
419,6.983333333333333,0.016807798,0.0,816.6758752753415,385.04080618460745,2286.811050449466,3642.4939582106085,0.027200295261307256,0.09461126666333049,5.728714788228517,-467.39227,122.41907,94.59945,64.04505,37.992065,16.23809,-0.9075335,-9.986332,-10.2104,-6.518502,-4.25957,-4.059087,-4.178252
420,7.0,0.017646598,0.0,919.4906796666592,352.5112266169934,2224.261793971572,3512.7231002763942,0.027200295261307256,0.09461126666333049,5.728714788228517,-477.73935,110.62869,88.267334,61.27024,37.29058,19.26118,6.6463127,-1.6811204,-6.312725,-7.867693,-7.2823925,-5.3583584,-2.7251873
421,7.016666666666667,0.01547345,0.0,1291.2749916587666,403.176867529815,1995.7140475639783,2902.1676043722655,0.027200295261307256,0.09461126666333049,5.728714788228517,-417.5481,130.95349,29.056404,22.742294,40.07087,14.123375,-5.8217077,2.7234688,9.023084,6.5277843,-0.89619,-13.204581,-15.7177925
422,7.033333333333333,0.042407908,0.0,1706.623869538356,422.4494691205695,1972.944075430657,2597.9654052802234,0.027200295261307256,0.09461126666333049,5.728714788228517,-327.68204,164.04568,-10.19881,24.54896,49.34022,1.03077,-7.05373,1.9427944,3.2210765,9.205875,2.4137287,-18.450594,-19.94978
423,7.05,0.074647166,113.03909238950109,1181.145092770535,323.2316602919921,2168.0128432200636,2617.148593538882,0.027200295261307256,0.09461126666333049,5.728714788228517,-321.01404,163.18246,1.7959907,55.81794,63.56498,15.502445,-7.839134,-19.590012,-0.01240623,4.822942,-8.996349,-14.551077,-16.821814
424,7.066666666666666,0.08721184,110.07029276715174,1104.2121439483192,322.74626228964536,2446.3423237144348,2812.5877756937507,0.027200295261307256,0.09461126666333049,5.728714788228517,-322.501,166.09651,6.08497,57.642597,72.1355,19.017906,-23.524302,-16.570293,10.120618,-1.1747372,-19.79745,-18.06473,-15.878752
425,7.083333333333333,0.078129135,105.8007734747762,1287.8388452406339,309.0681462376981,2610.4979597775314,2934.9256852780477,0.027200295261307256,0.09461126666333049,5.728714788228517,-338.63995,150.8967,15.2762375,69.65135,77.17091,11.715394,-32.52824,-1.855514,22.747162,-6.2639503,-26.178673,-12.513975,-15.771665
426,7.1,0.05578668,102.64683832878322,2038.654471808041,305.9422384480253,2441.909986801164,2835.717194408699,0.027200295261307256,0.09461126666333049,5.728714788228517,-337.65396,111.21109,23.351643,79.04071,76.714554,23.342209,-31.861233,-6.0974817,8.371035,4.909467,-24.466042,-11.849461,-17.076874
427,7.116666666666666,0.0351119,101.97128859784033,7605.895517461929,270.5100719660502,2171.730847111957,2834.0538862778008,0.027200295261307256,0.09461126666333049,5.728714788228517,-304.50845,26.086529,34.913204,75.44832,32.08167,33.878254,-9.307968,0.9559159,-0.2039361,15.302507,-13.911144,-7.9993944,-20.422277
428,7.133333333333334,0.015306702,0.0,10479.768710508055,433.1905786960024,2119.700228062517,2963.47989307287,0.027200295261307256,0.09461126666333049,5.728714788228517,-307.86154,-25.866158,14.770025,47.55993,-6.7293043,19.798555,-20.333208,-8.606459,-4.269457,20.907917,-8.138746,5.7258763,-14.964643
429,7.15,0.016820218,0.0,10504.087711992022,713.6241127897517,1995.4619386322627,2945.456168508569,0.027200295261307256,0.09461126666333049,5.728714788228517,-304.48904,-25.90818,17.294495,33.849064,-30.617851,14.261859,-36.867577,-21.798502,-1.8013649,18.826859,-16.61979,7.1218805,-14.6737795
430,7.166666666666667,0.018134866,0.0,9525.261551749883,703.4724961086029,1911.8412675193103,2802.7147980227132,0.027200295261307256,0.09461126666333049,5.728714788228517,-272.77667,-0.047591418,12.284054,35.961063,-32.989235,7.455636,-24.490055,-18.122051,-7.1642246,15.222744,-10.963313,0.5495877,-13.369059
431,7.183333333333334,0.01591512,0.0,9273.089712830159,790.9974201324003,1941.102406076062,2827.2572190750757,0.027200295261307256,0.09461126666333049,5.728714788228517,-268.40506,-6.1101418,-7.703395,39.967316,-27.22363,0.7483648,-20.701454,-12.498226,-20.470165,11.212206,-3.2511966,6.3480988,-8.692097
432,7.2,0.013201327,0.0,7624.196976959482,738.4261499160999,1931.6240186561458,2795.432431796695,0.027200295261307256,0.09461126666333049,5.728714788228517,-285.93268,33.586334,-16.870249,32.056156,-13.830194,-0.15530449,-9.9813795,-7.2854824,-22.1455,6.485135,-4.485265,5.139906,-6.760254
433,7.216666666666667,0.07061102,0.0,1954.1413029036694,549.8903535546531,1658.2369534513791,2512.7108306851856,0.027200295261307256,0.09461126666333049,5.728714788228517,-278.47183,170.15323,11.536503,19.172539,4.7385716,-0.2558937,-1.1331174,-8.577871,-18.49844,-8.954002,-11.317309,-3.2840447,-4.552697
434,7.233333333333333,0.12900856,0.0,962.7692626468724,535.1729007965959,1437.087802378589,2432.6442055688117,0.027200295261307256,0.09461126666333049,5.728714788228517,-239.45767,243.58516,-1.672672,-6.504454,13.293215,-4.4012804,-15.02316,-18.436739,-14.449528,-13.676292,-17.875431,-9.34845,4.6947145
435,7.25,0.16812687,104.75512239372833,1021.0271928795848,595.9845424156488,1396.8167357567427,2445.5192090432406,0.027200295261307256,0.09461126666333049,5.728714788228517,-229.31021,256.4251,-7.9814005,-26.175327,7.157051,-4.1078763,-17.148018,-19.347525,-7.476055,-6.916848,-16.191097,-14.251549,8.810463
436,7.266666666666667,0.16522366,103.01883627907264,1086.0929163124736,639.5177795999138,1391.457011165591,2414.03562384643,0.027200295261307256,0.09461126666333049,5.728714788228517,-220.84467,260.89423,-15.479641,-31.6162,5.8442883,-9.276819,-18.159794,-16.986887,-8.155654,-5.259873,-13.000446,-12.508811,12.290785
437,7.283333333333333,0.13680342,101.0271560864871,1162.728058156021,667.6570299009724,1535.7774186047236,2448.122655532528,0.027200295261307256,0.09461126666333049,5.728714788228517,-218.91771,256.911,-19.412174,-33.717144,8.31008,-0.81044334,-16.884108,-18.718227,-5.236045,-6.217503,-11.903717,-3.844997,12.218575
438,7.3,0.11216244,99.5876141563425,1276.2557559244922,659.5817006419429,1820.1179730998228,2549.7965470713234,0.027200295261307256,0.09461126666333049,5.728714788228517,-227.91112,247.94522,-25.328754,-31.790165,31.018051,11.71274,-25.325245,-26.080532,-6.1865096,-3.4549203,-10.510021,0.16094846,7.844185
439,7.316666666666666,0.102792844,98.80166686341559,1455.3383949278077,583.075076676053,2033.3783501202727,2638.1717769490815,0.027200295261307256,0.09461126666333049,5.728714788228517,-236.518,236.05547,-27.482145,-20.893232,48.926994,19.54041,-40.016975,-31.124172,-3.588938,6.0940924,-11.782267,-4.4093547,5.4511924
440,7.333333333333333,0.087878704,97.6826690466808,1499.4178678354947,515.4440708041086,2162.5298087556744,2686.8953012949246,0.027200295261307256,0.09461126666333049,5.728714788228517,-260.08267,224.88654,-20.59425,-10.837843,63.52256,22.38601,-48.932182,-31.960598,4.6824546,9.163883,-13.736708,-13.191713,-3.3830447
441,7.35,0.077491336,96.7759233308357,1474.5299638176148,480.5947925183845,2219.4128394825116,2598.052227815858,0.027200295261307256,0.09461126666333049,5.728714788228517,-278.52112,216.68343,-13.15385,-2.225033,66.514496,17.244074,-58.581528,-26.72424,22.818144,5.847994,-18.883034,-15.879228,-12.215473
442,7.366666666666666,0.069157325,94.79794230883988,1417.5929366690898,437.1588813906262,2202.1291400417563,2402.132125970672,0.027200295261307256,0.09461126666333049,5.728714788228517,-289.12888,217.39536,-12.161537,-9.257458,67.89107,20.350468,-51.510117,-21.775967,18.504345,-2.392348,-17.255436,-9.186457,-14.125875
443,7.383333333333334,0.05833522,94.16693377788873,949.4084916624157,426.2495163296476,2162.0573293456464,2413.0654693115002,0.027200295261307256,0.09461126666333049,5.728714788228517,-325.85696,207.2125,16.98037,-4.0369706,53.72311,27.439669,-28.23022,-19.222122,8.645808,2.685768,-10.170204,-12.02487,-11.921919
444,7.4,0.056021865,96.33882016594214,817.7610518143083,449.3534787798594,2069.3630584337684,2480.8388107301307,0.027200295261307256,0.09461126666333049,5.728714788228517,-356.27136,199.77701,44.060535,-6.6814985,29.348843,33.105354,-9.942633,-27.43221,-2.962433,12.006939,-6.4574,-24.202778,-12.145138
445,7.416666666666667,0.05114656,96.02839689810827,822.654470552134,422.28397174639076,1989.7234139262587,2473.6100740763313,0.027200295261307256,0.09461126666333049,5.728714788228517,-360.56757,198.2247,46.93416,-7.4052057,26.173191,33.977757,-7.4654417,-28.691998,-5.2358327,12.844202,-4.1374836,-22.501446,-11.156683
446,7.433333333333334,0.047336213,94.808878954878,832.5228711384796,399.78962010958276,1854.9967501912622,2430.968460440228,0.027200295261307256,0.09461126666333049,5.728714788228517,-361.33475,199.33432,49.466957,-8.041365,23.91151,34.32542,-6.1840734,-29.59682,-6.5428343,13.435181,-2.7811317,-22.045979,-12.075928
447,7.45,0.04328875,93.7665035542423,730.1877915578547,378.01993994544875,1679.7059895768132,2421.4162738111963,0.027200295261307256,0.09461126666333049,5.728714788228517,-378.18375,187.29312,55.25982,-0.4677525,24.579857,35.49885,-0.6044516,-26.31836,-10.104732,7.394803,-4.530958,-18.373379,-8.478523
448,7.466666666666667,0.037556987,94.31370182852811,723.3214752569373,371.0112792107016,1814.1550214394456,2468.927100056877,0.027200295261307256,0.09461126666333049,5.728714788228517,-395.4902,174.43341,61.377068,9.429985,26.479984,34.873642,2.6584096,-24.102314,-13.504872,3.906375,-2.9049344,-15.691212,-9.010164
449,7.483333333333333,0.031601597,94.78446257823965,785.6005739490307,357.96004379268084,1806.032761187245,2455.3547068585904,0.027200295261307256,0.09461126666333049,5.728714788228517,-388.6046,178.15762,54.61139,0.561267,26.009079,43.25151,11.382055,-21.697891,-15.852636,2.6986065,-0.1615578,-11.446562,-6.940958
450,7.5,0.023237368,0.0,982.4302572628382,412.5478151223906,1684.0246468222485,2151.1611709028844,0.027200295261307256,0.09461126666333049,5.728714788228517,-372.71848,193.36197,49.673885,-26.281487,-5.012093,30.63554,18.25927,-15.178743,-20.81572,-1.9182901,8.17527,1.79939,-4.3172975
451,7.516666666666667,0.024804134,0.0,855.535908185137,506.5069429536968,1638.571483279681,1748.425048335089,0.027200295261307256,0.09461126666333049,5.728714788228517,-353.17255,209.90904,47.643826,-33.0812,-5.541376,30.573797,10.967949,-25.275219,-26.425812,-4.788591,3.5603125,-2.1992443,-3.832034
452,7.533333333333333,0.021879178,0.0,1006.1214924658016,488.18819416147784,1645.5224425880797,2067.143298380356,0.027200295261307256,0.09461126666333049,5.728714788228517,-379.23605,185.57289,46.020256,-25.321363,-3.4548097,27.36983,9.3141775,-25.887722,-30.08089,-9.400499,3.0438159,0.45384085,-3.0524454
453,7.55,0.011164658,0.0,1380.818464487711,571.9941249927178,1718.3841117018876,2523.982988318091,0.027200295261307256,0.09461126666333049,5.728714788228517,-418.23398,150.16415,47.055435,-8.668274,3.3219624,24.883156,13.356983,-12.056725,-17.176682,-2.2816336,10.312838,9.781389,0.918988
454,7.566666666666666,0.010302632,0.0,1598.740914331224,629.5539921914689,1751.9704278406118,2654.1756178524697,0.027200295261307256,0.09461126666333049,5.728714788228517,-422.2251,144.84372,43.29768,-9.53677,4.799631,26.646023,14.406902,-10.881714,-14.864981,1.5112956,15.713376,16.059486,5.6716228
455,7.583333333333333,0.006955495,0.0,1941.4754987172887,548.7911523422852,1783.7431857889894,2386.7712826052666,0.027200295261307256,0.09461126666333049,5.728714788228517,-427.6035,136.13858,33.91368,-15.3744,5.321547,30.042915,13.158451,-20.690792,-28.924427,-8.404107,13.40177,16.520287,2.88799
456,7.6,0.0046340497,0.0,2544.543608700915,605.4276042889328,1702.4523044855332,2071.3834454049284,0.027200295261307256,0.09461126666333049,5.728714788228517,-450.39313,113.46123,28.407707,-14.170605,2.0373986,24.14448,11.738809,-18.464462,-29.798615,-14.302934,7.1618757,13.835669,2.83431
457,7.616666666666666,0.0026393724,0.0,3161.623294267787,681.085595877688,1719.7299325611632,2496.189391688383,0.027200295261307256,0.09461126666333049,5.728714788228517,-466.64807,99.43783,29.745815,-8.937319,-0.042020977,18.18739,11.7578945,-10.749411,-20.601765,-8.029842,10.759329,15.211537,1.1916294
458,7.633333333333334,0.0018800776,0.0,3487.3340545627243,863.5248456058544,1782.801044396227,2775.707785060823,0.027200295261307256,0.09461126666333049,5.728714788228517,-478.41074,88.87305,30.003666,-5.0126095,-0.3792216,14.973995,12.340797,-4.394734,-12.944149,-3.7815344,10.718624,12.642963,-1.2659016
459,7.65,0.0014224645,0.0,3941.573985577959,821.4012942179669,1819.1911188091292,2467.493185383987,0.027200295261307256,0.09461126666333049,5.728714788228517,-492.3457,73.02763,23.25514,-2.8974018,5.840022,19.612469,12.716146,-6.3123384,-13.18579,-1.2968565,12.840895,11.623909,-4.125595
460,7.666666666666667,0.0010400772,0.0,4782.618686479354,739.6973838739667,1772.6643884473535,2327.7795660294096,0.027200295261307256,0.09461126666333049,5.728714788228517,-507.01144,58.688988,20.275475,-1.4980621,4.792665,17.768534,13.959286,-3.3441114,-11.865232,-0.8830715,15.714088,17.96416,3.7826242
461,7.683333333333334,0.0007485696,0.0,5960.1388777565835,781.9499789716419,1690.4733920983483,2726.7712253112413,0.027200295261307256,0.09461126666333049,5.728714788228517,-521.78516,44.88852,19.862965,3.857081,5.053687,12.06855,10.864225,1.8855033,-3.006338,2.6689467,11.870411,13.47952,5.6552496
462,7.7,0.0006031642,0.0,6989.845562667208,615.7985957073679,1717.3309089175918,2953.68975504147,0.027200295261307256,0.09461126666333049,5.728714788228517,-530.3438,39.209362,25.796068,13.1473,6.570369,4.852086,3.547645,0.6021427,-1.949625,-1.3492526,2.0266907,4.846116,4.4826083
463,7.716666666666667,0.0005810842,0.0,6782.156319828586,526.0113893733851,1737.4328119199633,2954.0174771592942,0.027200295261307256,0.09461126666333049,5.728714788228517,-536.0031,34.33137,27.919634,21.193914,16.272152,12.794866,9.483934,6.220875,4.1627803,4.052972,5.0124826,5.296668,4.0543165
464,7.733333333333333,0.0005839268,0.0,7339.953527943199,890.2036638748289,1919.3814224194853,3057.0882020927675,0.027200295261307256,0.09461126666333049,5.728714788228517,-539.7002,29.872053,24.977444,19.106794,14.015114,10.324807,7.715519,5.7503686,4.390401,3.7588274,3.6058562,3.2213154,1.9793987
465,7.75,0.00044637453,0.0,7804.230167973068,1070.5792177165017,2137.555925264541,3168.64258144182,0.027200295261307256,0.09461126666333049,5.728714788228517,-543.5372,25.067665,21.838692,18.10331,14.815031,11.899431,8.810251,5.4672613,2.5202513,0.72410005,0.18581188,0.28925255,0.2905767
466,7.766666666666667,0.0004637937,0.0,7278.924875523991,645.1083164648576,1524.9227132800083,2614.670241036571,0.027200295261307256,0.09461126666333049,5.728714788228517,-543.3611,25.304737,21.749268,16.964878,12.193714,8.4534855,6.215928,5.340542,5.2606764,5.3075624,5.0113573,4.252018,3.2203593
467,7.783333333333333,0.0006424699,0.0,6935.617912383515,1098.3938628069043,1396.4917601368682,2914.721409507239,0.027200295261307256,0.09461126666333049,5.728714788228517,-539.82184,29.876709,25.387342,19.928787,15.196636,11.932882,9.829284,8.107471,6.199931,4.0373898,1.8969406,0.110214174,-1.0974938
468,7.8,0.0006277919,0.0,6749.329361011853,1159.1213085009697,1764.6860335550325,3017.6649813541826,0.027200295261307256,0.09461126666333049,5.728714788228517,-539.7117,30.338732,26.53041,21.64758,17.133495,13.951805,12.279852,11.631257,11.25293,10.519691,9.125105,7.052907,4.4588137
469,7.816666666666666,0.0006383085,0.0,7411.229921642786,471.4861048378706,1636.4296260934182,2686.1884819188735,0.027200295261307256,0.09461126666333049,5.728714788228517,-539.9201,29.29898,23.873405,17.739616,12.989186,10.084688,8.208986,6.5563416,5.174241,4.597847,4.853215,5.04533,4.066837
470,7.833333333333333,0.00058974384,0.0,6888.091589385783,440.94749091253533,1839.1961679148485,2692.9776827711057,0.027200295261307256,0.09461126666333049,5.728714788228517,-539.75977,29.821114,25.293041,20.47263,16.826534,14.074326,11.195877,7.907612,4.9747972,3.302378,3.0194693,3.429925,3.597537
471,7.85,0.00065427995,0.0,6471.005274117997,730.9828573888544,2168.5637519497513,2919.984889657281,0.027200295261307256,0.09461126666333049,5.728714788228517,-538.075,32.186714,27.33843,21.510479,16.401535,12.666145,10.152025,8.517107,7.454155,6.5345383,5.2214913,3.2368379,0.8337121
472,7.866666666666666,0.0006790389,0.0,6896.11354351554,772.0402761306756,1982.2302568293562,3196.0913656254415,0.027200295261307256,0.09461126666333049,5.728714788228517,-538.61053,31.25191,26.041372,20.043188,15.234807,12.209538,10.445778,9.231478,8.218578,7.310978,6.3748507,5.2264156,3.8005626
473,7.883333333333334,0.00066847407,0.0,7236.080950582141,931.545514278988,2156.5524256686717,3364.6367738578424,0.027200295261307256,0.09461126666333049,5.728714788228517,-539.6049,30.399647,26.219955,20.486185,14.575985,9.686794,6.4892483,5.016747,4.7949576,5.116002,5.324004,5.0079665,4.0647645
474,7.9,0.00055476,0.0,6637.9653471303645,780.0726928749768,2263.2632851061544,3534.179287471884,0.027200295261307256,0.09461126666333049,5.728714788228517,-537.662,32.6366,27.353516,20.713573,14.399306,9.285187,5.713928,3.8570244,3.5833735,4.222662,4.8351007,4.832988,4.248717
475,7.916666666666667,0.00054245716,0.0,6524.061451472206,772.235056533323,2147.684652648389,3360.558196091174,0.027200295261307256,0.09461126666333049,5.728714788228517,-539.7004,29.544458,23.905766,17.439789,12.408647,9.466891,7.724997,5.946568,3.7434688,1.7716856,0.90789866,1.2861217,2.1076493
476,7.933333333333334,0.00050234987,0.0,6609.86858378081,654.5574071156498,1932.1880205504074,3010.3673245268656,0.027200295261307256,0.09461126666333049,5.728714788228517,-543.0986,25.63725,22.099953,17.590519,13.270449,9.772905,7.271078,5.792424,5.32263,5.6345415,6.192322,6.402055,6.019783
477,7.95,0.0004920367,0.0,6934.63095732418,883.8383109896774,2027.3501482735512,3218.1453169865117,0.027200295261307256,0.09461126666333049,5.728714788228517,-543.88153,24.732609,21.641457,17.52894,13.464703,10.232984,8.083327,6.7679753,5.804108,4.7875032,3.582528,2.310914,1.1900623
478,7.966666666666667,0.00048470421,0.0,6999.27444986989,869.3999749115816,1925.7469631407635,3084.2559608196193,0.027200295261307256,0.09461126666333049,5.728714788228517,-543.3426,25.314758,21.927979,17.829815,14.132201,11.11261,8.396549,5.580014,2.6772442,0.1178976,-1.5537703,-2.0146847,-1.3746331
479,7.983333333333333,0.00046810906,0.0,6904.337567353469,612.9629111492216,1890.624316774853,3026.175216624634,0.027200295261307256,0.09461126666333049,5.728714788228517,-543.8991,24.387455,20.766247,16.657686,13.193546,10.293364,7.2699833,3.9257746,0.9415231,-0.76457477,-0.9429543,-0.25316107,0.31969255
480,8.0,0.0006208264,0.0,6838.535904276723,990.6147239063333,1991.539320387421,3168.6025017353786,0.027200295261307256,0.09461126666333049,5.728714788228517,-541.3681,27.648952,23.07626,17.571016,12.897614,9.878185,8.325649,7.5307274,6.7665253,5.5508194,3.7566266,1.6638904,-0.14266968
481,8.016666666666667,0.00062491756,0.0,6354.234390663624,1044.1513175158154,1830.2993754402917,2977.476132398372,0.027200295261307256,0.09461126666333049,5.728714788228517,-538.1872,32.391403,28.379768,23.323696,18.505112,14.449282,11.053062,8.135876,5.7660766,4.088861,2.9806945,2.0131254,0.8022103
482,8.033333333333333,0.00063642877,0.0,7491.074411127266,504.61138138086886,1640.0029640854511,2845.6419482076108,0.027200295261307256,0.09461126666333049,5.728714788228517,-542.1644,26.944809,23.257502,18.307985,13.350889,9.3572,6.7355747,5.3550477,4.792865,4.621007,4.5627227,4.4701166,4.2084246
483,8.05,0.0006300393,0.0,7063.469604996866,572.7592274283905,1773.9214868630402,2693.8659895873784,0.027200295261307256,0.09461126666333049,5.728714788228517,-536.24426,34.030865,27.522055,20.265327,14.579327,10.752804,7.8747735,5.3665075,3.4694734,2.532506,2.321794,2.2023458,1.7535365
484,8.066666666666666,0.0006133571,0.0,6326.353726466542,494.50005262328426,1757.9363601877305,2610.032059203479,0.027200295261307256,0.09461126666333049,5.728714788228517,-536.5046,34.66784,30.244791,24.345444,18.411522,13.407049,9.55981,6.560726,4.019627,1.835673,0.24199694,-0.4591484,-0.23053521
485,8.083333333333334,0.00064194575,0.0,7306.190545228138,548.5322049257223,1750.3892563839136,2618.509741029684,0.027200295261307256,0.09461126666333049,5.728714788228517,-540.76044,27.900766,22.17759,15.975835,10.924981,6.997871,4.115596,2.9097786,3.5142522,4.5823174,4.441889,2.930824,1.2795056
486,8.1,0.00070221536,0.0,6353.890221960279,488.26376078800286,1845.3088159578008,2511.007678504482,0.027200295261307256,0.09461126666333049,5.728714788228517,-539.2807,30.946384,27.140615,22.246035,17.590769,13.941923,11.335759,9.3654585,7.6235323,5.9589424,4.432562,3.116239,1.9645369
487,8.116666666666667,0.0007248401,0.0,6990.703071769161,723.6178883267935,2162.3911540226118,2913.9259298028032,0.027200295261307256,0.09461126666333049,5.728714788228517,-537.8812,32.74044,28.77655,24.217232,19.947369,15.806932,11.682369,7.9914913,5.0335197,2.590063,0.52387726,-0.7701037,-1.0183034
488,8.133333333333333,0.0006265734,0.0,7373.3818353254555,1341.0806344615632,2504.330722325593,3225.326107073645,0.027200295261307256,0.09461126666333049,5.728714788228517,-540.7292,28.117931,22.67408,16.741049,12.546768,10.447176,9.161145,7.152548,3.9351995,0.37994468,-2.054439,-2.5099103,-1.4119623
489,8.15,0.0005907674,0.0,6898.455265242659,1204.6496490577763,2378.0208783289886,2519.2357308987057,0.027200295261307256,0.09461126666333049,5.728714788228517,-537.0556,32.794827,25.909098,18.030067,12.151396,9.454426,9.048161,9.081021,8.22867,6.4471254,4.5999956,3.4682355,3.0297854
490,8.166666666666666,0.00070112693,0.0,7368.407641689346,981.1270578104753,2238.7880200113714,2771.194561661673,0.027200295261307256,0.09461126666333049,5.728714788228517,-539.55554,30.154865,25.330406,19.232618,13.560748,9.16798,5.9122915,3.17901,0.5822581,-1.6907611,-3.0773506,-3.1433978,-1.9781047
491,8.183333333333334,0.0007301171,0.0,6251.810316235041,825.7865473615642,1945.9366757702378,3156.047183100601,0.027200295261307256,0.09461126666333049,5.728714788228517,-535.78973,35.106903,29.37537,22.338802,16.171793,11.915775,9.294809,7.4109063,5.6484165,4.077464,3.1585238,3.1353445,3.688222
492,8.2,0.00075588416,0.0,7221.1101173594525,697.1130083907825,1639.6503907501524,2985.0182023651637,0.027200295261307256,0.09461126666333049,5.728714788228517,-538.54456,31.26648,25.774136,19.26694,13.881771,10.466326,8.5304165,7.0530696,5.4257145,3.8661869,3.0605555,3.3792396,4.404515
493,8.216666666666667,0.00065764785,0.0,7194.098572972198,1174.3771209698427,2013.8977468529329,3285.8646521895084,0.027200295261307256,0.09461126666333049,5.728714788228517,-537.5113,32.373924,26.128746,19.067404,13.587729,10.250565,8.200216,6.549672,5.2144213,4.5607424,4.601715,4.809246,4.6911116
494,8.233333333333333,0.0006200106,0.0,6812.167859706591,900.9834328739228,1887.7822125641317,2882.6536971282903,0.027200295261307256,0.09461126666333049,5.728714788228517,-538.8948,30.39827,24.544432,19.06903,16.394444,15.8870945,15.025014,12.123825,7.884834,4.4543266,3.2174625,3.600926,3.882762
495,8.25,0.0005548356,0.0,7927.291525543655,752.2534778985582,1875.1810605083847,2866.35706754686,0.027200295261307256,0.09461126666333049,5.728714788228517,-542.3463,25.789646,20.45235,15.105537,11.797682,10.179503,8.506058,5.7166996,2.3873222,-0.19216448,-1.5126147,-2.2091084,-3.0798826
496,8.266666666666667,0.0004937147,0.0,7300.95353824486,1346.0882646365305,2070.4294018130345,3035.663091595971,0.027200295261307256,0.09461126666333049,5.728714788228517,-542.85583,26.199146,23.176811,19.2042,15.288894,12.070738,9.683979,7.9296193,6.5523915,5.394561,4.3616858,3.3217945,2.101312
497,8.283333333333333,0.00051188114,0.0,6887.267318812429,1043.3129094420833,1848.8561491479777,2918.7768057362487,0.027200295261307256,0.09461126666333049,5.728714788228517,-538.1754,31.976559,26.791142,20.121489,13.619317,8.173174,3.9980621,1.1105444,-0.4384396,-0.7159668,-0.07497153,0.9634604,1.958683
498,8.3,0.00056238094,0.0,6800.213067396846,577.5082547421963,1872.5183767175613,2619.989304810585,0.027200295261307256,0.09461126666333049,5.728714788228517,-541.9506,27.03123,22.827877,17.339947,12.00688,7.763386,4.860288,3.1035504,2.2122269,1.999429,2.3198276,2.9492102,3.5726182
499,8.316666666666666,0.0006331813,0.0,6504.1876546889,520.6297602428132,1999.8172014944219,2690.0269946440076,0.027200295261307256,0.09461126666333049,5.728714788228517,-539.2841,30.534058,25.775372,19.926641,14.663944,10.756357,8.114662,6.261118,4.7123556,3.2052484,1.8863351,1.3210355,2.0784097
500,8.333333333333334,0.0006405404,0.0,6397.194932633806,652.7840487681926,2140.055870920105,3334.460415209125,0.027200295261307256,0.09461126666333049,5.728714788228517,-537.41406,33.55433,29.740284,24.869083,19.89909,15.140024,10.699555,6.8751493,4.005924,2.1753964,1.2255751,0.92254007,0.94331694
501,8.35,0.0010262768,0.0,6853.200221879398,1034.2318330835903,2354.5694252516573,3423.6473078526683,0.027200295261307256,0.09461126666333049,5.728714788228517,-539.841,28.912474,22.327919,15.057295,9.67899,6.8387117,5.838891,5.9004345,6.6290245,7.640315,8.32793,8.22856,7.4038057
502,8.366666666666667,0.009639574,0.0,3597.8875999803904,1298.9871385430351,2427.849516844719,3462.447276327887,0.027200295261307256,0.09461126666333049,5.728714788228517,-514.80237,57.658234,38.60907,24.860558,19.789776,16.876263,13.236349,11.522988,11.0196295,7.3184915,1.406581,-0.12694502,3.944731
503,8.383333333333333,0.041604653,0.0,638.6460623671594,1015.1463157868966,2078.235255135927,3240.982706587015,0.027200295261307256,0.09461126666333049,5.728714788228517,-418.3171,153.82364,61.242416,15.690395,25.470037,32.810097,13.1663265,-3.1767263,1.6108654,4.3395157,-10.389826,-20.645176,-7.5001926
504,8.4,0.060159158,0.0,560.388907566797,321.4583102917955,1554.2332568985219,2445.4205484527706,0.027200295261307256,0.09461126666333049,5.728714788228517,-366.9935,194.67313,53.431168,2.2201784,31.118496,37.757774,4.294986,-11.443815,2.3986719,3.5204177,-19.081547,-29.369297,-10.05776
505,8.416666666666666,0.07760215,108.62865931502762,520.3296878793221,309.8185729295734,1610.3684827943923,2470.746042636917,0.027200295261307256,0.09461126666333049,5.728714788228517,-379.65143,185.36307,60.72808,17.189178,39.506798,36.633064,2.3189623,-9.171239,4.2003493,1.3613199,-21.123007,-28.08025,-7.890293
506,8.433333333333334,0.08612383,106.67189220043099,560.1630598642191,311.349315943485,1555.62644016798,2477.4079893424487,0.027200295261307256,0.09461126666333049,5.728714788228517,-364.33252,196.38443,55.165684,6.978072,32.017925,32.70078,3.9492683,-4.952921,3.9784129,-0.8826804,-18.927849,-26.410019,-12.603615
507,8.45,0.096073225,105.31438924575572,745.8369312185309,351.1348404027077,1581.6494284883722,2455.7532563967034,0.027200295261307256,0.09461126666333049,5.728714788228517,-316.20853,222.46252,27.47942,-10.490641,39.47148,27.855616,-13.59725,-7.4875374,9.792236,-5.569992,-18.774185,-7.4131756,1.6262732
508,8.466666666666667,0.094982125,103.9052504068867,991.8568768597465,419.79679766903797,1731.5900670579367,2620.9003420234762,0.027200295261307256,0.09461126666333049,5.728714788228517,-275.87064,224.30225,2.6685147,-0.9156011,45.00386,20.643711,-22.093412,-16.15504,6.143262,-8.381988,-19.875088,4.1034994,-3.077043
509,8.483333333333333,0.09262214,101.02868141663991,1150.6578119026283,444.4365240619301,1921.2448824141115,2847.6168300457853,0.027200295261307256,0.09461126666333049,5.728714788228517,-267.88522,214.1282,-4.976292,7.483441,45.79647,20.628807,-24.016068,-15.618252,5.481393,-7.3330584,-14.817918,4.448846,-10.626654
510,8.5,0.092880175,99.65755802690641,1069.554463074988,429.22518033451746,1815.3620973488664,2744.1428753263563,0.027200295261307256,0.09461126666333049,5.728714788228517,-277.63828,214.00134,-3.3592439,8.573347,45.983925,20.870274,-15.399751,-18.328382,-2.7051263,-11.063486,-12.508479,6.5935674,-3.273276
511,8.516666666666667,0.082247086,98.87348274115209,893.4196989384909,402.6664492870912,1715.3235648647901,2551.8982271468767,0.027200295261307256,0.09461126666333049,5.728714788228517,-307.83963,214.15741,15.085129,-1.3655678,42.00818,26.235744,-9.0151205,-14.980906,-5.0239916,-11.643089,-14.314624,-0.7805141,-0.23355524
512,8.533333333333333,0.072859496,98.78750352590276,820.9785169473431,391.76606228508217,1845.2326736506093,2496.1311224306596,0.027200295261307256,0.09461126666333049,5.728714788228517,-332.00842,208.78722,30.862728,-0.43302524,46.24414,34.801888,-13.355285,-23.353756,-4.344743,-0.9401862,-10.786608,-10.259253,1.7027984
513,8.55,0.06483597,97.85655707801055,785.7785946730922,392.23627702464603,1831.2557499843217,2507.0360647573107,0.027200295261307256,0.09461126666333049,5.728714788228517,-351.46384,200.31404,43.614845,5.149349,41.854137,33.618847,-11.426888,-25.483715,-6.764472,4.049535,-5.560559,-12.640146,-1.5738647
514,8.566666666666666,0.04385507,97.06538872300266,1169.3679370398208,366.4596748514015,1594.7514629149598,2519.6129654628517,0.027200295261307256,0.09461126666333049,5.728714788228517,-392.0086,165.66708,66.14362,31.078323,28.68165,25.665955,3.5074296,-18.442123,-8.514327,2.4890394,-8.717026,-6.0702114,0.6506637
515,8.583333333333334,0.018268894,0.0,7183.846047736371,458.93959084224633,1842.1307519862212,2959.692801569013,0.027200295261307256,0.09461126666333049,5.728714788228517,-345.74237,55.635452,40.394974,58.38336,-5.4296155,10.40484,9.16634,-2.2127109,-4.2571244,10.710288,-8.366121,11.520948,-0.3159045
516,8.6,0.013096419,0.0,9088.335131083028,804.9733630005854,2296.426536603188,3609.0095401587228,0.027200295261307256,0.09461126666333049,5.728714788228517,-323.19122,-7.4669247,6.1555853,58.253815,-16.108332,7.168402,1.4464835,-6.1258526,-9.972042,4.6240015,-15.738785,8.223766,-10.239404
517,8.616666666666667,0.019850621,0.0,8727.286582752487,976.820931441275,2278.6232064178407,3617.4699155856497,0.027200295261307256,0.09461126666333049,5.728714788228517,-287.17496,-16.015806,-10.589081,45.61242,-42.60541,-8.716458,-7.812643,-8.48403,-12.409054,8.649514,-7.893979,6.3384066,-5.2398157
518,8.633333333333333,0.02018603,0.0,7688.232681707563,900.5047616219135,2121.2032692262533,3168.7925355489497,0.027200295261307256,0.09461126666333049,5.728714788228517,-257.08215,12.037645,-30.774199,37.57859,-43.29952,-9.541098,-4.9146357,-12.18186,-1.4506867,10.401974,-2.2475471,10.177626,-7.969114
519,8.65,0.024492498,0.0,5924.780333854613,837.899512241976,1752.3893335636087,2610.8236285574594,0.027200295261307256,0.09461126666333049,5.728714788228517,-275.7853,71.3754,-25.879227,35.936005,-25.22745,-6.61894,4.8532352,-14.3111315,0.5871374,1.5786183,-5.7953644,2.9176495,-12.861149
520,8.666666666666666,0.12246743,0.0,1359.3662224251502,664.9186874585336,1466.16719709789,2500.96089592339,0.027200295261307256,0.09461126666333049,5.728714788228517,-224.31348,215.92758,-10.180253,4.2014604,-5.80006,-6.5594826,-6.959137,-16.00938,-0.41069257,-3.9923062,-17.561544,-8.961189,3.1401677
521,8.683333333333334,0.1893271,0.0,1219.0113060040615,642.9217731279466,1361.7496136545592,2470.050087239067,0.027200295261307256,0.09461126666333049,5.728714788228517,-174.70709,261.40686,-34.45424,-20.80724,4.510104,-16.488558,-16.794756,-14.73586,-8.155936,-1.6610938,-21.201832,-15.939396,15.078961
522,8.7,0.21992487,103.10639065654136,1114.481974584515,658.1997462408683,1342.5522791136443,2478.762305315308,0.027200295261307256,0.09461126666333049,5.728714788228517,-205.96436,261.10962,-15.777813,-35.75096,-0.76190805,-7.349244,-21.196108,-14.828881,0.78138506,-9.126871,-20.751091,-13.359665,14.679501
523,8.716666666666667,0.16577822,104.40182344586847,1121.7262609802826,666.1094438348911,1357.6074830162227,2526.168933043656,0.027200295261307256,0.09461126666333049,5.728714788228517,-212.99666,255.80835,-6.909399,-29.454716,-2.2152102,-14.869749,-17.877197,-8.568784,3.9939938,-8.8064575,-18.775784,-9.769506,18.228241
524,8.733333333333333,0.098465696,104.81082357686496,1343.922012732421,648.2756833737147,1441.745898987842,2630.142156170296,0.027200295261307256,0.09461126666333049,5.728714788228517,-244.24553,223.1427,-2.1527073,-10.625391,9.801735,-17.570623,-17.572231,-4.894675,3.7182095,-1.8686645,-17.947151,-0.85273564,20.510796
525,8.75,0.04019625,104.33153482852953,2901.532848155049,775.2017931527214,1516.3141338453224,2918.1317524860465,0.027200295261307256,0.09461126666333049,5.728714788228517,-266.6106,150.62558,-22.653938,-1.4172621,19.601664,-0.5296045,-13.334011,21.633919,8.834025,-9.744278,-11.2307415,19.339489,15.87868
526,8.766666666666667,0.028153861,0.0,3852.5912675649424,971.1398035931022,1599.6234683454254,3161.3839145646457,0.027200295261307256,0.09461126666333049,5.728714788228517,-244.12656,114.44612,-53.73893,-20.125969,7.492141,-3.776637,-19.36192,23.803284,-8.378082,-13.439858,-5.389367,23.894228,8.322204
527,8.783333333333333,0.02621296,0.0,4318.343761482814,1110.3275272032952,1728.704728266796,3223.578722034884,0.027200295261307256,0.09461126666333049,5.728714788228517,-269.4254,87.9397,-68.78264,-23.00135,16.566095,3.610314,-22.999035,16.499258,-14.408251,-17.496338,-4.8643007,26.915077,5.475627
528,8.8,0.022814237,0.0,3939.431535635912,1172.0828732753457,1798.5006821932054,3408.1597949243483,0.027200295261307256,0.09461126666333049,5.728714788228517,-298.88055,105.73497,-61.102165,-12.223944,21.154095,5.0346007,-15.17637,14.039185,-10.461559,-13.370754,0.7692356,19.673136,-4.968265
529,8.816666666666666,0.092460044,0.0,1691.4662227341948,740.993997601738,1780.2231764526857,3050.018000014199,0.027200295261307256,0.09461126666333049,5.728714788228517,-272.42822,181.89926,-8.628572,16.86494,33.795868,5.7507567,-14.3015175,-5.065297,-23.522537,-10.880837,-11.559441,2.0363321,-6.262932
530,8.833333333333334,0.17113456,127.19377392746759,1172.237248452575,478.6550769993875,1768.8518860515978,2519.4602783686855,0.027200295261307256,0.09461126666333049,5.728714788228517,-206.82114,230.2796,-14.232719,-3.143973,21.2075,18.613155,-18.637161,-36.195915,-29.055656,3.5113,-19.1091,-12.730461,1.2056978
531,8.85,0.21013795,117.34070895402488,1101.329718420587,477.5809283116855,1736.7518116242481,2527.9929610869026,0.027200295261307256,0.09461126666333049,5.728714788228517,-213.81499,232.91249,-15.208727,-4.465042,14.902691,21.208954,-15.611009,-40.992596,-20.684765,-0.2908213,-20.92182,-13.728051,0.057165563
532,8.866666666666667,0.21090558,113.99978926719379,976.1442153161406,449.33666143371147,1631.0394213954175,2538.7327530066477,0.027200295261307256,0.09461126666333049,5.728714788228517,-234.77663,233.98766,-8.11426,-0.5853037,21.043056,13.0255375,-6.5313034,-33.577602,-27.425274,-5.949748,-23.603212,-15.4085655,9.583687
533,8.883333333333333,0.19856495,110.60259363012008,908.5380414652406,438.42629686037867,1581.869395698354,2479.7109781263284,0.027200295261307256,0.09461126666333049,5.728714788228517,-243.99884,243.16098,-5.039881,-8.52758,27.300943,14.402097,-5.974702,-27.763493,-22.178532,-6.1690598,-26.895184,-20.200245,11.4445305
534,8.9,0.18795526,107.1812768933465,1005.3649712967772,443.13252685448185,1637.1361038260081,2480.0172614407907,0.027200295261307256,0.09461126666333049,5.728714788228517,-238.61563,241.74197,-16.46262,-9.48611,33.537514,18.667671,-5.644436,-30.167316,-22.04737,-9.627459,-25.942802,-16.727541,7.858036
535,8.916666666666666,0.17544438,104.57736910842699,1091.7179386205382,463.8727146183434,1687.7614181119204,2455.695768952138,0.027200295261307256,0.09461126666333049,5.728714788228517,-235.46645,241.62143,-15.169758,-14.616073,28.56393,28.026428,-6.239938,-39.405296,-19.172865,-5.7482553,-21.91205,-14.889406,0.7370262
536,8.933333333333334,0.14647707,101.43834924105138,1104.3219881069065,465.3902066744642,1660.3433459811067,2441.3144880052623,0.027200295261307256,0.09461126666333049,5.728714788228517,-239.26343,244.47763,-11.994623,-22.003231,29.633705,35.20704,-9.186581,-39.71176,-15.043689,-3.2495704,-26.433487,-16.614355,4.8334723
537,8.95,0.10176758,93.5054771528683,887.4471848056484,404.7593348017433,1542.0023363603782,2385.583994099882,0.027200295261307256,0.09461126666333049,5.728714788228517,-290.68503,234.60037,14.1171,-26.967213,26.171402,35.243126,-2.2903116,-21.83884,-10.54784,-17.441954,-31.278214,-14.502903,2.515287
538,8.966666666666667,0.044845775,86.06693430227278,1057.997219625397,379.1443430320986,1572.953183394772,2382.5691879042583,0.027200295261307256,0.09461126666333049,5.728714788228517,-415.4487,150.6618,48.905437,8.131463,29.748646,39.814262,13.540831,-9.048906,-7.947533,-7.0475645,-17.26806,-18.566715,-4.2957444
539,8.983333333333333,0.0077243154,0.0,3115.002872535455,421.02510847080146,1646.6971193957502,2535.9060030662417,0.027200295261307256,0.09461126666333049,5.728714788228517,-494.94437,78.03842,45.0282,25.701063,23.935747,21.121384,8.347614,-3.8463063,-6.7863913,-6.423908,-9.652077,-12.149239,-8.044364
540,9.0,0.0019422651,0.0,3653.151095650573,439.8082187235607,1648.2552110493652,2659.340702431181,0.027200295261307256,0.09461126666333049,5.728714788228517,-511.71497,64.30844,48.313095,32.79612,21.734432,13.172645,5.3690147,-1.0349878,-5.7013416,-9.0296955,-9.844314,-6.324703,0.05608069
541,9.016666666666667,0.0015810642,0.0,4590.764958937292,500.7604729283187,1715.7403879412896,2600.2814987839047,0.027200295261307256,0.09461126666333049,5.728714788228517,-514.2808,61.198116,45.772697,29.615742,17.271206,8.183607,0.8409349,-4.6700873,-8.023376,-9.709677,-9.828631,-7.7471213,-3.9248044
542,9.033333333333333,0.0030871355,0.0,4637.6607325741315,585.1213214762004,1725.2745712971196,2504.3370570973566,0.027200295261307256,0.09461126666333049,5.728714788228517,-515.8562,58.03293,41.329807,25.709455,15.190779,7.24161,0.44880268,-3.15092,-3.1267254,-2.6660404,-3.6766248,-3.7129993,-0.2531312
543,9.05,0.009958215,0.0,3013.977314601716,653.9755428190394,1628.0628342992263,2527.5307294101017,0.027200295261307256,0.09461126666333049,5.728714788228517,-340.95044,151.53674,-6.210427,-8.939645,6.6357994,-11.123529,-9.678923,-13.182367,-0.6625206,-11.10414,-14.086279,5.226722,0.6694457
544,9.066666666666666,0.022646561,0.0,2387.752209888635,453.5391933704141,1504.97065273239,2498.624883545724,0.027200295261307256,0.09461126666333049,5.728714788228517,-365.7981,158.51463,9.98146,-7.83848,3.1699696,-10.924529,-12.137648,-10.594107,-5.1437073,-9.348111,-9.8590355,0.9898507,-1.4410863
545,9.083333333333334,0.067945965,0.0,747.5864405736514,263.9151092886462,1379.4746807144415,2293.3245349960903,0.027200295261307256,0.09461126666333049,5.728714788228517,-329.0832,225.4501,40.87548,-30.346794,12.619352,39.41284,7.063179,-18.400211,-5.177515,2.579382,-18.369884,-30.33707,-11.568878
546,9.1,0.068412684,0.0,775.4462191781306,386.4127161476025,1370.4562120387689,2122.228363300513,0.027200295261307256,0.09461126666333049,5.728714788228517,-318.908,237.37018,43.714924,-37.97757,6.351204,44.446472,15.551043,-18.707247,-12.692425,-2.751855,-18.14024,-28.405243,-11.842976
547,9.116666666666667,0.05452664,339.1028677181485,1274.1737828424148,511.7930045431656,1446.814570122968,2041.9910847997621,0.027200295261307256,0.09461126666333049,5.728714788228517,-361.5677,200.57077,42.670116,-44.380093,-31.654648,6.803273,8.414246,-12.180063,-15.169138,-7.509405,-7.85957,-7.106233,-2.655311
548,9.133333333333333,0.06477229,0.0,1123.7996575031048,582.6348701066958,1346.957102397234,1927.3217013884544,0.027200295261307256,0.09461126666333049,5.728714788228517,-339.19818,212.87833,43.007187,-32.919685,-18.300423,17.764675,10.602095,-18.133492,-8.027493,2.1475592,-11.932535,-8.788282,0.17833209
549,9.15,0.15985565,0.0,849.2328335094736,457.99217295456816,1195.525382822536,2130.8892526595805,0.027200295261307256,0.09461126666333049,5.728714788228517,-257.26123,269.26575,25.95751,-44.345257,4.9677463,29.719482,-21.48999,-32.066044,12.827243,3.566583,-32.582306,-29.243427,-5.901573
550,9.166666666666666,0.20695136,97.79199438621642,833.2165507154826,485.3750065273462,1220.4167041399805,2293.0087487152327,0.027200295261307256,0.09461126666333049,5.728714788228517,-253.05823,272.0454,24.729406,-40.283455,11.687035,24.190826,-30.646173,-31.06023,13.828192,-2.285738,-37.67194,-30.718904,-6.156599
551,9.183333333333334,0.20308077,0.0,874.3480771958939,504.10405696429257,1274.6328491328873,2471.310865288776,0.027200295261307256,0.09461126666333049,5.728714788228517,-250.25754,269.15515,18.314135,-40.748184,12.232533,20.23776,-29.93528,-26.199636,11.057474,-6.036789,-38.09432,-27.005669,-1.440067
552,9.2,0.18516573,107.06959968327772,958.0117817129881,535.2240924121198,1405.2740971816588,2518.2164990449874,0.027200295261307256,0.09461126666333049,5.728714788228517,-246.33699,263.60733,4.816123,-39.610092,21.340757,23.952284,-27.008888,-23.497272,9.226042,-11.099573,-37.63392,-17.967258,7.5189285
553,9.216666666666667,0.18568239,108.23638448978214,1092.6452089882685,551.5689960989059,1559.416429747297,2373.4886510691063,0.027200295261307256,0.09461126666333049,5.728714788228517,-232.88391,263.21088,-10.271797,-42.644142,28.178366,29.421158,-29.616913,-29.808132,5.55137,-11.506226,-36.317505,-14.221185,9.491735
554,9.233333333333333,0.19285485,109.91294132021532,1188.1215021307385,563.4007570116219,1618.350771255643,2348.872688403184,0.027200295261307256,0.09461126666333049,5.728714788228517,-217.16939,262.77252,-24.66148,-38.227318,28.03246,21.686272,-25.451866,-33.551174,-3.7184618,-8.12767,-35.931816,-17.90011,14.427723
555,9.25,0.19364695,112.1446892252174,1172.7809953406945,559.349881196851,1541.8669028538086,2382.7050590151707,0.027200295261307256,0.09461126666333049,5.728714788228517,-215.9799,261.32947,-26.96109,-35.367283,25.237991,18.807892,-21.618305,-31.236572,-0.4792788,-8.841164,-35.724735,-18.535542,13.4957285
556,9.266666666666667,0.19716272,113.77709781005294,1102.1572547680032,535.476632882146,1400.1663091556945,2373.70166536275,0.027200295261307256,0.09461126666333049,5.728714788228517,-221.29121,259.881,-21.366777,-35.969875,19.08305,15.755411,-22.716194,-28.221977,2.7977052,-8.919963,-36.598427,-25.354546,5.920764
557,9.283333333333333,0.22301285,115.76559862065965,960.5634226766856,500.7158518108729,1260.199225630282,2370.618289667936,0.027200295261307256,0.09461126666333049,5.728714788228517,-235.28671,261.72375,-5.1758614,-34.16858,13.217109,9.366395,-24.792246,-25.799343,9.008261,-2.1014242,-39.590485,-31.970242,0.6467389
558,9.3,0.25009876,118.97448000609208,847.7103755286885,480.3877673168117,1174.7072722171476,2362.903936012382,0.027200295261307256,0.09461126666333049,5.728714788228517,-253.04503,260.84192,9.85322,-34.124126,9.969246,4.3001204,-31.904497,-26.343027,11.147623,1.8055862,-36.526226,-37.575943,-8.1396055
559,9.316666666666666,0.25705245,123.06039330059718,841.0613204282341,506.1945045104369,1154.969108005718,2338.454318125507,0.027200295261307256,0.09461126666333049,5.728714788228517,-244.92612,267.51746,11.053192,-36.22387,4.4763155,0.16584176,-33.1812,-27.853321,7.4335575,1.1136341,-31.256557,-34.57898,-6.760406
560,9.333333333333334,0.23101397,126.17535893780384,930.4800713767994,551.9013092898126,1153.5611195944334,2333.502632530243,0.027200295261307256,0.09461126666333049,5.728714788228517,-239.71506,262.1493,-3.2683568,-38.379898,2.7637706,-7.9157724,-30.374916,-21.811947,3.995319,0.04564166,-27.945938,-34.869915,-3.2634842
561,9.35,0.18468827,128.62531500404242,997.22474113635,602.7950534772517,1180.0417924990784,2320.8013553594915,0.027200295261307256,0.09461126666333049,5.728714788228517,-241.19536,258.36487,-6.326233,-42.541046,-7.088571,-11.81537,-24.86427,-21.08352,0.74428755,3.9502535,-21.557331,-34.186687,-1.616682
562,9.366666666666667,0.14235273,132.80779038360922,995.82062339792,643.4945928883878,1196.1800947798195,2337.2531510438407,0.027200295261307256,0.09461126666333049,5.728714788228517,-260.0,253.29823,6.8014603,-44.220524,-17.188784,-12.186695,-20.322964,-23.472002,0.212697,12.842768,-17.751907,-35.064377,2.396853
563,9.383333333333333,0.10525485,137.14411932563158,1016.0416363587581,677.6788220745544,1179.6079977487498,2465.2440727029248,0.027200295261307256,0.09461126666333049,5.728714788228517,-281.75513,234.96341,7.796779,-32.784737,-12.025887,-17.772552,-13.216316,-12.682224,-6.047119,9.249964,-10.364136,-26.596497,2.7698512
564,9.4,0.07326685,141.46421512599522,1002.4337509074487,682.7654328327227,1168.7475651078648,2660.820844601887,0.027200295261307256,0.09461126666333049,5.728714788228517,-313.35892,218.94614,28.048552,-21.157625,-22.781847,-29.374008,-10.728413,2.9708972,2.037364,-0.259789,-14.564064,-19.527466,3.9679198
565,9.416666666666666,0.045325432,147.4222164594769,1017.3174253944704,585.912701129564,1189.318664822168,2733.026816035926,0.027200295261307256,0.09461126666333049,5.728714788228517,-336.38098,209.03317,41.411564,-15.909609,-20.548294,-20.24916,-5.333091,5.7847395,6.6932287,-1.9322159,-21.799812,-21.227757,7.8999186
566,9.433333333333334,0.027536284,153.191563246684,1151.0320794083073,406.8891879048453,1181.598786456664,2685.355181146229,0.027200295261307256,0.09461126666333049,5.728714788228517,-399.25024,164.78064,53.36087,-0.032418847,-9.0071335,-5.7773314,6.9570904,14.986208,9.852536,-6.989669,-28.297155,-23.933895,4.23904
567,9.45,0.016021844,155.0100478252472,1197.2230967696305,317.926833079657,1168.0377023592487,2588.3376878236377,0.027200295261307256,0.09461126666333049,5.728714788228517,-440.79373,138.62225,71.13099,19.831627,-0.64766335,-1.0458022,8.133183,16.091608,12.012056,-3.6182787,-15.748831,-11.622326,0.04350686
568,9.466666666666667,0.011665047,0.0,1309.931211844667,316.6332540863724,1153.10760130322,2597.7350294234125,0.027200295261307256,0.09461126666333049,5.728714788228517,-457.06598,126.08049,73.923355,24.335442,-1.0860205,-3.0821629,4.3739877,8.2383175,3.4851394,-6.3747697,-13.105295,-11.345939,-4.2209496
569,9.483333333333333,0.007318376,0.0,2185.1101965570483,355.75804992344695,1283.7545704850813,2675.0626315673217,0.027200295261307256,0.09461126666333049,5.728714788228517,-478.97754,103.646286,69.32106,32.084953,6.8571014,-2.0133514,-0.12055908,3.3791325,2.5056329,-2.331828,-6.337242,-5.8869686,-2.4152083
570,9.5,0.00248162,0.0,4872.953293491211,451.146586952754,1656.802295928647,2696.54610207942,0.027200295261307256,0.09461126666333049,5.728714788228517,-521.58093,53.589127,43.706257,31.515568,20.54947,12.466924,7.1287174,3.7936804,2.0348287,1.6771555,2.2600448,2.9126878,2.8736887
571,9.516666666666667,0.00094826333,0.0,5611.412445882863,821.8366950881874,1983.6814510268125,3018.0875288061825,0.027200295261307256,0.09461126666333049,5.728714788228517,-525.5585,46.457375,33.970657,21.492867,13.444969,9.115833,5.8119903,2.72954,1.078008,1.5301461,3.0037503,3.9962275,4.0588536
572,9.533333333333333,0.0009669514,0.0,6039.254695547033,810.8703372246416,1873.7261492865407,3114.0177392043533,0.027200295261307256,0.09461126666333049,5.728714788228517,-530.66705,40.69905,31.115814,20.580479,13.516009,11.410571,12.414911,13.186169,11.431555,7.2879305,2.7551126,-0.07846519,-0.5174506
573,9.55,0.0008587609,0.0,6473.3949023228315,351.6297841823912,1440.2759394572593,2711.5654280695803,0.027200295261307256,0.09461126666333049,5.728714788228517,-533.91254,37.85325,32.22681,24.927006,17.85739,12.227852,8.421442,6.3079414,5.5420933,5.6363373,5.9644423,5.900531,5.058881
574,9.566666666666666,0.00068920053,0.0,7005.799779638034,752.18115217203,1729.5075049770876,2905.3817491945165,0.027200295261307256,0.09461126666333049,5.728714788228517,-534.9006,35.697357,28.32365,19.507048,12.211537,7.815279,5.9092712,5.273396,5.0331674,5.0585446,5.4940414,6.1000333,6.1477213
575,9.583333333333334,0.0006180459,0.0,7152.7070971704225,1118.5210420607136,2340.963807767456,3410.023204573749,0.027200295261307256,0.09461126666333049,5.728714788228517,-538.41736,31.144438,24.869267,17.49128,11.7324505,8.8778305,8.31978,8.285566,7.1696844,4.571924,1.4278042,-0.7441373,-0.9059485
576,9.6,0.00061654404,0.0,6255.688622752739,1073.0309008092913,2356.05610538138,3531.7105394637492,0.027200295261307256,0.09461126666333049,5.728714788228517,-535.89624,34.33804,27.224422,19.02289,12.571281,8.908523,7.4227867,6.945867,6.5793915,5.810684,4.4009757,2.5066152,0.8004688
577,9.616666666666667,0.0006297276,0.0,6503.751053796379,1048.6971566493332,2396.0600775607145,3150.809793561498,0.027200295261307256,0.09461126666333049,5.728714788228517,-534.07184,33.338852,20.238018,10.351498,6.2204633,5.831341,8.947552,13.783173,14.217077,7.7021203,0.5228534,-0.96569383,1.229317
578,9.633333333333333,0.0007046506,0.0,6554.189493984131,1353.04782604729,2722.102206185148,3222.313994133537,0.027200295261307256,0.09461126666333049,5.728714788228517,-535.7459,33.722134,25.752485,18.854677,15.350711,14.552698,15.307108,15.808243,13.344751,7.373526,1.279233,-1.4361051,-1.118509
579,9.65,0.0008226303,0.0,6152.454692372376,1412.5372415946817,2308.2352017506273,3427.555114942381,0.027200295261307256,0.09461126666333049,5.728714788228517,-535.0411,36.21489,30.649357,23.808876,17.545597,12.624123,9.012411,6.558365,5.177675,4.588188,4.284355,4.001531,4.063707
580,9.666666666666666,0.000705284,0.0,6801.172740018545,1053.2583328013711,1990.0234655872646,3254.3871587939148,0.027200295261307256,0.09461126666333049,5.728714788228517,-538.662,30.775257,24.643387,17.919804,13.311197,11.67444,11.9817295,12.368042,11.315279,8.395046,4.4466987,1.1296806,-0.11898452
581,9.683333333333334,0.00070109457,0.0,6489.3296019192485,1111.8845990678792,2267.5479769210015,3324.489657018192,0.027200295261307256,0.09461126666333049,5.728714788228517,-536.9821,33.92708,29.435486,23.693356,18.180227,13.610294,9.912415,6.780298,4.20991,2.5325623,1.9743211,2.2301083,2.517972
582,9.7,0.000868578,0.0,5269.00695378858,1150.6737826284166,2508.5000555548395,3252.458845441426,0.027200295261307256,0.09461126666333049,5.728714788228517,-535.51074,35.110744,28.954834,22.76207,18.883068,17.010445,15.29999,12.503891,8.907705,5.63261,3.5501146,2.8654797,3.2217412
583,9.716666666666667,0.00089042744,0.0,5361.99845210827,646.4616271995616,1961.6774551908834,2997.5348228128896,0.027200295261307256,0.09461126666333049,5.728714788228517,-536.67865,34.388557,30.041008,24.47316,18.77856,13.441197,8.91293,5.877413,4.695525,4.8713236,5.395212,5.563734,5.2595387
584,9.733333333333333,0.00095566397,0.0,5747.96312169187,673.2597989099229,1996.586420454685,3137.230623040586,0.027200295261307256,0.09461126666333049,5.728714788228517,-539.4567,30.622356,26.651377,21.541513,16.521896,12.358423,9.445492,7.8579006,7.2568445,7.0166163,6.624427,5.915767,4.94301
585,9.75,0.0010168082,0.0,5354.020018999336,1335.0786572422467,2431.8636509276153,3670.8263978159066,0.027200295261307256,0.09461126666333049,5.728714788228517,-542.49225,26.474918,23.01779,19.035114,16.003931,14.488011,13.995625,13.536318,12.398123,10.584517,8.681788,7.3615427,6.924029
586,9.766666666666667,0.0008969741,0.0,5898.069272744085,1108.178424363371,2141.4890289920077,3440.38051181445,0.027200295261307256,0.09461126666333049,5.728714788228517,-537.3467,32.822723,26.966682,20.010502,14.282318,10.8165455,9.286707,8.780905,8.578842,8.368602,8.030292,7.4502153,6.5760984
587,9.783333333333333,0.00085114397,0.0,6529.051514736568,682.827350825821,1895.1487261524333,3055.670135917579,0.027200295261307256,0.09461126666333049,5.728714788228517,-532.27893,38.573807,29.241886,18.239937,8.911642,2.8859007,0.56880784,1.4581938,4.019867,6.241764,6.763238,5.3088923,2.320167
588,9.8,0.0008586965,0.0,6282.540899956592,930.5830616347819,2121.9996150329334,3319.581385533802,0.027200295261307256,0.09461126666333049,5.728714788228517,-534.644,36.13183,28.842218,19.848534,12.005806,7.032323,5.216533,5.796575,7.4652834,8.809881,8.791419,7.184493,4.63013
589,9.816666666666666,0.0009158092,0.0,6609.941125282388,942.6613821278866,2115.3444236324776,3237.0220072928405,0.027200295261307256,0.09461126666333049,5.728714788228517,-535.9883,34.49289,28.11544,20.728846,14.711092,11.014677,9.543146,9.728034,10.579006,10.806997,9.588766,7.271715,4.988965
590,9.833333333333334,0.00067854393,0.0,7211.616909168572,808.0835333979185,2109.2216368313366,3047.333243355282,0.027200295261307256,0.09461126666333049,5.728714788228517,-538.3542,31.458271,25.691097,18.68851,12.744387,9.022171,7.297739,6.5529366,5.845115,4.858035,3.9095845,3.5703924,4.2015095
591,9.85,0.00059319776,0.0,7721.924290954055,720.7123033528444,1893.9645144694773,2938.532006846738,0.027200295261307256,0.09461126666333049,5.728714788228517,-543.2672,25.289274,21.699783,17.707375,14.609382,12.526899,10.79686,8.874664,6.792204,4.9158006,3.505373,2.5749474,2.0286527
592,9.866666666666667,0.00072079274,0.0,6965.471651818529,482.7323570329406,1655.797035082258,2604.88446317171,0.027200295261307256,0.09461126666333049,5.728714788228517,-536.9878,33.149933,26.925209,19.723095,13.928575,10.24173,7.9239445,6.0553417,4.4616337,3.535318,3.4069998,3.522059,3.10781
593,9.883333333333333,0.007613444,0.0,2836.6664692617587,580.2797381122482,2029.3009726557605,2693.4460478329793,0.027200295261307256,0.09461126666333049,5.728714788228517,-490.35645,86.45227,56.650764,35.799057,24.03086,7.609073,-11.14476,-16.141083,-6.1331224,1.4852434,-1.6645126,-3.5683956,4.8854904
594,9.9,0.016361538,0.0,1161.7995082460136,501.7627405672681,2374.999509680883,2669.7117675934933,0.027200295261307256,0.09461126666333049,5.728714788228517,-436.553,139.73291,71.66176,39.330986,34.91071,12.127453,-23.621502,-28.600594,-3.2660382,7.4929543,-7.8792567,-12.982561,7.035468
595,9.916666666666666,0.069882914,0.0,633.6344805927928,433.36046093031746,2263.958182936561,2641.984135813465,0.027200295261307256,0.09461126666333049,5.728714788228517,-390.74088,180.3075,68.25415,18.161556,28.103453,23.716644,-8.162357,-19.561197,-1.7458501,3.3632145,-15.913094,-22.49332,-0.41401356
596,9.933333333333334,0.09780614,115.69349748289098,599.8836064835931,431.15897984170505,1573.03175499179,2491.2051747947094,0.027200295261307256,0.09461126666333049,5.728714788228517,-333.80182,225.07532,60.749664,7.122033,33.389816,20.45479,-23.25055,-25.067736,0.3894313,-3.251039,-26.484436,-24.94061,0.7627624
597,9.95,0.11277909,109.15308171235253,618.7661313734475,432.7319905113447,701.6111542471749,2449.7169159799505,0.027200295261307256,0.09461126666333049,5.728714788228517,-335.57947,217.62091,52.765755,11.752893,44.669586,24.613983,-25.815536,-28.825089,-3.4428399,-5.333195,-25.442871,-22.347866,3.3235016
598,9.966666666666667,0.11364997,109.93764207249212,650.4657940790623,485.24345696118445,1397.3653590006925,2681.8382972749214,0.027200295261307256,0.09461126666333049,5.728714788228517,-333.98532,216.86649,48.49978,10.30052,47.625324,25.306078,-30.079227,-32.28801,-2.9305944,-2.9381003,-21.12497,-16.22348,6.9631615
599,9.983333333333333,0.11621456,110.32624295583875,715.0806217476419,575.6751105442324,2432.122388590884,2958.736026036878,0.027200295261307256,0.09461126666333049,5.728714788228517,-323.89185,221.80325,44.16816,9.504613,46.236626,16.41218,-39.981895,-33.924377,5.245261,6.341468,-16.792915,-11.010122,12.31649
600,10.0,0.109808214,110.25180834127517,746.6417407161983,504.06053699895676,1771.1662876590294,2670.7433387324513,0.027200295261307256,0.09461126666333049,5.728714788228517,-315.01358,229.23369,42.43654,-0.8064638,32.202953,11.912422,-34.407993,-29.867525,13.213596,22.098526,-12.445824,-22.872478,2.1931953
601,10.016666666666667,0.101121075,110.75379177581526,744.5054890273053,353.28580292149684,961.5398609873935,2452.0841528602705,0.027200295261307256,0.09461126666333049,5.728714788228517,-323.68884,220.3804,41.394016,-0.022488952,29.922806,17.680447,-18.94585,-22.167778,9.946325,20.66827,-12.318577,-27.805832,-2.1536133
602,10.033333333333333,0.091666065,111.84213552751119,717.8496598702744,325.90930263023694,1131.3199048091624,2438.3081321613836,0.027200295261307256,0.09461126666333049,5.728714788228517,-338.35287,209.92795,41.942337,0.62728494,36.016327,29.229061,-12.282183,-19.285282,10.516348,14.7428,-18.747253,-28.644226,-0.13016963
603,10.05,0.086331494,111.43798432491582,733.2896873425585,314.86104816102306,1195.8940329735597,2406.0401370404065,0.027200295261307256,0.09461126666333049,5.728714788228517,-346.86646,202.95157,40.03374,-0.10755251,40.779686,37.408142,-9.701973,-23.66399,6.4300623,15.566117,-18.381105,-31.619186,0.46537268
604,10.066666666666666,0.083368,111.56781904279713,763.5269760855444,314.99130528392647,1238.8579214394529,2406.214138160703,0.027200295261307256,0.09461126666333049,5.728714788228517,-344.6928,202.17587,36.32746,-1.4275506,39.435658,36.689617,-6.1873226,-21.303692,4.5356903,14.718737,-18.350458,-33.536015,-1.3611126
605,10.083333333333334,0.09407868,112.68781814689383,887.5488093153551,369.11667846684156,1185.6248339711601,2381.3658931934433,0.027200295261307256,0.09461126666333049,5.728714788228517,-301.51505,231.27185,26.04928,-21.14468,17.09967,27.004972,-3.5361013,-23.762007,3.9316027,16.819277,-24.88092,-41.583244,-4.1148486
606,10.1,0.10354743,113.53737237889825,1090.6242293159512,455.0624031756316,1133.677898099444,2417.976702594792,0.027200295261307256,0.09461126666333049,5.728714788228517,-269.28326,237.71057,5.872473,-22.724253,11.748091,17.174587,-15.580551,-32.177914,18.107899,22.162674,-35.728817,-37.788387,1.266538
607,10.116666666666667,0.10821664,114.43241705227226,1088.8135741271149,513.6987088499492,1038.0728379806112,2532.693038196035,0.027200295261307256,0.09461126666333049,5.728714788228517,-264.2206,232.79242,5.162349,-8.254641,11.891975,4.8899083,-23.947224,-26.296577,27.716232,13.807863,-37.546562,-22.883354,3.8836656
608,10.133333333333333,0.106418125,114.95278050033596,990.8926724716182,554.0730153089421,896.1153921359396,2609.1631965012616,0.027200295261307256,0.09461126666333049,5.728714788228517,-272.25684,233.21222,13.242907,-5.2122326,10.601447,-6.526498,-31.460213,-23.927975,22.355373,12.469755,-27.987698,-18.625746,6.791847
609,10.15,0.100432724,115.94311987415406,862.6915850361158,520.1473538669879,856.5428939174448,2599.1377119245208,0.027200295261307256,0.09461126666333049,5.728714788228517,-295.3608,236.4578,31.71902,-13.652206,8.543747,-7.544851,-37.606438,-20.546253,21.529854,9.920687,-24.509815,-13.149807,9.822386
610,10.166666666666666,0.08657863,117.04283667298512,809.0840708174828,477.2190817882727,876.2682136884739,2561.1259258804193,0.027200295261307256,0.09461126666333049,5.728714788228517,-320.30008,229.4075,46.333908,-13.654112,6.0962114,-8.380026,-39.78447,-17.671785,22.516415,9.55387,-20.483374,-11.576618,6.168221
611,10.183333333333334,0.06615704,117.1819020810814,792.0858026528073,451.1216405150886,885.9655474869376,2682.9746260148313,0.027200295261307256,0.09461126666333049,5.728714788228517,-351.8002,212.57066,67.771515,6.593954,1.7387416,-21.940592,-38.075912,-8.42727,21.604195,7.3607388,-16.12672,-9.052579,2.30792
612,10.2,0.037853897,0.0,814.3024549771849,453.6761305036368,893.005665037883,2751.3875614882545,0.027200295261307256,0.09461126666333049,5.728714788228517,-370.33682,205.7593,84.46409,13.436965,-10.881913,-31.961937,-34.349968,-3.7553687,15.739253,-1.0347941,-14.828201,-1.7622564,6.940791
613,10.216666666666667,0.025255468,0.0,1706.5437676980555,558.1305002674109,1013.2636896221939,2572.5110107685846,0.027200295261307256,0.09461126666333049,5.728714788228517,-453.064,129.68658,76.82886,29.505445,-2.556099,-22.236422,-24.294914,-9.024077,6.129817,8.398203,4.639113,2.6449573,-1.9262118
614,10.233333333333333,0.0021462494,0.0,5066.012221275488,637.2664961351173,1398.6229871308801,2567.3526445504867,0.027200295261307256,0.09461126666333049,5.728714788228517,-510.6326,65.49067,46.932186,25.334236,7.6724443,-3.0755835,-7.234502,-6.753208,-3.9492111,-0.5548374,2.441946,3.9976609,2.9148479
615,10.25,0.00117137,0.0,5816.098750394913,747.4634270810876,1893.991289276916,2914.4956522791354,0.027200295261307256,0.09461126666333049,5.728714788228517,-524.1933,48.866913,36.898537,23.68129,14.131838,9.351471,7.1292515,4.765867,1.4410741,-1.6739614,-3.0598545,-2.408571,-0.78503454
616,10.266666666666667,0.0011878527,0.0,5271.063360550042,919.1514071489129,2082.5737357373555,3030.495222292073,0.027200295261307256,0.09461126666333049,5.728714788228517,-525.93896,47.217117,37.254253,26.155128,17.835333,13.148955,10.531214,8.249241,5.9526196,4.451734,4.459244,5.6537857,6.791562
617,10.283333333333333,0.0012270581,0.0,5875.494699414716,878.7269332223856,2083.1915865574056,3101.2697899145114,0.027200295261307256,0.09461126666333049,5.728714788228517,-528.7038,43.517513,34.280975,24.26468,16.566647,11.34699,7.59423,4.9941874,3.6754723,3.088274,2.190427,0.6750177,-0.7149335
618,10.3,0.0009625554,0.0,6091.72937354238,1043.3960639840911,2158.195469322041,3094.7456972177024,0.027200295261307256,0.09461126666333049,5.728714788228517,-536.14014,35.196373,30.839643,25.116625,19.507126,14.964008,11.659569,9.201342,7.0857773,5.0589128,3.1947627,1.7399585,0.9136269
619,10.316666666666666,0.0008887729,0.0,6765.3108837134005,818.7380041508834,1986.7257400696337,2906.7338072965913,0.027200295261307256,0.09461126666333049,5.728714788228517,-537.0189,33.561295,28.22953,21.398773,14.940332,9.984583,6.75634,4.9312134,4.06739,3.8177946,3.9567986,4.371895,5.040729
620,10.333333333333334,0.0006823824,0.0,6808.515159877962,422.3011330598098,1916.0552017947507,2811.4602067852416,0.027200295261307256,0.09461126666333049,5.728714788228517,-536.70844,34.34607,30.0057,24.53531,19.175045,14.357571,10.045618,6.2233553,2.9635553,0.28760833,-1.7437658,-2.8309498,-2.5900106
621,10.35,0.0006050896,0.0,7083.710586909194,684.3177674340227,2269.331982535316,3244.100077790381,0.027200295261307256,0.09461126666333049,5.728714788228517,-537.7395,32.35991,26.834114,20.473503,15.370604,12.001137,9.419822,6.4789395,2.919077,-0.47601098,-2.5626347,-2.682805,-1.0875936
622,10.366666666666667,0.000763894,0.0,6771.692800985393,1197.2109366304642,2177.3658093340973,3284.0758533514236,0.027200295261307256,0.09461126666333049,5.728714788228517,-536.03296,34.616165,28.412422,20.591295,13.572433,8.873976,6.6333637,5.9141607,5.4850626,4.550973,3.055809,1.5006998,0.49288067
623,10.383333333333333,0.0009039691,0.0,5945.474396361401,1358.6376612646804,1852.3282739038882,2971.5406386386767,0.027200295261307256,0.09461126666333049,5.728714788228517,-536.981,33.832733,29.162582,23.431961,18.409966,14.93054,12.725629,10.965815,8.996247,6.736462,4.5750422,2.9780004,2.1547804
624,10.4,0.0008856001,0.0,6110.387586023895,1121.1535405408317,2261.5575552491077,3358.2842899146317,0.027200295261307256,0.09461126666333049,5.728714788228517,-535.0703,35.705864,28.917042,20.74276,14.109107,10.64177,10.050489,10.639811,10.536731,8.83496,5.9874763,3.308323,2.004807
625,10.416666666666666,0.00075906294,0.0,6352.077368219404,1074.8951162279814,2305.710343049019,3444.965632730247,0.027200295261307256,0.09461126666333049,5.728714788228517,-540.7019,28.203115,22.694496,16.217926,11.020841,8.20262,7.5709715,8.0395975,8.219069,7.1307917,4.790705,2.1636631,0.41394734
626,10.433333333333334,0.0005786395,0.0,6157.79433759354,876.7058517793512,1971.6081622314146,3000.1342274997983,0.027200295261307256,0.09461126666333049,5.728714788228517,-538.0504,32.021294,26.588547,19.89037,13.808737,9.071145,5.3395457,2.1018732,-0.5544518,-1.9868557,-1.7232653,-0.09209911,1.8822793
627,10.45,0.00067087525,0.0,6520.003076874693,779.1738307760418,1904.2917861798758,2847.7348467576558,0.027200295261307256,0.09461126666333049,5.728714788228517,-537.8221,32.516945,27.484943,21.203983,15.49698,11.217464,8.076937,5.2714787,2.3527637,-0.34404483,-2.0084677,-2.097949,-0.8882387
628,10.466666666666667,0.00060780236,0.0,6305.660236867677,873.6628817039375,1897.9592910562433,2969.633157060303,0.027200295261307256,0.09461126666333049,5.728714788228517,-539.1466,31.238453,27.743176,23.287302,18.90232,14.911627,11.094357,7.3185005,3.983873,1.8306922,1.2989885,2.0625496,3.1973522
629,10.483333333333333,0.00052176026,0.0,6874.489665686752,1115.000586967053,1919.5162777054775,3072.471627087745,0.027200295261307256,0.09461126666333049,5.728714788228517,-540.3498,29.104183,24.483772,18.647022,13.14164,8.712641,5.3401155,2.7740943,0.9493598,-0.043344527,-0.22406268,0.15953888,0.7768159
630,10.5,0.00056454586,0.0,6994.223112956296,1360.3912350811133,2024.6853209730207,3323.8501776165326,0.027200295261307256,0.09461126666333049,5.728714788228517,-539.0495,30.667469,25.344631,18.745777,12.935867,9.056662,7.0264034,5.976406,5.0066466,3.7397087,2.3873837,1.4025849,1.041076
631,10.516666666666667,0.002910608,0.0,6170.746682235124,500.5423432880055,1747.6394635648041,3061.6113920493435,0.027200295261307256,0.09461126666333049,5.728714788228517,-532.86926,39.21276,33.301323,25.740147,18.68385,13.412186,9.951145,7.46593,5.063596,2.430911,-0.073687434,-1.831017,-2.4968872
632,10.533333333333333,0.005134094,0.0,2213.577009371513,264.99002427719483,1998.305659876361,2809.2748636121614,0.027200295261307256,0.09461126666333049,5.728714788228517,-499.05658,81.20642,62.676548,44.225014,30.760128,20.481853,11.698701,5.6172457,2.310617,-1.0355456,-5.5052032,-7.6833615,-4.8080535
633,10.55,0.00571625,0.0,2205.3570696898482,913.9097372145825,2538.8496435162147,3115.8350811653645,0.027200295261307256,0.09461126666333049,5.728714788228517,-514.351,64.47287,56.408524,46.56801,37.33637,29.237122,21.716423,14.424442,7.6277137,1.8774683,-2.3015847,-4.5883512,-5.18281
634,10.566666666666666,0.005954524,0.0,2968.780778808294,1138.6094795165332,2528.5566506136115,3656.3134966203856,0.027200295261307256,0.09461126666333049,5.728714788228517,-515.7819,59.7427,46.01731,32.656918,25.155178,22.644466,20.546497,15.928713,9.923435,5.521879,3.997577,3.8691351,2.860402
635,10.583333333333334,0.028948981,0.0,1624.9895615172632,322.3052607985537,1626.5316864314027,2714.8815390120326,0.027200295261307256,0.09461126666333049,5.728714788228517,-395.15106,147.60248,14.536499,-5.404608,25.561365,9.9188175,-11.943937,0.40627533,6.0328746,-7.1860714,-6.9865255,2.4091916,0.8206373
636,10.6,0.089910924,0.0,1095.518283215379,536.7855069438673,1441.4627965656423,2562.944064462586,0.027200295261307256,0.09461126666333049,5.728714788228517,-284.73395,214.64449,-8.77258,1.2632747,39.86299,-4.874341,-16.95523,3.6490269,-1.9306395,-14.374573,-13.228991,-11.032183,-8.619389
637,10.616666666666667,0.13068296,0.0,746.638119064391,485.52952029018206,1139.0723565765725,2433.1934240822798,0.027200295261307256,0.09461126666333049,5.728714788228517,-268.30692,252.27536,21.374481,-7.624835,24.652748,-11.470855,-34.63082,-12.6209955,7.499192,2.2657273,-23.138355,-30.63939,-9.652441
638,10.633333333333333,0.16664042,104.28072299994886,804.7128796239455,538.7824889396261,1064.7772195308532,2494.150861822017,0.027200295261307256,0.09461126666333049,5.728714788228517,-268.1232,254.54285,25.707453,-9.267334,18.10599,-14.62607,-43.125175,-21.31526,18.91241,14.559589,-29.034363,-32.83661,-5.489875
639,10.65,0.18998888,104.710402864048,755.0409093859323,564.7591409049584,987.0120387844004,2534.161530757346,0.027200295261307256,0.09461126666333049,5.728714788228517,-278.71335,256.04688,37.707123,-12.389582,13.8807335,-11.937826,-48.864487,-31.02338,15.775757,17.09206,-23.178684,-30.31533,-5.0729322
640,10.666666666666666,0.20346758,104.66106630388732,747.4413604137789,538.7076620642398,900.8322020407527,2505.6838938484016,0.027200295261307256,0.09461126666333049,5.728714788228517,-277.80026,253.19107,37.098103,-0.4358459,21.91808,-18.111715,-51.32607,-29.738113,9.603724,15.40457,-15.637618,-21.386936,3.6906629
641,10.683333333333334,0.19090377,104.3928249096154,764.2826230055366,541.1202547884625,860.0241712221771,2541.0971135369186,0.027200295261307256,0.09461126666333049,5.728714788228517,-280.39197,247.38672,34.668266,5.5331993,25.797539,-22.801617,-56.5542,-28.875916,10.900873,12.166904,-18.399788,-18.63042,6.4633245
642,10.7,0.18718217,104.37234610361708,836.6209383528083,565.5066090070987,838.4245939572811,2549.2936538164245,0.027200295261307256,0.09461126666333049,5.728714788228517,-270.3889,247.0618,23.18418,5.726755,27.898518,-26.632969,-54.627342,-26.773066,7.486752,11.762424,-16.897663,-18.381289,8.577802
643,10.716666666666667,0.18720715,104.55647041296352,866.269239282277,563.0710610297176,839.09715670238,2549.6413893686113,0.027200295261307256,0.09461126666333049,5.728714788228517,-268.3605,244.63467,20.678555,7.7582955,25.788498,-28.596382,-54.88718,-27.816761,11.310722,14.285484,-18.905367,-17.41304,8.113724
644,10.733333333333333,0.16085942,104.36710511728108,868.5202448789481,544.1219968234938,881.1852712785661,2544.1904385934104,0.027200295261307256,0.09461126666333049,5.728714788228517,-277.4373,240.97675,24.192335,4.037446,21.138927,-27.759127,-56.043938,-28.886326,14.8867855,15.573271,-20.48904,-18.648315,3.6880517
645,10.75,0.113422714,107.75794562971213,800.8337564828172,488.10401713282306,920.0612203873895,2569.578352352131,0.027200295261307256,0.09461126666333049,5.728714788228517,-306.28882,231.55342,43.076168,7.4780874,15.829125,-29.259953,-52.371155,-19.431225,15.997309,11.637365,-17.077017,-19.305168,-2.1002731
646,10.766666666666667,0.059128817,112.38457035719813,791.1657952773088,411.4556274418829,954.7723474065431,2644.3104655410075,0.027200295261307256,0.09461126666333049,5.728714788228517,-355.33994,203.27716,63.47689,16.78709,10.281117,-18.913246,-30.300995,-3.9889653,14.279008,-2.7319403,-20.176893,-9.06177,-0.64351624
647,10.783333333333333,0.025248662,112.32296517882224,1858.9316748444114,597.8383843313518,1639.907817985882,3142.691578854291,0.027200295261307256,0.09461126666333049,5.728714788228517,-369.96277,154.53062,30.485737,34.31073,20.254066,-20.406788,-18.03654,19.033972,14.934137,-13.775791,-8.258069,5.3180737,-10.588709
648,10.8,0.010167123,0.0,5130.486679995865,801.0604813294703,2439.1893249389273,3737.175379541662,0.027200295261307256,0.09461126666333049,5.728714788228517,-402.51855,71.6573,4.0524664,53.863792,8.332934,-12.490324,-13.092159,25.322948,5.581748,-20.311825,-6.9525166,7.9878902,3.5952091
649,10.816666666666666,0.008699406,0.0,5669.479169752889,528.3048251095022,2235.762808362585,3657.5766550575972,0.027200295261307256,0.09461126666333049,5.728714788228517,-405.6352,40.87358,1.3461492,84.47855,10.6204405,-0.019506633,-3.1224773,25.695423,9.631177,-15.700884,4.493836,4.4191766,-5.2484217
650,10.833333333333334,0.00994574,0.0,5130.554476805202,412.9409994092688,2182.177468864035,3633.034527624685,0.027200295261307256,0.09461126666333049,5.728714788228517,-388.13553,44.907608,-7.5581403,88.53441,12.9379635,7.503133,4.217399,24.488186,14.010815,-20.218119,13.475527,20.596794,-5.9495735
651,10.85,0.009762442,0.0,5619.88811510451,600.9549216342381,2129.366778069378,3648.469227898631,0.027200295261307256,0.09461126666333049,5.728714788228517,-416.94336,21.8003,-14.2039585,91.22449,4.879553,-9.449783,4.55322,24.910004,15.534178,-23.755861,7.0388374,19.72648,-7.6867537
652,10.866666666666667,0.0072625293,0.0,5595.219915741695,625.5930196314146,2518.267724888344,3599.2449717849336,0.027200295261307256,0.09461126666333049,5.728714788228517,-437.65778,15.634299,-20.358263,84.77379,7.792905,-14.822531,8.150577,22.192482,18.504623,-24.876348,1.0975101,25.557562,-10.925082
653,10.883333333333333,0.006699626,0.0,5679.96480351918,448.4030064356498,2935.50914829737,3514.1007257537717,0.027200295261307256,0.09461126666333049,5.728714788228517,-460.3762,13.112518,-18.917355,82.79181,16.568937,-15.882197,11.959821,11.602758,11.41809,-21.313059,0.42509604,31.751678,-9.515434
654,10.9,0.0054061385,0.0,5069.231664478146,872.8432429244472,2904.706007836139,3649.0345338860325,0.027200295261307256,0.09461126666333049,5.728714788228517,-473.0104,19.086998,-14.794592,73.4294,24.293858,-16.377651,10.572014,17.657185,12.738815,-20.910044,-3.700684,27.97565,-15.781191
655,10.916666666666666,0.0042261067,0.0,5341.367517524506,1449.3263685956463,3575.4949524650574,3853.074619541316,0.027200295261307256,0.09461126666333049,5.728714788228517,-505.88156,25.677824,-0.25265953,46.066643,27.385643,-11.330063,6.35703,27.43219,11.197313,-9.972698,11.6107435,23.164768,-11.335894
656,10.933333333333334,0.001221162,0.0,5738.592955770051,1034.045802986404,2879.899189863496,3661.2900535792546,0.027200295261307256,0.09461126666333049,5.728714788228517,-530.1022,26.150059,10.746616,26.773079,25.074093,-0.3711234,2.4211204,20.479563,7.5440235,-8.235191,6.7847776,14.559477,-2.4741414
657,10.95,0.00070770073,0.0,6459.3512838822235,626.7157299327696,1972.0326717853218,3427.696935446212,0.027200295261307256,0.09461126666333049,5.728714788228517,-536.1908,32.853134,26.363533,21.775913,15.460993,8.146864,5.6958885,5.992037,3.8737626,2.4370875,3.8600335,2.817844,-0.8325614
658,10.966666666666667,0.00073872524,0.0,6464.504661793564,811.9149866815974,2082.3899380001058,3400.7477970638524,0.027200295261307256,0.09461126666333049,5.728714788228517,-535.9749,34.41711,29.134972,23.817375,17.371445,10.755024,7.11115,5.477989,3.316915,2.0312846,2.6280153,2.5815382,1.7262797
659,10.983333333333333,0.0008089605,0.0,6514.229983423629,1094.8971323774836,2185.7675280044186,3385.301689105542,0.027200295261307256,0.09461126666333049,5.728714788228517,-533.578,37.508163,30.078924,21.375875,14.273138,9.880435,7.679105,6.558772,5.635245,4.4711905,3.039702,1.6813412,0.911104
660,11.0,0.0007320805,0.0,7061.5283107316845,869.5555722325728,1900.6538367692929,3029.75033674062,0.027200295261307256,0.09461126666333049,5.728714788228517,-534.85974,36.40762,30.684908,23.775904,17.85699,13.78334,10.955501,8.214618,4.9725046,1.6931639,-0.5619055,-1.0559036,0.0101751685
661,11.016666666666667,0.00067416846,0.0,7280.859806430001,897.789736413435,2022.1048327901867,3170.9062726450748,0.027200295261307256,0.09461126666333049,5.728714788228517,-540.5317,28.847181,24.504627,19.717276,16.07249,13.587854,11.158447,7.9056773,4.109107,0.9567146,-0.4862866,-0.0835377,1.3971608
662,11.033333333333333,0.00063613546,0.0,6803.834971426832,1156.3347194446485,2289.9758532074466,3387.9538879937104,0.027200295261307256,0.09461126666333049,5.728714788228517,-538.6272,30.66668,24.07399,16.654842,11.225946,8.66452,7.85588,7.065499,5.47892,3.6580777,2.694603,2.9697728,3.69533
663,11.05,0.0007314388,0.0,5910.8906120224065,902.3254859497583,1998.9816337300645,3119.427429718174,0.027200295261307256,0.09461126666333049,5.728714788228517,-532.09064,39.43023,31.465885,21.999859,14.226919,9.55641,7.438363,6.452828,5.543518,4.4489455,3.3097517,2.1494603,0.8215144
664,11.066666666666666,0.0007305391,0.0,6213.60799895305,964.6642679678106,2064.9476347168334,3139.332094751414,0.027200295261307256,0.09461126666333049,5.728714788228517,-534.6473,36.408417,29.877499,21.901386,15.017443,10.494694,8.092897,6.761705,5.565261,4.1548944,2.6516023,1.2803925,0.1468749
665,11.083333333333334,0.0006106573,0.0,7153.098144290929,731.8188843201295,2006.5922322371637,2920.1840091061777,0.027200295261307256,0.09461126666333049,5.728714788228517,-536.15643,33.9897,26.734882,17.890408,10.29059,5.4349003,3.24225,2.6714067,2.5442076,2.1279514,1.3674624,0.7370888,0.7385682
666,11.1,0.000627072,0.0,6777.37592081,754.7346932327036,2150.3901268427026,3193.307217403059,0.027200295261307256,0.09461126666333049,5.728714788228517,-535.6939,34.94468,28.469059,20.581924,13.768955,9.22987,6.748614,5.4927673,4.8783336,4.7756324,5.089555,5.3589287,4.9193377
667,11.116666666666667,0.0005922592,0.0,6605.902107484818,661.2670328500395,2139.1268522583778,3132.027882888672,0.027200295261307256,0.09461126666333049,5.728714788228517,-535.6734,35.11625,28.775831,20.426208,12.269622,5.8989124,1.9532089,0.28235957,0.29356784,1.1979256,2.1526434,2.4634535,1.8883748
668,11.133333333333333,0.0005658527,0.0,7514.44138398167,484.6558711044356,1845.9386655387361,2758.931386588452,0.027200295261307256,0.09461126666333049,5.728714788228517,-540.29865,29.70879,26.256996,21.324743,15.864073,10.760612,6.59791,3.5558555,1.4663935,-0.014382824,-1.2015316,-2.2327766,-3.032451
669,11.15,0.0005944537,0.0,7052.543367972197,514.8097245721281,1876.2243903142753,2543.6163939704506,0.027200295261307256,0.09461126666333049,5.728714788228517,-533.4452,38.476883,32.66867,24.923338,17.128098,10.596074,5.800617,2.596036,0.60474956,-0.5334385,-1.1054097,-1.3267698,-1.3033688
670,11.166666666666666,0.00058835704,0.0,7216.403373551185,619.6197036896109,1833.0681255303605,2556.837969825197,0.027200295261307256,0.09461126666333049,5.728714788228517,-535.02094,35.189846,26.99511,17.224415,9.084801,4.196993,2.465799,2.6082532,2.9103556,2.2102003,0.6506337,-0.61537904,-0.65825754
671,11.183333333333334,0.000581865,0.0,7062.8728049558495,781.5865326828908,1742.3303191076247,2914.735900473101,0.027200295261307256,0.09461126666333049,5.728714788228517,-540.2841,28.925005,23.917896,18.446327,14.46126,12.066271,9.861034,6.500785,2.037324,-2.0875237,-4.274024,-4.071686,-2.4659233
672,11.2,0.0013694915,0.0,4946.615104060555,795.3352373765235,1886.7606328236543,3034.6303763912606,0.027200295261307256,0.09461126666333049,5.728714788228517,-524.5478,49.848396,40.955635,29.563477,18.857773,10.762403,5.5381026,2.4347806,0.68083966,0.003916636,0.42187804,1.697092,3.0658233
673,11.216666666666667,0.0018098548,0.0,3662.4571557959353,407.057489742502,1487.6485430446598,2626.7738191157196,0.027200295261307256,0.09461126666333049,5.728714788228517,-509.91324,66.33195,47.653145,26.841955,11.141027,2.3628368,-1.7799917,-4.2072315,-6.335706,-7.932668,-7.957101,-5.810772,-2.496454
674,11.233333333333333,0.0016866714,0.0,4202.307178941988,402.6138063596304,1600.866166294089,2635.654545289749,0.027200295261307256,0.09461126666333049,5.728714788228517,-514.974,60.806458,46.009083,29.29427,16.585035,9.525431,5.881243,2.4253364,-2.2890732,-7.0215635,-9.104481,-6.953108,-1.9510648
675,11.25,0.0010896544,0.0,6351.394823680987,666.0973642937163,1897.8597181024224,3005.388415145322,0.027200295261307256,0.09461126666333049,5.728714788228517,-532.2159,39.731567,33.124268,25.262886,17.98427,11.737148,6.6254416,2.974793,0.89195555,0.07468592,0.23853576,1.091753,1.7278252
676,11.266666666666667,0.0006050999,0.0,6150.862676480583,943.3632665491311,2140.4440407321904,3254.768138925499,0.027200295261307256,0.09461126666333049,5.728714788228517,-534.49097,36.284462,28.850372,19.763447,12.016649,7.298092,5.5969963,5.7468467,6.2554684,5.880873,3.90765,0.3434446,-3.944268
677,11.283333333333333,0.00062925124,0.0,6175.305571488101,989.2669781666262,2089.16251450817,3132.0830803433646,0.027200295261307256,0.09461126666333049,5.728714788228517,-541.598,27.639105,23.858322,19.251263,15.182186,12.183516,9.970349,8.01957,6.125474,4.4921923,3.4195285,2.974402,2.9435835
678,11.3,0.00061696646,0.0,6718.402521831036,1097.6077387113564,2230.2082620676697,3104.0272980715686,0.027200295261307256,0.09461126666333049,5.728714788228517,-536.3328,33.01995,24.41865,15.247784,9.315676,7.69971,8.900209,10.314555,9.890798,7.327944,4.1783614,2.4695435,2.8195925
679,11.316666666666666,0.00056177296,0.0,7917.118458273424,863.4991136326937,2015.3563595440025,3078.9911737968623,0.027200295261307256,0.09461126666333049,5.728714788228517,-541.73364,26.894445,22.19225,17.281628,13.147537,9.299965,5.6692266,3.109644,2.015186,1.6535232,1.256055,0.83804303,0.48626545
680,11.333333333333334,0.0005998783,0.0,6962.181013264404,762.2495548735601,1932.737432433863,3026.764152184611,0.027200295261307256,0.09461126666333049,5.728714788228517,-535.44727,34.834534,27.58389,19.66389,13.822116,10.533475,8.779163,7.5347166,6.419379,5.4788227,4.827882,4.396208,3.7231317
681,11.35,0.0007274836,0.0,6529.827994060006,867.4016696865734,1966.0870544567526,3073.418958243396,0.027200295261307256,0.09461126666333049,5.728714788228517,-530.86115,40.347816,30.763552,20.363316,12.693499,8.160061,5.3692956,3.3781865,2.2232614,1.8583107,1.6072623,1.0333822,0.7683292
682,11.366666666666667,0.000957371,0.0,5759.735310049262,717.3144875545125,1983.0530732937198,3017.6519205617024,0.027200295261307256,0.09461126666333049,5.728714788228517,-519.4719,51.063354,31.556381,16.885088,11.723446,9.3719425,4.2360644,-1.5104722,-3.5822546,-2.0191522,0.07196993,0.7070681,-0.16333632
683,11.383333333333333,0.023318006,0.0,2015.9803756328288,714.5977405997462,2176.398016882588,2823.795452572731,0.027200295261307256,0.09461126666333049,5.728714788228517,-322.5433,165.526,-27.794765,-9.548166,12.283684,-11.246294,-24.252104,-23.98789,1.7976643,-4.18297,-21.17815,-2.979435,-5.515518
684,11.4,0.08933514,0.0,1668.717700921642,595.8129853783978,1996.3970713167773,2704.2269316811817,0.027200295261307256,0.09461126666333049,5.728714788228517,-252.13829,190.29773,-15.096744,19.534542,20.162016,-0.8388216,-11.693506,-23.191595,-1.2747943,-6.8157167,-18.75858,4.4718833,-12.369186
685,11.416666666666666,0.09057558,0.0,1358.2781257849301,442.35220312924446,1766.0754497649527,2625.6392551024474,0.027200295261307256,0.09461126666333049,5.728714788228517,-213.62608,201.15695,-15.900257,22.710728,27.845882,22.048878,-9.595822,-27.618332,-6.322551,-14.173126,-22.515934,-1.6473002,-6.8859396
686,11.433333333333334,0.10390794,0.0,1649.2104523884973,449.7663406337099,1769.9070631167863,2622.0452174610405,0.027200295261307256,0.09461126666333049,5.728714788228517,-291.81027,192.86482,-12.415395,-4.793285,33.324944,36.612907,-11.528168,-23.600784,15.7712345,6.990217,-18.278965,-2.1062186,6.3409457
687,11.45,0.1362156,108.42961111928678,1215.4482799888244,462.71739942672866,1739.972449878432,2481.0619457110843,0.027200295261307256,0.09461126666333049,5.728714788228517,-245.46709,232.29181,-16.1213,-14.404006,45.564583,37.035763,-25.054373,-36.750023,3.3326821,-8.231506,-27.272446,-2.7426114,-2.9597178
688,11.466666666666667,0.17356792,104.51739012665064,1301.5929120532792,464.59183289010497,1827.3111917273725,2476.696687568049,0.027200295261307256,0.09461126666333049,5.728714788228517,-215.32808,254.15735,-31.702307,-26.687477,59.01133,33.186073,-42.290688,-35.22694,0.9022572,-12.409067,-24.251139,-4.244079,-4.548687
689,11.483333333333333,0.17862505,99.96690371610752,1281.495681837746,484.94855700182194,1938.4116349465921,2545.9760257010325,0.027200295261307256,0.09461126666333049,5.728714788228517,-230.86845,241.44672,-29.307156,-16.743023,57.19387,30.183075,-35.784035,-33.27477,-4.802038,-13.985794,-17.850449,-4.291019,-7.8761406
690,11.5,0.15064763,99.78081135998403,1292.28141812081,477.1579549296993,1946.3811371809509,2544.614315051147,0.027200295261307256,0.09461126666333049,5.728714788228517,-246.69073,238.29288,-26.935917,-20.517416,63.012505,37.417236,-34.55227,-34.00373,-6.526855,-13.953674,-16.777742,-9.9540615,-6.7711835
691,11.516666666666667,0.1356957,99.98067765828245,1500.0523695718118,477.2779689122102,1942.256528409287,2536.2970565813166,0.027200295261307256,0.09461126666333049,5.728714788228517,-230.00044,228.60518,-38.74915,-16.577923,62.180313,31.982613,-34.502876,-26.733631,-14.922226,-10.628414,-16.01725,-11.801667,-6.582068
692,11.533333333333333,0.11838373,103.94594555239192,1385.5999638826154,458.17486912514386,1916.2233653065207,2566.3629433537735,0.027200295261307256,0.09461126666333049,5.728714788228517,-242.63042,225.85446,-34.19378,-5.2624683,59.27604,23.225912,-30.054089,-35.978127,-15.388821,-8.297666,-13.706364,-10.554068,-6.462169
693,11.55,0.07805992,116.02164049766326,1060.3626125716246,425.12842720643437,1820.1659048149634,2588.3425960788786,0.027200295261307256,0.09461126666333049,5.728714788228517,-304.03046,202.73007,9.3725605,9.678585,38.9299,18.21437,-16.00085,-27.852022,-16.105484,-5.845152,-9.2020855,-11.73073,-9.564186
694,11.566666666666666,0.03734215,123.66587024539824,1513.4414407619665,925.3041554974832,2155.517918603387,3125.2839624589346,0.027200295261307256,0.09461126666333049,5.728714788228517,-368.62473,158.67667,17.504452,16.78276,33.82981,15.367561,2.7776928,-9.125735,-19.926594,-11.602703,-1.7410042,-2.900176,-4.504444
695,11.583333333333334,0.009033335,0.0,4235.2297738685775,1190.937228448908,2270.476738834257,3383.318202905628,0.027200295261307256,0.09461126666333049,5.728714788228517,-369.9017,97.30998,-28.896372,26.88495,17.14912,2.1252952,10.885473,-0.7821748,-13.07777,1.8545833,1.7576357,9.661231,6.53629
696,11.6,0.0062971613,0.0,6221.360797437021,823.8039712761001,2085.6425476126037,3234.8952926602756,0.027200295261307256,0.09461126666333049,5.728714788228517,-369.53247,45.198395,-25.396389,54.43381,8.298382,-0.078219,0.89905167,1.490418,-21.924438,10.662451,3.1233506,3.921428,3.3061185
697,11.616666666666667,0.0072186994,0.0,7048.509914848114,1202.4283671230196,2525.310066162628,3445.817755111083,0.027200295261307256,0.09461126666333049,5.728714788228517,-358.69498,21.11012,-33.038475,54.841248,-9.117762,-3.4915295,-6.1294575,4.508518,-15.711415,7.861851,-5.705229,6.09671,9.973923
698,11.633333333333333,0.0075810053,0.0,6871.314956336275,1374.0086966157344,2475.8535654563716,3176.612862094802,0.027200295261307256,0.09461126666333049,5.728714788228517,-353.3927,20.130394,-38.984177,54.945824,-3.699607,-2.1668587,-7.1853495,-0.5903876,-15.568551,6.1563826,-9.639451,4.6712427,8.965739
699,11.65,0.0074068937,0.0,6723.471104675473,1528.4069190307391,2635.6366885341304,3825.8142991953014,0.027200295261307256,0.09461126666333049,5.728714788228517,-363.84958,15.947163,-40.045273,57.81301,1.0487313,-0.7878122,-3.3853772,0.14168115,-14.83223,8.138562,-4.852193,3.6137338,-0.2912699
700,11.666666666666666,0.007412317,0.0,6940.440351990848,1447.831180970329,2642.3476415053656,3885.4190570858154,0.027200295261307256,0.09461126666333049,5.728714788228517,-393.62152,-1.5525192,-46.341896,58.243702,-12.495998,-1.6602988,8.046123,12.342278,-7.276713,2.6912794,0.6072004,0.13992465,-2.2730978
701,11.683333333333334,0.007245061,0.0,6928.663163124124,1426.280663944046,2705.746154458799,3902.550012815066,0.027200295261307256,0.09461126666333049,5.728714788228517,-401.88605,-5.1467156,-35.705433,70.85313,-13.287227,-0.54413146,8.381561,9.905705,-9.455305,7.645082,10.184196,10.691288,14.633276
702,11.7,0.007037612,0.0,6816.981384445048,1549.2407920755122,2729.500285033993,3904.4272272673325,0.027200295261307256,0.09461126666333049,5.728714788228517,-402.66516,-1.7113062,-41.450233,66.21385,-7.6226354,2.8726277,11.839502,6.441582,-7.0236273,7.4838676,2.598855,6.5117416,9.44271
703,11.716666666666667,0.006077223,0.0,6691.044415306704,1549.1319440019367,2634.720528106298,3840.1155236403524,0.027200295261307256,0.09461126666333049,5.728714788228517,-418.67548,-5.394021,-53.03823,57.097122,2.612409,0.84148777,13.15177,7.796647,-0.107317984,14.099296,4.2813334,3.062254,4.237593
704,11.733333333333333,0.004814983,0.0,6232.328567932381,1434.686021032063,2602.057086453711,3787.3837416622787,0.027200295261307256,0.09461126666333049,5.728714788228517,-419.9811,5.6844573,-50.006493,59.78881,11.020708,-5.8412495,-1.1456811,-3.7963185,-8.4171295,4.5122867,2.257902,1.1141802,3.4762878
705,11.75,0.0037765114,0.0,6271.903853142183,1455.2877614326167,2579.439622799153,3826.2830841009213,0.027200295261307256,0.09461126666333049,5.728714788228517,-435.9636,12.002225,-45.482643,50.104065,9.823125,-6.311639,5.259606,2.9287736,-6.8239994,7.493881,4.9828,-5.0042853,-2.3370092
706,11.766666666666667,0.0026259152,0.0,5716.057521660694,1164.7734454611764,2255.9347567611067,3390.7910015823545,0.027200295261307256,0.09461126666333049,5.728714788228517,-442.8692,44.90346,-12.594063,51.019768,17.484867,2.6326303,12.942767,0.27379298,-11.529975,-1.5778456,4.875984,-1.9110478,-1.0764529
707,11.783333333333333,0.0016829025,0.0,4796.711487576835,818.230974419972,2018.9313651718917,3128.75877521074,0.027200295261307256,0.09461126666333049,5.728714788228517,-485.64053,67.204796,23.278908,25.553745,17.476952,5.9616528,11.762708,3.789374,-10.878241,-4.904546,2.0501487,0.27938473,3.3452992
708,11.8,0.00067881803,0.0,6816.556204203312,1127.6966342473534,1921.5975141577487,3256.726960398226,0.027200295261307256,0.09461126666333049,5.728714788228517,-530.71576,36.752968,21.346642,10.663855,6.8237305,4.656456,1.515772,-2.0880616,-5.5879564,-7.879629,-7.4801564,-4.6527777,-1.5657935
709,11.816666666666666,0.0005912933,0.0,6941.570675087929,870.5908583032706,1682.9676126659067,2862.0824519984476,0.027200295261307256,0.09461126666333049,5.728714788228517,-532.76965,37.73597,28.316784,17.676498,8.707125,2.0870886,-2.0089698,-3.1821733,-1.8542783,0.27441835,1.3701372,0.57142925,-1.9814022
710,11.833333333333334,0.0006345329,0.0,6914.023157818419,647.0228867029844,2067.3057861763423,3148.5118422477117,0.027200295261307256,0.09461126666333049,5.728714788228517,-535.5006,35.688602,30.178831,22.83783,15.63241,10.118577,6.949098,5.8195305,5.8088512,5.8938313,5.3772826,4.068188,2.2086244
711,11.85,0.00060702796,0.0,7598.318134481529,927.2470107988764,2084.1533126452637,3107.158351208213,0.027200295261307256,0.09461126666333049,5.728714788228517,-540.05206,29.835201,25.900675,20.612783,15.179328,10.424534,6.678324,3.9642243,2.218863,1.3580298,1.2262156,1.5756477,2.1326299
712,11.866666666666667,0.00050622167,0.0,7521.178485158638,1367.93271362504,2075.4791155991325,3111.326587772929,0.027200295261307256,0.09461126666333049,5.728714788228517,-541.92365,26.97406,22.715141,17.693012,13.6154785,11.12546,9.675948,8.203539,5.997341,3.1208773,0.20103168,-2.08897,-3.3837972
713,11.883333333333333,0.00049594574,0.0,7868.396500963727,1035.1945096941897,2084.0461429497564,2873.705872165405,0.027200295261307256,0.09461126666333049,5.728714788228517,-544.27765,23.636215,19.316547,14.106598,9.678902,6.772926,5.0837564,3.8063054,2.3004925,0.42201856,-1.545038,-3.1392848,-3.9628327
714,11.9,0.0004986987,0.0,6836.441849256021,977.0033043616389,2380.4561184717554,3095.6542658807357,0.027200295261307256,0.09461126666333049,5.728714788228517,-538.4335,31.1709,25.140541,18.135374,12.197937,7.742589,4.20576,1.2600733,-0.80364996,-1.620301,-1.2465527,-0.014529556,1.8261302
715,11.916666666666666,0.0006198707,0.0,6791.4725620569525,1276.821417297353,2410.1736582835533,3485.075075347564,0.027200295261307256,0.09461126666333049,5.728714788228517,-537.9412,31.667786,25.442823,19.046322,14.8670025,12.732111,10.914394,8.225187,4.9879875,2.2852156,0.7354796,0.15680258,0.105231166
716,11.933333333333334,0.0006342538,0.0,6834.670207605226,1105.4436128026439,2039.2919242652795,3190.507860870481,0.027200295261307256,0.09461126666333049,5.728714788228517,-536.2831,33.698784,26.354837,17.95348,11.577563,8.323705,7.2144885,6.5124984,5.189597,3.4342856,2.0679216,1.6182588,1.8711612
717,11.95,0.0005962468,0.0,6900.124018018043,1232.6903350312875,2189.1812154852223,3318.5474388055745,0.027200295261307256,0.09461126666333049,5.728714788228517,-540.67413,28.674229,24.390347,19.697794,16.352829,14.646288,13.557081,11.819759,8.916189,5.297709,1.9237992,-0.3455754,-1.1239142
718,11.966666666666667,0.0007141304,0.0,6758.434475569837,890.9520164039509,2132.237178826532,3158.6416027770333,0.027200295261307256,0.09461126666333049,5.728714788228517,-537.7605,31.90968,25.483883,18.589453,14.065372,12.470575,12.145874,10.882941,7.7458906,3.6599221,0.51350135,-0.3316958,1.0453488
719,11.983333333333333,0.0006731953,0.0,6483.9549441427425,401.10695772255167,1636.629819569651,2800.7471069940307,0.027200295261307256,0.09461126666333049,5.728714788228517,-537.21765,33.582718,29.311996,24.419886,20.275543,16.860474,13.375738,9.491005,5.8704157,3.5003476,2.6521783,2.6264577,2.4915447
720,12.0,0.0006351625,0.0,7491.670523664308,517.346607635005,1801.003461589134,2834.5546744179355,0.027200295261307256,0.09461126666333049,5.728714788228517,-541.7152,26.897545,21.899368,16.289145,11.595526,7.9462223,5.158722,3.6347594,3.7328086,4.667394,4.800564,3.280748,0.9949605
721,12.016666666666667,0.0006050385,0.0,7391.941770338428,960.8309319462662,2234.653096154107,3185.6644982981056,0.027200295261307256,0.09461126666333049,5.728714788228517,-542.3452,26.293629,21.737755,16.056616,10.817688,6.8740788,4.419999,3.258639,2.9499693,2.9571335,2.8887491,2.6285846,2.2128973
722,12.033333333333333,0.000736624,0.0,6792.445291887425,1546.6098777795967,2516.398147858947,3532.3537907909586,0.027200295261307256,0.09461126666333049,5.728714788228517,-535.0594,35.458572,28.513351,21.35226,16.83865,14.937713,13.444386,10.450171,6.166178,2.5507464,1.341778,2.457223,4.1505184
723,12.05,0.0007695094,0.0,6561.050124999684,1264.004685396944,2180.4646635108084,3143.8734943765303,0.027200295261307256,0.09461126666333049,5.728714788228517,-534.79126,36.59774,31.12262,24.461842,18.489908,13.822835,10.035656,6.6434355,3.787583,2.0178075,1.5358974,1.7759238,1.7921997
724,12.066666666666666,0.00071895914,0.0,6819.470361059641,806.6066637629785,1994.1722921000508,2909.56594330785,0.027200295261307256,0.09461126666333049,5.728714788228517,-533.9343,37.216003,30.232927,21.803097,14.543661,9.721609,7.246254,6.260658,5.7220554,4.8722,3.5505347,2.0811863,0.75684243
725,12.083333333333334,0.00066199614,0.0,6713.086550101609,867.7854480795161,2039.3008680258786,3013.765895889749,0.027200295261307256,0.09461126666333049,5.728714788228517,-534.0944,37.17327,30.705845,23.060163,16.725067,12.571705,9.871826,7.44771,4.827474,2.4637163,1.0388532,0.6785251,0.8320364
726,12.1,0.00054721686,0.0,7625.269330112435,500.0576070909294,1648.555458381768,2752.066294248422,0.027200295261307256,0.09461126666333049,5.728714788228517,-541.49005,27.611168,23.315613,17.938484,12.946554,8.934147,5.5947285,2.3661861,-0.84585965,-3.464381,-4.67847,-4.1156793,-2.1908338
727,12.116666666666667,0.00049659336,0.0,7435.286704414342,543.0479860260342,1583.0497810390173,2702.5666853083685,0.027200295261307256,0.09461126666333049,5.728714788228517,-539.5693,30.102932,25.176414,18.898232,12.965843,8.251508,4.6553383,1.6120529,-1.2235514,-3.6220257,-4.9468613,-4.659271,-2.7856617
728,12.133333333333333,0.00046931783,0.0,7182.827098796424,763.3353274003316,1621.4478591561578,2592.545689514052,0.027200295261307256,0.09461126666333049,5.728714788228517,-538.85956,30.45564,24.20396,17.197483,11.85623,8.679396,6.6779585,4.8475647,3.1177256,2.048203,1.9298675,2.3864117,2.7807512
729,12.15,0.00054367445,0.0,6942.822541672542,1016.7965181217295,1694.005576447415,2571.9803518879,0.027200295261307256,0.09461126666333049,5.728714788228517,-538.1736,31.539581,25.3769,18.014885,11.8830595,8.017231,5.9176283,4.4202213,2.7480507,0.96688676,-0.30407482,-0.5083322,0.4104492
730,12.166666666666666,0.00056183065,0.0,6786.286111846881,933.1768927516736,1955.9680926705282,2794.259905808156,0.027200295261307256,0.09461126666333049,5.728714788228517,-536.06433,33.700172,25.595863,16.343212,9.314718,5.6557975,4.2572985,3.2710073,1.7308333,0.058242083,-0.63207865,0.41252798,3.0129287
731,12.183333333333334,0.0006779302,0.0,6790.881415711468,622.6593744027289,1925.2915979304535,2810.3772195534248,0.027200295261307256,0.09461126666333049,5.728714788228517,-533.58923,37.31781,29.469227,20.153114,12.005938,6.0515637,2.4112968,1.0123017,1.3728333,2.4401937,3.3414578,4.117672,5.170983
732,12.2,0.0008023715,0.0,5967.7664608400555,752.5937748672685,1972.737892397869,2702.0161428298193,0.027200295261307256,0.09461126666333049,5.728714788228517,-532.30145,39.901863,33.809315,26.244951,19.31953,14.020918,10.293657,7.7123895,5.9532757,4.810224,4.092503,3.6794214,3.5706983
733,12.216666666666667,0.0008629715,0.0,5931.887644161116,1105.0349329814858,2213.3230227877148,3194.326262061691,0.027200295261307256,0.09461126666333049,5.728714788228517,-535.43976,34.842525,27.97617,21.259304,16.921055,14.410873,12.400461,10.357885,8.122529,5.3637905,2.3207228,0.28396484,0.3091429
734,12.233333333333333,0.0007527745,0.0,5862.078870851683,992.637359632256,2127.496181645393,3244.036016595879,0.027200295261307256,0.09461126666333049,5.728714788228517,-538.2518,31.964352,27.19949,21.532011,16.700867,13.331787,11.097012,9.430867,8.001551,6.685381,5.3959856,4.1002226,2.9195223
735,12.25,0.00068244664,0.0,6058.865226995431,941.4371634024212,2015.5385340989874,3150.020471093698,0.027200295261307256,0.09461126666333049,5.728714788228517,-535.3524,35.481247,29.102629,21.268778,14.543543,10.387609,8.760021,8.572029,8.529936,7.82189,6.3449116,4.485294,2.700513
736,12.266666666666667,0.00065392745,0.0,6616.786651125143,852.1467187021866,2059.8646421972,3213.2606097035696,0.027200295261307256,0.09461126666333049,5.728714788228517,-541.16437,28.592384,25.67265,22.044895,18.614418,15.605597,12.696989,9.578411,6.3721495,3.5640607,1.5780867,0.42426097,-0.2727059
737,12.283333333333333,0.0006943861,0.0,7035.549376363639,767.0438433032994,2277.154284736742,3293.024626327998,0.027200295261307256,0.09461126666333049,5.728714788228517,-537.008,33.76448,28.89754,22.548904,16.299501,11.157567,7.4984865,5.275668,4.154007,3.5898738,3.0701401,2.442857,1.9724617
738,12.3,0.00085555937,0.0,6829.028642461408,1197.3764739071719,2346.4891635447702,3547.7446986223604,0.027200295261307256,0.09461126666333049,5.728714788228517,-536.7617,33.434605,27.362492,20.867687,16.230207,13.689198,12.215654,10.788586,8.870968,6.314809,3.4349065,1.1275045,0.39516452
739,12.316666666666666,0.00087877386,0.0,6186.201074592724,1275.0224149988157,2109.1766949917806,3494.5868284603393,0.027200295261307256,0.09461126666333049,5.728714788228517,-535.6119,35.03418,28.858875,22.034931,16.521032,12.355406,8.949722,6.4543333,5.4167056,5.5476694,5.60343,4.674993,3.112532
740,12.333333333333334,0.0007895792,0.0,6160.405288090866,1128.0402600560983,2165.171713218497,3411.6531804820183,0.027200295261307256,0.09461126666333049,5.728714788228517,-535.40533,34.977795,28.08335,20.957565,16.24542,13.882414,12.1975975,10.023021,7.531236,5.420226,3.9000187,2.7080753,1.8148673
741,12.35,0.0006982646,0.0,6648.970355681387,1059.0231969467106,2366.1964069851388,3494.0949262170147,0.027200295261307256,0.09461126666333049,5.728714788228517,-538.5205,31.036661,24.988985,18.16677,13.101645,10.521907,9.355347,8.043112,5.9736814,3.882832,3.0284338,3.9634972,5.9627323
742,12.366666666666667,0.0007269502,0.0,6998.257837442365,1099.3175503990888,2483.5510738937373,3669.606297784766,0.027200295261307256,0.09461126666333049,5.728714788228517,-535.7707,35.013245,28.788904,20.694286,13.04076,7.497785,4.6037803,3.8775191,4.3217325,4.955923,5.124244,4.555898,3.3088932
743,12.383333333333333,0.000900796,0.0,6351.001161578489,1012.2010394996556,2342.481824074723,3451.106405289185,0.027200295261307256,0.09461126666333049,5.728714788228517,-535.1673,36.69571,32.623856,27.147598,21.561562,16.75707,12.988654,10.020378,7.480221,5.1562576,3.0688863,1.3468547,0.06581339
744,12.4,0.0009729644,0.0,5792.111569508828,1150.8386970106758,2182.9738017069258,3286.0703312291303,0.027200295261307256,0.09461126666333049,5.728714788228517,-532.4407,39.584297,33.300148,25.782549,19.301437,14.859707,12.349937,11.040024,9.920345,8.184322,5.822629,3.6337178,2.3758495
745,12.416666666666666,0.00092310016,0.0,6392.502582299653,1270.614604315439,2125.3723797849807,3221.5273229698037,0.027200295261307256,0.09461126666333049,5.728714788228517,-537.5838,32.806595,27.971321,22.618258,18.36082,15.206488,12.360817,9.4697075,6.8579144,4.8235626,3.1958423,1.7714455,0.8807176
746,12.433333333333334,0.00088775635,0.0,6341.28111244534,1126.1467677624064,2145.304130988794,3440.4706891356227,0.027200295261307256,0.09461126666333049,5.728714788228517,-537.9533,32.380173,27.67431,22.284542,18.025349,15.420357,13.827278,12.189817,9.737156,6.3875055,2.8361053,0.19748485,-0.7651101
747,12.45,0.00078236574,0.0,6876.169149950782,1003.9580505095572,2148.552182819404,3619.6721277083248,0.027200295261307256,0.09461126666333049,5.728714788228517,-538.67615,31.313862,26.298836,20.06504,14.502066,10.617847,8.341703,6.995731,5.929632,4.836649,3.6719944,2.4549427,1.2346463
748,12.466666666666667,0.0005737225,0.0,7298.184427627648,733.1132656831954,2066.834927792887,3296.3708995003954,0.027200295261307256,0.09461126666333049,5.728714788228517,-540.5808,29.222492,25.632957,20.783497,15.820029,11.571792,8.326404,5.9131374,3.9783177,2.2541366,0.6788682,-0.64473385,-1.5665283
749,12.483333333333333,0.0005033633,0.0,7439.062535601623,911.7609019489557,1722.2044489225777,2841.4208828639203,0.027200295261307256,0.09461126666333049,5.728714788228517,-541.0149,28.650337,25.065369,19.930756,14.251008,9.008049,4.909666,2.2434702,0.8752461,0.3795453,0.24554783,0.07914138,-0.27093446
750,12.5,0.00056283874,0.0,7066.4579735824755,939.3539063323641,1863.3184792990332,2947.9450070627154,0.027200295261307256,0.09461126666333049,5.728714788228517,-538.2632,32.011173,27.374569,21.70546,16.450222,12.02723,8.2099905,4.878443,2.2683616,0.6511828,0.008406479,0.046851203,0.36881933
751,12.516666666666667,0.00063361274,0.0,6702.419293262588,695.5722805427482,2129.191156962094,3032.4471350134895,0.027200295261307256,0.09461126666333049,5.728714788228517,-534.7326,36.17901,29.528118,21.74646,15.296598,10.8855095,7.755328,5.0039616,2.548401,0.97578424,0.7354896,1.6257253,2.9726677
752,12.533333333333333,0.0018270918,0.0,6823.122575542521,976.7799529751992,2237.462641683735,3202.0373940670584,0.027200295261307256,0.09461126666333049,5.728714788228517,-536.2922,34.68628,29.565113,22.867794,16.314054,11.082647,7.6568956,5.9534216,5.4555483,5.376094,5.002198,4.1011677,3.0096927
753,12.55,0.015705196,0.0,1711.5558226298967,740.2093709962354,1810.8294593595251,2958.285288183788,0.027200295261307256,0.09461126666333049,5.728714788228517,-494.6968,86.46756,67.28598,50.336937,37.51903,23.454025,8.929163,0.769963,-0.47310826,-2.3241959,-7.7746468,-10.013985,-4.1618795
754,12.566666666666666,0.028062996,0.0,727.6197812445898,331.3085609042246,1426.8298665071027,2407.1447837174396,0.027200295261307256,0.09461126666333049,5.728714788228517,-430.09604,148.30475,76.17773,38.55419,38.966297,32.263725,5.437372,-10.605701,-3.6524618,-1.0621514,-17.093695,-25.3031,-5.870167
755,12.583333333333334,0.040682033,0.0,604.7551747185321,365.27994338084363,1952.426989277936,2416.0486626526235,0.027200295261307256,0.09461126666333049,5.728714788228517,-403.67365,168.83252,67.8324,22.988781,37.66109,39.677124,5.196891,-18.428244,-6.432049,3.8487458,-14.474016,-29.86073,-10.671825
756,12.6,0.052344527,0.0,593.1615370771777,353.9259804357098,1762.1080806157051,2417.0375125236155,0.027200295261307256,0.09461126666333049,5.728714788228517,-378.37457,188.55658,60.313652,7.489827,32.405426,42.740746,7.288992,-19.175745,-6.691055,4.568477,-14.783946,-30.641819,-9.913618
757,12.616666666666667,0.060028087,102.64328127586022,693.4396900894815,336.16583003784575,1542.1639140323944,2419.899780771772,0.027200295261307256,0.09461126666333049,5.728714788228517,-356.96558,200.73825,48.378998,-4.0985913,28.608112,40.825935,9.89015,-13.06897,-5.8964825,-0.20229286,-16.701845,-27.55299,-9.592899
758,12.633333333333333,0.070243865,102.4141286615643,815.0853931029295,366.2204536853035,1588.9255192280461,2479.252984227311,0.027200295261307256,0.09461126666333049,5.728714788228517,-324.15427,214.99107,26.042545,-12.990396,33.51985,29.820831,-3.6934085,-6.3351655,4.1647553,-5.477623,-19.526962,-12.927985,-1.6950351
759,12.65,0.075304605,100.37569872297163,1085.2379288634338,442.52842446905333,1784.5376628605927,2627.0572694088546,0.027200295261307256,0.09461126666333049,5.728714788228517,-285.44104,222.08298,-2.086847,-8.054629,44.848747,19.248447,-16.90897,-15.7317915,-4.2306495,-8.367216,-8.315562,2.6287718,-2.6117995
760,12.666666666666666,0.07195866,98.02243004040338,1192.683350979702,469.58911523758377,1945.7834108244122,2710.8544832220973,0.027200295261307256,0.09461126666333049,5.728714788228517,-281.1922,214.64645,-6.896373,5.6364894,45.548073,12.296662,-18.07626,-21.445944,-5.13737,1.0962863,-4.714161,-3.4686666,-6.92179
761,12.683333333333334,0.06262624,96.27271051947827,1154.719000024063,452.7616858939694,1953.6463808420908,2686.8726437138175,0.027200295261307256,0.09461126666333049,5.728714788228517,-294.45944,207.12444,0.2802552,7.407016,40.440857,9.507283,-16.38105,-18.813383,-5.804669,1.4791019,-3.882185,-6.3315535,-12.969051
762,12.7,0.05461183,95.03532897298598,1015.8106399176029,435.38262868629994,1902.1352942799028,2587.0338636140555,0.027200295261307256,0.09461126666333049,5.728714788228517,-327.88058,198.92375,20.935844,4.5544443,35.262623,20.407276,-8.485496,-18.13581,-5.424715,2.4394917,0.3753572,-3.236188,-11.427577
763,12.716666666666667,0.042243686,94.94636095099906,805.3799321539657,453.65372717198903,1922.2893034213591,2503.296872699437,0.027200295261307256,0.09461126666333049,5.728714788228517,-377.0459,181.66737,49.16255,10.186611,36.916607,29.561417,-9.251633,-20.49025,-1.8027933,9.464848,0.54745734,-10.819117,-6.924263
764,12.733333333333333,0.033614777,94.1216699297067,744.3504669237017,461.5700455719178,1957.5101541286303,2496.01822652507,0.027200295261307256,0.09461126666333049,5.728714788228517,-403.44485,168.5343,67.44627,21.903118,30.233307,24.334202,-8.601643,-22.032166,-2.4537432,10.979014,-2.1015506,-14.017399,-4.08409
765,12.75,0.022028737,92.8011915178483,989.4160900003136,481.10021150329214,2087.8696119223114,3063.593777512831,0.027200295261307256,0.09461126666333049,5.728714788228517,-439.72433,138.29031,73.65848,37.567085,29.082834,15.796846,-4.453722,-10.323141,0.5017646,7.1398025,-1.1281177,-8.620518,-0.94721156
766,12.766666666666667,0.01216333,0.0,3159.6799579275203,667.7678539458794,2098.9146745672615,3337.982783700031,0.027200295261307256,0.09461126666333049,5.728714788228517,-366.05292,128.72903,-5.3911724,18.54672,5.2611003,2.0840578,0.16903962,-10.325119,11.420086,-0.4512692,-7.011794,4.8961306,-4.541211
767,12.783333333333333,0.010057733,0.0,5000.930389595645,747.3683676748605,1781.6057985666203,2675.211407545577,0.027200295261307256,0.09461126666333049,5.728714788228517,-286.06073,94.316605,-19.80623,31.728642,-30.608856,6.6507683,-13.717254,-22.860317,-5.2211275,-11.051332,-20.771412,-1.5790819,-9.985828
768,12.8,0.010613064,0.0,7618.7158018507425,755.9284986465989,1871.9075707458155,2763.6704500787237,0.027200295261307256,0.09461126666333049,5.728714788228517,-334.09097,31.483814,-5.994896,45.155144,-43.513268,7.8865623,-6.2636147,-17.483633,-0.4789945,7.8899617,-9.759222,10.355876,-4.3098335
769,12.816666666666666,0.00873711,0.0,7368.984925132538,883.5917933885573,1776.337110198648,2770.7775515602357,0.027200295261307256,0.09461126666333049,5.728714788228517,-303.64368,36.80841,-15.09988,36.490173,-33.513153,-1.2935443,-16.047567,-13.9434185,-15.692891,2.9027405,-8.040902,4.085498,-5.2571335
770,12.833333333333334,0.0076161027,0.0,6572.96365111434,1213.6530923185746,2074.2703153579105,3270.701269589135,0.027200295261307256,0.09461126666333049,5.728714788228517,-330.24152,43.500862,-29.955803,32.115288,-16.131954,-6.784073,-16.900604,-16.116089,-18.835213,0.9803976,-3.1742673,-2.3007758,-8.335156
771,12.85,0.016032225,0.0,4599.634863352129,1142.151573809761,2089.062908885814,3383.2195925764204,0.027200295261307256,0.09461126666333049,5.728714788228517,-363.75116,92.92086,-22.807056,20.920576,-2.4719682,2.1404905,-2.7459192,-7.357022,-8.606745,-4.141159,6.859108,4.979972,2.5791025
772,12.866666666666667,0.09540471,0.0,954.0998376072388,579.1066462683425,1438.5487223352798,2444.4273521177934,0.027200295261307256,0.09461126666333049,5.728714788228517,-280.85577,239.15079,18.055267,-26.5116,-7.4080405,0.032568097,-1.4877982,-20.636019,-16.376577,1.5090392,-11.946737,-17.54079,6.5932007
773,12.883333333333333,0.13709073,106.30039228470245,980.7944479185942,612.3788000460288,1338.7404300536962,2365.1423173360977,0.027200295261307256,0.09461126666333049,5.728714788228517,-232.84421,255.9931,-6.8129196,-24.410324,-1.772583,-12.11032,-8.68818,-14.792093,-13.073053,-4.8081074,-15.45072,-14.835419,8.767545
774,12.9,0.14537689,104.67771575777458,1109.6251543369526,648.5136238285936,1325.7889295304014,2359.4480301406365,0.027200295261307256,0.09461126666333049,5.728714788228517,-217.00334,260.09222,-16.139568,-33.29654,-0.5872228,-14.601379,-8.648622,-11.373993,-11.2019415,-0.3139686,-9.244181,-16.327728,10.604666
775,12.916666666666666,0.124724634,103.72010680368025,1146.1153070759563,672.2581350261509,1356.4145016783891,2385.717309708328,0.027200295261307256,0.09461126666333049,5.728714788228517,-220.68549,254.88858,-20.704332,-30.759922,0.2293886,-12.438609,-10.381195,-10.371998,-8.952002,-0.09086627,-8.411949,-15.659066,10.735418
776,12.933333333333334,0.08801319,102.93514363395123,1189.4897242568761,627.5826893145037,1382.9576051851627,2433.3371040508114,0.027200295261307256,0.09461126666333049,5.728714788228517,-266.916,231.4068,-1.176105,-18.246304,6.4986506,-8.929329,-13.501743,-4.4501724,2.751614,1.4207116,-7.182134,-8.927053,10.874447
777,12.95,0.032698717,102.08013715957206,2607.871697967602,747.6234843025404,1506.4359036711396,2728.798699315038,0.027200295261307256,0.09461126666333049,5.728714788228517,-298.52216,157.19586,-21.57837,-1.4346089,21.391645,6.6884604,-9.821684,14.827606,15.781958,-9.702204,-1.4295667,15.380154,6.3825307
778,12.966666666666667,0.018682841,0.0,4179.436625129568,1049.5104945514522,1689.0793163260375,3122.3460771306345,0.027200295261307256,0.09461126666333049,5.728714788228517,-283.64655,100.551865,-59.176575,-18.398268,13.054935,6.059507,-25.921568,16.80196,8.950285,-19.350788,2.6755185,25.026802,-2.040581
779,12.983333333333333,0.01630949,0.0,4059.6804725472625,1128.2905674648443,1778.8616002335252,3111.9249381793575,0.027200295261307256,0.09461126666333049,5.728714788228517,-297.57986,99.78024,-68.569626,-18.29622,13.570612,0.97089314,-24.479883,14.444756,0.14726083,-19.735424,6.9810143,22.073296,-6.874796
780,13.0,0.012835807,0.0,3525.3402049252186,1042.9340327229345,1820.2692888278718,3023.9262064326767,0.027200295261307256,0.09461126666333049,5.728714788228517,-343.91486,110.52257,-64.47199,-18.48527,17.667404,-3.4911275,-21.603191,8.207993,-2.8644538,-22.002712,15.081064,26.45359,-1.2259454
781,13.016666666666667,0.008196647,0.0,3040.6321481929162,784.9702314316972,1868.0954600136702,2823.0258836067746,0.027200295261307256,0.09461126666333049,5.728714788228517,-378.26212,120.368164,-39.992542,-13.448799,24.917301,-0.9911884,-13.954608,-4.2633233,-2.8893385,-2.2339702,14.810316,18.079432,-6.322067
782,13.033333333333333,0.050988313,0.0,1434.540683934316,593.7632979810858,1886.0605405928127,2470.7869349891344,0.027200295261307256,0.09461126666333049,5.728714788228517,-353.08716,166.53476,8.972773,14.400766,38.2615,15.864249,-4.9020185,-20.711517,-15.591459,0.36239696,-1.8722018,-3.4805565,-8.463615
783,13.05,0.08751469,0.0,1137.660850926185,437.2875092414069,1902.8150342221213,2397.0007420351935,0.027200295261307256,0.09461126666333049,5.728714788228517,-261.5881,218.72614,-7.170108,1.2583462,36.067226,32.295815,-12.737474,-42.695698,-13.734085,0.9193677,-10.016762,-15.553095,-11.618467
784,13.066666666666666,0.124092124,110.90290747023528,1086.9085340802294,432.5944346486483,1940.9592370528478,2413.401589685548,0.027200295261307256,0.09461126666333049,5.728714788228517,-263.83835,215.95834,-11.09454,5.7080536,36.781956,22.444489,-12.15612,-39.106247,-19.9579,-2.9884155,-7.2861753,-17.371292,-15.617458
785,13.083333333333334,0.14025775,112.75250052520862,1088.6962332445191,425.16531979699676,1933.6476163409434,2383.863480245578,0.027200295261307256,0.09461126666333049,5.728714788228517,-263.22113,217.18266,-10.0617895,5.2403736,33.79928,23.791344,-3.287869,-41.599884,-28.34185,6.565895,-4.8895836,-26.36937,-13.099227
786,13.1,0.120580375,107.48860712315933,1056.007642166439,436.2201750522588,1946.1909236542836,2427.679683363133,0.027200295261307256,0.09461126666333049,5.728714788228517,-264.1421,221.97507,-6.478426,-0.9952711,33.969986,31.150364,-7.427223,-47.853844,-24.217377,8.233374,-13.339733,-32.407185,-10.97622
787,13.116666666666667,0.09119207,100.53904436616546,1388.9500543860947,450.79123409572077,1978.2191620923954,2473.5183570135355,0.027200295261307256,0.09461126666333049,5.728714788228517,-278.37857,215.07263,-21.395082,-9.769942,59.28126,32.09957,-27.23991,-39.246517,-7.2059164,0.26675916,-21.079418,-21.07962,-6.7916927
788,13.133333333333333,0.05284651,0.0,1527.7358931559872,450.7901146995601,1990.673564695859,2505.982666373046,0.027200295261307256,0.09461126666333049,5.728714788228517,-335.8128,182.09381,-13.944736,-13.344388,66.99814,39.277306,-36.122494,-40.65762,-6.7087355,-5.5893307,-21.599613,-19.300007,-11.479242
789,13.15,0.012545349,0.0,2276.3705281676544,460.38951837950935,1945.8648113961026,2486.3374268992097,0.027200295261307256,0.09461126666333049,5.728714788228517,-462.43225,92.10707,16.484808,10.498234,46.37671,38.054054,-12.356249,-35.16774,-14.760228,2.0388544,-6.6138754,-17.119087,-13.342556
790,13.166666666666666,0.0028285526,0.0,4593.770926954736,493.8646357382043,1986.6437222608497,2593.617302296598,0.027200295261307256,0.09461126666333049,5.728714788228517,-508.27365,58.52281,27.580597,16.603088,22.745007,18.893156,-0.20129968,-12.456356,-6.357772,2.8642578,0.41358143,-6.672801,-5.4164934
791,13.183333333333334,0.0010581341,0.0,5059.748081620935,519.9482000683812,1864.4118855110437,2656.0028998711878,0.027200295261307256,0.09461126666333049,5.728714788228517,-519.02264,53.61388,38.29138,26.608063,20.700104,14.602026,6.2687426,0.59102887,0.35065603,1.3538579,-0.6299779,-3.325286,-2.3212965
792,13.2,0.0010539636,0.0,5005.365900932356,475.44133688669194,1707.559471406952,2514.3077550087532,0.027200295261307256,0.09461126666333049,5.728714788228517,-523.9725,47.78883,34.477486,23.705143,18.498302,14.695263,8.992498,2.8938699,-1.3889701,-4.4057093,-6.9334493,-7.3418603,-4.3350215
793,13.216666666666667,0.00093348284,0.0,5180.963501758963,669.0577197268342,1841.1888090282057,2704.1323424052066,0.027200295261307256,0.09461126666333049,5.728714788228517,-526.9436,45.21596,34.666943,24.436565,17.549677,12.785564,8.453638,4.6298184,1.6703169,-0.93271965,-3.0514584,-3.10702,-0.43454587
794,13.233333333333333,0.0028790492,0.0,6070.9499417879015,632.608711778003,2057.675857214365,2961.2077722396166,0.027200295261307256,0.09461126666333049,5.728714788228517,-527.83374,44.74948,34.99598,23.4234,14.042873,8.70042,6.676213,5.870654,4.470339,1.9755704,-0.825589,-2.6490197,-2.680395
795,13.25,0.014197311,0.0,2163.8540553941966,166.9666878612336,1807.2540502688798,2694.0866061983807,0.027200295261307256,0.09461126666333049,5.728714788228517,-503.6352,74.66164,57.09153,41.779167,31.94691,23.148022,13.560064,6.1424823,1.5826178,-3.3394701,-8.81081,-9.982837,-5.1049166
796,13.266666666666667,0.02674435,0.0,759.4956963541181,267.7102284563422,1267.0457856781095,2384.42306299317,0.027200295261307256,0.09461126666333049,5.728714788228517,-444.2757,136.326,76.29932,38.68048,32.47301,26.96592,5.9580393,-13.00902,-13.830694,-6.4867277,-5.4161215,-5.860549,1.559685
797,13.283333333333333,0.049566403,0.0,948.2845872616022,240.3124014450637,1296.9032665687075,2396.9562807523725,0.027200295261307256,0.09461126666333049,5.728714788228517,-347.64108,185.35835,21.44439,-0.38979977,23.862383,19.540703,12.197134,-0.19852838,-1.5889676,7.485268,-9.398905,-20.607807,0.28864035
798,13.3,0.07479666,0.0,1114.3614738148638,281.40790083513065,1568.0636711883708,2464.3845971039455,0.027200295261307256,0.09461126666333049,5.728714788228517,-274.65082,218.66815,-12.522596,-5.4485917,34.097454,15.64332,3.08864,-15.210914,-15.55881,-3.4645483,-18.800072,-21.206894,-1.0045557
799,13.316666666666666,0.09608057,103.80323826581149,1071.0963778284945,452.0030049732004,1759.2441873164262,2463.309253332265,0.027200295261307256,0.09461126666333049,5.728714788228517,-268.83975,231.82033,-8.143194,-16.749699,37.36725,26.293558,-9.470084,-31.724964,-16.833115,-3.356483,-20.254951,-18.614449,-0.37764362
800,13.333333333333334,0.08682878,102.15741041091448,983.1752790803248,472.95447783099587,1627.3034390187513,2488.772134931592,0.027200295261307256,0.09461126666333049,5.728714788228517,-277.00497,235.65414,2.0942059,-24.033184,32.970802,26.698086,-13.069498,-21.065697,-9.700455,-15.743786,-19.671436,-8.842475,-3.4544885
801,13.35,0.052822784,100.42068443488681,978.2488342361642,438.99507403040553,1482.5143413899846,2457.7052498365383,0.027200295261307256,0.09461126666333049,5.728714788228517,-339.36838,207.24707,29.309155,-23.494095,13.424501,18.164978,-2.745429,0.14917165,2.8195133,-15.312386,-23.055351,-10.929539,-2.9004974
802,13.366666666666667,0.009580294,0.0,2551.3882957958763,420.8196288885536,1573.2867887276236,2486.7573079119165,0.027200295261307256,0.09461126666333049,5.728714788228517,-465.8965,104.17862,43.222668,10.514867,14.068119,19.065594,7.6506133,-4.1493845,-4.0498595,-2.7433605,-9.13106,-13.746035,-8.042409
803,13.383333333333333,0.0016387015,0.0,4916.364957637471,493.4687397890202,1584.7957560474229,2568.047402325425,0.027200295261307256,0.09461126666333049,5.728714788228517,-514.36725,57.370747,36.084976,20.52098,15.839731,14.140883,8.80241,2.459876,-0.10395795,0.02369821,-1.0865512,-3.4259079,-3.99155
804,13.4,0.0010628693,0.0,5139.83444247897,535.7324561424832,1528.4275667825766,2700.5693393424503,0.027200295261307256,0.09461126666333049,5.728714788228517,-517.81604,55.80664,39.08127,21.681734,10.9838505,7.9523096,8.054401,6.2276917,1.1864035,-4.357874,-6.9375105,-5.56837,-2.1935549
805,13.416666666666666,0.0009847111,0.0,4598.279773379706,756.8309069334624,1917.5390431668184,2848.018391657736,0.027200295261307256,0.09461126666333049,5.728714788228517,-510.49112,57.426857,30.472881,19.255825,17.830248,8.58721,-2.0050201,0.061766475,5.261469,-2.4706779,-14.329574,-12.096429,-1.1644622
806,13.433333333333334,0.01073467,0.0,2598.291407259318,822.2250363374105,2024.7771940820053,2662.8808030311725,0.027200295261307256,0.09461126666333049,5.728714788228517,-368.78064,156.18912,13.425964,-9.546545,14.035882,-2.9042225,-11.4694,5.26519,13.706295,-10.366647,-30.097683,-14.107123,0.0043109655
807,13.45,0.014510753,0.0,2222.4245390700607,503.23674351406646,1266.9007849292943,2540.750312288174,0.027200295261307256,0.09461126666333049,5.728714788228517,-350.25467,166.7101,12.250299,-5.516021,16.913033,0.714213,-8.051722,2.9976134,12.685024,-8.898523,-27.269772,-10.220749,0.039437324
808,13.466666666666667,0.038651817,0.0,712.9157784934672,523.0857381574375,1265.1499744368214,2435.651077146504,0.027200295261307256,0.09461126666333049,5.728714788228517,-375.61542,193.87,62.92594,-7.2465105,-4.6270027,9.118581,8.228165,4.733696,0.48782972,-8.310492,-14.621652,-12.877338,-5.634757
809,13.483333333333333,0.082315914,104.07671336469394,685.4204244809464,467.90832229207496,1239.4781229178332,2123.810945615845,0.027200295261307256,0.09461126666333049,5.728714788228517,-325.84277,241.64398,64.642586,-32.999714,-18.777729,19.295238,12.584133,-15.051155,-16.267912,-5.1148815,-12.603085,-22.887188,-14.709824
810,13.5,0.113153845,109.1128691148727,802.1147392494463,453.26032468426973,1198.5284155624956,1930.8765913854195,0.027200295261307256,0.09461126666333049,5.728714788228517,-295.17706,257.56073,47.391846,-45.71767,-15.780864,28.032085,11.859791,-26.895033,-16.80285,3.2603953,-17.676296,-30.632149,-12.474672
811,13.516666666666667,0.13120046,107.94045068344414,847.0449092842757,477.88386272032454,1212.6461831744805,2055.6427087622046,0.027200295261307256,0.09461126666333049,5.728714788228517,-282.0922,258.0526,33.642944,-44.601402,-6.0961533,28.376204,2.1459827,-31.787012,-6.568389,11.031458,-24.49061,-33.272396,-4.0522623
812,13.533333333333333,0.13282943,108.63843707744562,903.8922307719569,512.0481938334025,1274.6569302891744,2209.14519709239,0.027200295261307256,0.09461126666333049,5.728714788228517,-269.94904,258.4333,21.005796,-44.671158,-0.26900208,26.087715,-4.9094687,-30.561049,0.24243844,5.79178,-34.666626,-28.482582,8.375991
813,13.55,0.13045388,109.38826818098288,968.6249561985167,534.0599621449686,1370.0412863947954,2252.428296441225,0.027200295261307256,0.09461126666333049,5.728714788228517,-259.77374,258.50793,9.643177,-46.511936,6.70938,31.120321,-9.763205,-34.98073,-0.3164016,-1.6914117,-36.659103,-19.274422,13.95944
814,13.566666666666666,0.13059244,110.18940742847812,1061.6826693754874,541.7054918330515,1420.9966114476297,2299.4106091716963,0.027200295261307256,0.09461126666333049,5.728714788228517,-252.183,255.63461,1.1213549,-44.26895,11.88865,32.793922,-19.185179,-39.854607,3.993744,-7.740364,-38.032726,-11.699796,14.645941
815,13.583333333333334,0.12953325,112.0573087992128,1034.8782689922723,532.440306622677,1371.0928154758692,2301.3867135264168,0.027200295261307256,0.09461126666333049,5.728714788228517,-257.44598,258.7801,1.2065922,-51.169586,14.200002,24.482376,-25.441975,-27.563301,6.274372,-13.475605,-35.280815,-10.943748,10.187693
816,13.6,0.12280452,114.46187672335681,881.5484123176798,497.0767505227028,1252.452898340603,2250.567834542808,0.027200295261307256,0.09461126666333049,5.728714788228517,-280.5112,254.85416,20.165348,-48.891495,5.950894,17.782982,-23.254986,-21.75956,5.8960695,-9.610394,-32.71042,-20.732788,-0.0044658184
817,13.616666666666667,0.12572135,117.68899401439236,742.7120659458557,461.4508639590517,1159.3457902135633,2249.644118321296,0.027200295261307256,0.09461126666333049,5.728714788228517,-308.43082,243.31482,42.172745,-34.511482,-1.3852651,7.339038,-20.795748,-16.3415,8.574829,-2.1684487,-31.077438,-29.995277,-10.29183
818,13.633333333333333,0.13376617,122.45869070241928,722.5682780975932,481.46392226299497,1112.0624010808897,2248.7523959454657,0.027200295261307256,0.09461126666333049,5.728714788228517,-306.44888,247.04587,46.716072,-33.572807,-5.820834,3.8890343,-22.188469,-23.186966,-0.022765458,-1.3233694,-24.697979,-28.310839,-11.8870735
819,13.65,0.13156769,127.49715394668779,765.4084036194295,527.853793334751,1088.0871916073825,2213.182230669994,0.027200295261307256,0.09461126666333049,5.728714788228517,-305.88113,248.12448,48.818634,-37.116455,-19.28495,-3.6339407,-17.624573,-24.278774,-6.3450623,4.0057197,-14.356823,-27.264479,-13.85836
820,13.666666666666666,0.11838015,132.02816504417862,838.6825917368263,583.7209177292814,1116.8561466138672,2247.3798446963565,0.027200295261307256,0.09461126666333049,5.728714788228517,-300.00665,245.91272,38.977592,-39.806458,-22.92892,-10.310228,-16.930147,-21.405651,-6.2702026,6.8218136,-12.384336,-26.929348,-5.7224083
821,13.683333333333334,0.09365472,137.03539276380297,876.4490483608708,623.3743250311704,1124.7380813663183,2300.4233579081083,0.027200295261307256,0.09461126666333049,5.728714788228517,-307.54288,237.53813,37.679337,-35.614006,-22.896088,-14.679733,-15.119696,-15.840162,-8.092096,2.872324,-8.466475,-20.581778,-3.8043468
822,13.7,0.07066063,143.6928724348766,926.781188571641,607.1486243269683,1093.3877352894574,2392.8146990250657,0.027200295261307256,0.09461126666333049,5.728714788228517,-323.224,221.25787,39.331352,-22.575378,-21.104353,-22.841064,-16.4749,-8.89882,1.0946542,6.70247,-13.570777,-22.592442,2.8232677
823,13.716666666666667,0.044767257,152.5199420847904,901.8685924114793,554.8311882596782,1075.9501578393129,2539.845005365502,0.027200295261307256,0.09461126666333049,5.728714788228517,-350.02167,204.66171,48.031322,-13.550322,-12.869928,-16.966116,-18.361794,-8.414218,1.4069964,0.75580835,-13.4365,-19.556808,-2.9790668
824,13.733333333333333,0.031269085,161.44703939881498,995.1241496230974,443.4173236552174,1125.150744420247,2616.7826332693057,0.027200295261307256,0.09461126666333049,5.728714788228517,-393.18115,174.01073,57.979404,-5.1406293,-17.047028,-14.156057,-8.259577,-4.0390244,-1.683482,-3.8446155,-13.800718,-14.328758,1.5567626
825,13.75,0.015704427,166.05816376512826,1213.0945986391916,212.11808259580317,978.6460409541114,2538.9227197243504,0.027200295261307256,0.09461126666333049,5.728714788228517,-451.49976,129.08746,69.12555,17.742346,-5.291136,-6.548092,0.37680185,6.0787497,4.9677186,-4.0876827,-14.319568,-15.480796,-7.412526
826,13.766666666666667,0.007856886,0.0,2596.5923682164957,282.49866091351373,1254.9594607310607,2403.8892392263315,0.027200295261307256,0.09461126666333049,5.728714788228517,-492.21017,87.23025,59.648273,31.448162,12.312143,2.443484,-1.6386235,-2.4070306,-2.0327046,-2.8662686,-4.999696,-5.8471336,-3.9621196
827,13.783333333333333,0.0015101356,0.0,5593.715761983173,574.0128256334134,1804.4745783594535,2541.695727399573,0.027200295261307256,0.09461126666333049,5.728714788228517,-524.47614,48.349136,35.900696,21.659252,10.681379,4.658798,2.1190302,0.74512905,-0.5504922,-1.355204,-0.8948562,0.8724904,3.1148877
828,13.8,0.00081692263,0.0,5586.354693243786,607.3980093774559,1722.5410745592014,3020.651185283994,0.027200295261307256,0.09461126666333049,5.728714788228517,-526.1832,46.074093,34.04097,20.428928,10.171715,4.9903297,3.738613,4.3945193,5.523947,6.429143,6.7574177,6.361771,5.302422
829,13.816666666666666,0.0007417721,0.0,6245.815449842275,860.6819960042363,2212.234064259284,3454.628337362438,0.027200295261307256,0.09461126666333049,5.728714788228517,-534.1777,36.780636,29.321535,19.788525,11.07487,5.180421,2.592834,2.4841933,3.446826,4.2640195,4.3282533,3.6270409,2.471306
830,13.833333333333334,0.0008603995,0.0,5953.766321232637,1141.6985367612835,2475.254067749364,3645.0616641156166,0.027200295261307256,0.09461126666333049,5.728714788228517,-531.38574,40.146698,31.416607,20.91262,12.158556,6.9797697,5.216723,5.572456,6.6222954,7.317437,7.048051,5.6423397,3.4057198
831,13.85,0.0008886471,0.0,5497.118210535837,1208.3194604105986,2281.1075072356907,3427.3213400458826,0.027200295261307256,0.09461126666333049,5.728714788228517,-535.491,35.132973,28.813335,22.093517,17.466076,15.160813,13.851587,12.3413105,10.456362,8.690999,7.487672,6.9589386,6.938969
832,13.866666666666667,0.00076046487,0.0,5935.017902457443,912.5588639297982,2009.0558745461926,3014.8932115969965,0.027200295261307256,0.09461126666333049,5.728714788228517,-537.08856,33.18358,27.496723,21.070936,15.894546,12.262339,9.430646,6.8047853,4.334217,2.1449568,0.31401724,-0.93304205,-1.2449391
833,13.883333333333333,0.00065312325,0.0,6881.790638549944,654.2946599765995,1998.0693556235365,3061.0020557141456,0.027200295261307256,0.09461126666333049,5.728714788228517,-538.6925,31.560837,27.266737,21.883282,16.73774,12.294916,8.399702,4.962656,2.2965465,0.80900645,0.47798958,0.7171063,0.7784585
834,13.9,0.00076956087,0.0,6517.545179202965,680.9871424504851,1946.9173063545811,3027.489549218325,0.027200295261307256,0.09461126666333049,5.728714788228517,-535.7278,35.44622,30.252535,23.583538,17.320171,12.605057,9.510216,7.3584003,5.3977246,3.353538,1.531517,0.47933635,0.49402437
835,13.916666666666666,0.00079305336,0.0,6172.215772004467,472.105842633299,1556.0942733571796,2708.861078410908,0.027200295261307256,0.09461126666333049,5.728714788228517,-536.5953,34.350845,29.606312,23.734695,18.406158,14.350929,11.385323,9.063032,7.2339554,6.0270414,5.427414,5.015441,4.207813
836,13.933333333333334,0.0007657218,0.0,6480.30616017019,466.1452242636737,1741.2394773299252,3044.184473034118,0.027200295261307256,0.09461126666333049,5.728714788228517,-538.8102,31.606346,27.741982,22.649076,17.613998,13.479987,10.475571,8.415814,7.0202913,6.082486,5.4314537,4.836458,4.0303273
837,13.95,0.00068069465,0.0,6411.111024459513,377.54460745368095,1662.2191874926564,3007.6577922511988,0.027200295261307256,0.09461126666333049,5.728714788228517,-539.9097,30.541943,27.932953,24.285194,20.17332,15.910834,11.653126,7.6496496,4.322736,2.0548935,0.8978679,0.52000535,0.47175428
838,13.966666666666667,0.00061240955,0.0,6258.094955120644,778.0947016331227,1672.2072744449547,2713.95203530431,0.027200295261307256,0.09461126666333049,5.728714788228517,-536.6784,33.941093,28.49593,21.896076,16.075377,11.671629,8.108754,4.5924354,1.0606304,-1.7059808,-2.7917619,-1.9605674,0.11594338
839,13.983333333333333,0.00070359,0.0,6724.014820978469,997.4274727310855,2082.5482185395695,3089.2590245880197,0.027200295261307256,0.09461126666333049,5.728714788228517,-537.9764,32.861626,29.232502,24.464848,19.57241,14.998882,10.756315,6.898875,3.774518,1.7971711,1.0231936,1.0199854,1.1861429
840,14.0,0.0038973398,0.0,5270.031329673306,695.9575454237579,1727.3306650918287,2791.676019036206,0.027200295261307256,0.09461126666333049,5.728714788228517,-520.5669,54.41861,42.81744,28.23331,15.133757,6.2785974,2.0387723,1.0950313,1.7009926,2.604597,3.279681,3.694704,3.9927766
841,14.016666666666667,0.009614749,0.0,1575.094714990374,424.73757008458944,1185.4206187706793,2518.195054987973,0.027200295261307256,0.09461126666333049,5.728714788228517,-446.18997,126.76628,57.165874,17.612045,10.093843,4.0586557,-4.2738943,-2.503715,4.8522635,5.1745586,-1.0232892,-2.596593,6.483515
842,14.033333333333333,0.046675712,0.0,648.1154536940348,347.42227508048825,1170.1401873343111,2531.8998036012954,0.027200295261307256,0.09461126666333049,5.728714788228517,-379.6434,189.09375,65.23734,8.717052,16.17035,13.74795,-9.137559,-13.688601,0.87152004,2.180654,-13.837518,-19.853619,-5.0786095
843,14.05,0.0701587,119.32352575106992,656.2723524496655,403.7723374037438,1207.0037915609914,2475.89121683895,0.027200295261307256,0.09461126666333049,5.728714788228517,-338.14255,214.30199,47.88583,2.3090458,33.844936,21.226952,-18.170927,-17.696909,2.1585858,-4.506601,-25.007496,-24.836155,-4.708452
844,14.066666666666666,0.08041304,110.60508020469351,661.4117047888938,367.0568850284143,1186.7027948688626,2447.2634349505092,0.027200295261307256,0.09461126666333049,5.728714788228517,-352.5959,204.04305,52.65403,8.196137,34.470375,23.204182,-13.030413,-14.918802,1.6762416,-4.1824784,-22.043062,-19.794544,0.8138989
845,14.083333333333334,0.07889984,110.26666032276343,607.1334782184507,367.58025945506216,1065.3510955011154,2477.9916655994057,0.027200295261307256,0.09461126666333049,5.728714788228517,-364.17404,202.23756,66.866295,10.181983,19.686127,15.925801,-7.1996346,-14.166908,-4.9107904,-2.2541475,-10.411274,-12.512106,-0.72572505
846,14.1,0.07366556,109.63192417206082,618.9373709699347,384.9253593623233,1095.5711427035812,2512.7531036973032,0.027200295261307256,0.09461126666333049,5.728714788228517,-355.0726,211.15466,64.53609,-1.123529,11.919442,14.1858015,-11.464169,-18.95912,-1.4817542,5.9457436,-6.4139786,-14.245316,-6.090617
847,14.116666666666667,0.06875686,109.07782169885826,710.945182575284,349.7323361029354,1305.5986485751107,2442.4475670184715,0.027200295261307256,0.09461126666333049,5.728714788228517,-349.83142,207.68896,47.898834,-8.447053,25.429642,32.051144,-6.050675,-18.507128,4.5300336,8.688908,-14.769999,-22.814648,-3.5922964
848,14.133333333333333,0.06889092,109.1671590977403,716.7180068397936,320.43463692031884,1354.158022168478,2422.5987258553987,0.027200295261307256,0.09461126666333049,5.728714788228517,-353.4521,203.04446,44.45839,-8.960395,29.208317,37.38597,-2.818056,-16.718887,6.9243746,9.270133,-18.775242,-27.072773,-3.2068682
849,14.15,0.070825666,108.52854961978981,733.0071707781129,321.3308555943138,1399.5012436384022,2419.78739110173,0.027200295261307256,0.09461126666333049,5.728714788228517,-358.35788,197.45612,43.964027,-2.31179,37.171333,37.981922,-9.228979,-23.300314,2.8452587,6.6466494,-19.04444,-23.84647,0.2764625
850,14.166666666666666,0.07186254,108.48294593568373,754.1692455821585,318.2726346030033,1304.6207731953355,2386.072748691583,0.027200295261307256,0.09461126666333049,5.728714788228517,-356.9068,198.03645,40.93313,-7.9361625,33.766888,40.732155,-1.9196262,-16.007557,7.4712095,7.657586,-21.991123,-28.439014,-2.1078975
851,14.183333333333334,0.081718065,109.8481360077781,888.6433360215016,378.71696962100884,1184.4982240063237,2351.5936673565643,0.027200295261307256,0.09461126666333049,5.728714788228517,-309.95874,237.35226,34.00003,-37.508137,6.5254307,28.831137,-3.142213,-18.515993,5.473279,9.934973,-19.151625,-28.30542,-8.8787
852,14.2,0.083010025,110.1474391221242,945.682356139559,479.63117921942336,1041.350599225415,2385.7265472771574,0.027200295261307256,0.09461126666333049,5.728714788228517,-287.32483,246.39421,24.12331,-33.348408,10.558781,13.122334,-25.066664,-24.031849,17.422348,16.09593,-24.670664,-25.88697,0.3925712
853,14.216666666666667,0.079933695,109.20350530041098,879.9981599804271,502.9428377259547,903.3152054059838,2485.036829035447,0.027200295261307256,0.09461126666333049,5.728714788228517,-304.86533,237.81854,35.355408,-23.531439,11.181313,4.0845914,-33.99681,-18.236683,26.372139,15.076542,-22.200377,-15.326248,6.2730675
854,14.233333333333333,0.08149507,110.49606929271638,802.3948025935657,511.8590898789167,885.7714121583205,2492.5948984992356,0.027200295261307256,0.09461126666333049,5.728714788228517,-317.54807,233.61597,46.360374,-17.31349,5.7761674,-6.3304267,-37.542164,-17.332691,21.089058,10.443128,-18.835783,-10.373207,6.784278
855,14.25,0.07231924,110.8106255568315,732.220725677917,512.9786035725299,885.9133614001316,2498.514949185669,0.027200295261307256,0.09461126666333049,5.728714788228517,-335.3643,227.5857,64.510635,-7.6120834,-4.0124474,-13.43404,-31.196903,-13.18663,15.282108,8.094972,-12.339696,-6.2090836,4.9088564
856,14.266666666666667,0.061507408,110.12780901888954,671.8374346638391,484.4666956242243,877.7977206216208,2582.8558113440763,0.027200295261307256,0.09461126666333049,5.728714788228517,-372.4223,203.81023,83.43325,13.247442,-6.5202866,-23.757164,-32.122368,-10.291734,12.90234,5.762108,-10.526649,-7.164256,1.6904119
857,14.283333333333333,0.04159832,0.0,727.8272106799088,499.6784530695214,887.0342843843798,2635.0723945314294,0.027200295261307256,0.09461126666333049,5.728714788228517,-342.6973,220.11136,63.03866,-3.889294,-1.557906,-20.973713,-43.916817,-18.009876,16.477015,5.5862966,-17.001694,-7.1110973,7.472329
858,14.3,0.034210764,0.0,1257.8523606220829,627.6851869108486,1526.04921164523,2779.337973803535,0.027200295261307256,0.09461126666333049,5.728714788228517,-436.63998,137.69557,64.049515,20.327366,1.0373169,-22.715057,-34.682045,-13.896118,11.683289,9.804523,-3.696036,-2.5426412,3.2551494
859,14.316666666666666,0.002384029,0.0,4006.930696795273,784.7143510028094,2429.273742909847,3133.968907580611,0.027200295261307256,0.09461126666333049,5.728714788228517,-503.8251,73.14424,50.24585,24.862762,5.394637,-5.440891,-8.348827,-5.667679,-1.1475109,1.794636,2.5819383,2.8129196,3.1328747
860,14.333333333333334,0.0009548982,0.0,5625.485062172546,916.6848311483412,2478.5390742558784,3305.7609256228834,0.027200295261307256,0.09461126666333049,5.728714788228517,-521.14185,52.07491,37.41945,21.298164,9.792774,4.618163,3.6422243,3.493598,1.8871585,-1.3707268,-4.760977,-6.469772,-5.8434343
861,14.35,0.0008631541,0.0,5514.177934588842,852.3948745254388,2038.754930729123,2997.06540409642,0.027200295261307256,0.09461126666333049,5.728714788228517,-525.85126,46.5744,34.887802,22.258886,13.429682,9.561555,8.9394245,8.876436,7.298935,3.8053467,-0.21813577,-2.9108424,-3.596586
862,14.366666666666667,0.0008285782,0.0,5851.79914275805,572.5171687018403,1510.8847191795587,2716.7943204833227,0.027200295261307256,0.09461126666333049,5.728714788228517,-524.12,48.215637,34.420937,19.401806,9.230509,5.517873,5.593512,5.717162,4.2617865,2.3256245,1.8204832,3.2326303,5.1442995
863,14.383333333333333,0.0007390777,0.0,6636.270602803761,670.1327857699632,1675.9324566587297,2583.3869217451806,0.027200295261307256,0.09461126666333049,5.728714788228517,-530.1093,41.70137,32.495983,21.7365,12.919035,7.3290153,4.4035187,3.116447,2.7611628,2.77466,2.4999022,1.5255384,0.12293108
864,14.4,0.000656458,0.0,6709.667258509362,674.890461405887,1560.889257986269,2415.9547287095997,0.027200295261307256,0.09461126666333049,5.728714788228517,-535.18555,35.89979,29.954031,22.436962,15.385895,9.931743,6.267198,4.0497994,2.7703743,2.0069814,1.6074708,1.6632214,2.1987634
865,14.416666666666666,0.0006648422,0.0,7032.479417569248,594.7655958889355,1420.7516267197152,2714.0891084812474,0.027200295261307256,0.09461126666333049,5.728714788228517,-539.8882,29.69062,24.834808,18.581669,12.653534,8.141468,5.2855687,3.7450373,3.0420842,2.8555276,3.028811,3.3940482,3.6465046
866,14.433333333333334,0.000925628,0.0,6775.522874058188,338.94111911851024,1676.8006815180418,2805.1710354505303,0.027200295261307256,0.09461126666333049,5.728714788228517,-538.1031,32.182087,27.413841,21.724155,16.92471,13.667479,11.4247675,9.305203,6.924782,4.6236825,2.9711006,2.1179938,1.6203183
867,14.45,0.0035049275,0.0,5710.007244571113,812.2078111301947,2162.611025700005,3073.8774342334473,0.027200295261307256,0.09461126666333049,5.728714788228517,-534.6889,37.252926,32.883408,27.08148,21.308088,16.555605,13.068725,10.50737,8.375105,6.4083147,4.7005277,3.54038,3.122146
868,14.466666666666667,0.008930066,0.0,1614.1999593473163,1081.6677593805396,2133.6570457356406,3276.6428004937757,0.027200295261307256,0.09461126666333049,5.728714788228517,-496.3476,85.9603,69.05353,51.082397,36.760796,25.427416,15.8324375,8.662921,4.162956,0.6339881,-2.9834037,-5.177704,-4.507659
869,14.483333333333333,0.018812977,0.0,846.5499680535983,284.5182604256934,1152.4212045272402,2393.6574207617223,0.027200295261307256,0.09461126666333049,5.728714788228517,-465.0,120.89461,83.83728,49.630424,28.99002,17.04232,8.209017,3.2753348,1.7769423,-1.8416172,-9.441918,-13.855749,-8.95797
870,14.5,0.05906663,0.0,995.1288689535942,369.85278865244175,1098.4918598935424,2426.1885380331537,0.027200295261307256,0.09461126666333049,5.728714788228517,-348.44638,184.20044,24.504662,14.646956,32.69359,-4.9480257,-10.594144,15.445466,5.967933,-11.450129,-4.7395334,-5.8081903,-12.689671
871,14.516666666666667,0.0906688,0.0,796.0517367803092,474.6511590578479,1138.5805299710125,2489.831514588313,0.027200295261307256,0.09461126666333049,5.728714788228517,-284.83136,237.3894,21.651478,-2.8569424,24.18103,-12.171968,-27.246696,-0.59950745,10.610899,-2.03477,-19.25739,-27.578766,-18.549849
872,14.533333333333333,0.11371546,105.2925585373843,813.8115707828831,499.43043454570847,1035.4591343914835,2481.426945850472,0.027200295261307256,0.09461126666333049,5.728714788228517,-292.29102,241.46445,34.277527,-10.58041,12.412835,-10.794127,-37.404076,-14.064239,21.408545,8.313554,-23.436523,-21.924334,-11.946253
873,14.55,0.11129492,105.4684327861114,773.9057567746947,525.2318984350693,940.9004581946334,2513.702663734269,0.027200295261307256,0.09461126666333049,5.728714788228517,-302.13977,239.34216,45.40934,-5.9315586,9.961922,-12.9733305,-46.490242,-25.86522,19.128506,12.191074,-19.357533,-17.172989,-5.742332
874,14.566666666666666,0.11462404,104.48792214119865,757.535096030433,522.1906345682831,894.5100950060867,2492.657698989666,0.027200295261307256,0.09461126666333049,5.728714788228517,-307.72443,238.92697,49.701424,-6.5396175,9.746157,-11.820227,-46.330437,-27.65146,12.755123,9.915352,-12.469358,-12.575307,-4.701827
875,14.583333333333334,0.11147281,104.08714290003392,766.4612697384132,509.681367636055,877.4883583121809,2470.105304656995,0.027200295261307256,0.09461126666333049,5.728714788228517,-314.02463,233.80255,50.00028,-1.3723878,13.822496,-15.543636,-48.20982,-25.764414,11.999296,10.088496,-11.464203,-10.954529,-4.009031
876,14.6,0.08657294,103.95261936967917,770.1411019060876,495.17864633613533,880.0324839653298,2434.745775418627,0.027200295261307256,0.09461126666333049,5.728714788228517,-328.20923,224.76672,59.04711,7.3476286,8.573576,-20.496698,-43.460136,-23.785467,11.045872,14.067854,-11.099906,-15.668659,-4.02328
877,14.616666666666667,0.052518364,104.33170095250931,850.5731378648529,502.9952818903163,938.5366468764057,2465.3846156533996,0.027200295261307256,0.09461126666333049,5.728714788228517,-351.70706,208.56172,66.64598,8.366117,-7.176625,-21.379501,-18.319397,-3.3559484,11.363012,10.113939,-9.74555,-15.160908,-7.209882
878,14.633333333333333,0.021992056,0.0,3343.927532609895,811.0664220472305,1670.5438184564919,3077.2035387765486,0.027200295261307256,0.09461126666333049,5.728714788228517,-346.24066,125.06258,22.461277,39.423164,-7.2192955,-10.519242,-24.387808,14.993423,19.378239,6.677758,0.7235046,-4.5800047,-5.509409
879,14.65,0.010059801,0.0,6227.777716175178,780.2682058409744,2483.1186730953755,3475.0296986966187,0.027200295261307256,0.09461126666333049,5.728714788228517,-356.91135,52.56427,1.1559305,68.40584,-2.7377899,24.399231,-3.7483163,22.592865,17.328033,-1.8794657,3.9501219,4.827903,3.1421206
880,14.666666666666666,0.010545971,0.0,5065.8396843777455,422.29010182429096,2326.2108558501195,3004.9619846885575,0.027200295261307256,0.09461126666333049,5.728714788228517,-361.4311,66.74381,6.8872232,81.23799,5.321111,14.7128105,-3.6136303,18.934366,23.177017,-8.755855,5.158197,10.469748,-2.8353446
881,14.683333333333334,0.00861195,0.0,5727.014041321223,730.9212384322989,2114.5568015852746,3257.779808700544,0.027200295261307256,0.09461126666333049,5.728714788228517,-372.39893,53.0877,-6.1933928,76.70513,-7.682958,0.37208328,-3.1210244,14.284264,20.480297,-12.17388,6.8030205,23.380795,1.7143303
882,14.7,0.007047681,0.0,6372.355469498151,1004.2255567389197,2612.8044504685113,3662.9704322972107,0.027200295261307256,0.09461126666333049,5.728714788228517,-403.24335,29.777458,-10.881507,73.21443,-9.739881,-4.5333304,-2.6546164,16.69469,11.083994,-19.004593,9.453482,26.212578,-1.85244
883,14.716666666666667,0.004297722,0.0,6401.541464158907,1000.2361044911944,2836.0009037903947,3596.220995159725,0.027200295261307256,0.09461126666333049,5.728714788228517,-458.03696,8.628043,-10.120401,73.6476,8.551926,-5.2321606,-0.29799053,24.38792,8.481276,-27.31134,9.263589,16.319164,-4.593543
884,14.733333333333333,0.0020347019,0.0,6825.873311051414,642.5382823549796,1843.9560828404356,3208.113821201891,0.027200295261307256,0.09461126666333049,5.728714788228517,-527.9635,29.36484,16.593578,29.880375,22.73106,3.4479475,8.822356,19.363522,6.4356728,-3.8957233,8.849406,8.116618,-7.817608
885,14.75,0.00070821895,0.0,7291.867404227437,980.7597795749093,2107.068643943541,3123.2486205505984,0.027200295261307256,0.09461126666333049,5.728714788228517,-538.4818,31.372318,25.916464,19.358288,13.616606,9.458769,6.777296,5.264264,4.6215105,4.3675957,3.8955853,2.9398656,1.841686
886,14.766666666666667,0.0006801962,0.0,6929.003326332398,1071.9713293469053,1997.53217936567,3310.323903118456,0.027200295261307256,0.09461126666333049,5.728714788228517,-538.5365,30.82985,24.52351,17.834717,13.2872715,11.196104,10.379589,9.765591,9.129601,8.63692,8.243733,7.767205,7.2528157
887,14.783333333333333,0.0006304434,0.0,7020.900236793262,996.8686280366862,2014.2552855747708,3086.3038744906953,0.027200295261307256,0.09461126666333049,5.728714788228517,-540.9644,28.041977,23.061178,17.22168,12.572971,9.983206,9.0105095,8.592051,7.867335,6.5589128,4.8517494,3.096613,1.6313573
888,14.8,0.0005674271,0.0,7952.877169394898,1358.090584381327,2371.861936897488,3137.5758081824733,0.027200295261307256,0.09461126666333049,5.728714788228517,-547.43353,19.708958,16.986094,14.235292,12.525082,11.764774,11.128962,9.952435,8.176588,6.134487,4.1621323,2.4590595,1.1197562
889,14.816666666666666,0.00063887425,0.0,6684.978040374631,914.0218289592849,1968.8920363060072,3050.9817213405117,0.027200295261307256,0.09461126666333049,5.728714788228517,-532.7819,37.890694,29.171259,20.230347,14.181228,10.8211,8.466589,6.2653093,4.467363,3.3480928,2.7246714,2.3682015,2.2237365
890,14.833333333333334,0.008701784,0.0,2765.416215752812,646.058313137686,1729.3939922528812,2965.5692740982963,0.027200295261307256,0.09461126666333049,5.728714788228517,-386.5859,131.03897,-18.428003,-13.734531,12.060532,-13.314619,-14.121775,-3.7912645,-10.173901,-4.66237,-1.5012581,-10.093555,-4.9768047
891,14.85,0.038875084,0.0,2188.9096429661513,608.3968801140055,1709.409078699837,2616.9065849489616,0.027200295261307256,0.09461126666333049,5.728714788228517,-327.22122,160.66411,-24.392452,7.865511,27.38955,-14.266426,-5.279828,-2.236437,-14.043891,-3.3479276,-3.6542172,-8.326344,-5.623273
892,14.866666666666667,0.049085844,0.0,1134.7120282194344,414.6653927374705,1669.9015094578856,2562.262243734911,0.027200295261307256,0.09461126666333049,5.728714788228517,-278.0817,204.20016,-9.094426,19.233261,37.157394,5.780093,3.9398825,-11.364058,-17.746187,-12.808554,-18.321968,-10.352459,-1.597933
893,14.883333333333333,0.055669945,0.0,1213.684205166059,447.1233016070274,1713.8651099002352,2518.3365956795537,0.027200295261307256,0.09461126666333049,5.728714788228517,-314.7866,200.61978,-3.6478624,-10.976311,47.35167,32.50814,-6.652629,-16.25576,-2.658164,-2.0158937,-23.390862,-20.8078,7.7253466
894,14.9,0.12604228,0.0,1405.1453516485294,454.57375790004477,1762.448704166161,2472.6788093779683,0.027200295261307256,0.09461126666333049,5.728714788228517,-256.33087,231.05084,-25.575224,-26.096004,48.674065,44.7614,-20.567696,-40.285404,4.4661484,-4.5570855,-34.142365,-10.579035,3.249472
895,14.916666666666666,0.1961118,113.97635402081531,1263.7004681242436,456.8666501745124,1747.9185666782641,2381.89509411391,0.027200295261307256,0.09461126666333049,5.728714788228517,-226.12192,253.47284,-28.485077,-34.000404,44.869354,44.519142,-27.235626,-53.21804,-5.27824,-6.0453835,-34.088326,-10.943459,8.528301
896,14.933333333333334,0.2306815,114.44678135758808,1248.644622859162,466.14974476513214,1793.402200720977,2380.251874888397,0.027200295261307256,0.09461126666333049,5.728714788228517,-223.31554,250.17068,-30.414574,-31.118397,39.182514,40.697037,-26.3893,-55.532616,-9.404938,-6.213166,-24.130732,-9.479976,-1.9344357
897,14.95,0.21875547,116.6087753296446,1255.7566828952479,463.3284722467001,1822.1343520013288,2390.345058709695,0.027200295261307256,0.09461126666333049,5.728714788228517,-226.48529,244.80219,-31.117138,-31.6983,42.112854,35.99533,-28.430527,-46.652493,-18.367928,-2.2516437,-21.04058,-18.426632,-2.427708
898,14.966666666666667,0.17682113,118.52662779917769,1085.5955227308125,455.57579961846767,1786.9973503651604,2372.9744130287077,0.027200295261307256,0.09461126666333049,5.728714788228517,-260.0415,231.89941,-15.182677,-22.403645,43.060055,35.02385,-19.579214,-43.650658,-21.984154,-2.3927894,-23.768774,-25.854939,-6.066034
899,14.983333333333333,0.11807041,0.0,1007.6426480467317,448.00665697023766,1741.0746402660484,2398.6902256613257,0.027200295261307256,0.09461126666333049,5.728714788228517,-297.0047,219.60587,4.826507,-18.40498,35.878365,31.649973,-17.395012,-39.050957,-18.259155,-7.8028975,-23.560635,-22.79956,-7.4044704
900,15.0,0.06408834,0.0,796.9507322957553,412.81081379586453,1674.946115650184,2433.746908835081,0.027200295261307256,0.09461126666333049,5.728714788228517,-340.73196,203.83388,36.58426,-4.4864597,24.412403,25.36067,-6.5490274,-32.858337,-21.453384,-6.0656753,-22.505127,-25.833794,-4.3988276
901,15.016666666666667,0.041576244,0.0,1337.6884386732224,370.1068599322702,1972.1251714010587,2549.5996228320128,0.027200295261307256,0.09461126666333049,5.728714788228517,-405.17188,141.36075,40.235947,32.6922,33.256897,16.804594,7.323881,-12.362636,-24.430902,-15.836895,-12.871715,-17.37391,-12.399079
902,15.033333333333333,0.01598915,173.62186295682451,5015.696198379115,420.02910161847757,2382.256020907743,3215.171514571234,0.027200295261307256,0.09461126666333049,5.728714788228517,-395.00052,56.401974,2.9826508,79.26405,7.031893,4.5679703,8.766701,-8.485099,-14.158169,-5.6651464,-11.245869,-21.911163,-14.111769
903,15.05,0.008683628,0.0,6774.688298881622,593.0185913973818,2453.873282415594,3941.812934187284,0.027200295261307256,0.09461126666333049,5.728714788228517,-396.27237,7.082136,-20.67614,89.543785,-22.634163,4.608497,16.584602,-12.303957,-16.210354,-11.263226,-7.0420485,-11.840761,-8.31956
904,15.066666666666666,0.008311332,0.0,6775.563245548202,696.7128562966544,2524.123616708257,3984.0935824855014,0.027200295261307256,0.09461126666333049,5.728714788228517,-404.9857,4.954125,-21.51462,88.80626,-20.053387,3.2242575,18.022062,-12.349043,-6.5800786,2.0483694,-1.2634397,-11.568317,-6.812713
905,15.083333333333334,0.0059285085,0.0,6780.520666505377,788.3934489851631,2555.9121404809694,3998.687495771062,0.027200295261307256,0.09461126666333049,5.728714788228517,-422.80142,17.860025,-14.007185,79.67723,-12.865955,0.47278124,16.856102,-13.684194,-3.8207011,1.4906418,-2.643645,1.2972828,2.1970525
906,15.1,0.005235582,0.0,6572.094178491449,940.3590309497907,2496.6411156178706,3913.677728808055,0.027200295261307256,0.09461126666333049,5.728714788228517,-421.6625,16.812855,-16.607243,81.81569,-15.635544,-9.9152775,18.551144,-6.2652683,-8.06395,-4.241024,1.5703984,4.369632,-2.4956713
907,15.116666666666667,0.005367851,0.0,6463.461548841832,841.0917516343263,2318.925134539196,3762.4784406461326,0.027200295261307256,0.09461126666333049,5.728714788228517,-442.99152,-1.0171001,-23.753788,90.04302,-7.693109,-15.433254,22.416855,4.0491104,-0.39031768,3.4335282,11.574634,2.0267231,-0.49442756
908,15.133333333333333,0.004502028,0.0,6452.050153525075,704.8162994594012,2213.098806449812,3736.589048948476,0.027200295261307256,0.09461126666333049,5.728714788228517,-473.0994,-1.7615223,-11.721251,80.65817,-4.4317355,-15.035654,23.627375,5.625971,-10.23269,-3.0976286,13.313005,-1.3401247,-7.698123
909,15.15,0.0025839,0.0,6661.768912417538,890.2804795326872,2417.522653913832,3899.0177023532297,0.027200295261307256,0.09461126666333049,5.728714788228517,-495.87692,11.725864,-6.042413,57.51283,5.546405,-13.123482,24.795574,11.082481,-8.521615,0.40768802,8.365297,-5.656801,-7.1209955
910,15.166666666666666,0.0016216352,0.0,6085.2998943836665,980.5327023440198,2531.675506192411,3299.4904609844084,0.027200295261307256,0.09461126666333049,5.728714788228517,-499.5611,37.53441,12.034191,46.222286,16.779543,-9.596884,17.102184,13.604732,-8.025082,0.95654845,12.51867,1.5212138,-2.6760826
911,15.183333333333334,0.0012869413,0.0,4963.488346472381,511.1197867121399,1970.1911569315398,2524.6560998360196,0.027200295261307256,0.09461126666333049,5.728714788228517,-505.9096,62.983055,38.402397,27.575384,16.108257,3.8945093,2.0258799,1.4326806,-1.3445961,1.477076,3.7708864,1.1834731,3.2738497
912,15.2,0.00094729266,0.0,6718.96146784945,645.0271021167739,1879.012848959698,2987.346125447886,0.027200295261307256,0.09461126666333049,5.728714788228517,-536.2976,34.01481,27.58424,20.362602,14.94868,12.0194,10.557018,9.21501,7.4137735,5.3549585,3.3665252,1.5131817,-0.17458664
913,15.216666666666667,0.00075705815,0.0,6234.357445624519,1033.480455572811,2245.7141602493753,3333.922068631152,0.027200295261307256,0.09461126666333049,5.728714788228517,-537.8281,32.359642,27.065931,20.78904,15.596184,12.321239,10.544889,9.384158,8.268276,7.1172147,6.016527,4.8928413,3.5336812
914,15.233333333333333,0.00062841625,0.0,6951.041118348181,1063.816133376911,2180.3696352184147,3216.3928957573,0.027200295261307256,0.09461126666333049,5.728714788228517,-539.92206,29.01099,22.828997,15.723642,10.205088,7.378719,7.0044417,8.013201,8.933775,8.467325,6.3033667,3.459147,1.5089161
915,15.25,0.0006429167,0.0,7764.066035269247,1157.2391397846752,2124.3927622732035,2958.7451254062876,0.027200295261307256,0.09461126666333049,5.728714788228517,-542.2065,26.299088,21.43222,15.901344,11.638798,9.133728,7.586524,6.0253086,4.2810154,2.9742837,2.6642556,3.0860338,3.2581306
916,15.266666666666667,0.0006901294,0.0,7039.065587988816,1255.3819601884645,2146.829978250504,3102.623647214777,0.027200295261307256,0.09461126666333049,5.728714788228517,-542.92694,25.388199,20.876043,15.987621,12.671722,11.461935,11.545839,11.562477,10.483803,8.216164,5.666155,4.1082726,4.2000422
917,15.283333333333333,0.0008774267,0.0,6476.328327223587,1249.410561674694,2046.6130046921837,3021.8138919275166,0.027200295261307256,0.09461126666333049,5.728714788228517,-533.5498,36.25083,26.012993,15.402113,9.125544,8.0271,9.391983,9.83118,8.06245,5.3748283,3.8326774,4.1635494,5.20933
918,15.3,0.00074116,0.0,6069.429423294008,1215.792320956438,1917.0939951994512,2937.7860366460777,0.027200295261307256,0.09461126666333049,5.728714788228517,-535.229,34.833263,27.377018,20.440445,16.589512,14.997108,13.691263,11.80232,9.7514305,8.287161,7.589499,6.8650856,4.942527
919,15.316666666666666,0.0007826466,0.0,7282.891801550735,864.3431899657701,1901.9204933846463,3170.8857601290038,0.027200295261307256,0.09461126666333049,5.728714788228517,-535.74146,33.94599,25.741667,17.228062,11.438608,8.454508,6.9191694,5.973962,5.364292,4.548911,2.8571804,0.67129475,-0.36554396
920,15.333333333333334,0.00085801916,0.0,6274.0127475493355,864.4850230934707,2077.530570335663,3032.3774286302405,0.027200295261307256,0.09461126666333049,5.728714788228517,-531.9022,38.881638,29.899748,21.500082,16.712725,14.182793,11.325495,7.928507,5.8283124,5.7623663,5.9989204,4.572193,1.9560456
921,15.35,0.0008889576,0.0,6305.0294307525855,1178.56584928048,2333.737154003182,3077.013198092787,0.027200295261307256,0.09461126666333049,5.728714788228517,-528.8172,42.222492,30.571373,19.10359,12.610748,10.791054,10.2500725,8.634436,6.451129,5.349398,5.5598783,5.560901,4.043795
922,15.366666666666667,0.00071515073,0.0,6624.682233104736,929.666833723085,1947.9054168752273,3183.1589286887743,0.027200295261307256,0.09461126666333049,5.728714788228517,-527.1013,43.616905,29.265774,14.461642,5.237089,2.1855888,2.010541,1.6133468,0.45825592,-0.26399675,0.27461156,1.6313095,2.764123
923,15.383333333333333,0.0007207228,0.0,6162.026246011812,656.3674478326343,1627.509751943128,2825.418361919988,0.027200295261307256,0.09461126666333049,5.728714788228517,-520.3701,50.151764,30.412937,14.004906,8.164671,8.59929,7.10349,1.0428407,-5.262663,-6.630595,-2.8426938,1.5985816,2.747356
924,15.4,0.0008680786,0.0,5378.757874445395,706.3788482611278,1706.9257731266964,2832.1964262471656,0.027200295261307256,0.09461126666333049,5.728714788228517,-510.14093,58.118225,25.751245,2.7597256,-0.014777422,6.256313,5.8888927,-3.6898708,-12.106112,-9.648157,1.8564401,11.686636,12.188358
925,15.416666666666666,0.0010766217,0.0,5285.169790230217,646.7036861525379,1683.7775032804825,2893.124412547134,0.027200295261307256,0.09461126666333049,5.728714788228517,-504.69757,64.4806,29.621254,5.0178137,1.6340266,8.206504,9.548989,2.2245977,-5.5444264,-5.4415703,0.65758157,3.912981,1.0131754
926,15.433333333333334,0.0013194882,0.0,4626.9879714864455,681.4482575281804,1652.0906780757434,2949.7412441746956,0.027200295261307256,0.09461126666333049,5.728714788228517,-498.70508,70.07071,29.90029,3.218394,1.7953265,10.21879,10.728593,1.7338912,-6.381736,-5.439477,2.4598813,8.427763,7.0011435
927,15.45,0.0013422086,0.0,4332.295562425856,700.0293461909966,1712.1017631321567,2879.9259085462922,0.027200295261307256,0.09461126666333049,5.728714788228517,-494.24442,74.10128,30.100882,2.1927485,1.5062952,10.036401,10.587675,3.1038795,-3.711137,-4.013899,1.3828404,6.239428,5.1164303
928,15.466666666666667,0.001216011,0.0,4020.2612778489474,771.8136167084225,1708.0798703584142,2841.405023861996,0.027200295261307256,0.09461126666333049,5.728714788228517,-488.56824,76.46086,23.809183,-5.5164413,-3.8092546,4.432004,3.233336,-5.2808695,-12.687458,-11.166906,-0.7182188,8.066706,7.3158073
929,15.483333333333333,0.0012406654,0.0,4094.036487984332,849.3485223563353,1657.498844144785,2779.618596703794,0.027200295261307256,0.09461126666333049,5.728714788228517,-486.9904,77.23984,20.461987,-12.206486,-8.620426,3.7290194,3.115993,-5.697667,-9.662713,-5.2044053,3.180686,9.464712,9.28005
930,15.5,0.0012208053,0.0,4373.358585475351,758.428103073853,1704.4934640703473,2755.2677068791627,0.027200295261307256,0.09461126666333049,5.728714788228517,-486.2887,75.61223,19.944881,-3.0969887,2.9214818,3.7463472,-4.7385597,-7.5236206,-4.7582426,-2.3563676,2.694733,8.895092,6.8399873
931,15.516666666666667,0.0012661383,0.0,4670.049678946152,676.1732447401766,1746.0526486477172,2840.329340173482,0.027200295261307256,0.09461126666333049,5.728714788228517,-489.59555,71.34413,17.683136,-3.0740638,2.5925684,2.9032676,-3.3108459,-6.176203,-8.916664,-8.976412,1.7730106,13.355463,11.003822
932,15.533333333333333,0.0012036231,0.0,4676.13106002761,713.420118568054,1744.0761475351003,2808.285518703684,0.027200295261307256,0.09461126666333049,5.728714788228517,-494.83636,69.20729,22.333977,0.71144897,4.693004,8.158822,3.6062446,-1.1986607,-3.3433433,-1.7035522,4.8454094,9.358695,4.965939
933,15.55,0.0011580631,0.0,4472.721587087301,667.2135099291708,1697.0138171621622,2871.323545193702,0.027200295261307256,0.09461126666333049,5.728714788228517,-493.38208,70.90442,23.740211,2.112913,5.2059402,7.7775807,4.4862275,1.050988,-4.320343,-9.518858,-6.4096413,1.591942,3.5274549
934,15.566666666666666,0.0010843254,0.0,4663.501884657615,656.2940393315196,1627.6466708034366,2914.1980483275643,0.027200295261307256,0.09461126666333049,5.728714788228517,-498.73123,64.87126,20.217995,0.44340315,7.3562818,16.33433,16.164623,8.261928,-4.1291075,-11.243777,-5.373715,3.685894,2.5216413
935,15.583333333333334,0.0009190435,0.0,5043.97978251262,744.726464946812,1684.8244907434669,2875.696844837983,0.027200295261307256,0.09461126666333049,5.728714788228517,-497.72565,64.16994,15.853142,-5.0463758,2.3479085,9.378067,6.3409724,1.250684,-2.436853,-3.100739,2.9097779,9.91535,6.5544915
936,15.6,0.0008584574,0.0,5126.884209384692,721.9885017628737,1685.6391008149626,2815.6682396348547,0.027200295261307256,0.09461126666333049,5.728714788228517,-499.92545,63.34754,17.854511,-4.3329134,0.19373393,6.29461,2.4322977,-4.961416,-9.512554,-8.393871,-1.4150705,4.805959,3.1846383
937,15.616666666666667,0.0008616496,0.0,5723.234668635307,654.6585109413438,1667.5172861881674,2766.7704290340043,0.027200295261307256,0.09461126666333049,5.728714788228517,-508.9672,56.92035,21.064991,0.019626945,1.2417208,7.6587086,5.271061,-3.9616845,-10.979086,-10.054285,-2.49618,4.378624,4.0525
938,15.633333333333333,0.0008359714,0.0,5143.141706062777,664.7131734552361,1698.9821550943377,2807.487284636034,0.027200295261307256,0.09461126666333049,5.728714788228517,-508.62253,61.38836,31.722185,10.385127,5.108433,6.029456,3.6026073,-1.9275397,-6.187171,-6.78644,-3.660425,1.0936097,3.8818898
939,15.65,0.0009582533,0.0,5666.859126301595,581.680394490702,1705.2957913833736,2796.838254196865,0.027200295261307256,0.09461126666333049,5.728714788228517,-516.42395,53.07089,28.604626,11.285106,9.7224045,14.60232,12.168613,0.42198244,-10.169617,-10.043708,-1.2889441,5.742688,4.4548626
940,15.666666666666666,0.00087161746,0.0,5366.543849332565,616.8096029125784,1687.1018218141623,2877.3739470448195,0.027200295261307256,0.09461126666333049,5.728714788228517,-519.1576,50.545197,28.561367,11.961433,8.529018,11.625595,10.907638,4.2010484,-2.3351927,-2.9545746,1.4709282,5.562204,5.757826
941,15.683333333333334,0.0007719143,0.0,5362.652383552315,790.9934691777958,1721.893286603951,3036.087271050107,0.027200295261307256,0.09461126666333049,5.728714788228517,-525.2475,43.84102,25.524525,10.776584,6.4992085,8.299284,8.154873,4.083123,0.7280915,2.0076041,6.0359573,8.057006,6.458355
942,15.7,0.0008843608,0.0,4788.356552592476,773.5527127329979,1731.9861354113032,3175.142705323851,0.027200295261307256,0.09461126666333049,5.728714788228517,-523.7821,46.030327,27.84438,13.020586,8.784975,11.196199,11.897804,7.814616,2.9381995,1.8511944,4.059766,5.665062,4.9605837
943,15.716666666666667,0.0008860411,0.0,5406.209576212951,614.8232843971148,1744.6058134515783,3012.428629721148,0.027200295261307256,0.09461126666333049,5.728714788228517,-524.3142,46.5775,31.231976,17.902403,11.298019,8.683941,5.9809923,2.269797,-0.6688342,-0.67995274,2.495133,6.127579,6.8370256
944,15.733333333333333,0.00078485685,0.0,6129.8903045370525,533.0765255552467,1803.675084306453,3042.3002178316688,0.027200295261307256,0.09461126666333049,5.728714788228517,-531.7229,39.782734,31.873854,23.347607,16.628986,11.269131,5.8814745,0.52063835,-3.2952785,-4.4956875,-3.721458,-2.581091,-2.0464652
945,15.75,0.0008023696,0.0,5786.86575969822,689.2918014162215,1827.6776072092223,3054.0032455409055,0.027200295261307256,0.09461126666333049,5.728714788228517,-531.12366,39.8388,30.801495,22.942455,18.886688,15.9539175,10.621617,3.4051962,-1.708271,-2.1000276,0.5739567,2.6770308,2.7382889
946,15.766666666666667,0.000745565,0.0,5335.750872706058,846.868140950588,1972.1801714401834,3222.9249144173473,0.027200295261307256,0.09461126666333049,5.728714788228517,-530.0842,41.76998,32.915855,23.1726,15.801641,11.248056,8.220728,5.715643,3.7071147,2.4142907,1.6965691,1.3555133,1.4945412
947,15.783333333333333,0.00068808015,0.0,6907.965253648253,609.115291392503,1912.5728267809911,3201.0630356644783,0.027200295261307256,0.09461126666333049,5.728714788228517,-537.9571,31.69817,25.331253,18.14946,12.699238,9.608432,7.811284,5.98847,3.7845821,1.8206427,0.7848577,0.6699147,0.8603128
948,15.8,0.0006169403,0.0,6773.606970990445,473.06644367132947,1848.512295474947,2856.860780673514,0.027200295261307256,0.09461126666333049,5.728714788228517,-534.79083,35.655746,28.328943,20.70679,15.289578,11.681917,8.288003,4.743428,2.2746744,1.9638588,3.2548819,4.3841987,4.0400357
949,15.816666666666666,0.0007879466,0.0,6814.67699198178,830.8551211319268,2284.0352935945066,3169.965744008993,0.027200295261307256,0.09461126666333049,5.728714788228517,-535.1422,35.052032,27.087696,17.920137,10.601485,6.2144504,4.2001863,3.4725404,3.239543,3.2690177,3.6915855,4.481541,5.066105
950,15.833333333333334,0.0008098835,0.0,5699.011045589828,1054.8957495512086,2234.2990687223623,3063.769086383063,0.027200295261307256,0.09461126666333049,5.728714788228517,-532.3594,39.28177,31.80849,22.689768,14.915468,10.046047,7.7985463,6.7945194,5.7777643,4.4150534,3.2337961,2.915959,3.5702448
951,15.85,0.0007867988,0.0,6767.56279368055,932.8536641773992,2080.56512391015,3004.3460351437425,0.027200295261307256,0.09461126666333049,5.728714788228517,-538.708,31.454174,26.877602,21.052044,15.609892,11.553406,9.126589,8.06989,7.882806,7.943104,7.607523,6.417801,4.3313813
952,15.866666666666667,0.0005117052,0.0,7205.779584630615,912.051040907045,2047.485250556045,2939.7143793265946,0.027200295261307256,0.09461126666333049,5.728714788228517,-538.4909,31.565037,26.473505,19.953217,13.737672,8.924165,5.8727636,4.302566,3.4143836,2.260628,0.37030602,-1.891257,-3.6543334
953,15.883333333333333,0.00061940623,0.0,7605.404783608077,1273.006996568397,2169.4871926961323,2852.9929059256087,0.027200295261307256,0.09461126666333049,5.728714788228517,-539.64575,29.37695,23.396137,17.155226,13.000305,11.009838,9.798003,8.225812,6.2183423,4.315667,2.9380307,2.1651626,1.8490779
954,15.9,0.0006068225,0.0,6782.159832487467,1135.3351235925495,2190.2237894295868,2852.94668787346,0.027200295261307256,0.09461126666333049,5.728714788228517,-535.8712,34.25331,27.377338,20.501232,15.764468,12.488148,9.331308,6.2764096,4.0840673,2.7608862,1.6291586,0.6744004,0.72475815
955,15.916666666666666,0.0005820602,0.0,7143.32054421168,659.1847249414386,1853.7891022980805,2969.305307041196,0.027200295261307256,0.09461126666333049,5.728714788228517,-539.7951,30.00739,25.706215,20.362038,15.603916,12.242133,10.014048,8.028108,5.54698,2.554793,-0.25372946,-1.9997061,-2.2515397
956,15.933333333333334,0.0005506368,0.0,7411.029774158419,485.4263946571292,1616.3639009280364,2878.714193564645,0.027200295261307256,0.09461126666333049,5.728714788228517,-539.8482,29.894377,25.541142,20.175797,15.238455,11.182052,7.627671,4.1718235,1.0149716,-1.164537,-1.8971989,-1.44785,-0.6562056
957,15.95,0.0005564671,0.0,6923.454624109038,297.76954004757033,1533.4989195259893,2844.808682240145,0.027200295261307256,0.09461126666333049,5.728714788228517,-541.30084,27.553661,22.860558,18.06843,14.893741,12.925289,10.529558,6.8470516,2.808971,0.1862449,-0.2816776,0.2758276,-0.08761376
958,15.966666666666667,0.0006559315,0.0,6779.140755895203,417.6167986479895,1781.3389384107136,3019.381044351797,0.027200295261307256,0.09461126666333049,5.728714788228517,-538.7985,31.540798,27.633041,22.877449,18.546768,14.965025,11.749182,8.593135,5.738059,3.6935503,2.59868,1.9746758,1.1674788
959,15.983333333333333,0.00081793824,0.0,6439.936601288726,930.2641535528677,2202.6775590158436,3256.6071199390294,0.027200295261307256,0.09461126666333049,5.728714788228517,-537.9712,32.65721,28.442211,22.953592,17.727009,13.808974,11.4040985,9.98484,8.745362,7.10806,5.003585,2.8138213,1.074551
960,16.0,0.00089268916,0.0,6127.585827865175,1113.0639075507834,2376.20311118336,3038.3909439284334,0.027200295261307256,0.09461126666333049,5.728714788228517,-536.76196,33.518448,27.470282,20.454697,14.5160885,10.343628,7.9234877,7.1096954,7.4414196,8.0060425,7.9262414,6.897779,5.1692934
961,16.016666666666666,0.0008294637,0.0,6747.081802639801,886.9640123581241,2128.2283307610196,2744.423685034856,0.027200295261307256,0.09461126666333049,5.728714788228517,-534.7829,37.020782,32.396538,26.2403,19.975025,14.50349,10.113546,6.741062,4.234047,2.4299748,1.1467254,0.24513006,-0.27201998
962,16.033333333333335,0.00085401017,0.0,7126.9112458500695,699.7778031867294,1922.0344081450178,2998.7713296966326,0.027200295261307256,0.09461126666333049,5.728714788228517,-533.8991,37.837,32.302547,25.5554,19.45958,14.610441,10.603306,7.053957,4.2418284,2.7679956,2.7041728,3.2255661,3.1749027
963,16.05,0.0008329361,0.0,5973.588091630385,764.4471817488095,2087.1549586522306,3100.66097705596,0.027200295261307256,0.09461126666333049,5.728714788228517,-532.4097,39.829506,33.82583,26.137882,18.962147,13.624794,10.176897,7.7660656,5.443947,2.8395653,0.29455185,-1.5322423,-2.2304165
964,16.066666666666666,0.00087630935,0.0,5714.577436010087,651.4198645233694,1908.9104577847845,3273.421591773123,0.027200295261307256,0.09461126666333049,5.728714788228517,-533.4251,38.506172,32.87469,25.78516,19.1362,13.789712,9.579493,6.002899,2.860238,0.3608958,-1.1898772,-1.7060633,-1.3945473
965,16.083333333333332,0.00072302023,0.0,6525.7254472245695,1156.3811321241224,2226.446509270146,3689.8424920151647,0.027200295261307256,0.09461126666333049,5.728714788228517,-538.8374,31.02389,26.164581,20.842655,16.83833,14.246141,11.994759,9.130882,5.654316,2.443705,0.5779424,0.56553143,1.9359391
966,16.1,0.0007525605,0.0,6723.635949690527,1218.5049268289702,2442.0857673722494,3369.0458422006363,0.027200295261307256,0.09461126666333049,5.728714788228517,-539.5816,29.995419,25.110445,19.641726,15.6024,13.425873,12.004265,9.896502,6.661225,3.2323513,1.0917443,0.98692644,2.2758415
967,16.116666666666667,0.000748524,0.0,6648.673525832934,1188.98924347868,2386.97667229951,3138.7751004029383,0.027200295261307256,0.09461126666333049,5.728714788228517,-538.6778,31.375584,26.692017,21.27063,16.893877,13.999189,11.815214,9.405716,6.6122,4.0982604,2.589243,2.114101,1.9621766
968,16.133333333333333,0.00077877403,0.0,6740.786880802225,1132.1122815617632,2181.935508835474,3333.7725832056976,0.027200295261307256,0.09461126666333049,5.728714788228517,-536.80615,33.99762,29.164852,23.371181,18.495136,15.282546,13.210368,11.21793,8.648504,5.6794767,3.0117154,1.1900246,0.15309328
969,16.15,0.0007608766,0.0,6974.182650853929,1178.7359208390153,2071.6275871629,3165.0239565955526,0.027200295261307256,0.09461126666333049,5.728714788228517,-536.34625,33.48304,26.253822,18.89367,14.144077,11.927525,10.70283,9.4873295,8.282344,7.1959767,6.025114,4.7836165,3.963242
970,16.166666666666668,0.00077812816,0.0,6826.109700706922,1055.4383368152896,2085.594346211375,3091.0280817928747,0.027200295261307256,0.09461126666333049,5.728714788228517,-527.44745,43.44462,30.25557,17.31424,9.349133,5.6383233,3.4884152,2.02527,1.8352382,2.4756792,2.280723,0.6345953,-1.0484743
971,16.183333333333334,0.018842787,0.0,2589.257944594905,820.3838141720261,2007.7044278468131,3055.278924630204,0.027200295261307256,0.09461126666333049,5.728714788228517,-331.85214,164.87717,1.686647,-6.1789947,1.3317426,-22.056175,-14.390272,-5.7155294,-5.9123898,-11.437656,-6.294056,-7.354822,-14.100433
972,16.2,0.102052785,0.0,3525.572468211573,690.8195079574954,1704.909527392041,2858.5236620217183,0.027200295261307256,0.09461126666333049,5.728714788228517,-243.08374,139.74481,-8.561816,13.188036,9.043405,-24.699406,-9.369734,-0.93967766,-8.309018,-8.339428,-6.673485,-4.510744,-13.812298
973,16.216666666666665,0.1879612,0.0,1078.293567910133,538.283957220199,1257.759440744471,2528.4317132198603,0.027200295261307256,0.09461126666333049,5.728714788228517,-198.66602,250.86179,-11.685041,-6.4518566,15.961716,-12.493262,-17.389019,-12.8862915,1.9548057,-1.8026348,-31.424871,-26.115677,-0.31313497
974,16.233333333333334,0.23264042,110.50359109733448,1053.7173550780146,575.4113621410161,1175.2354272859802,2481.960205837249,0.027200295261307256,0.09461126666333049,5.728714788228517,-197.42596,268.5627,-12.894976,-11.527401,5.8777394,-17.584381,-26.426765,-19.380913,13.412605,9.564114,-35.60543,-31.512112,8.227467
975,16.25,0.2424887,110.50118380313135,1050.4261941002364,603.4742069734968,1149.677118969979,2471.3697448098173,0.027200295261307256,0.09461126666333049,5.728714788228517,-214.59256,264.70514,-10.1299095,-17.011961,8.974289,-17.78226,-30.72785,-24.059029,12.013538,15.018578,-28.452484,-30.67456,8.794365
976,16.266666666666666,0.24357364,110.02327307691402,1035.248577881839,591.1473917258365,1196.970114077437,2440.1679986526674,0.027200295261307256,0.09461126666333049,5.728714788228517,-210.5378,270.00787,-13.309911,-24.692295,9.718115,-12.021782,-26.488857,-24.387209,10.800158,11.690518,-37.62393,-29.511076,15.509998
977,16.283333333333335,0.20865947,110.1397617175974,1054.34702185733,554.227922375725,1318.0075826263617,2456.9144000326255,0.027200295261307256,0.09461126666333049,5.728714788228517,-209.92017,265.831,-17.277649,-25.343254,8.885667,-2.9128277,-17.134933,-29.432667,4.1055717,4.8090725,-46.96768,-27.854324,19.458738
978,16.3,0.13213265,110.54196371321416,1005.2012196890715,500.3258760839025,1577.742571417608,2554.494561267066,0.027200295261307256,0.09461126666333049,5.728714788228517,-252.75693,244.54942,0.65511966,-15.065496,21.939608,15.327917,-9.355296,-23.58387,5.0579214,-2.0994341,-37.163643,-8.9537525,18.098354
979,16.316666666666666,0.050714917,0.0,1646.4024830915464,506.31427577202436,1796.51574269614,2590.9606051943792,0.027200295261307256,0.09461126666333049,5.728714788228517,-347.03592,164.73434,1.8361335,17.627644,47.599445,21.281605,-10.823355,-14.870208,9.088853,-1.5220469,-21.645706,2.666203,12.041536
980,16.333333333333332,0.012306817,0.0,2707.8852611101292,582.4943026860745,1960.4096437489327,2541.9751593518413,0.027200295261307256,0.09461126666333049,5.728714788228517,-445.01132,109.91862,21.161665,2.4596343,26.01271,16.757776,-13.114469,-12.780241,6.0681925,3.7791796,-10.720972,-7.0860577,9.80109
981,16.35,0.028553512,0.0,2277.2997872366773,709.6245853809503,2286.345486203148,2733.100871671211,0.027200295261307256,0.09461126666333049,5.728714788228517,-290.26025,174.64178,-52.11103,-33.86325,26.355827,5.9856596,-38.284393,-33.116158,0.9112716,2.7196522,-21.024221,-6.0674157,-4.7670007
982,16.366666666666667,0.03213217,0.0,3260.4887672086807,820.3562145581411,2335.526486433898,2891.711703969136,0.027200295261307256,0.09461126666333049,5.728714788228517,-237.79153,133.18057,-54.531322,7.805861,10.884483,-3.1145291,-32.860146,-25.444809,8.502636,9.082498,-20.145111,8.773397,-0.011869788
983,16.383333333333333,0.023960896,0.0,5363.862740182906,897.170921503085,2321.5869871207183,2927.843098259661,0.027200295261307256,0.09461126666333049,5.728714788228517,-254.55399,48.78501,-65.71458,26.371689,16.47089,-6.9129744,-31.724384,-31.75195,-1.5602893,4.1893167,-25.631407,15.4795885,-0.19144651
984,16.4,0.021005785,0.0,5397.955783538403,1339.7374244076905,2474.9273610700607,3139.8456423137327,0.027200295261307256,0.09461126666333049,5.728714788228517,-276.3542,47.536236,-65.62245,32.726723,24.565536,-3.8609571,-23.96464,-25.527527,2.4830616,13.503426,-22.48999,17.172623,-1.2204968
985,16.416666666666668,0.017105905,0.0,3596.043736920251,1158.202816716782,2504.770733543471,3259.4571034877213,0.027200295261307256,0.09461126666333049,5.728714788228517,-326.51318,91.29674,-29.949213,63.199062,58.938503,7.9794006,-15.488291,-14.54895,6.564405,5.655078,-16.489069,5.4210334,-7.601535
986,16.433333333333334,0.01551146,0.0,2782.1353148215157,298.6201603431819,2471.348977467903,3126.1759556135735,0.027200295261307256,0.09461126666333049,5.728714788228517,-426.40515,91.23027,1.6337354,55.685894,70.75401,19.085052,-8.63162,-7.378186,3.5086775,-7.891958,-20.171608,-0.23274747,-3.845907
987,16.45,0.009093151,0.0,1576.656966032313,258.3676870863872,2230.2884661352973,3030.630198747125,0.027200295261307256,0.09461126666333049,5.728714788228517,-470.71576,100.38573,58.976234,53.174362,50.031303,19.560028,-1.2946815,7.9689198,8.849451,-12.370426,-19.31612,-5.109055,-3.1469746
988,16.466666666666665,0.009832822,0.0,2943.2482705556326,241.84680874324272,1814.309886484481,2936.6605010229046,0.027200295261307256,0.09461126666333049,5.728714788228517,-502.54446,76.62175,59.117817,42.435593,31.51194,23.636103,14.852783,5.022151,-2.999186,-6.707654,-6.093299,-3.6266952,-2.284761
989,16.483333333333334,0.022334818,0.0,1329.9909488265314,257.5301447837959,1945.1688213147072,2701.9940382551217,0.027200295261307256,0.09461126666333049,5.728714788228517,-477.72943,107.35185,79.81789,52.69385,33.00428,18.214394,6.3955984,-0.6654104,-2.9281323,-3.5896864,-4.2487516,-3.3434181,-0.44996178
990,16.5,0.039232727,0.0,1423.7706621318434,353.7530334963328,2145.660579302729,2630.262783864534,0.027200295261307256,0.09461126666333049,5.728714788228517,-325.40173,176.10414,9.119789,26.738668,51.90656,3.6396565,-9.392279,-3.8413749,1.910083,1.3617358,-5.743802,-11.97946,-15.418905
991,16.516666666666666,0.062987156,0.0,1549.095829208683,345.1965030510934,2076.811275740782,2626.1829875212293,0.027200295261307256,0.09461126666333049,5.728714788228517,-305.37915,163.68161,-10.51226,45.743324,67.64602,12.801303,-9.22654,-13.243777,0.73205245,2.5763469,-12.256996,-16.416973,-17.373291
992,16.533333333333335,0.08426263,111.13403482529458,1360.2760288726001,324.03979042013646,2151.734371089969,2649.1846263122197,0.027200295261307256,0.09461126666333049,5.728714788228517,-295.32462,168.3211,-17.924322,49.188255,73.76215,19.995502,-11.116421,-16.174318,-0.44209677,5.319829,-14.311459,-16.349045,-13.573625
993,16.55,0.08160843,108.05806369300844,1502.6147870273917,317.6628455220304,2152.1987731581216,2661.9176869198454,0.027200295261307256,0.09461126666333049,5.728714788228517,-301.11652,150.22507,5.9540606,59.433887,69.443085,16.410532,-10.36149,-15.272228,-4.0613775,9.0564,-11.506696,-13.982697,-22.561989
994,16.566666666666666,0.055161238,106.00372703640261,4850.626817237137,303.346854149869,2077.3182320368805,2685.2273729937124,0.027200295261307256,0.09461126666333049,5.728714788228517,-270.81424,69.47938,19.405365,68.8272,45.551064,19.451923,-2.963297,-5.650285,-9.235658,15.685478,-6.538186,-1.6456082,-24.029274
995,16.583333333333332,0.02379922,0.0,10005.572856547677,525.9811977307083,2006.1460693029203,2745.6203084768417,0.027200295261307256,0.09461126666333049,5.728714788228517,-259.6175,1.9728026,12.757887,39.413605,8.608437,25.112255,-11.146015,-5.192073,-5.2702684,10.135811,-3.2354634,11.826522,-10.976585
996,16.6,0.0231551,0.0,10781.675422921518,881.6239193495749,2011.0448701286016,2859.9405724795815,0.027200295261307256,0.09461126666333049,5.728714788228517,-261.31982,-28.766558,6.2084913,26.361542,-20.122093,18.791676,-14.989367,-10.749424,-9.142508,11.401892,-7.9096766,4.5639343,-4.2959776
997,16.616666666666667,0.024573404,0.0,10217.688232249504,943.8656403586152,2238.9525827176167,3054.781083457859,0.027200295261307256,0.09461126666333049,5.728714788228517,-260.55676,-36.757786,0.6455203,39.5477,-30.045368,11.733392,-14.303141,-7.7258387,-7.78359,11.501288,-7.521227,5.775926,-1.2904407
998,16.633333333333333,0.021530526,0.0,9394.425683768015,1115.975769596825,2587.522606791381,3478.8386539236812,0.027200295261307256,0.09461126666333049,5.728714788228517,-268.2617,-22.681704,-10.600982,48.611725,-22.291733,0.34378755,-5.7760873,2.4935546,-7.814927,9.886458,-5.3879967,0.5599307,-10.289047
999,16.65,0.033728477,0.0,7648.938217498751,970.0133480692095,2147.359768941748,3246.854991367498,0.027200295261307256,0.09461126666333049,5.728714788228517,-257.48047,32.317657,-10.690173,49.45835,-2.1774044,2.8483653,-3.149965,1.1201391,-17.26109,2.9895227,1.6969868,8.75972,-11.3107395
1000,16.666666666666668,0.12091055,0.0,1364.0521997028184,490.60712177190766,1534.7228372628388,2503.2854019147862,0.027200295261307256,0.09461126666333049,5.728714788228517,-205.61995,203.89514,-2.200581,13.576519,-3.0370219,1.6442995,-2.5024934,-14.780459,-19.407402,-14.158215,-16.595993,-13.729723,-8.264995
1001,16.683333333333334,0.18833263,115.89544147290897,951.4111179815789,503.6603376875203,1374.4509377000848,2427.6489719819942,0.027200295261307256,0.09461126666333049,5.728714788228517,-217.98059,245.44583,-0.52793926,0.051219106,5.6885843,-10.090374,-13.725109,-19.150642,-7.1881437,-14.776911,-24.503834,-17.299282,1.5609779
1002,16.7,0.22805244,118.31589679799609,983.5716899923883,549.6342917247123,1377.5389430109733,2444.04914920997,0.027200295261307256,0.09461126666333049,5.728714788228517,-216.9139,258.25256,3.9804578,-25.62468,-1.7596604,-9.877784,-13.274582,-20.022846,-9.327902,-14.168528,-25.074924,-14.576146,6.8426895
1003,16.716666666666665,0.2442765,117.82034847349738,1200.3925765379608,563.976110633448,1536.0176861227621,2455.497604199465,0.027200295261307256,0.09461126666333049,5.728714788228517,-194.06421,258.37308,-21.197529,-39.9841,17.753948,10.484146,-19.70047,-37.069496,-8.75194,-6.2657537,-23.714901,-12.082082,4.3307514
1004,16.733333333333334,0.25140005,118.62495622620348,1461.537738349752,519.1099063229227,1778.4468150543553,2551.704823341567,0.027200295261307256,0.09461126666333049,5.728714788228517,-173.77458,245.55869,-48.14913,-19.316565,38.609016,14.829548,-31.273998,-35.719944,-1.7762752,-8.380195,-21.11753,-10.660612,-4.2048273
1005,16.75,0.24090004,119.74054722139978,1541.5894564215691,467.2038134730328,1972.67607537497,2687.2619891071377,0.027200295261307256,0.09461126666333049,5.728714788228517,-182.21059,229.02448,-55.09276,-2.7229848,53.801613,21.178677,-30.076569,-42.955784,-0.26334962,-9.133251,-22.738443,-19.55163,-4.343144
1006,16.766666666666666,0.20900166,120.6008558409587,1497.5854529373223,442.4200856902022,2087.5799172974475,2775.5819817263623,0.027200295261307256,0.09461126666333049,5.728714788228517,-218.58653,221.85458,-42.285423,6.194166,57.376472,12.831788,-40.75875,-36.727478,3.223798,-4.6079035,-25.357323,-23.970947,-6.7146544
1007,16.783333333333335,0.15925151,121.57042563888832,1313.4052705008105,411.29119191881887,2168.941329036046,2802.098343229335,0.027200295261307256,0.09461126666333049,5.728714788228517,-259.38824,214.31046,-19.144321,16.843384,71.919556,15.8634405,-48.021408,-29.704437,6.5340023,-3.6347194,-23.16649,-17.935768,-11.68052
1008,16.8,0.12979798,123.5241127445295,942.015631390359,382.8283066275089,1777.4776424498455,2636.3607086227776,0.027200295261307256,0.09461126666333049,5.728714788228517,-296.78525,216.63275,6.8790264,4.479374,58.463646,18.8132,-33.174187,-23.19796,2.2155232,2.322023,-21.375168,-23.825104,-2.2729156
1009,16.816666666666666,0.112476505,127.54978012370081,850.5873104909729,366.88213911714445,1099.053696429766,2410.879777577839,0.027200295261307256,0.09461126666333049,5.728714788228517,-329.2628,209.60916,29.233309,-3.3335576,36.283806,22.91977,-18.179638,-24.737968,1.416503,8.938469,-22.662601,-33.601368,2.526651
1010,16.833333333333332,0.10810936,130.08041039430964,831.0513948398414,379.7075598039433,941.3793312418535,2421.931737665839,0.027200295261307256,0.09461126666333049,5.728714788228517,-337.25165,205.40373,34.27053,-0.9745356,32.99324,23.092945,-15.739071,-28.001827,0.23656058,16.075567,-20.060513,-39.188766,0.4800711
1011,16.85,0.10279808,133.09474990303295,879.25239942229,388.5477133440579,1060.6175043467163,2422.4747649572964,0.027200295261307256,0.09461126666333049,5.728714788228517,-330.94418,208.5361,29.786312,-5.810027,30.654003,23.728302,-14.500818,-33.791313,-9.968426,15.274561,-12.739751,-39.077538,-6.6510305
1012,16.866666666666667,0.11273087,135.02258939849958,1212.9798914145576,422.7435320199279,1483.4422588896332,2389.208790178765,0.027200295261307256,0.09461126666333049,5.728714788228517,-276.22333,234.40039,-4.929485,-33.413853,35.113533,34.76154,-22.463772,-44.955452,-11.662746,11.254145,-21.151306,-33.61781,0.8951432
1013,16.883333333333333,0.12615937,137.5009264157594,1293.3522746949996,492.6047172690632,1650.347046895519,2362.091562970486,0.027200295261307256,0.09461126666333049,5.728714788228517,-243.05876,245.24849,-20.672459,-42.93158,29.152634,31.634396,-28.682783,-45.446545,-14.75366,3.5718799,-27.438904,-28.590271,6.2197666
1014,16.9,0.13070981,142.97038813950323,1339.5163444255822,507.73380633314133,1625.0382967398054,2274.457573021963,0.027200295261307256,0.09461126666333049,5.728714788228517,-254.14899,235.8941,-15.667214,-49.003372,17.883957,37.305367,-20.612656,-45.468338,-10.20677,6.6136894,-24.202301,-22.657536,5.326845
1015,16.916666666666668,0.13813803,146.78725266079928,1265.8034204704286,489.53897017062883,1562.3431541853072,2168.1338412624546,0.027200295261307256,0.09461126666333049,5.728714788228517,-261.76898,237.5279,-13.914103,-53.726654,11.1467285,40.98537,-11.251616,-51.17525,-6.824032,1.9651946,-28.842564,-20.467583,0.008785129
1016,16.933333333333334,0.13862425,150.69622409170407,1140.6180683260122,463.41014276242845,1535.1006051197287,2082.1753383611576,0.027200295261307256,0.09461126666333049,5.728714788228517,-277.52997,235.38986,-4.4385023,-54.511135,9.1084795,43.839592,-5.017926,-49.480232,-15.41484,-4.6323586,-31.026333,-19.075508,0.7218259
1017,16.95,0.14668158,154.4600176404152,1007.5197585154284,451.0740960167852,1544.2362800221226,1979.4422900535449,0.027200295261307256,0.09461126666333049,5.728714788228517,-295.5066,232.08594,6.9982758,-51.183647,11.356089,47.80284,-1.747932,-46.365532,-16.99696,-2.9317255,-28.461279,-22.859364,-0.007579565
1018,16.966666666666665,0.13221247,158.93558085071157,903.2264921819367,450.13655067915647,1508.376341826,1796.0231088130959,0.027200295261307256,0.09461126666333049,5.728714788228517,-310.58148,228.56137,21.14702,-44.65093,9.667106,44.18817,-0.45311338,-40.203407,-22.0509,-8.698506,-20.579073,-18.967182,-1.7645593
1019,16.983333333333334,0.11173636,165.84369261740142,749.3650834292213,447.406462363696,1162.263425519615,1704.7259402324883,0.027200295261307256,0.09461126666333049,5.728714788228517,-338.95435,218.3031,44.1454,-31.251976,0.46145427,29.779497,2.4076362,-30.908154,-28.052004,-18.88333,-20.6161,-13.359198,-0.8656492
1020,17.0,0.07813167,172.79294291657448,724.3659565078472,414.63042243907194,1160.4916445494473,2165.621536691973,0.027200295261307256,0.09461126666333049,5.728714788228517,-377.3283,187.63187,52.08555,-12.036585,7.527375,26.933434,1.7236838,-29.401762,-31.48889,-22.081467,-17.297258,-11.375126,-6.0030823
1021,17.016666666666666,0.04655322,176.5097647327656,818.2094020756841,367.5867557682477,1636.6980863638057,2658.105660011017,0.027200295261307256,0.09461126666333049,5.728714788228517,-414.0106,157.82765,56.76269,-1.1964109,5.119137,23.122076,12.132592,-13.933699,-25.780428,-19.694149,-9.260941,-3.569038,-5.292167
1022,17.033333333333335,0.023918796,177.495829871698,1036.5527347009393,312.70466924802383,1634.118473034769,2686.881182545414,0.027200295261307256,0.09461126666333049,5.728714788228517,-453.01944,125.511894,65.312485,21.914124,13.076997,17.740915,11.820908,-4.744783,-17.318336,-18.196955,-12.066905,-7.293711,-8.001767
1023,17.05,0.009241867,0.0,2288.007797797773,330.42410689858417,1616.6156423000484,2699.5489661299234,0.027200295261307256,0.09461126666333049,5.728714788228517,-486.8336,89.709015,53.99604,26.536045,17.704224,16.743511,11.644981,3.0882676,-2.0374873,-2.1064217,-1.119983,-1.9752547,-3.7402377
1024,17.066666666666666,0.0025292232,0.0,4401.079974947957,486.69931296796506,1671.8774244867627,2846.71490931441,0.027200295261307256,0.09461126666333049,5.728714788228517,-517.9135,56.667114,42.63571,28.27045,18.519886,12.784311,8.024349,2.9262786,-1.5183969,-4.2308283,-5.3039136,-5.128296,-3.5808256
1025,17.083333333333332,0.0008263061,0.0,5561.897309864078,552.0240271579464,1814.327277885031,2930.089669537403,0.027200295261307256,0.09461126666333049,5.728714788228517,-528.31366,44.600937,35.94243,24.921524,14.685724,7.150438,2.5915031,0.13721257,-1.3982886,-2.8231273,-4.2372074,-5.136836,-4.903064
1026,17.1,0.0007880332,0.0,5398.977193968086,504.7421683060048,1700.5368757026615,2890.5085266420692,0.027200295261307256,0.09461126666333049,5.728714788228517,-532.45807,39.342186,32.713066,25.248232,19.149868,14.451452,9.9922905,5.247493,1.0009732,-1.5784115,-2.153578,-1.4043196,-0.24156511
1027,17.116666666666667,0.00086327177,0.0,5622.749364040196,424.0998430908224,1693.0377079818122,2826.4868150974467,0.027200295261307256,0.09461126666333049,5.728714788228517,-532.2753,39.51335,32.727768,25.36485,20.01181,16.648954,13.277271,8.2436285,2.0790253,-2.8119576,-4.265512,-2.2977002,0.89807177
1028,17.133333333333333,0.0009074893,0.0,5996.996363436241,238.64514394251387,1788.6103459292287,2445.204419422304,0.027200295261307256,0.09461126666333049,5.728714788228517,-536.1171,35.30403,31.190441,25.875427,20.710064,16.37591,12.763359,9.388464,5.9606314,2.6698387,0.038401328,-1.4770403,-1.8022292
1029,17.15,0.00086209964,0.0,6285.996283956502,264.6257740841008,1884.8423099007416,2420.6089273937428,0.027200295261307256,0.09461126666333049,5.728714788228517,-537.28937,33.045258,27.679314,21.439419,15.984252,11.578653,7.9481187,5.228095,3.7714698,3.3824131,3.3128562,3.1132398,3.074653
1030,17.166666666666668,0.00085723726,0.0,6452.846064850622,706.5363781815201,1769.2453942162688,2782.9646505492015,0.027200295261307256,0.09461126666333049,5.728714788228517,-536.22095,34.453888,28.536234,21.068567,14.220397,9.214995,6.0899243,4.2119045,2.9959788,2.2569466,2.0505748,2.31838,2.7433503
1031,17.183333333333334,0.0007501586,0.0,6140.785465215153,962.5817972172221,1990.6032512576517,3182.3028679052477,0.027200295261307256,0.09461126666333049,5.728714788228517,-536.8151,33.88842,28.671776,22.094723,16.22385,12.374317,10.637565,10.096311,9.533247,8.177358,6.0580792,3.81662,2.1678648
1032,17.2,0.00071405206,0.0,6538.6680658627665,1078.5224355960545,2058.201158771785,3207.4386180891447,0.027200295261307256,0.09461126666333049,5.728714788228517,-535.07904,35.180504,27.32385,18.494194,12.152227,9.471481,9.078318,8.548744,6.389918,3.0129795,0.11807829,-0.83583224,0.19817981
1033,17.216666666666665,0.00067848666,0.0,6477.25876327189,1147.651067254413,2087.524537651591,3145.9358739736767,0.027200295261307256,0.09461126666333049,5.728714788228517,-535.7947,34.784805,28.531704,21.569183,16.366629,13.408577,11.509328,9.238192,6.06341,2.4819686,-0.54201007,-2.167046,-2.0161335
1034,17.233333333333334,0.00071496173,0.0,6186.685939373751,1165.1490085181733,2410.1550912076727,2901.638658784073,0.027200295261307256,0.09461126666333049,5.728714788228517,-538.021,32.203976,27.239342,21.407259,16.634502,13.730681,12.393229,11.677534,10.488874,8.115945,4.7559004,1.5320714,-0.312784
1035,17.25,0.0008783887,0.0,5676.488369356707,1255.2103664217236,2632.9353721091948,3120.431843288521,0.027200295261307256,0.09461126666333049,5.728714788228517,-530.26294,41.672882,32.870975,22.546238,14.4105215,10.140117,9.015294,9.065187,8.603403,7.0316553,4.6334796,1.9214541,-0.75111437
1036,17.266666666666666,0.0050386577,0.0,2826.5370423392633,1156.8375886301594,2542.7308528186004,3215.66301055279,0.027200295261307256,0.09461126666333049,5.728714788228517,-482.69635,90.93698,46.914196,15.317822,5.703783,3.6165957,1.3843482,6.030199,18.056015,23.694088,15.188313,3.0387263,-1.3147494
1037,17.283333333333335,0.040962193,0.0,991.0947106570333,597.6967631399782,1722.6710356107337,2429.3064220082606,0.027200295261307256,0.09461126666333049,5.728714788228517,-404.3325,163.43997,54.794315,2.7377863,10.788362,15.866044,-0.8240491,-2.8896797,17.93715,22.970982,0.69799256,-12.430657,1.5653574
1038,17.3,0.0694817,0.0,725.2281285784098,257.78634554696526,957.7491406309059,2505.515710055234,0.027200295261307256,0.09461126666333049,5.728714788228517,-331.3337,218.35992,44.153408,-12.972147,15.756216,21.820702,-12.482581,-15.136072,18.912792,19.293982,-10.41209,-18.304289,3.898766
1039,17.316666666666666,0.098586865,107.83049470429678,665.8477118211497,313.52313800354204,911.5237501921805,2509.017807663287,0.027200295261307256,0.09461126666333049,5.728714788228517,-330.08847,221.13788,47.113335,-9.545291,15.50849,14.02287,-16.935364,-14.249064,18.509296,18.86179,-10.035997,-13.242176,10.442197
1040,17.333333333333332,0.11358678,106.21359340996017,622.5224530401804,409.108307664569,738.7439824525683,2472.4701644414104,0.027200295261307256,0.09461126666333049,5.728714788228517,-312.2297,239.03378,57.863297,1.2816136,17.320778,2.6621947,-30.495268,-27.10491,2.6300569,3.5630445,-19.072144,-15.621429,7.9597907
1041,17.35,0.118077345,103.9657736468022,717.5806849226054,546.0371562831857,763.9092041969245,2472.6896424092083,0.027200295261307256,0.09461126666333049,5.728714788228517,-311.28415,240.55203,62.358673,4.3484125,6.595783,-16.149109,-37.15316,-21.795525,7.3791804,5.5904865,-14.469437,-6.4510098,11.302812
1042,17.366666666666667,0.10880256,102.33948421837096,746.8045155901544,506.01012201867604,821.7029105667909,2541.7698764153415,0.027200295261307256,0.09461126666333049,5.728714788228517,-314.04205,231.0137,64.14265,23.41002,6.6119184,-32.82846,-40.23448,-13.77817,10.262863,3.8212163,-15.221041,-5.0305433,11.927382
1043,17.383333333333333,0.08866631,101.5243560948588,857.7310182025153,526.725434984741,858.2044370910907,2738.1196953015537,0.027200295261307256,0.09461126666333049,5.728714788228517,-307.21683,230.51166,49.806973,12.290266,9.085267,-33.378872,-36.836464,-5.774462,11.102478,3.1446612,-6.357106,1.6028564,-1.9360678
1044,17.4,0.052840956,0.0,1958.3922941407084,412.08556662141353,1122.1878440887297,3072.805285339835,0.027200295261307256,0.09461126666333049,5.728714788228517,-317.9269,168.66707,36.550217,21.18843,15.21179,-7.4146347,-12.5238,15.952293,7.66856,-5.1827307,0.86601484,20.130562,-9.202745
1045,17.416666666666668,0.037366174,0.0,3891.930216780327,365.22025528630934,2114.616785512756,3531.0848496376857,0.027200295261307256,0.09461126666333049,5.728714788228517,-253.59431,107.7909,26.352669,51.958145,11.786083,5.084203,-10.846308,35.990475,-0.28894335,-4.996912,-13.082127,25.237139,-3.0002646
1046,17.433333333333334,0.030784687,0.0,5634.746316308418,844.8763871242843,3083.5225572169234,3730.6309289622664,0.027200295261307256,0.09461126666333049,5.728714788228517,-283.63382,70.922356,31.92959,72.376755,15.343161,5.093543,-12.220106,34.444275,-6.4581175,-0.25502712,-10.775894,18.189262,1.6361485
1047,17.45,0.008690621,0.0,7796.088952134478,1041.2167067197934,2844.597795555701,3436.456967161333,0.027200295261307256,0.09461126666333049,5.728714788228517,-411.64545,34.858948,29.149475,58.10179,19.629562,4.5137844,-1.4206468,32.360256,-7.0048847,4.6304245,-1.6206754,12.333945,2.1812391
1048,17.466666666666665,0.003908231,0.0,4719.640541983404,809.031754615865,2380.467718473166,3322.6504389955185,0.027200295261307256,0.09461126666333049,5.728714788228517,-508.58832,64.14707,48.409428,37.220947,26.336567,15.391737,12.956274,12.897602,6.8863544,6.78189,6.9115434,4.3842306,3.48275
1049,17.483333333333334,0.0031060379,0.0,4713.382420012633,787.5000861598332,2070.406962285011,3037.8109178783197,0.027200295261307256,0.09461126666333049,5.728714788228517,-506.21844,66.88126,43.436607,27.80917,20.14503,13.258545,8.817459,8.574108,7.188786,2.952988,1.0221992,2.78347,4.371503
1050,17.5,0.011445337,0.0,3664.5359584845464,694.640366441236,1482.6188128201886,2674.54529158644,0.027200295261307256,0.09461126666333049,5.728714788228517,-340.24615,132.28403,0.09507391,5.196546,4.5843368,-29.772299,-18.816574,4.849391,-9.750065,1.769665,-16.008469,-2.8266978,-9.939156
1051,17.516666666666666,0.017106563,0.0,3929.2315056763005,637.9944986512073,1420.0948346330013,2789.2277932977113,0.027200295261307256,0.09461126666333049,5.728714788228517,-296.08267,120.06403,-9.037067,24.65372,3.2588997,-35.26517,-17.978846,1.6720941,-16.500673,0.58391875,-20.049019,0.8786571,-13.834471
1052,17.533333333333335,0.07333561,0.0,1151.926100107378,472.46950523088714,1547.2501179400924,2677.068586801079,0.027200295261307256,0.09461126666333049,5.728714788228517,-267.51505,211.47357,3.7765799,17.016876,10.005135,-6.281307,4.1188498,0.50593686,-14.747631,-21.815723,-14.191872,-4.199562,-3.897478
1053,17.55,0.08329193,0.0,1796.2793445662596,460.8776355847319,1490.429116096426,2486.3005953932943,0.027200295261307256,0.09461126666333049,5.728714788228517,-218.89049,183.28162,21.941755,3.4621308,7.492852,31.372673,-29.49461,-10.679096,3.0078375,-15.479546,-34.19516,-5.4490833,3.2194777
1054,17.566666666666666,0.088230506,0.0,1453.6350289840493,489.3896436768849,1517.116519762029,2480.3384733154644,0.027200295261307256,0.09461126666333049,5.728714788228517,-254.59837,208.22418,11.625971,-18.677391,17.815187,25.633825,-23.021523,-14.983585,-0.33680454,-4.460866,-30.350216,-10.202135,4.7828083
1055,17.583333333333332,0.10372737,105.37327724157086,1090.7607466691022,567.1092700537453,1411.8117337714393,2570.2545103688008,0.027200295261307256,0.09461126666333049,5.728714788228517,-245.41647,251.51137,9.676948,-36.74946,11.269085,18.700119,-21.841335,-27.991774,5.733096,3.5979357,-35.70638,-3.9219422,14.095938
1056,17.6,0.12053901,102.89481847877985,1039.2267359460736,598.2327506758315,1297.87604740025,2660.959890310908,0.027200295261307256,0.09461126666333049,5.728714788228517,-257.2358,243.24399,21.028797,-24.8107,11.658875,2.4583461,-33.785213,-13.528084,13.65209,-1.5590634,-38.556545,2.8538527,15.741217
1057,17.616666666666667,0.12209371,102.5405473986636,1085.3489831085128,624.5522734236256,1277.145616476561,2490.093211018454,0.027200295261307256,0.09461126666333049,5.728714788228517,-248.18732,242.57985,15.519386,-26.679497,13.709393,7.1208835,-33.174347,-17.726921,11.28874,0.9695878,-30.06469,4.140377,11.363881
1058,17.633333333333333,0.1131566,102.77012419946638,1190.374134111744,628.859219855083,1348.4574264969715,2391.898399244707,0.027200295261307256,0.09461126666333049,5.728714788228517,-234.09131,248.22977,2.7623405,-37.347935,8.411064,13.824705,-28.017246,-21.624756,11.090635,2.6712909,-33.446472,-0.1089874,14.692064
1059,17.65,0.10253916,102.95383568248549,1137.9366082232618,590.619998635306,1308.3240470277342,2322.0521325095965,0.027200295261307256,0.09461126666333049,5.728714788228517,-239.75223,252.13472,5.319969,-41.907074,5.0827904,16.662806,-24.783503,-25.63549,9.146107,6.928817,-36.523922,-6.1214676,12.168407
1060,17.666666666666668,0.09259356,101.84670555554096,1028.5349253461738,501.30979558792495,1302.4179456747727,2301.9463559169317,0.027200295261307256,0.09461126666333049,5.728714788228517,-283.17712,244.07181,22.260084,-39.918606,-0.79909205,23.065105,-8.877986,-29.099869,3.4141455,7.082308,-29.220573,-21.822422,2.5132337
1061,17.683333333333334,0.10068617,0.0,1032.6309899486453,491.56269851728075,1326.2936088215101,2396.957705985362,0.027200295261307256,0.09461126666333049,5.728714788228517,-280.48853,246.03651,15.999276,-38.975414,9.64316,23.263939,-14.511095,-31.392872,5.049369,8.702087,-36.27758,-26.30371,11.134724
1062,17.7,0.14505978,0.0,1157.924698473445,625.3265342105805,1354.4229174031675,2432.9402776071634,0.027200295261307256,0.09461126666333049,5.728714788228517,-213.90671,263.5505,-15.268335,-40.757576,-0.8975228,4.683708,-15.507131,-32.0583,-0.7077961,13.523619,-37.62389,-21.783623,24.526535
1063,17.716666666666665,0.18045096,106.8581490166321,1161.069644815439,669.7760894675822,1360.970917487737,2431.8424247134412,0.027200295261307256,0.09461126666333049,5.728714788228517,-205.18266,257.7362,-25.521551,-32.883324,-6.2227697,-4.631386,-7.423382,-21.953014,-1.0017984,10.202627,-22.153753,-14.050368,24.882153
1064,17.733333333333334,0.19682573,108.29529519603526,1216.5188747430932,678.9229848988115,1349.654025125439,2431.8511087808647,0.027200295261307256,0.09461126666333049,5.728714788228517,-200.16965,259.7846,-27.773975,-35.735474,-9.740261,-2.140309,-6.706333,-26.283173,2.3175998,11.977358,-23.644772,-17.129398,23.658672
1065,17.75,0.20547111,111.19622408926745,1160.9071249905164,684.4643148450899,1343.8858911822845,2421.930892022818,0.027200295261307256,0.09461126666333049,5.728714788228517,-199.3928,262.77612,-27.118355,-33.694054,-8.568031,-9.128996,-5.307375,-25.00299,-2.6776505,11.351891,-22.246298,-19.731386,20.674095
1066,17.766666666666666,0.20460619,114.21551122443813,1158.1041195802063,691.1040742028422,1334.257714505613,2390.3726312900603,0.027200295261307256,0.09461126666333049,5.728714788228517,-207.30597,262.69293,-21.123764,-39.351006,-11.502672,-4.3452187,-4.211146,-32.292225,-4.769779,15.487314,-23.925488,-24.717773,22.889442
1067,17.783333333333335,0.19516642,116.98029846975317,1185.9182276391064,694.1047612171195,1322.1764867959375,2392.452272895281,0.027200295261307256,0.09461126666333049,5.728714788228517,-203.4613,260.04333,-23.863256,-37.44161,-13.307802,-3.5750847,-7.7565126,-30.54175,0.03417921,13.136608,-26.215673,-21.924362,22.001713
1068,17.8,0.18380436,119.4273526331164,1212.1859498753145,706.8051722208127,1322.8814691433724,2464.6427713147414,0.027200295261307256,0.09461126666333049,5.728714788228517,-207.50267,255.08864,-27.726156,-37.177376,-6.8755593,-0.070203066,-17.284977,-25.377998,7.1268616,5.70999,-26.081705,-17.61182,16.013027
1069,17.816666666666666,0.16121188,120.78611571994466,1238.1226496275765,720.2334070462578,1319.034194030001,2501.7313511191687,0.027200295261307256,0.09461126666333049,5.728714788228517,-212.02081,254.57835,-30.63942,-35.71165,-2.1269753,-8.084857,-18.89312,-18.317669,3.7449193,0.7092223,-19.522787,-18.12983,13.493004
1070,17.833333333333332,0.118556365,122.09032780959573,1124.8171157959148,708.6662537527588,1251.6174205131636,2467.190532208992,0.027200295261307256,0.09461126666333049,5.728714788228517,-241.93994,249.41188,-11.958883,-34.463654,-4.87562,-12.544251,-17.319698,-15.250933,1.5658056,3.210342,-19.394176,-18.867397,15.616804
1071,17.85,0.071264975,122.66253070077583,972.8441023176998,671.5387004324875,1202.9886208893731,2484.140647478137,0.027200295261307256,0.09461126666333049,5.728714788228517,-301.85117,231.9845,28.616013,-25.832348,-9.951796,-9.3416395,-11.917231,-9.320791,1.735814,3.6889248,-16.396044,-16.693142,15.441191
1072,17.866666666666667,0.040963836,0.0,953.30293196524,689.8766624936729,1290.0106881086558,2651.573475526013,0.027200295261307256,0.09461126666333049,5.728714788228517,-318.9864,226.04637,40.77889,-19.800072,-12.15757,-16.97721,-14.277008,3.7928615,11.487225,-5.702845,-23.756084,-4.3642044,23.796432
1073,17.883333333333333,0.029806059,0.0,1512.7735329627208,567.4609748408031,1386.956606460655,2764.372254087606,0.027200295261307256,0.09461126666333049,5.728714788228517,-376.87137,169.63972,24.301079,-20.754452,-8.731327,-6.5331945,-1.5139704,10.614586,14.148218,2.7017832,-12.16521,-2.4646158,19.315166
1074,17.9,0.00940663,0.0,1693.577180670793,361.4805490438228,1379.024223510604,2844.5982321263136,0.027200295261307256,0.09461126666333049,5.728714788228517,-436.80963,130.92792,44.695667,-2.453855,-5.3321714,0.25292152,5.7910013,14.942789,13.566957,-2.7184863,-9.965656,4.489771,16.203684
1075,17.916666666666668,0.006321218,0.0,2590.741885099843,485.04649111346316,1339.6659275480044,2836.5772909277775,0.027200295261307256,0.09461126666333049,5.728714788228517,-465.5707,106.94899,45.93727,2.2838888,-7.6512322,0.30431175,10.859421,17.775684,14.376962,0.58302975,-8.8338585,-3.1381845,5.5072117
1076,17.933333333333334,0.00237372,0.0,4268.90934916405,644.9486335240879,1460.024097660915,2804.061036168162,0.027200295261307256,0.09461126666333049,5.728714788228517,-491.28918,79.28754,33.86351,-2.0112786,-10.639011,-0.9258245,8.453231,8.203659,2.1416717,-0.9867879,2.8109436,8.731445,8.451547
1077,17.95,0.0010841404,0.0,4547.627187473039,784.8860039305241,1477.0999450963357,2931.3578250783053,0.027200295261307256,0.09461126666333049,5.728714788228517,-501.2063,69.343765,31.358849,-1.3024141,-11.390235,-2.5141811,9.102011,11.426842,5.3467693,-0.30498958,0.33826363,4.8590794,7.0841007
1078,17.966666666666665,0.0009966963,0.0,4778.756333623481,901.309157900771,1366.0398279300186,3040.432287341269,0.027200295261307256,0.09461126666333049,5.728714788228517,-503.69125,65.74298,27.289589,-5.8125067,-14.493633,-1.2035257,15.770002,20.189533,10.714649,-1.6178111,-6.1370525,-1.9779978,3.729196
1079,17.983333333333334,0.00089782546,0.0,5797.37714117613,873.6920527026181,1368.7684134721742,2842.996992281646,0.027200295261307256,0.09461126666333049,5.728714788228517,-510.67783,58.24792,25.271519,-3.1060057,-10.747349,0.50561756,15.602682,20.311459,12.026799,-0.47438157,-6.759852,-4.478513,0.18489887
1080,18.0,0.000812529,0.0,5606.475922931104,733.5077339763513,1440.72748917793,2898.28781791178,0.027200295261307256,0.09461126666333049,5.728714788228517,-515.4367,55.11065,29.893848,7.0707445,-1.5217564,3.2725792,11.452972,13.82036,9.137119,3.1605062,1.6379582,4.492385,6.812365
1081,18.016666666666666,0.000745955,0.0,5862.191243919939,690.931647174265,1434.6735273791471,2816.1347519514443,0.027200295261307256,0.09461126666333049,5.728714788228517,-522.6746,46.76929,25.89861,7.1252923,0.39740688,4.7590303,11.21146,11.655384,5.3910613,-1.9111795,-4.54288,-1.9391077,1.7339857
1082,18.033333333333335,0.0005691286,0.0,6308.984786925496,839.4768133231225,1742.6965470752518,3021.1598827966136,0.027200295261307256,0.09461126666333049,5.728714788228517,-527.46643,41.986916,25.615131,10.626392,4.56491,6.536192,9.691443,8.423119,3.1633317,-1.2636063,-1.2179433,2.171254,4.622981
1083,18.05,0.0006475171,0.0,6532.636515081008,818.6451194508542,1984.721492973079,2977.483968720312,0.027200295261307256,0.09461126666333049,5.728714788228517,-538.208,30.972752,23.752205,15.840313,10.367628,8.203835,8.062299,8.03705,7.1144495,5.5761733,4.2969575,3.7323282,3.442893
1084,18.066666666666666,0.00061033346,0.0,5785.0561854107,716.0723582578255,2003.7836794386258,2627.4310509662446,0.027200295261307256,0.09461126666333049,5.728714788228517,-539.04834,30.639595,25.392715,19.296448,14.536663,11.963779,10.92844,10.099523,8.541784,6.2909193,4.138562,2.8943105,2.6816587
1085,18.083333333333332,0.0005814103,0.0,7482.034721090615,915.4538478399265,1982.7224629606785,2946.93137736874,0.027200295261307256,0.09461126666333049,5.728714788228517,-543.13837,25.183605,20.894226,16.1839,12.691342,10.500971,8.489645,5.65905,2.1842556,-0.73084605,-1.957106,-1.4381173,-0.21885486
1086,18.1,0.0005127448,0.0,7117.437060522995,575.04858466838,1370.6666314602965,2575.820901051678,0.027200295261307256,0.09461126666333049,5.728714788228517,-538.5669,30.935265,24.697124,17.373962,11.485235,8.04945,6.4842453,5.5296373,4.2891746,2.6578023,1.0772036,0.030975461,-0.33021748
1087,18.116666666666667,0.0006811057,0.0,6385.181830806954,563.4315394297226,1376.9065041096649,2693.414213464662,0.027200295261307256,0.09461126666333049,5.728714788228517,-540.5044,28.555916,23.329628,17.397308,12.774136,9.93805,8.040117,5.9778566,3.3642232,0.786705,-0.696649,-0.47127298,0.9594901
1088,18.133333333333333,0.00067162846,0.0,6180.315440714937,572.3893724497187,1803.2807329147229,2954.721840396919,0.027200295261307256,0.09461126666333049,5.728714788228517,-532.78796,38.156105,29.759819,20.484432,13.741781,10.471055,9.543247,9.194709,8.050793,5.5520186,2.2124748,-0.48726526,-1.0803285
1089,18.15,0.00063477625,0.0,7373.535031775887,957.2694093413929,2268.50740847994,3014.559950345196,0.027200295261307256,0.09461126666333049,5.728714788228517,-538.6987,31.251583,26.34718,20.485611,15.000797,10.154819,6.0338545,3.1272507,1.7575555,1.432222,1.2809925,0.9912416,0.8374157
1090,18.166666666666668,0.000470245,0.0,8062.887207488035,1334.4146894120179,2604.709804747621,3046.5800975590323,0.027200295261307256,0.09461126666333049,5.728714788228517,-543.4676,24.948769,21.142738,16.733566,13.100544,10.494911,8.276368,5.883751,3.5673385,2.184339,2.2790513,3.3658137,4.1531067
1091,18.183333333333334,0.00062560133,0.0,7355.454769677335,1217.7605144483946,2405.6176676169985,3158.6834327587667,0.027200295261307256,0.09461126666333049,5.728714788228517,-539.9415,29.417152,24.365738,18.691837,14.388945,11.829079,9.969138,7.6455245,4.715249,2.0546901,0.5471821,0.11838457,-0.22788058
1092,18.2,0.0006612456,0.0,6229.167192188206,877.0145981842352,2057.30742554323,3016.518175573732,0.027200295261307256,0.09461126666333049,5.728714788228517,-536.3974,34.1661,28.528004,22.276508,17.422783,14.072903,11.160215,8.065087,5.338779,3.9154744,3.8752017,4.1873827,3.6645246
1093,18.216666666666665,0.0006891657,0.0,7409.588473391028,765.7406011888327,1904.2294510625902,2916.9340532967763,0.027200295261307256,0.09461126666333049,5.728714788228517,-540.705,28.333935,23.317062,17.622875,12.798573,8.857674,5.2442436,2.0981104,0.22276305,-0.05962538,0.43298733,0.490515,-0.23465073
1094,18.233333333333334,0.00050927757,0.0,6835.588555834274,965.8243441446098,1946.5330433791382,3059.2713785754713,0.027200295261307256,0.09461126666333049,5.728714788228517,-541.9148,27.101921,23.12032,18.381042,14.468608,12.037605,10.674206,9.452821,7.71941,5.549798,3.6014361,2.5221593,2.4006104
1095,18.25,0.0005268572,0.0,7095.67975289058,589.5922798765698,1652.3561665647621,2780.801500231995,0.027200295261307256,0.09461126666333049,5.728714788228517,-540.6098,28.53146,23.536087,17.682346,12.891616,9.761932,7.6160617,5.4608145,2.9397914,0.5278269,-1.01734,-1.3215492,-0.6099277
1096,18.266666666666666,0.00065861986,0.0,6599.844261600028,833.5149646003747,1819.161458771746,2875.188153418183,0.027200295261307256,0.09461126666333049,5.728714788228517,-538.0108,32.061333,26.769306,20.637589,15.432866,11.429392,8.007484,4.7981896,2.0811467,0.2701787,-0.644176,-1.0187546,-1.0850852
1097,18.283333333333335,0.0007535729,0.0,6133.716013926338,1000.0667750889379,1846.4065408127324,2892.93127025309,0.027200295261307256,0.09461126666333049,5.728714788228517,-537.08,33.43226,28.518463,23.445732,19.91339,17.4818,14.661947,10.891636,7.215806,5.0355663,4.44298,4.051486,2.499927
1098,18.3,0.00074987265,0.0,6651.899275189791,857.7952960688835,1924.0008915404617,3126.1629438686246,0.027200295261307256,0.09461126666333049,5.728714788228517,-540.85706,28.836124,25.42469,21.206327,17.320114,14.189461,11.636923,9.419778,7.5769715,6.2775173,5.4392424,4.6235867,3.3788104
1099,18.316666666666666,0.0006433345,0.0,7049.408622196643,1435.8703995024741,2508.595780753758,3787.076520720531,0.027200295261307256,0.09461126666333049,5.728714788228517,-541.3848,27.84578,23.92786,19.394669,15.601971,12.670105,9.792784,6.3274126,2.600143,-0.3091123,-1.5422289,-1.2396061,-0.39473268
1100,18.333333333333332,0.00063338975,0.0,6190.374948641471,1341.9356199228068,2662.614018063663,3806.880176790141,0.027200295261307256,0.09461126666333049,5.728714788228517,-537.7036,32.954308,28.593687,23.09546,18.091232,14.471638,12.082939,10.077553,7.6418867,4.6034994,1.5307178,-0.7036289,-1.5649335
1101,18.35,0.00065880164,0.0,6280.090950447759,891.2666433878579,2349.061971419902,3260.6311724302964,0.027200295261307256,0.09461126666333049,5.728714788228517,-541.54846,27.65139,23.775215,19.186384,15.316122,12.615049,10.6525135,8.821602,6.925254,5.1915474,3.884537,2.99753,2.3028457
1102,18.366666666666667,0.000640037,0.0,6353.508265270335,506.9002114083269,1777.496259466585,2801.9700236296676,0.027200295261307256,0.09461126666333049,5.728714788228517,-539.1342,30.545647,25.476967,19.751398,15.209772,12.184783,10.003674,8.096571,6.4630804,5.2900753,4.5170193,3.942778,3.5481205
1103,18.383333333333333,0.0006407266,0.0,6415.56408310856,671.6404287856902,1744.8734931957756,2697.505001649156,0.027200295261307256,0.09461126666333049,5.728714788228517,-534.28613,36.398926,28.721048,19.836332,12.806685,8.602147,6.1494904,3.870523,1.2518548,-0.85020244,-1.2373612,0.34621343,2.8387198
1104,18.4,0.0005723785,0.0,6780.568264150545,629.4560509064028,1727.5510029716318,2494.120708708714,0.027200295261307256,0.09461126666333049,5.728714788228517,-538.8163,31.09417,26.062744,19.822762,14.071852,9.622924,6.579713,4.8105197,4.0769215,3.9024212,3.671009,3.0242758,2.0884757
1105,18.416666666666668,0.0005666735,0.0,6761.082724227302,861.8380215733168,1940.646980033336,3044.672810130067,0.027200295261307256,0.09461126666333049,5.728714788228517,-536.32355,34.281097,28.33408,20.941711,14.311439,9.5487995,6.4558444,4.2113266,2.267763,0.7301117,0.0029750764,0.13809,0.539432
1106,18.433333333333334,0.0006160226,0.0,6587.006235539123,1197.0066620944342,2342.060058996947,3608.2388668801364,0.027200295261307256,0.09461126666333049,5.728714788228517,-539.0283,30.898579,26.184763,20.550283,15.829535,12.753082,10.836835,9.078547,6.8254466,4.1891117,1.8401248,0.46481347,0.29563022
1107,18.45,0.0006742716,0.0,6954.964520339196,710.5156745115021,2085.3502870675743,3415.0248488967313,0.027200295261307256,0.09461126666333049,5.728714788228517,-541.04407,28.68578,25.364912,20.751125,15.873553,11.619364,8.46446,6.3899317,5.0026193,3.7911882,2.3968909,0.7806803,-0.77770543
1108,18.466666666666665,0.00062546995,0.0,6622.190281224454,344.04697905066973,1943.3962803088637,2755.378552565073,0.027200295261307256,0.09461126666333049,5.728714788228517,-536.0869,34.715065,29.184658,22.66519,17.22233,13.643043,11.563856,10.1057625,8.330479,5.555052,1.7983031,-1.9316456,-4.1116886
1109,18.483333333333334,0.0007771838,0.0,7284.960452451537,1035.1642737559573,1942.2329673069737,2622.9885479036784,0.027200295261307256,0.09461126666333049,5.728714788228517,-541.39716,28.280107,25.23229,21.006565,16.450006,12.184627,8.508917,5.5174456,3.2778382,1.8962657,1.4320294,1.7639228,2.5476637
1110,18.5,0.00067667407,0.0,5829.309321615864,1201.680449309021,1679.9763528420324,2991.499293094551,0.027200295261307256,0.09461126666333049,5.728714788228517,-533.77,37.909466,32.049423,24.775417,17.99411,12.421034,7.873053,4.209363,1.8098909,1.1331104,1.9688127,3.3228798,4.135999
1111,18.516666666666666,0.0006305903,0.0,7424.81382314751,691.7995561267368,1680.8729658482744,2966.0439138748848,0.027200295261307256,0.09461126666333049,5.728714788228517,-540.9285,27.94527,22.641737,16.485207,11.493757,8.336449,6.5447345,5.3809733,4.409768,3.5001497,2.682469,2.1684265,2.3023217
1112,18.533333333333335,0.0006017484,0.0,6824.461684997143,971.3095478189448,1782.1179243777144,3103.756220528765,0.027200295261307256,0.09461126666333049,5.728714788228517,-537.2445,33.063236,27.605663,21.449703,16.621904,13.460122,11.071156,8.659121,6.3005495,4.562416,3.6312437,2.983067,1.8699131
1113,18.55,0.00066687533,0.0,6973.610508848102,1356.122204079919,2443.0051038727147,3286.816615362435,0.027200295261307256,0.09461126666333049,5.728714788228517,-537.8924,32.763123,28.525015,22.949932,17.45287,12.921839,9.498564,6.833267,4.5545278,2.5895174,1.1366069,0.3820689,0.23771277
1114,18.566666666666666,0.00065756723,0.0,6945.792183121215,1248.740013026429,2639.076821961669,3311.490062235198,0.027200295261307256,0.09461126666333049,5.728714788228517,-540.18445,29.53852,25.452541,20.33779,15.633488,12.086397,9.735995,8.297178,7.4558496,6.889037,6.220547,5.1412263,3.6088846
1115,18.583333333333332,0.0006245016,0.0,7163.174449930048,834.7700129619851,2177.411288126946,3326.9129297477384,0.027200295261307256,0.09461126666333049,5.728714788228517,-536.5542,34.103836,28.609735,21.862509,15.760769,11.226072,8.3484955,6.7944736,5.9837656,5.2523003,4.219863,2.998499,1.8677979
1116,18.6,0.0006060016,0.0,7117.240253319973,1105.9098184378192,2289.8108823820803,3411.9236530441367,0.027200295261307256,0.09461126666333049,5.728714788228517,-536.7598,33.028946,25.825039,17.735575,11.451826,7.759464,6.136395,5.6411247,5.147973,3.6187553,0.9686779,-1.452136,-1.8706751
1117,18.616666666666667,0.0007340047,0.0,6119.12443015244,1125.1288706453327,2049.7996680630954,3179.710650972971,0.027200295261307256,0.09461126666333049,5.728714788228517,-524.30145,46.759254,31.295383,16.855394,8.655991,5.0977306,2.8510654,1.1913805,1.0429425,2.37887,4.0914564,5.2031536,5.002732
1118,18.633333333333333,0.0007792302,0.0,6450.110633825425,564.7055398308822,1658.710329307186,2731.7014711954766,0.027200295261307256,0.09461126666333049,5.728714788228517,-525.8599,45.25633,31.512346,18.439304,9.732372,4.3347425,1.3476101,0.75946975,1.0457177,0.48462862,0.26354375,2.4618742,5.420452
1119,18.65,0.0008495421,0.0,6345.607992916294,890.0879664888346,1716.7207077321484,3063.8949086580383,0.027200295261307256,0.09461126666333049,5.728714788228517,-533.6968,37.85465,31.56975,23.841887,17.05481,12.346489,9.382232,7.124157,4.8790054,2.795792,1.5194623,1.4132272,2.0708652
1120,18.666666666666668,0.0007942416,0.0,6653.126476530412,1390.3962106674433,1979.5351416236135,3474.077027571499,0.027200295261307256,0.09461126666333049,5.728714788228517,-539.05145,31.055836,26.990501,22.49923,19.082714,16.800938,14.662933,11.835152,8.474577,5.5119166,3.7620566,3.2586946,3.3198638
1121,18.683333333333334,0.00067184924,0.0,6982.6385041565445,1074.9928847287317,2500.7994239824757,3763.640286644103,0.027200295261307256,0.09461126666333049,5.728714788228517,-539.31134,30.490078,25.591198,19.293205,13.370999,8.986443,6.428933,5.317937,4.990483,4.8380413,4.508354,3.9576776,3.3481803
1122,18.7,0.00063550944,0.0,6763.294500672851,972.5438851072466,2472.824875837809,3763.207405676898,0.027200295261307256,0.09461126666333049,5.728714788228517,-536.9253,33.108364,26.422653,18.470184,12.157106,8.97698,8.429118,8.650196,7.781678,5.1709704,1.6710391,-1.0732329,-1.8070583
1123,18.716666666666665,0.00059327396,0.0,7604.325590410826,1151.9346990940558,2380.5390688304938,3588.587402386622,0.027200295261307256,0.09461126666333049,5.728714788228517,-543.85425,23.563025,17.769375,11.560667,7.7760534,7.38391,9.128009,10.650609,10.212665,7.7884035,4.847108,3.1097445,3.2578406
1124,18.733333333333334,0.0019628487,0.0,6971.96261522255,1014.2328022344236,2156.9581482769327,3324.5883712289556,0.027200295261307256,0.09461126666333049,5.728714788228517,-539.978,29.792698,25.805332,21.1339,16.804005,12.746309,8.724725,5.194784,2.9347863,2.0394888,1.6996248,1.0741134,0.107573256
1125,18.75,0.0022365178,0.0,7848.798585379287,896.064649842462,2688.7746463227622,3526.5031450195397,0.027200295261307256,0.09461126666333049,5.728714788228517,-417.89258,41.115005,24.092628,48.120617,-19.790358,-38.192818,-21.89666,19.374317,13.431862,4.811548,-4.1149864,4.411314,-8.962467
1126,18.766666666666666,0.0022588444,0.0,7168.287640890243,1015.6437117426165,2763.3616196356866,3600.18030219981,0.027200295261307256,0.09461126666333049,5.728714788228517,-473.00406,47.572296,19.337975,38.955482,-2.1802154,-25.377178,-4.4083066,16.330032,9.557688,5.301358,0.77738476,-0.6878941,-6.1782675
1127,18.783333333333335,0.00077582285,0.0,7142.453610109657,1207.7540685662955,2432.4594160620736,3348.057514409939,0.027200295261307256,0.09461126666333049,5.728714788228517,-532.9813,36.2257,25.850174,17.411398,12.3379965,9.998186,11.165566,13.379514,11.479002,5.8076143,1.7362676,0.5428022,-0.6608546
1128,18.8,0.00068635825,0.0,7042.689104645881,1224.4256965235688,2638.5797325328094,3440.15598413346,0.027200295261307256,0.09461126666333049,5.728714788228517,-539.02026,29.664608,21.990269,13.540745,7.973192,6.7022715,8.395826,10.241089,9.969589,7.234593,3.5303545,0.90749663,0.49611205
1129,18.816666666666666,0.0007444453,0.0,6339.613527144305,1052.426053541029,2304.982419149939,3319.80990549937,0.027200295261307256,0.09461126666333049,5.728714788228517,-535.6531,34.889576,28.202946,20.255796,13.696056,9.7449875,8.045208,7.332549,6.3695908,4.7335215,3.0423331,2.3280191,2.9578862
1130,18.833333333333332,0.00070668536,0.0,6633.892315806304,950.4732609353812,1922.9537103933908,2897.5644794203668,0.027200295261307256,0.09461126666333049,5.728714788228517,-534.4205,36.019352,28.120544,19.486195,13.039124,9.156527,6.660035,4.6132965,2.9277635,1.7418721,0.9103713,0.25253093,-0.097303
1131,18.85,0.00049294473,0.0,7743.5006949897215,1126.3340977899372,1767.4210815447427,3025.394625164665,0.027200295261307256,0.09461126666333049,5.728714788228517,-540.8717,27.83645,22.14406,15.8299465,11.282103,9.081185,8.075339,6.6582785,4.0842266,0.86989766,-1.7739072,-2.8537824,-2.1977406
1132,18.866666666666667,0.0005605844,0.0,7489.149530180189,960.2455613891417,1830.933909909109,3266.1049043444946,0.027200295261307256,0.09461126666333049,5.728714788228517,-540.3338,28.29029,22.340261,16.776997,13.599196,11.770652,9.251101,5.6251945,2.3456275,0.79952216,0.8290367,1.2631886,1.338655
1133,18.883333333333333,0.003083587,0.0,5718.823784500968,206.63773191255422,1699.1128375876049,2671.421468146495,0.027200295261307256,0.09461126666333049,5.728714788228517,-532.2824,40.33982,35.1849,28.467968,21.888033,16.474476,12.430391,9.416101,6.9431944,4.6832848,2.6278772,1.0264976,0.08652973
1134,18.9,0.004161035,0.0,2132.6180276256914,237.73709048766938,1618.9011168942575,2416.3959178309215,0.027200295261307256,0.09461126666333049,5.728714788228517,-508.09186,70.62399,58.272934,47.53888,38.562004,26.571072,12.763062,4.4811716,4.2459335,5.740595,3.3862672,-0.047041148,0.29851198
1135,18.916666666666668,0.012397727,0.0,2244.280666543531,264.0158417536788,1867.3651239729916,2666.8127474614334,0.027200295261307256,0.09461126666333049,5.728714788228517,-507.57352,72.96001,61.965008,48.101513,34.486042,22.601269,13.197762,6.7014313,2.6487277,-0.15501088,-2.347593,-3.4943562,-3.2985787
1136,18.933333333333334,0.019884752,0.0,957.313472062703,296.942097032446,2164.2018071557086,2762.9684636213215,0.027200295261307256,0.09461126666333049,5.728714788228517,-455.43793,126.28854,76.90924,44.257275,36.63154,30.676329,12.259079,-7.483779,-15.651767,-15.546214,-15.053019,-12.996685,-6.193225
1137,18.95,0.035992883,110.12188920101478,1141.6565332368816,353.8329698122218,2137.1709230559354,2489.373634191361,0.027200295261307256,0.09461126666333049,5.728714788228517,-372.59348,163.90414,23.772762,18.457294,46.163445,22.597328,-3.6688886,-10.359262,-8.0654545,-2.8939471,-4.595536,-7.0905714,-6.6960616
1138,18.966666666666665,0.0845029,110.4773046513906,1327.4894178908216,359.05765334438706,2068.0162037016967,2611.584026383542,0.027200295261307256,0.09461126666333049,5.728714788228517,-291.98926,189.8015,-24.979622,17.90291,71.49559,29.290794,-14.868595,-26.08582,-4.779809,5.6115904,-16.27683,-16.223198,-6.0759974
1139,18.983333333333334,0.1055184,106.48397268402563,1676.0632998661813,323.01168467155946,2264.0551971999253,2753.4943116272634,0.027200295261307256,0.09461126666333049,5.728714788228517,-270.91144,183.50595,-37.167614,27.885975,83.618484,42.7537,-29.484303,-28.386635,17.95612,4.6930027,-26.50787,-16.246689,-6.530342
1140,19.0,0.09953568,103.42847221032136,1740.2985291531659,311.2756976089122,2306.2253236622296,2808.510448492147,0.027200295261307256,0.09461126666333049,5.728714788228517,-297.44907,163.04695,-32.6428,36.469765,93.85947,47.904427,-29.171062,-17.875273,25.754433,-5.827444,-32.740887,-13.300344,-10.946424
1141,19.016666666666666,0.07264984,101.56702000303126,1699.6429667165164,308.2785037217657,2276.3152994585867,2738.3413004091813,0.027200295261307256,0.09461126666333049,5.728714788228517,-314.69263,163.80745,-19.646496,32.041077,90.1347,47.67534,-35.60222,-22.580317,23.43436,-0.5040396,-23.954731,-19.100456,-12.318544
1142,19.033333333333335,0.051612526,99.30950973042997,1573.60139319684,314.674271530748,2113.5319586721653,2647.9285535330005,0.027200295261307256,0.09461126666333049,5.728714788228517,-329.94174,165.68922,-13.702116,15.956326,82.11514,51.92296,-23.743206,-22.590443,9.284378,0.7913786,-14.159927,-12.493073,-15.251114
1143,19.05,0.033735845,99.6403639533399,3071.271911170552,848.9920823963787,2170.9580463310376,2954.4456300322463,0.027200295261307256,0.09461126666333049,5.728714788228517,-343.54346,122.554794,-0.8663163,9.215446,62.38101,52.63669,-8.063862,3.3317354,-1.1597942,-11.2003355,-20.174929,2.092946,-11.57249
1144,19.066666666666666,0.00781183,0.0,6921.877526828173,1590.570631706616,2526.8444701706358,3068.385552962233,0.027200295261307256,0.09461126666333049,5.728714788228517,-346.52588,70.98889,-16.27741,-15.033334,34.984222,34.170353,-19.580395,-1.7464796,-11.725643,-11.552877,-10.195429,19.15933,-1.0101097
1145,19.083333333333332,0.006729898,0.0,6974.181578194437,1598.3373209755841,2589.1660187384623,2928.7481282025283,0.027200295261307256,0.09461126666333049,5.728714788228517,-362.84003,70.03389,-13.717201,-18.274738,37.004433,34.333344,-16.889332,6.392329,-9.242579,-10.41869,-13.8561125,16.830776,9.450552
1146,19.1,0.009332395,0.0,5904.6163005327235,1597.7129537112505,2627.610482977005,3377.0676280857874,0.027200295261307256,0.09461126666333049,5.728714788228517,-368.45782,89.40338,6.89431,-13.544897,39.36543,44.303913,-1.8356693,17.310629,3.4517407,-1.9604666,-9.583294,20.803982,10.279738
1147,19.116666666666667,0.012418811,0.0,3348.175133671342,1180.3461709042979,2213.495712801137,2969.2238117751467,0.027200295261307256,0.09461126666333049,5.728714788228517,-378.3635,130.37506,8.861222,-13.23594,27.184769,29.977297,-1.110822,4.028553,0.938136,-2.710453,-0.79719466,25.02386,18.260754
1148,19.133333333333333,0.06086836,0.0,1161.1363306992946,516.1394044899578,1662.627762617076,2444.284035180514,0.027200295261307256,0.09461126666333049,5.728714788228517,-324.85696,205.2056,22.577057,-12.692015,30.925802,31.169132,-9.150001,-16.632156,-2.5848126,-6.1537995,-5.35425,5.2106085,-5.2982554
1149,19.15,0.10127488,0.0,1044.9800655722559,492.559456054239,1782.5129321764546,2472.1086712470105,0.027200295261307256,0.09461126666333049,5.728714788228517,-250.72276,235.59465,-1.4880359,-12.413029,36.361908,29.948055,-18.757109,-22.296478,-5.658643,-12.089981,-9.809219,2.621151,-6.9229193
1150,19.166666666666668,0.13158144,103.50994729421045,1196.3006527010207,523.7863021475085,1849.8635955749817,2508.826452861249,0.027200295261307256,0.09461126666333049,5.728714788228517,-232.337,236.42058,-14.2348,-14.000694,36.168613,25.410833,-18.206879,-27.226181,-13.544207,-3.3640604,-10.362578,-1.716023,-5.6190524
1151,19.183333333333334,0.12671232,102.4799024167184,1229.6221661721695,509.9892875238627,1833.9225106583713,2496.3952625428,0.027200295261307256,0.09461126666333049,5.728714788228517,-236.84343,240.31482,-24.161945,-20.159527,40.868046,30.38618,-22.617577,-38.83977,-4.5816708,-3.1613703,-22.892204,-10.027254,0.9221223
1152,19.2,0.10604501,104.46713439664471,1219.8233810093864,463.8180212955774,1754.8127917697782,2470.253336980916,0.027200295261307256,0.09461126666333049,5.728714788228517,-270.61002,234.42484,-13.68837,-27.744621,52.30876,39.359596,-26.290997,-34.372272,-0.019592106,-7.8406334,-28.930191,-10.099143,4.2524214
1153,19.216666666666665,0.1043644,106.04569634179637,1333.2109480218073,458.1232077374533,1755.5143012532217,2447.3652066118125,0.027200295261307256,0.09461126666333049,5.728714788228517,-248.43431,234.26834,-26.468369,-22.785286,55.217064,43.304207,-30.490372,-33.874065,8.275451,-13.408993,-24.827036,-0.65110815,-4.4711347
1154,19.233333333333334,0.13078155,103.4943014014318,1481.509372863567,505.13265194424247,1886.0164242926262,2490.975335010174,0.027200295261307256,0.09461126666333049,5.728714788228517,-227.78535,232.46661,-35.88822,-14.221696,54.765842,36.37371,-39.387733,-36.174454,7.0142736,-8.806557,-15.049742,-3.2320976,-8.945038
1155,19.25,0.13015649,103.9155344442453,1527.7895128897358,530.8494576457338,1969.4549657350133,2563.0972497105927,0.027200295261307256,0.09461126666333049,5.728714788228517,-222.0815,233.7904,-37.66943,-10.948733,55.468952,25.849628,-38.561344,-30.591473,-1.4802029,-1.064553,-8.92687,-10.739924,-8.42809
1156,19.266666666666666,0.119575605,105.51417529420587,1496.4150552232588,534.5760982559397,1970.8964451164368,2604.762775847858,0.027200295261307256,0.09461126666333049,5.728714788228517,-223.93677,229.86575,-37.67974,-8.039937,52.04122,23.173943,-34.577858,-28.538097,-1.7369792,-3.6223493,-6.4797287,-9.6199,-9.363003
1157,19.283333333333335,0.118591376,107.03751822354312,1390.1067610010505,512.6090365265022,1932.5084568538396,2601.224635066382,0.027200295261307256,0.09461126666333049,5.728714788228517,-229.61583,227.6731,-31.41268,-3.5300717,46.657585,23.254477,-28.091967,-28.681856,-3.8099174,-1.6158776,-6.0951138,-11.147849,-5.010096
1158,19.3,0.11262917,107.94070475000696,1265.4116932039344,460.2415693156763,1789.8441766118378,2499.08859990661,0.027200295261307256,0.09461126666333049,5.728714788228517,-239.02371,221.99376,-22.31625,-1.0590484,41.049526,25.626986,-18.180325,-26.175684,-14.30153,-2.3510613,-7.76039,-13.420027,-1.2433162
1159,19.316666666666666,0.10740552,110.16350246101958,1033.3886755102876,391.5395787322403,1527.4305224939937,2414.1218282588657,0.027200295261307256,0.09461126666333049,5.728714788228517,-285.49594,218.27518,6.66169,0.3875283,42.184082,30.717903,-9.762269,-31.497953,-14.06329,6.515648,-14.075918,-21.780998,2.998642
1160,19.333333333333332,0.09558859,112.19328759412454,971.1250706208028,350.77614564281475,1124.4085028829104,2404.603060117578,0.027200295261307256,0.09461126666333049,5.728714788228517,-324.88162,205.58835,32.86865,7.019773,41.81595,31.988556,-13.80887,-36.558994,-9.996143,18.072077,-13.16062,-30.039127,0.20010233
1161,19.35,0.0743715,108.54911479685828,858.5291370567838,347.0511244521746,1509.0074059464764,2465.450603472105,0.027200295261307256,0.09461126666333049,5.728714788228517,-356.3308,195.0853,47.79385,12.359447,41.05165,34.374573,-14.058426,-37.671803,-5.5940332,17.619045,-9.975001,-28.872648,-1.5751101
1162,19.366666666666667,0.045701224,105.14093256679595,904.7808407053487,384.50989320926357,2410.4685280702906,2952.182804385257,0.027200295261307256,0.09461126666333049,5.728714788228517,-421.86575,149.32245,63.109432,29.550446,41.070908,31.357853,-7.0775166,-22.785294,-1.7596745,12.163021,-3.5269117,-17.054363,-5.8334455
1163,19.383333333333333,0.015176908,0.0,2577.604999280931,500.8978475769255,1905.5757377903522,3034.3584452099512,0.027200295261307256,0.09461126666333049,5.728714788228517,-477.76447,101.181946,63.436783,34.153625,19.350187,7.1636314,-5.0620403,-7.6618133,-0.060309757,4.4959507,-0.26481083,-4.3100586,0.24591735
1164,19.4,0.002441753,0.0,4948.901832659854,557.3280447110758,1340.7026965159391,2524.676772333451,0.027200295261307256,0.09461126666333049,5.728714788228517,-507.37305,67.55098,44.790417,22.95464,9.448555,2.6682534,-0.9567025,-2.5128286,-2.8127954,-3.7362366,-5.1794214,-4.09472,0.8110553
1165,19.416666666666668,0.000961517,0.0,5354.2061782914325,620.5939376146216,1591.4795697231225,2678.8352100453817,0.027200295261307256,0.09461126666333049,5.728714788228517,-521.2615,51.93159,37.341873,21.369926,10.214514,5.5810585,5.1354446,5.4034634,4.299657,1.8714871,-0.38336658,-0.82733065,0.96798265
1166,19.433333333333334,0.0054312125,0.0,3296.2996237846446,769.090338179761,1681.7081520104014,2632.0474287296415,0.027200295261307256,0.09461126666333049,5.728714788228517,-450.10834,105.576706,18.5925,-12.656801,-1.2030694,4.646451,-4.606212,-6.846998,1.7892132,2.1101718,-1.9636678,-1.1491201,-1.3390241
1167,19.45,0.0057898974,0.0,2587.396367947255,791.8016259365392,1679.7845181331018,2639.4783818789615,0.027200295261307256,0.09461126666333049,5.728714788228517,-348.26807,149.05603,-18.016766,-8.954905,1.2589284,-7.8549094,-8.223061,-14.370043,-0.48684344,-2.7114325,-11.571608,-0.081844985,-7.77788
1168,19.466666666666665,0.022972517,0.0,2979.0123000916424,587.1343223596425,1692.9643758029267,2604.159095130714,0.027200295261307256,0.09461126666333049,5.728714788228517,-407.84473,113.69641,6.1874084,18.125658,25.21696,8.914707,11.7556925,0.926468,-8.903677,-4.003204,6.4545903,13.163924,-7.1050835
1169,19.483333333333334,0.115382865,0.0,1115.7629903839495,362.63288177888353,1753.864593530071,2469.6587909110117,0.027200295261307256,0.09461126666333049,5.728714788228517,-265.25406,225.06654,-15.95697,-7.147218,49.275124,29.77965,-15.493256,-37.764732,-13.286949,0.29688504,-22.300056,-22.303192,-0.43259782
1170,19.5,0.15474685,108.72553981586468,1134.7910936495641,413.231793609517,1820.6835572248583,2468.576637689438,0.027200295261307256,0.09461126666333049,5.728714788228517,-244.9024,225.3291,-20.763895,-2.7697077,47.26644,37.87796,-17.746878,-44.60162,-11.098061,0.52254045,-26.579681,-19.450508,1.6414948
1171,19.516666666666666,0.16202381,110.04957220406311,1163.3419212478298,415.20408443073865,1851.4967405219268,2475.16979561514,0.027200295261307256,0.09461126666333049,5.728714788228517,-260.69858,215.32503,-17.471996,-1.6954736,49.7277,42.63173,-18.105026,-46.875084,-12.451853,1.7341669,-23.006702,-21.90735,-3.068832
1172,19.533333333333335,0.15462409,109.39737717461553,1137.5092557622688,414.4523087945815,1863.2233685214637,2464.329719425468,0.027200295261307256,0.09461126666333049,5.728714788228517,-266.46997,213.68933,-12.789852,-4.5391784,47.661957,48.76777,-16.756992,-48.01242,-9.498861,3.6432743,-25.601582,-19.98811,-1.0925604
1173,19.55,0.14709722,109.96274598196771,1144.34602791691,414.8297826605111,1846.9961298962412,2457.1234781843696,0.027200295261307256,0.09461126666333049,5.728714788228517,-269.04132,211.65628,-9.349793,-5.119524,42.788918,51.26783,-14.969669,-49.949562,-8.771535,1.8259752,-29.71051,-16.97842,1.0277795
1174,19.566666666666666,0.13830964,111.01083766108225,1119.5098725636408,407.5142308696445,1762.4145169327107,2448.726537039096,0.027200295261307256,0.09461126666333049,5.728714788228517,-270.63733,204.65538,-2.8486154,-0.7545036,29.288685,54.07769,-5.1474333,-49.805634,-10.412183,2.9781358,-34.0262,-16.765722,8.921827
1175,19.583333333333332,0.11718624,112.05323714965026,1038.3404121691724,384.9639399085125,1627.9286807296808,2443.7286036441806,0.027200295261307256,0.09461126666333049,5.728714788228517,-290.81964,200.73964,18.54895,6.8573785,13.207474,43.629677,7.79267,-43.28381,-17.777767,5.3882837,-30.46922,-20.840126,11.6263275
1176,19.6,0.07938459,112.75183553092052,1131.4137296678643,357.6471832504491,1573.0212733576998,2470.3749227020394,0.027200295261307256,0.09461126666333049,5.728714788228517,-328.93433,187.27808,30.746029,2.2653983,7.639927,40.863213,19.408897,-27.28286,-19.695652,3.8161523,-22.407688,-19.10247,8.833449
1177,19.616666666666667,0.035649434,112.5690360074712,3325.682665790049,839.7215691823969,2021.417027706822,3038.339940882627,0.027200295261307256,0.09461126666333049,5.728714788228517,-376.0572,97.58859,20.177519,62.76406,11.214331,30.065111,27.267944,-18.921515,-19.133291,4.0705013,-14.233887,-9.469889,10.73257
1178,19.633333333333333,0.011623891,0.0,6785.504422784031,1555.97765636954,2816.288756843631,3865.0555218007767,0.027200295261307256,0.09461126666333049,5.728714788228517,-353.5191,31.03714,-17.75822,67.1998,-17.999386,9.429613,18.30149,-9.034363,-15.731658,5.6263123,-10.899914,1.2852485,3.2802672
1179,19.65,0.011852285,0.0,6827.945757807072,1585.0639422602067,2799.2813279175116,3841.0846589533858,0.027200295261307256,0.09461126666333049,5.728714788228517,-344.3895,14.476779,-30.86981,67.18924,-26.8725,11.499655,18.24823,-8.919627,-18.676003,5.0760174,-7.0089474,7.2582035,10.312114
1180,19.666666666666668,0.010787245,0.0,7052.899977013229,1543.4944215305472,2486.361447216018,3689.454809055223,0.027200295261307256,0.09461126666333049,5.728714788228517,-365.07986,11.668791,-22.369362,63.567806,-24.953882,12.670047,15.570269,-10.850913,-15.712507,11.590376,-13.215998,7.1128664,10.091635
1181,19.683333333333334,0.0075072064,0.0,7297.839002228655,1539.751724809993,2591.888574627876,3648.225356110987,0.027200295261307256,0.09461126666333049,5.728714788228517,-393.7927,6.256982,-26.812603,60.691917,-15.340855,14.731598,17.950397,-5.4395623,-11.192046,11.197356,-9.108576,3.298754,11.763689
1182,19.7,0.0045954236,0.0,6972.945875256433,1523.604287244098,2601.8011930271578,3648.344027761274,0.027200295261307256,0.09461126666333049,5.728714788228517,-419.20718,15.32251,-29.81414,52.183952,-9.196207,9.831465,16.457245,-9.850866,-7.105172,9.251732,-6.888918,0.03420204,7.764071
1183,19.716666666666665,0.0030096686,0.0,6234.854730352405,1509.0838793533555,2518.156398990727,3678.076528353118,0.027200295261307256,0.09461126666333049,5.728714788228517,-433.60535,34.69652,-24.071472,45.463394,6.373663,15.311762,22.20501,-7.3848495,-3.6668346,7.841443,-0.3211723,4.800447,8.99958
1184,19.733333333333334,0.0019973048,0.0,6028.074141901605,1605.1464721310115,2503.485991374723,3775.752340273697,0.027200295261307256,0.09461126666333049,5.728714788228517,-471.13412,44.919353,-13.697449,26.528568,17.276905,11.91603,20.429302,-10.204758,-14.560303,3.353362,1.9612008,8.933724,11.8257
1185,19.75,0.0012349935,0.0,6157.18459282205,1611.3272205748306,2643.3852606892005,3950.477376899933,0.027200295261307256,0.09461126666333049,5.728714788228517,-500.88916,48.558372,0.45613885,4.021673,21.789616,25.396994,16.009413,-6.619069,-19.93132,-10.830807,2.836605,10.879073,10.484041
1186,19.766666666666666,0.0009539904,0.0,7617.260822479829,1222.093773589526,2546.7538947152743,3384.7307268575655,0.027200295261307256,0.09461126666333049,5.728714788228517,-526.46686,35.86802,14.111589,10.575907,15.779291,14.935585,8.832171,0.7880176,-5.14446,-4.1809263,0.7363709,3.632368,2.6446412
1187,19.783333333333335,0.0007783008,0.0,7514.366087927758,1063.2032001129228,2424.0823026332387,3189.573744383377,0.027200295261307256,0.09461126666333049,5.728714788228517,-530.1886,36.92727,23.906727,19.20472,17.232738,11.83134,6.224439,2.939661,2.1742952,3.6367354,4.9092903,4.905633,4.859001
1188,19.8,0.00079777086,0.0,7412.337284117005,1104.861218874084,2297.058683743693,3446.1981367136796,0.027200295261307256,0.09461126666333049,5.728714788228517,-530.03015,37.559372,22.991474,15.429432,14.799601,12.707582,7.5729356,4.2809753,4.021344,2.9065459,-0.9205557,-4.127244,-3.1953866
1189,19.816666666666666,0.000822666,0.0,7917.492472705609,547.1143540498133,1889.6339310910535,2789.961767557291,0.027200295261307256,0.09461126666333049,5.728714788228517,-526.3608,41.16751,24.584385,17.105305,17.285976,15.2328415,8.12389,1.3034045,0.22360253,3.2096415,4.732027,2.8938403,-0.67774284
1190,19.833333333333332,0.00077190244,0.0,8512.060782808076,1029.5412989563774,2176.781878679239,3288.4960507779574,0.027200295261307256,0.09461126666333049,5.728714788228517,-527.29144,37.060143,18.549534,14.842405,19.098442,16.717216,7.0391307,1.7085943,5.818011,11.616034,12.743543,9.697212,5.418404
1191,19.85,0.000765937,0.0,8373.107945349275,1153.5118790625904,2344.8749950161364,3284.405180305934,0.027200295261307256,0.09461126666333049,5.728714788228517,-532.2845,32.31412,16.050196,12.998583,19.391289,17.71658,6.260215,-0.29999068,3.5053205,6.7925997,2.5950313,-1.5922903,0.91109955
1192,19.866666666666667,0.00071459264,0.0,6842.49252234851,802.8837620307722,2150.5097554720182,2958.2177029980976,0.027200295261307256,0.09461126666333049,5.728714788228517,-531.5027,39.016563,29.61549,21.73246,17.447018,14.103909,9.920092,6.582098,5.922038,6.655989,6.0028477,3.3751235,0.8305472
1193,19.883333333333333,0.000690947,0.0,6748.967859999536,713.7716298965872,2099.6144115772354,3048.216020960799,0.027200295261307256,0.09461126666333049,5.728714788228517,-534.2751,36.09895,28.23011,20.063,13.826296,9.497381,6.972104,6.3233795,6.359659,5.162614,2.504415,0.13962078,-0.8047911
1194,19.9,0.0005806962,0.0,7224.114915306505,901.52018071081,2048.396558737126,3088.371834225767,0.027200295261307256,0.09461126666333049,5.728714788228517,-540.401,28.21077,22.890015,18.730629,16.037739,12.533659,7.9005437,4.2073812,2.1645489,0.057881832,-2.9342184,-5.0043826,-4.607213
1195,19.916666666666668,0.0006047566,0.0,7065.802646916736,1464.4355223906568,2327.488854545362,3599.090069233208,0.027200295261307256,0.09461126666333049,5.728714788228517,-536.72504,32.977074,25.826359,18.544598,13.801811,11.474258,9.93777,8.016101,5.6470346,3.3949895,1.8273373,1.1251996,0.87587065
1196,19.933333333333334,0.0006674989,0.0,6590.559448403037,1192.8853266330323,2380.6101578834564,3282.0357021783693,0.027200295261307256,0.09461126666333049,5.728714788228517,-534.15936,36.659897,29.28027,21.01537,14.958699,11.927342,10.493808,8.627998,5.452116,1.730021,-1.0653204,-2.0900142,-1.7092881
1197,19.95,0.0006858108,0.0,6743.979177662525,876.7432790446526,2145.8475376418714,2872.247207909353,0.027200295261307256,0.09461126666333049,5.728714788228517,-539.36707,30.323238,25.843182,21.159477,17.109211,13.32709,9.89715,7.161432,4.5278063,1.1583165,-2.288258,-4.079938,-3.6753564
1198,19.966666666666665,0.00072267465,0.0,6376.775533390595,820.0241546640225,1921.0711358366532,2853.388330598737,0.027200295261307256,0.09461126666333049,5.728714788228517,-537.5416,33.374332,29.405258,24.060242,18.552511,13.706348,9.833277,6.9258084,4.9006634,3.6704602,3.054905,2.7160811,2.264118
1199,19.983333333333334,0.0012700764,0.0,6576.118033112229,1242.6229589116979,2160.3349467999205,3089.311770058116,0.027200295261307256,0.09461126666333049,5.728714788228517,-537.3755,33.078682,28.028065,22.045788,16.852257,12.970146,10.132623,8.0515785,6.622424,5.652565,4.80005,3.8993473,3.1434665
1200,20.0,0.019559901,0.0,2149.239444916245,775.8770165302883,2321.887967515035,3122.7057645862433,0.027200295261307256,0.09461126666333049,5.728714788228517,-464.5778,96.97594,56.9237,57.626602,41.23343,16.734009,-5.6641417,-8.927605,14.117525,6.354436,-15.63889,-4.9889836,6.1206856
1201,20.016666666666666,0.062275212,0.0,1029.9649376951181,344.2258293024444,2459.330153062763,3126.3855677997517,0.027200295261307256,0.09461126666333049,5.728714788228517,-365.67432,155.6423,48.329533,66.31598,40.748222,19.26395,-11.250616,-28.68469,23.099907,6.666779,-37.565704,-10.258142,4.389331
1202,20.033333333333335,0.08221109,109.61310612267056,887.2305100464799,364.2811253145146,1952.4278848479225,2836.2518751800844,0.027200295261307256,0.09461126666333049,5.728714788228517,-332.699,175.56169,39.963715,57.537693,36.397404,19.440765,-16.119257,-33.09301,25.682884,3.20525,-44.835793,-12.169565,5.880645
1203,20.05,0.087964244,106.47545339019142,921.3526369883267,340.06672115475914,1835.9523600323107,2698.228218344983,0.027200295261307256,0.09461126666333049,5.728714788228517,-329.11957,182.77286,33.80087,45.086365,38.80063,21.65702,-13.091948,-30.933842,21.37101,12.516045,-31.557274,-11.958386,9.1810255
1204,20.066666666666666,0.07862653,103.39481441181053,620.3078400906135,326.2948244561388,1959.3393245252714,2755.1825385238067,0.027200295261307256,0.09461126666333049,5.728714788228517,-355.47565,197.96254,56.67831,18.9444,32.251427,23.230072,-6.2414656,-13.96626,7.1894703,4.5394807,-20.620886,-16.33981,8.008056
1205,20.083333333333332,0.07076528,101.61036763998334,613.8413884936823,310.54721721332686,967.9102963286864,2575.810593159571,0.027200295261307256,0.09461126666333049,5.728714788228517,-381.82822,184.05617,68.87709,25.711239,32.365547,25.732037,-3.211914,-11.940727,6.9364095,6.134389,-16.33297,-19.217758,1.6890943
1206,20.1,0.052214168,98.52833145331782,634.7501577626787,310.3736198260665,840.9228127476142,2568.565907904561,0.027200295261307256,0.09461126666333049,5.728714788228517,-407.76627,166.41109,76.75404,36.142662,33.146183,20.339434,-2.0635452,-6.7607994,2.6856031,-0.18988782,-13.525894,-15.0622835,-4.1160574
1207,20.116666666666667,0.0277757,95.40640076349996,1097.115356163391,353.38992106724754,1187.3183754218715,2582.8315027026724,0.027200295261307256,0.09461126666333049,5.728714788228517,-453.0059,126.64401,74.541,44.115765,34.986786,21.486115,3.4148846,-2.251285,1.7371457,-0.8160728,-8.7134495,-7.2113914,3.038911
1208,20.133333333333333,0.0063296724,0.0,2978.002676248949,410.3691289529525,1744.0382552751203,2814.249035240163,0.027200295261307256,0.09461126666333049,5.728714788228517,-497.22943,81.74776,58.837044,36.895893,22.381737,12.81267,4.957635,-1.0883466,-4.8151016,-6.973915,-7.498209,-5.1832695,-0.5605559
1209,20.15,0.014595721,0.0,3682.4038770786947,583.23089291702,1960.2867602625188,3277.8764539907643,0.027200295261307256,0.09461126666333049,5.728714788228517,-429.37772,127.01799,41.873158,-5.620999,-14.278568,-11.650581,-10.416941,-15.747728,0.20390895,13.588831,-3.1865418,-10.759222,-8.11181
1210,20.166666666666668,0.016947474,0.0,4032.461024480812,717.6559104329937,2026.941529444371,3142.058356198145,0.027200295261307256,0.09461126666333049,5.728714788228517,-275.95,134.3191,18.191845,2.1065571,-17.436512,-14.761257,-9.077268,-23.601175,-8.445114,14.544306,-19.729572,4.163356,-20.733189
1211,20.183333333333334,0.07849897,0.0,2360.9502353510898,509.5648376524391,1869.8862923901424,2573.8727432279848,0.027200295261307256,0.09461126666333049,5.728714788228517,-313.73706,146.44958,21.921162,35.83693,21.814293,20.902956,-0.55540884,-29.109806,-14.097129,5.557477,-15.576199,4.379122,-7.2927704
1212,20.2,0.12802619,0.0,946.081455246546,467.28645289284174,1764.436169511302,2511.6590196145767,0.027200295261307256,0.09461126666333049,5.728714788228517,-247.209,228.33698,13.555603,4.2853208,11.182901,22.593788,-6.9932976,-37.408077,-22.999794,0.07943827,-19.233406,-6.8279133,1.5545255
1213,20.216666666666665,0.16094735,101.36273085340352,1098.6618752599818,529.230102273409,1714.8753583884761,2532.7498465354306,0.027200295261307256,0.09461126666333049,5.728714788228517,-221.83278,232.20966,0.42190182,-7.8701444,17.081947,21.050795,-18.62027,-38.69456,-19.967583,-1.5836099,-29.008232,-2.1770706,10.689226
1214,20.233333333333334,0.1429202,103.55276506940203,1285.7247395976449,527.0258444994688,1590.0594625762358,2545.347557225578,0.027200295261307256,0.09461126666333049,5.728714788228517,-219.0568,223.93399,0.037556827,-16.613277,18.562105,26.567999,-20.707428,-28.670921,-16.226759,0.7788843,-37.19028,-3.0275214,15.008457
1215,20.25,0.12882122,0.0,1102.227942121839,503.0416834552806,1500.5694732140944,2500.5581972449195,0.027200295261307256,0.09461126666333049,5.728714788228517,-271.02933,234.59259,9.372963,-22.245724,21.255049,24.328552,-10.14599,-24.282661,-5.9345713,-3.526668,-33.37835,-11.609785,15.046608
1216,20.266666666666666,0.13344161,0.0,1025.0341383906716,536.8044746047719,1506.0684974255953,2503.5019329185784,0.027200295261307256,0.09461126666333049,5.728714788228517,-245.10658,254.01361,5.6381807,-36.421135,16.006023,22.427212,-26.266405,-36.78065,-8.085646,3.1738396,-42.560013,-14.918252,27.47013
1217,20.283333333333335,0.15600803,103.69833902447691,1116.6735852718812,600.6829145110833,1543.1370098734192,2526.192932084588,0.027200295261307256,0.09461126666333049,5.728714788228517,-231.46416,253.86342,-0.052355647,-35.631897,15.2501545,17.058624,-32.629345,-29.861774,-1.8722824,4.4628377,-35.77868,-5.2211843,29.18156
1218,20.3,0.15319985,102.3215311634497,1113.2822981490554,619.2035249763845,1602.1342062811484,2549.807773381231,0.027200295261307256,0.09461126666333049,5.728714788228517,-232.18254,252.98523,0.7437763,-36.81945,12.271002,15.865349,-32.076622,-25.679253,-2.7473726,-1.5402012,-28.735466,0.5175007,21.653408
1219,20.316666666666666,0.11851299,100.49450705337566,1221.861158749684,577.0874598313432,1625.348872610668,2581.5536332633587,0.027200295261307256,0.09461126666333049,5.728714788228517,-233.76335,244.42203,-4.190424,-31.65917,20.570913,19.263027,-33.81474,-21.535885,-0.46405685,-6.38258,-29.708746,3.829774,23.972797
1220,20.333333333333332,0.07250154,98.93649052455953,1252.3224438934662,503.99663830626906,1632.539996468132,2601.387764349238,0.027200295261307256,0.09461126666333049,5.728714788228517,-268.25052,218.76123,3.510573,-11.608833,20.322971,15.0845585,-19.269444,-17.187168,-6.226231,-10.4312725,-23.79255,5.762588,17.91552
1221,20.35,0.036412466,0.0,1732.8390708258871,483.76143439919224,1660.4688420764694,2646.5775002279106,0.027200295261307256,0.09461126666333049,5.728714788228517,-411.24707,144.30997,35.897354,9.678276,29.568943,19.709198,-7.3416243,-12.026984,-4.322736,-6.882677,-5.0875893,9.308134,8.575848
1222,20.366666666666667,0.0032846283,0.0,3742.513449478278,523.0106265545801,1604.7294688058603,2665.0591966118614,0.027200295261307256,0.09461126666333049,5.728714788228517,-491.68408,80.154305,42.962364,20.418207,14.534847,9.395644,1.081969,-5.158198,-8.783333,-10.369362,-8.041013,-3.3675632,0.3144676
1223,20.383333333333333,0.015723838,0.0,2258.6172557868904,612.9248963818238,1401.9725967231204,2673.8345173116954,0.027200295261307256,0.09461126666333049,5.728714788228517,-370.04013,162.0811,33.653053,-6.8684497,-34.003456,-20.281597,19.160263,3.0173435,-20.723686,-4.918861,-14.60335,-15.637956,2.6709468
1224,20.4,0.017638518,105.09902923454024,3156.1519713384614,912.3501792757103,1650.7451859339465,3103.871619348257,0.027200295261307256,0.09461126666333049,5.728714788228517,-289.80295,139.4822,18.102463,13.352396,-58.437737,-19.693424,16.313965,9.563613,-17.939789,1.5662332,-20.770279,-12.053869,-9.152859
1225,20.416666666666668,0.020744989,0.0,6698.959315286219,1401.5055995950404,1981.064529342216,3723.916706258212,0.027200295261307256,0.09461126666333049,5.728714788228517,-291.9815,25.54461,-40.164116,52.16655,-38.091095,0.3565296,21.222069,17.12321,-21.093098,-0.5601845,-15.9209175,-0.36335963,-9.957518
1226,20.433333333333334,0.02331947,0.0,7301.861763234998,1385.425201838859,1821.5398765582552,3748.421924543486,0.027200295261307256,0.09461126666333049,5.728714788228517,-296.3893,-18.526657,-41.03699,72.242935,-28.693607,0.47370917,16.129673,4.3216953,-33.02926,2.1880727,5.899288,19.52594,-13.845646
1227,20.45,0.024743753,0.0,7046.969039659254,1385.7941628641618,2240.5045828890798,3684.8589552427434,0.027200295261307256,0.09461126666333049,5.728714788228517,-292.22128,-23.13393,-52.35046,74.954414,-22.539558,-4.777161,1.1250076,-0.74833876,-32.03203,0.51983523,1.2523314,17.367903,-22.570911
1228,20.466666666666665,0.020249387,0.0,6244.3987387109155,1877.699300851631,2484.267372370957,3648.596071061397,0.027200295261307256,0.09461126666333049,5.728714788228517,-307.70203,7.742718,-62.091354,61.210754,-3.692546,5.6751375,-5.9284997,-9.756798,-18.647861,0.20931122,-2.5068018,17.242363,-23.575287
1229,20.483333333333334,0.020281956,0.0,4796.451477641443,1880.3397257011866,2448.3033722053833,3596.1589736123365,0.027200295261307256,0.09461126666333049,5.728714788228517,-343.27322,69.07002,-44.828274,54.061153,27.90155,8.590469,-2.5686054,-21.373463,-7.498391,5.2378373,-10.541641,10.327929,-18.092484
1230,20.5,0.11110139,0.0,1034.9944954090156,1295.3807076591293,2252.526939745519,3045.3043049663615,0.027200295261307256,0.09461126666333049,5.728714788228517,-290.4735,192.96774,0.34201884,17.204906,38.7847,45.449993,1.1241276,-38.7185,-13.872437,-7.2060814,-10.926901,-8.908311,-24.667969
1231,20.516666666666666,0.17469776,130.5901134184598,887.436653655976,379.38751909364686,1783.810202276857,2181.6058122911936,0.027200295261307256,0.09461126666333049,5.728714788228517,-272.59402,216.03748,9.593622,6.5392,24.1407,42.416664,-4.510708,-49.65641,-13.921913,-9.847008,-19.089497,-12.254938,-18.112345
1232,20.533333333333335,0.18186404,129.42252825548306,908.3223737832105,433.01457218358337,1612.9651553488743,2147.5275626538937,0.027200295261307256,0.09461126666333049,5.728714788228517,-262.77234,227.54932,10.821343,-8.159779,-1.7797124,33.09432,9.5800495,-47.4962,-23.75002,-13.804593,-23.617657,-13.269795,-9.104787
1233,20.55,0.15959759,130.5271110750263,997.5148720367279,492.0777362931683,1471.0503432342434,2351.9734863189537,0.027200295261307256,0.09461126666333049,5.728714788228517,-255.09717,235.53726,5.5064287,-17.73025,-8.662689,24.302856,10.752453,-47.617737,-18.718266,1.6433136,-33.03116,-21.570023,7.899844
1234,20.566666666666666,0.13057199,131.45040562761662,1069.2027015187532,509.2293788792184,1407.0705835373578,2363.8546099047862,0.027200295261307256,0.09461126666333049,5.728714788228517,-256.6432,232.17296,1.3337667,-23.41896,-8.698715,28.127724,7.4051094,-45.612682,-8.51846,2.0418196,-39.70189,-20.172981,13.269454
1235,20.583333333333332,0.112580605,132.23417689348955,1145.8833149011823,484.00330928254436,1432.3372948480096,2337.6897652824455,0.027200295261307256,0.09461126666333049,5.728714788228517,-254.47221,234.75438,-3.4458752,-27.662928,4.009358,30.484718,-8.136119,-46.239662,-4.7309628,2.6780486,-37.531258,-21.9464,15.8442955
1236,20.6,0.096860334,135.47367049969475,869.4912900350905,408.92435669052884,1449.1330103369992,2352.8779889211683,0.027200295261307256,0.09461126666333049,5.728714788228517,-303.2349,227.52588,20.677563,-23.667503,20.742664,29.73397,-9.260205,-34.258503,-10.525356,0.4810249,-25.817915,-27.050756,1.647771
1237,20.616666666666667,0.089380905,141.45130913069207,793.7209349316597,359.26229097775615,1483.650965065587,2449.2633279745346,0.027200295261307256,0.09461126666333049,5.728714788228517,-349.4618,190.62582,26.440779,-6.6655283,29.452415,31.079435,-3.9638522,-24.720085,-14.101581,-9.345663,-21.920567,-24.498482,-5.6532154
1238,20.633333333333333,0.107005924,145.06276992539622,907.0660745952077,375.92687249452706,1520.5785610062928,2435.8200508089276,0.027200295261307256,0.09461126666333049,5.728714788228517,-328.49448,205.90564,18.164251,-20.252533,25.882902,31.858097,-10.070085,-32.56148,-12.037529,-3.9970565,-24.024952,-27.193012,-3.5714948
1239,20.65,0.119949885,147.9792161543507,1243.6074041110107,434.48502537614115,1537.7343880047601,2439.478904103274,0.027200295261307256,0.09461126666333049,5.728714788228517,-252.1058,227.86026,-10.100314,-30.608418,18.582985,36.970615,-23.552616,-40.936256,-8.524355,-7.3917933,-34.163445,-23.287792,4.4346886
1240,20.666666666666668,0.1398817,148.13178693725217,1350.085395330715,482.15749203018026,1630.3177654164838,2471.376199715537,0.027200295261307256,0.09461126666333049,5.728714788228517,-247.83345,220.95471,-18.380566,-32.57425,18.541592,42.053253,-26.15983,-40.655106,-7.0050735,-3.4169927,-25.520184,-18.590778,3.6112285
1241,20.683333333333334,0.13639644,150.11087483956283,1308.9640928315612,490.56744898758535,1680.1136692216817,2517.1466920976595,0.027200295261307256,0.09461126666333049,5.728714788228517,-255.83005,209.94374,-19.472776,-28.75352,16.688503,43.359573,-22.828064,-41.438248,-12.721762,-5.22635,-26.255753,-21.148895,1.2215507
1242,20.7,0.14796703,150.55121004906414,1168.9825930355642,471.36043886671933,1612.3035095359762,2491.90468226897,0.027200295261307256,0.09461126666333049,5.728714788228517,-266.8009,209.15659,-10.793926,-27.766623,22.071815,40.074856,-20.414642,-32.944305,-21.849144,-8.556874,-24.163555,-26.884342,2.3774424
1243,20.716666666666665,0.13602407,149.39944084588205,1091.6631772811897,430.00660113956434,1504.5682438389895,2462.5790559221236,0.027200295261307256,0.09461126666333049,5.728714788228517,-283.6268,201.57265,5.0248423,-19.089754,13.412884,39.513298,-5.812397,-31.38097,-24.885246,-8.748764,-31.295607,-37.965355,2.3587275
1244,20.733333333333334,0.11453476,149.50233350863624,984.8019884140308,386.91610125747184,1415.321548249692,2454.5728939524297,0.027200295261307256,0.09461126666333049,5.728714788228517,-316.7726,190.10623,20.74464,4.62523,2.2647614,25.113453,18.088501,-24.635283,-17.428604,-6.921491,-42.96559,-36.05844,2.1752172
1245,20.75,0.071539804,153.36802694114562,1920.3152695807023,365.6681151361767,1318.0073235432299,2473.298232674134,0.027200295261307256,0.09461126666333049,5.728714788228517,-325.70496,134.18738,23.289059,43.169746,-18.995369,20.94619,20.067001,-9.402481,-7.825941,-16.441734,-42.0129,-27.834616,-6.052155
1246,20.766666666666666,0.049190473,155.67343766097198,3093.906673114213,363.59447601934096,1311.9512821712333,2506.6375345604956,0.027200295261307256,0.09461126666333049,5.728714788228517,-334.669,97.81365,22.658035,66.63544,-17.353317,23.99776,9.205271,-10.337322,-9.089773,-7.469766,-26.923992,-24.869946,-5.1337876
1247,20.783333333333335,0.036526725,151.66539599062688,4252.26044109425,347.7719733681344,1351.8566247298008,2583.217819184272,0.027200295261307256,0.09461126666333049,5.728714788228517,-336.72507,76.985016,27.723461,86.95799,-23.407253,35.865807,12.267469,-14.431997,-1.6853259,-12.412014,-30.119617,-21.028046,-0.79684794
1248,20.8,0.029681047,144.03772289299175,3978.2960745373102,320.7636931204023,1297.7741678916157,2613.8615352213965,0.027200295261307256,0.09461126666333049,5.728714788228517,-372.07523,80.707306,43.576103,83.29831,-25.885506,27.605366,23.200962,-7.336287,3.4131927,-17.67052,-32.952255,-14.412789,-0.16847092
1249,20.816666666666666,0.025353236,134.22590412427917,1522.940001388388,307.6408477768195,994.9134145648491,2468.8792406256043,0.027200295261307256,0.09461126666333049,5.728714788228517,-448.47992,120.47307,78.24937,51.51822,10.410007,13.031718,15.120103,-9.303282,-6.794981,-11.858625,-23.090569,-5.861596,2.2223816
1250,20.833333333333332,0.028335452,124.78004932283744,891.5998123373063,309.0895031037488,712.8503131211835,2369.494487549781,0.027200295261307256,0.09461126666333049,5.728714788228517,-455.70258,131.00493,86.89553,46.29481,23.436123,12.595699,3.9533253,-4.170001,-9.219107,-11.353542,-11.6917095,-8.942287,-3.0578952
1251,20.85,0.031049058,116.37367678483461,809.2884325863645,290.6756702214882,706.1763463735856,2377.655960911785,0.027200295261307256,0.09461126666333049,5.728714788228517,-446.71405,139.81142,88.57727,44.63421,22.150665,10.714905,0.2879431,-6.325821,-5.8502655,-4.0032473,-6.0503187,-7.9798326,-4.8462334
1252,20.866666666666667,0.047086194,113.26462938250006,1318.425431014678,347.60063734805107,1016.2644205029969,2441.4047830191053,0.027200295261307256,0.09461126666333049,5.728714788228517,-367.7893,173.83632,47.495262,10.443887,14.414485,14.38125,-4.5369487,-14.35383,-5.6077614,7.999531,-11.70666,-6.1740265,0.23828232
1253,20.883333333333333,0.14151129,113.46386869116036,1279.087509535079,424.1104304942167,1549.7605917147002,2460.6379650229674,0.027200295261307256,0.09461126666333049,5.728714788228517,-253.08707,199.60269,-0.8009609,10.337109,24.9214,28.958263,-1.0853176,-21.577038,-24.514973,8.537303,-27.5961,-14.37085,2.426037
1254,20.9,0.18848501,108.73658511075966,1117.344065499113,425.2565464986066,1729.5582267461054,2473.7524776343175,0.027200295261307256,0.09461126666333049,5.728714788228517,-218.47066,229.52863,-14.337183,-2.6832721,31.791344,31.303005,-10.8235235,-32.06189,-28.12524,7.173936,-26.468582,-24.051722,2.0299428
1255,20.916666666666668,0.1963518,104.9967181084213,1179.373173194313,451.8604103167922,1738.3171247481116,2447.952146900543,0.027200295261307256,0.09461126666333049,5.728714788228517,-210.46574,235.25017,-14.165699,-11.297071,29.66676,30.544615,-12.999851,-30.209206,-25.73908,11.860344,-26.473042,-15.978058,1.9405231
1256,20.933333333333334,0.14364192,104.06665745651885,1084.227217728839,441.98335966292973,1635.745619137436,2380.745827268179,0.027200295261307256,0.09461126666333049,5.728714788228517,-238.16772,239.44499,-3.7226458,-25.915134,30.734663,38.487907,-12.165803,-29.016819,-22.931566,3.4628081,-27.889362,-14.09964,8.598092
1257,20.95,0.08699163,0.0,997.6528326626792,395.0186439919361,1584.5424805424539,2332.6466488299584,0.027200295261307256,0.09461126666333049,5.728714788228517,-323.247,214.814,19.269035,-24.906403,31.709183,38.490288,-5.072929,-21.259876,-6.6140356,-6.5200257,-20.362486,-13.532093,0.8080313
1258,20.966666666666665,0.020956919,0.0,1567.4536911586445,389.60018681097137,1730.6653511053635,2456.2247410436794,0.027200295261307256,0.09461126666333049,5.728714788228517,-441.583,124.14255,42.720787,13.1353245,32.17158,36.52945,9.1881485,-12.486912,-10.52112,-5.21566,-9.076582,-11.125328,-5.598686
1259,20.983333333333334,0.0024229065,0.0,3980.3716505733814,449.235436584868,1843.8308079964481,2512.2230221010395,0.027200295261307256,0.09461126666333049,5.728714788228517,-506.4562,67.294785,43.31559,25.2567,18.248068,13.568462,5.1628942,-2.780614,-5.2277803,-4.5760202,-5.5140324,-7.3700304,-6.67089
1260,21.0,0.0013468423,0.0,5313.763740795106,477.74427800314425,1819.8062377990784,2541.1999366560185,0.027200295261307256,0.09461126666333049,5.728714788228517,-519.24457,53.669895,37.755516,23.03814,14.483569,9.627552,4.664814,-0.48412353,-3.84136,-5.2057505,-6.0240583,-6.6101646,-5.7926354
1261,21.016666666666666,0.0012091738,0.0,5763.681126887035,480.22851669336285,1789.7367972989668,2782.002039511434,0.027200295261307256,0.09461126666333049,5.728714788228517,-525.0028,46.743484,34.000168,22.762638,15.546875,8.448296,-1.0954654,-9.94737,-13.592531,-11.890448,-8.515342,-6.18598,-4.5271525
1262,21.033333333333335,0.034184005,0.0,3188.060430901528,486.5509417585085,1746.4944135645142,2655.0704774444807,0.027200295261307256,0.09461126666333049,5.728714788228517,-432.20123,125.49441,31.535969,-3.3632889,18.442513,28.852785,9.011176,-10.167435,-12.742193,-2.8441656,5.847712,13.539231,10.874117
1263,21.05,0.09671145,0.0,1204.1970230177992,497.54261234012995,1640.5372603630835,2392.050134738636,0.027200295261307256,0.09461126666333049,5.728714788228517,-260.91168,241.77869,4.3838177,-37.852985,30.112421,41.95856,-19.36496,-38.189877,-6.7634516,-6.6725783,-23.670984,2.51145,2.3864055
1264,21.066666666666666,0.12709679,102.49188485885912,1144.7079090650823,527.9335477477208,1746.6384187190793,2375.0501834383895,0.027200295261307256,0.09461126666333049,5.728714788228517,-230.5411,248.26593,-7.2694297,-26.807453,23.834648,35.772743,-14.681648,-44.481926,-20.102707,5.5286026,-15.322931,-7.5281835,5.635381
1265,21.083333333333332,0.13229406,104.88842415550569,1241.2091435796615,557.85808316897,1851.0190000438813,2452.209791690823,0.027200295261307256,0.09461126666333049,5.728714788228517,-234.6455,239.17496,-11.167698,-22.383062,27.428864,33.420494,-16.768833,-39.151306,-14.567656,12.223121,-9.46257,-11.182971,-2.7474911
1266,21.1,0.11229,103.37490503455503,1266.9620783400405,542.2854284185642,1846.8797282479823,2464.407563695998,0.027200295261307256,0.09461126666333049,5.728714788228517,-239.4856,239.5441,-15.434834,-23.81882,32.89799,33.061592,-21.051735,-35.789204,-7.3948493,6.9296,-4.0388384,-11.450697,-7.7250705
1267,21.116666666666667,0.095734015,101.83137122212196,1167.5875745798855,460.7615478954238,1698.5341396489978,2376.3608348895623,0.027200295261307256,0.09461126666333049,5.728714788228517,-255.8371,229.47108,-6.37231,-16.00997,28.106247,33.2856,-4.432928,-28.602642,-14.797699,7.899891,-6.7877755,-17.994265,1.5951648
1268,21.133333333333333,0.09433021,102.29213836922364,832.6399224667339,371.1832463146631,1545.531179237856,2327.998738775872,0.027200295261307256,0.09461126666333049,5.728714788228517,-312.24823,220.31116,27.438404,-8.572859,30.66151,40.26705,8.8193,-26.644382,-14.770565,7.600285,-11.05566,-20.440842,4.0587316
1269,21.15,0.08938328,104.0704955191309,724.4311161900815,314.947274030587,1457.0001098140754,2364.371474946017,0.027200295261307256,0.09461126666333049,5.728714788228517,-343.9138,208.98297,45.449654,-3.607423,34.649582,45.54424,4.702385,-27.3593,-12.045332,9.423744,-5.173501,-21.363613,-5.027331
1270,21.166666666666668,0.08334512,104.03724523943089,665.2505130671692,302.56230093156535,1392.059251377149,2372.200580201574,0.027200295261307256,0.09461126666333049,5.728714788228517,-358.26224,201.48782,53.617813,2.4429417,33.915344,43.653828,4.4516993,-26.898655,-11.461922,12.065254,-2.274256,-22.921665,-9.943932
1271,21.183333333333334,0.07967177,104.22617601449706,605.6552839149565,298.6258848805556,1364.5119135028592,2354.4961654276767,0.027200295261307256,0.09461126666333049,5.728714788228517,-368.70102,196.31024,59.862762,6.3989387,33.949017,44.999146,6.1415215,-26.539469,-13.154463,8.979371,-2.5147376,-21.427357,-11.876572
1272,21.2,0.07971825,104.13309547918102,553.1214195076709,296.54998654773715,1467.1092223709645,2335.6280827654427,0.027200295261307256,0.09461126666333049,5.728714788228517,-378.89044,190.475,64.88337,9.715112,31.639153,41.872112,6.051291,-22.91872,-10.964753,6.364353,-3.8369815,-19.085125,-11.472845
1273,21.216666666666665,0.07188725,103.7988133840715,529.6027940940932,291.8991182696465,1788.0607146262016,2338.889702288952,0.027200295261307256,0.09461126666333049,5.728714788228517,-391.41492,181.01698,69.251114,17.17881,32.57337,39.35714,6.749283,-19.54594,-8.888891,7.048918,-2.80218,-18.474377,-12.266251
1274,21.233333333333334,0.07073568,105.24449872440398,572.4554409670455,298.95193391869,2094.382967728976,2449.8713784022375,0.027200295261307256,0.09461126666333049,5.728714788228517,-392.2282,173.08383,59.484158,24.612648,50.39942,42.479202,-5.835754,-26.96336,-4.8551445,11.144968,-2.8682892,-17.710026,-11.933079
1275,21.25,0.08475067,107.21699920198365,871.8536487051058,316.39991510368094,2282.997223159094,2655.162188859384,0.027200295261307256,0.09461126666333049,5.728714788228517,-350.18863,177.73889,23.033875,34.889793,80.59057,39.033844,-29.772804,-35.443222,8.009699,16.96487,-17.345173,-32.78501,-13.894525
1276,21.266666666666666,0.0994108,106.78663136188445,1013.912459986607,320.9546406573418,2337.2756420796327,2773.978569831931,0.027200295261307256,0.09461126666333049,5.728714788228517,-343.30978,174.38986,19.131004,41.261593,82.70222,37.722656,-32.75846,-30.411741,15.786871,9.091337,-25.993607,-26.78757,-6.7205706
1277,21.283333333333335,0.10965617,107.8187563050662,1019.2410633755334,337.99957497846714,2292.5349102651326,2763.0702068224855,0.027200295261307256,0.09461126666333049,5.728714788228517,-328.003,182.94986,10.621088,31.724709,78.37734,39.23374,-32.512688,-32.105927,15.808858,3.359133,-28.520468,-25.504642,-12.2799635
1278,21.3,0.122995496,109.97813744988069,1112.645106174757,381.7297494490858,2186.6466682559885,2683.581969930243,0.027200295261307256,0.09461126666333049,5.728714788228517,-295.98465,200.72064,-0.665154,18.129791,71.70639,42.62972,-35.06539,-40.525127,12.891309,2.3453798,-27.95578,-24.488346,-16.37691
1279,21.316666666666666,0.13470718,112.02156538884782,1248.182993136572,430.53184832687117,2061.355863300409,2595.542061907073,0.027200295261307256,0.09461126666333049,5.728714788228517,-260.56052,215.27028,-16.837624,4.472093,60.365456,39.716568,-27.352478,-42.73896,-2.9383795,4.54873,-22.304771,-26.430473,-15.628824
1280,21.333333333333332,0.13825674,113.9677775223904,1409.5815852605672,457.1988200541457,1942.043178176081,2530.4909210144087,0.027200295261307256,0.09461126666333049,5.728714788228517,-239.36505,221.15912,-31.59076,-5.358306,51.52433,35.242233,-26.589409,-43.90188,-6.6911216,2.036205,-13.969936,-19.36456,-17.137949
1281,21.35,0.132819,116.1570859676505,1322.1799759460796,456.11501958673705,1818.4688720156992,2526.2752888970513,0.027200295261307256,0.09461126666333049,5.728714788228517,-240.62323,226.6002,-32.66118,-9.83744,46.659874,26.945076,-17.77316,-36.401276,-15.231268,-2.1207743,-9.699364,-17.162857,-9.909496
1282,21.366666666666667,0.11618127,117.65967399199113,1055.2907421782525,410.4589574575524,1620.7932685827138,2454.4357253078097,0.027200295261307256,0.09461126666333049,5.728714788228517,-268.2658,225.28645,-15.942808,-10.179936,43.556385,22.135729,-5.2650347,-23.489485,-20.76435,-2.924817,-14.129041,-25.722536,-0.31510377
1283,21.383333333333333,0.10079861,120.17997218947262,861.6741807806818,359.02966852818633,1467.2596141905753,2390.4702598119356,0.027200295261307256,0.09461126666333049,5.728714788228517,-320.5219,207.78937,17.452526,-2.6047406,44.857628,37.479397,0.8778322,-24.487686,-15.790957,3.9045622,-14.53812,-29.576202,2.768203
1284,21.4,0.09694182,123.71141213219052,871.3277549816222,352.1454260973973,1428.8844890996788,2407.1409000828476,0.027200295261307256,0.09461126666333049,5.728714788228517,-336.23224,196.5829,21.990288,5.613917,50.4132,37.82357,-3.6924295,-28.164455,-15.064267,8.680653,-8.867523,-28.26341,1.8448782
1285,21.416666666666668,0.0939063,124.27504749249874,795.8682968201119,350.6809203527222,1332.4321499711464,2413.2882016943886,0.027200295261307256,0.09461126666333049,5.728714788228517,-346.02176,193.31033,28.210823,5.567095,47.360035,37.055737,-5.4844384,-28.842468,-13.710814,9.669786,-6.335788,-26.894743,-1.6318986
1286,21.433333333333334,0.08952566,123.82807432917012,775.4632613163417,341.6947089394498,1213.3412580922654,2402.8246626117307,0.027200295261307256,0.09461126666333049,5.728714788228517,-354.79895,190.92581,33.396835,3.324904,44.78351,39.74884,-4.6286097,-27.547241,-10.553413,6.90917,-12.433426,-28.153929,0.66403675
1287,21.45,0.08140597,122.71397871271297,729.9782959476084,324.0185461163311,1142.7518975576404,2379.0291068727006,0.027200295261307256,0.09461126666333049,5.728714788228517,-371.26187,184.05942,45.06058,9.267052,44.26036,42.909782,-1.432004,-26.181452,-9.487921,3.668394,-18.078201,-29.892494,1.4346336
1288,21.466666666666665,0.06739547,122.0986544844185,671.0047960566617,311.26699357876424,1129.3316513740965,2356.6643885969374,0.027200295261307256,0.09461126666333049,5.728714788228517,-393.19583,170.54042,55.23138,18.344532,42.713974,40.152763,0.7778092,-20.168468,-6.7485027,-0.30523252,-19.661411,-25.709747,1.6017213
1289,21.483333333333334,0.06484794,125.42751718929819,732.0783630527648,333.20965899310283,1266.6640231298366,2421.4004201361167,0.027200295261307256,0.09461126666333049,5.728714788228517,-391.5949,169.10881,50.732292,15.069709,35.17882,28.845997,0.85167754,-8.731391,-3.7621832,-5.2216372,-14.269457,-18.561745,-8.959937
1290,21.5,0.0964694,130.80334662148843,896.2324980542062,402.6038471448458,1331.511293737054,2505.489156175408,0.027200295261307256,0.09461126666333049,5.728714788228517,-279.89865,221.10965,0.4197328,3.124289,24.193752,-12.494476,-10.172102,-2.5919356,-8.272512,-8.325798,-23.607254,-29.401829,-11.900185
1291,21.516666666666666,0.123269446,132.39153874287715,876.9388659400045,467.27940949665674,1106.6607723179964,2482.8833527149973,0.027200295261307256,0.09461126666333049,5.728714788228517,-278.86392,236.27649,9.388636,-16.596424,17.44228,-5.673689,-27.98499,-18.496897,5.0784655,4.792572,-28.142908,-37.27743,-7.8360415
1292,21.533333333333335,0.1266252,134.5742063225562,823.1042435630632,470.83447397847135,999.5413056130955,2467.8657258926874,0.027200295261307256,0.09461126666333049,5.728714788228517,-298.56552,238.96622,30.708351,-23.71035,8.000067,-4.939081,-41.355934,-28.637833,12.289274,10.96594,-24.076078,-34.088295,-11.848742
1293,21.55,0.111412,139.44892498828557,747.8393889555086,453.94114057026536,940.768588207851,2503.696217149046,0.027200295261307256,0.09461126666333049,5.728714788228517,-322.9915,232.12631,54.2478,-17.138414,-6.337243,-11.568539,-42.371143,-34.188606,11.95886,15.921104,-21.96056,-30.579548,-9.085459
1294,21.566666666666666,0.094050094,147.36144314182354,755.4040155511923,447.0234588078869,931.9240632829479,2621.182422796418,0.027200295261307256,0.09461126666333049,5.728714788228517,-341.36435,218.77707,61.939632,-7.6830215,-11.247391,-18.57618,-37.066162,-26.473667,12.00676,16.755133,-16.049444,-27.704807,-11.413214
1295,21.583333333333332,0.06972137,155.87435875912655,712.9797192361825,445.1631271078567,930.5880115396815,2709.664797491489,0.027200295261307256,0.09461126666333049,5.728714788228517,-367.9089,207.45657,79.9641,2.6228242,-15.9039955,-23.787537,-30.191027,-15.522009,8.52153,7.2619686,-14.342783,-19.15147,-7.647546
1296,21.6,0.050324857,164.42582171372933,701.6399061322595,417.89063835624705,893.2533800344395,2755.2718829054556,0.027200295261307256,0.09461126666333049,5.728714788228517,-405.1629,181.39037,95.24107,23.486925,-13.352402,-27.519634,-26.753574,-10.907843,6.1098685,5.441277,-7.8814273,-15.425538,-13.592625
1297,21.616666666666667,0.02276496,170.32964671479505,1138.1786379481657,431.21015905976765,931.2012678040282,2615.5576451117295,0.027200295261307256,0.09461126666333049,5.728714788228517,-457.93234,130.47269,88.45987,41.076653,5.3452253,-12.041072,-13.608506,-6.775313,0.05088763,1.3946974,-2.6151547,-7.8123207,-10.540025
1298,21.633333333333333,0.0046475604,0.0,3552.862240730597,583.8363120620788,1072.150846239922,2494.714356979841,0.027200295261307256,0.09461126666333049,5.728714788228517,-490.26236,87.564926,55.15095,23.537533,3.3164406,-5.759469,-6.3601084,-1.3844221,2.9126987,0.74261963,-5.656291,-8.602769,-5.466482
1299,21.65,0.0020821465,0.0,2663.6003142405934,734.7394257163693,1074.255541738646,2784.5443248206416,0.027200295261307256,0.09461126666333049,5.728714788228517,-469.4495,106.28374,52.93676,9.234366,-8.852915,-9.231989,-1.4775116,8.816501,13.006432,5.841596,-4.4907665,-6.8081512,-3.2721457
1300,21.666666666666668,0.002152845,0.0,3578.5101244598627,859.03089247493,1077.1918858398526,2854.565890648249,0.027200295261307256,0.09461126666333049,5.728714788228517,-488.81253,87.55986,48.494537,8.121824,-15.019082,-16.067165,-3.3241203,10.22627,15.5507,11.27193,2.1764731,-5.1291137,-6.5499296
1301,21.683333333333334,0.0016271502,0.0,3380.242188308872,883.0732335041699,1082.6282212205563,2766.759864733105,0.027200295261307256,0.09461126666333049,5.728714788228517,-485.90665,90.517815,49.295097,7.9188786,-14.703396,-15.186783,-3.2852798,7.6647654,9.367057,2.199504,-6.9850283,-11.018146,-7.696913
1302,21.7,0.0015731148,0.0,3729.3682993633265,904.6243445583153,1099.2241858750158,2686.362938780654,0.027200295261307256,0.09461126666333049,5.728714788228517,-493.09424,78.782974,36.461784,-0.45747042,-14.844237,-10.15423,0.85692406,8.584314,9.157124,2.9390109,-5.7488165,-10.827762,-9.348618
1303,21.716666666666665,0.0014408441,0.0,3561.243723651236,961.3557750833006,1148.1269572437398,2669.099647215426,0.027200295261307256,0.09461126666333049,5.728714788228517,-485.64053,86.585526,38.047047,-4.7102623,-21.990772,-16.422457,-1.3806379,10.558157,11.506788,1.6439078,-9.331558,-10.665437,-2.3076458
1304,21.733333333333334,0.0015236272,0.0,3640.988467565639,784.3443331667645,1318.6762767981224,2679.4061636357055,0.027200295261307256,0.09461126666333049,5.728714788228517,-483.76892,84.59302,29.901405,-9.9370575,-18.504227,-9.448156,1.3730788,7.7376604,5.9967546,-3.6967402,-11.382034,-7.552505,2.3741233
1305,21.75,0.0016950773,0.0,3258.1889026606086,737.4651553352597,1448.7961380146196,2745.6179403065685,0.027200295261307256,0.09461126666333049,5.728714788228517,-477.0949,87.890366,23.97393,-15.08959,-15.645096,-4.007157,0.6922863,0.42386082,-2.3140414,-8.761549,-11.891783,-3.7074492,8.24574
1306,21.766666666666666,0.0018555811,0.0,3310.030144990778,726.8285960544708,1462.4624779807427,2697.5478357606,0.027200295261307256,0.09461126666333049,5.728714788228517,-470.3171,91.5744,21.175495,-12.903254,-6.5957146,1.4927347,-1.2478167,-1.8078582,-0.26277548,-5.1806865,-9.248339,-1.3496039,10.466345
1307,21.783333333333335,0.002030491,0.0,3157.290517712592,770.6374913688302,1511.7097462233214,2757.481534697255,0.027200295261307256,0.09461126666333049,5.728714788228517,-459.1014,99.0801,15.654036,-20.013569,-7.4763985,3.2581642,-0.045389578,0.45513338,2.1726003,-4.97258,-8.053379,4.6457205,16.255844
1308,21.8,0.0023039181,0.0,3075.7263354012584,758.0834575857182,1497.821434329414,2754.046322879741,0.027200295261307256,0.09461126666333049,5.728714788228517,-458.53094,97.883286,11.731222,-23.1984,-8.108645,3.0286012,-2.1842182,-3.7134576,-3.516191,-11.514745,-13.199247,3.4340851,18.173813
1309,21.816666666666666,0.0023220377,0.0,3253.610698500163,815.9629937075563,1478.3192430255529,2692.0683717139495,0.027200295261307256,0.09461126666333049,5.728714788228517,-455.7097,97.7309,5.634537,-27.829521,-5.7803946,8.879293,1.4205534,-1.9905615,0.62539583,-5.276717,-11.311668,-2.828052,8.670395
1310,21.833333333333332,0.0020568785,0.0,3343.1680842995584,785.9099335100498,1508.1128092845715,2662.9906557432564,0.027200295261307256,0.09461126666333049,5.728714788228517,-457.05307,96.008835,6.0211635,-24.179031,-3.0597968,6.2147856,-4.806057,-8.3627205,-6.1352043,-11.239471,-11.555836,2.9395728,13.679359
1311,21.85,0.0018768343,0.0,3326.397621183708,843.0014588208195,1490.0767723973904,2748.3913753677552,0.027200295261307256,0.09461126666333049,5.728714788228517,-459.5084,96.80319,11.26553,-22.60383,-5.90973,5.1040726,-3.7822485,-8.653522,-6.3588476,-10.109974,-13.275053,-2.6650343,11.131372
1312,21.866666666666667,0.0016898476,0.0,3877.677650015528,995.4310769604754,1457.9749643059129,2804.774414142497,0.027200295261307256,0.09461126666333049,5.728714788228517,-468.8654,86.47519,7.2086964,-21.610878,-2.8079398,9.827688,4.505627,3.3069715,5.7040935,-1.0713065,-6.773781,1.6491525,10.437508
1313,21.883333333333333,0.0014823001,0.0,3608.358836967456,966.758658614937,1530.905205447136,2781.904274196279,0.027200295261307256,0.09461126666333049,5.728714788228517,-468.0612,87.75937,10.120619,-17.39516,-3.3035183,1.0754349,-4.838601,3.2271104,13.164436,4.71978,-6.254669,0.09687477,9.791445
1314,21.9,0.0014363272,0.0,3986.2295916332905,860.8976350991704,1604.8261665675566,2757.1517022879175,0.027200295261307256,0.09461126666333049,5.728714788228517,-478.46417,78.77553,10.14628,-14.350607,0.457417,6.291606,-2.708483,-0.80257225,10.038435,9.823018,3.7557368,8.50032,16.167522
1315,21.916666666666668,0.0013192878,0.0,4223.06077293298,749.2521933204495,1636.7085912089503,2691.0433216198794,0.027200295261307256,0.09461126666333049,5.728714788228517,-482.09653,76.18591,10.977543,-13.546597,0.98162633,8.6608925,-0.48543,-2.3803444,5.890174,6.38338,0.21117882,2.455896,8.808856
1316,21.933333333333334,0.0010890802,0.0,4183.807989086006,753.9604966760016,1682.0620168899252,2783.535567011782,0.027200295261307256,0.09461126666333049,5.728714788228517,-489.99945,74.07214,21.528975,-5.105032,0.2712993,8.287614,4.9343286,0.62061334,1.1063122,1.0902742,1.4635427,7.1099176,11.453136
1317,21.95,0.0012071806,0.0,4151.018172394007,868.048240878086,1508.772027367522,2751.3370438476145,0.027200295261307256,0.09461126666333049,5.728714788228517,-495.65732,72.87633,31.11073,4.9313803,1.7396796,4.1833463,2.7507758,2.580387,5.6974134,7.2523236,6.767718,7.2164106,5.7758913
1318,21.966666666666665,0.0011382328,0.0,4664.091970672785,905.3287517677338,1485.6105500558645,2672.282652243134,0.027200295261307256,0.09461126666333049,5.728714788228517,-502.95782,67.453545,33.099724,6.7729754,-1.6586682,-0.42438072,2.1942387,5.4670415,8.761127,8.700536,5.283633,2.4855502,1.4480044
1319,21.983333333333334,0.0029583147,0.0,4438.066293132356,763.9437874825286,1753.0358237483276,2624.589409407507,0.027200295261307256,0.09461126666333049,5.728714788228517,-500.57095,64.53908,21.160723,-2.926042,-0.038767084,8.586,7.7675066,1.1979103,-1.413194,3.3220003,10.420424,12.037508,5.5360804
1320,22.0,0.0031354947,0.0,3007.441791942734,970.3517959157448,1745.380421855217,2552.037304008797,0.027200295261307256,0.09461126666333049,5.728714788228517,-443.58795,71.91208,-55.030525,-33.952698,39.00841,37.56513,8.942194,0.40127838,-14.116932,-18.087215,8.121444,17.839817,-0.083682984
1321,22.016666666666666,0.0030958683,0.0,4170.045246251244,936.5687418234156,1765.9955201253208,2561.9140255936977,0.027200295261307256,0.09461126666333049,5.728714788228517,-487.73044,50.308914,-24.788824,-14.783143,32.606525,39.24058,18.391407,0.34501696,-13.277697,-9.539885,10.302118,12.522028,-2.2087626
1322,22.033333333333335,0.00070337515,0.0,7672.518755589115,341.03841134456735,1656.1686865828938,2538.206462964705,0.027200295261307256,0.09461126666333049,5.728714788228517,-534.9204,30.925154,17.287766,11.463997,13.863844,15.898294,12.634676,5.4506254,-0.51084375,-0.5976974,3.010923,3.364637,-0.67449963
1323,22.05,0.0005358253,0.0,7559.7582519867,569.5491080234927,1609.0447048052902,2598.096813795004,0.027200295261307256,0.09461126666333049,5.728714788228517,-536.1205,32.13328,21.41906,11.671009,7.0420613,6.4684963,6.409026,4.5795546,1.2987535,-1.4269352,-1.7651441,0.19209576,2.277862
1324,22.066666666666666,0.0011180716,0.0,7289.390780770289,966.003753416397,1919.7514202825844,2825.834903833491,0.027200295261307256,0.09461126666333049,5.728714788228517,-538.28735,30.371983,22.73193,15.918888,12.390406,10.716003,8.68759,6.236289,4.8036575,4.8910265,5.2947235,4.6035633,2.6922922
1325,22.083333333333332,0.007164653,0.0,4021.5018098055616,777.4790065950956,1991.202068266197,2914.5350318131987,0.027200295261307256,0.09461126666333049,5.728714788228517,-525.7716,47.824364,39.49418,31.508469,26.18283,22.384212,18.640022,14.918141,11.41206,7.633195,3.6226578,0.7575556,0.15911227
1326,22.1,0.0142630255,0.0,1225.2346531236085,209.09692599534833,1917.5879996460421,2558.484801001484,0.027200295261307256,0.09461126666333049,5.728714788228517,-500.92316,80.46197,65.9279,50.871136,39.647293,31.022488,22.355587,13.537741,6.1324406,0.5228348,-4.22016,-8.181466,-10.130877
1327,22.116666666666667,0.02047695,118.63215130382271,964.7251342332112,573.7029606087413,2144.6224911194495,2541.133293313777,0.027200295261307256,0.09461126666333049,5.728714788228517,-440.69418,124.87957,45.204212,18.066835,32.024292,30.382536,11.721531,7.2508802,14.411193,11.557571,-0.1538699,-6.6308737,-5.512264
1328,22.133333333333333,0.13884518,114.64731811782072,1273.7029874257937,782.25810056306,2000.2623106017213,2621.6176556454125,0.027200295261307256,0.09461126666333049,5.728714788228517,-276.29446,207.53513,-2.0973494,-1.7000501,40.04,29.848907,-11.615801,-21.02995,-0.37221342,-3.3954058,-13.06631,-7.338108,-18.515438
1329,22.15,0.23978162,113.21611781954303,1237.9858237328392,427.6326604088499,1933.1563557884547,2514.1139053533334,0.027200295261307256,0.09461126666333049,5.728714788228517,-200.55177,229.17229,-20.948114,0.74655426,45.013573,41.0726,-20.983814,-46.684723,-3.655913,3.6642141,-23.17499,-12.352911,-15.985943
1330,22.166666666666668,0.30132726,110.20335546237408,1429.5174113425328,437.69413586763335,2041.9463572393693,2592.7790071424165,0.027200295261307256,0.09461126666333049,5.728714788228517,-176.90593,211.9779,-24.652016,8.93042,51.163246,37.87168,-36.534103,-41.698257,-9.180513,13.235073,-33.12081,-14.424362,-14.570652
1331,22.183333333333334,0.29372367,106.57307677042641,1519.5067446222051,442.77686723848336,2107.506858731932,2675.683565569262,0.027200295261307256,0.09461126666333049,5.728714788228517,-180.76842,210.8022,-16.22579,-2.5222156,53.091328,42.878822,-40.870842,-45.98752,-5.2624407,11.781933,-35.001587,-20.695896,-10.763795
1332,22.2,0.25025848,103.91071120980055,1665.5903486613422,450.86138288735214,2118.64676088935,2686.0798391466933,0.027200295261307256,0.09461126666333049,5.728714788228517,-181.11554,210.85855,-21.235325,-5.03763,55.843956,44.369602,-47.19067,-40.697468,4.5727034,11.548634,-36.69031,-21.164839,-13.652561
1333,22.216666666666665,0.22252882,102.32889415282303,1667.0554270534647,452.722712541561,2135.405770440041,2674.307463762288,0.027200295261307256,0.09461126666333049,5.728714788228517,-191.86308,208.9722,-31.795103,1.3442707,62.102127,43.36123,-46.987957,-38.264698,5.1982594,2.1932523,-39.396484,-15.801442,-10.082546
1334,22.233333333333334,0.22106157,98.61404354459786,1597.2781515260235,455.7895245068036,2158.7287582029044,2639.5499617368964,0.027200295261307256,0.09461126666333049,5.728714788228517,-200.42027,218.19159,-28.836674,-1.5925645,63.85885,31.39582,-45.470394,-44.329494,11.093317,0.8617037,-43.61966,-12.354761,-9.146657
1335,22.25,0.21910393,94.81947856600655,1384.7644693094553,460.63680269730463,2127.794191825611,2490.4806756969997,0.027200295261307256,0.09461126666333049,5.728714788228517,-213.59622,223.58063,-17.091206,-5.8439035,63.157333,29.92532,-51.088387,-44.870922,8.413846,6.5817804,-39.426697,-18.647465,-12.426904
1336,22.266666666666666,0.20174935,0.0,1543.6718590262738,458.4167283468899,2117.0580639062014,2530.448461360685,0.027200295261307256,0.09461126666333049,5.728714788228517,-214.38597,220.68988,-22.453392,-8.521216,74.931175,28.843279,-51.57547,-40.349075,6.5168104,5.4267883,-45.057358,-11.298553,-14.587364
1337,22.283333333333335,0.14687325,440.36311063541336,1655.1808514619356,454.3900290594151,2221.759723131784,2818.006817227026,0.027200295261307256,0.09461126666333049,5.728714788228517,-256.03522,202.00726,-13.301604,3.3022997,80.34375,24.068724,-53.28164,-37.035164,2.623772,8.827245,-41.282192,-9.279865,-11.691219
1338,22.3,0.114596575,444.30157406508187,1775.044279066672,458.9178691810015,2232.884687102599,2857.580558398102,0.027200295261307256,0.09461126666333049,5.728714788228517,-251.23341,209.55965,-27.111572,-10.959349,83.095245,26.673912,-58.338615,-33.936634,-1.0344679,2.3550017,-38.76045,-5.6171503,-9.699043
1339,22.316666666666666,0.09698576,447.8219548646342,1722.7986476958872,460.2699717699337,2187.6208878469643,2671.289784776165,0.027200295261307256,0.09461126666333049,5.728714788228517,-300.36313,190.64212,-31.875378,-8.096226,83.104355,25.007175,-62.974136,-42.069206,-0.081305966,-8.664871,-34.984943,-16.893639,-10.687771
1340,22.333333333333332,0.03670443,450.9585224744158,1907.30538941738,448.3849946585618,2224.6879676594067,2771.360872210372,0.027200295261307256,0.09461126666333049,5.728714788228517,-411.27994,120.874466,2.045052,17.904118,67.971954,21.924015,-43.268776,-30.221716,-1.9390538,-9.606716,-23.306961,-14.182583,-7.5979624
1341,22.35,0.040930644,0.0,1813.1252866277805,446.5206411068712,2245.094231248761,2780.0623093898853,0.027200295261307256,0.09461126666333049,5.728714788228517,-345.60236,162.07727,3.8826709,3.9394393,60.69474,19.333384,-47.743996,-19.148617,1.3444529,-0.890921,-23.886059,-13.18602,-9.652724
1342,22.366666666666667,0.10726894,450.25178208092257,1384.511273998431,462.11962189649233,2224.34563287141,2736.29260427733,0.027200295261307256,0.09461126666333049,5.728714788228517,-317.78253,189.85204,-5.2868557,0.940804,63.45582,17.07548,-49.576073,-28.845322,2.2283416,-4.7676935,-26.137331,-20.437016,-9.665593
1343,22.383333333333333,0.15220857,0.0,1604.844401312861,469.18956464897934,2134.5925550851816,2586.7831364850363,0.027200295261307256,0.09461126666333049,5.728714788228517,-219.10544,233.12645,-25.575172,-27.023766,63.73533,41.580383,-60.387222,-37.873962,6.7677402,-0.7608762,-29.894417,-12.091604,-8.663103
1344,22.4,0.2332893,97.90975019718641,1527.8378367918094,471.4989090259718,2105.2952350166042,2528.6590547003793,0.027200295261307256,0.09461126666333049,5.728714788228517,-198.76929,229.56255,-22.10149,-21.765158,59.43495,39.540985,-57.94026,-34.69056,-0.24130765,8.075108,-33.567623,-11.687788,-7.945924
1345,22.416666666666668,0.24615702,110.3934071870042,1623.9902008818026,459.4832039422994,2126.2971556370717,2643.332078794268,0.027200295261307256,0.09461126666333049,5.728714788228517,-172.67628,215.07925,-25.642132,-12.67845,56.52674,47.046036,-55.879105,-38.347195,-2.4121962,6.261561,-31.107906,-15.913366,-8.358931
1346,22.433333333333334,0.2390048,107.4336553506581,1894.7571649546453,456.5438719014911,2102.567953045236,2573.136582739859,0.027200295261307256,0.09461126666333049,5.728714788228517,-171.20892,203.25536,-34.366066,-14.51297,62.680862,47.3829,-51.70922,-27.518097,-5.2455416,10.83691,-29.05262,-9.345248,-12.942602
1347,22.45,0.19770832,103.35077262395488,1777.0586310894519,436.55366197104155,1988.7656445504056,2490.431762911707,0.027200295261307256,0.09461126666333049,5.728714788228517,-170.64436,211.74945,-37.61562,-17.676914,62.99846,39.87751,-49.156166,-21.006943,-7.558976,1.7292018,-28.28642,-1.958163,-21.29728
1348,22.466666666666665,0.18221001,100.74223501723851,1486.5406502472276,409.0153434777446,1896.937564934875,2474.2858082875955,0.027200295261307256,0.09461126666333049,5.728714788228517,-219.05043,223.9363,-34.166306,-13.755244,66.706375,46.04883,-36.171608,-24.163696,1.0656502,-10.942902,-29.791237,-7.2275305,-9.78246
1349,22.483333333333334,0.18063131,103.54139758784746,1519.8112350115862,409.5909461022885,1887.1077802867762,2444.595478850953,0.027200295261307256,0.09461126666333049,5.728714788228517,-231.09906,236.91556,-40.713917,-13.8781395,73.22261,36.794434,-34.556343,-21.63742,12.003037,-15.973843,-29.930948,-12.42326,-4.824771
1350,22.5,0.18042237,103.92348350997645,1632.1091483823482,422.39195041520986,2012.0907188150868,2422.657470812544,0.027200295261307256,0.09461126666333049,5.728714788228517,-229.89532,241.61678,-42.113304,-20.6567,69.64111,33.15664,-37.541252,-16.751575,21.27692,-14.466993,-34.346756,-17.158112,-5.0129204
1351,22.516666666666666,0.17567039,105.20932172314316,1585.603121279404,428.9318954230961,1979.5115499852232,2440.5702555291787,0.027200295261307256,0.09461126666333049,5.728714788228517,-226.49933,241.72209,-41.808685,-15.798487,68.47592,28.587925,-37.62742,-14.370813,21.619698,-15.254039,-34.7994,-19.609697,-3.2059016
1352,22.533333333333335,0.19805282,108.19553089723532,1503.4658013261853,473.3298739567889,1654.4769009283657,2551.3026295509003,0.027200295261307256,0.09461126666333049,5.728714788228517,-202.22304,251.7454,-45.452602,-23.932758,50.9028,21.813496,-32.439316,-14.760936,14.120306,-20.884405,-37.183044,-10.073724,6.7704477
1353,22.55,0.23753482,111.06244644609588,1252.987397451358,597.6380631440967,1545.7220113863357,2543.5206119280656,0.027200295261307256,0.09461126666333049,5.728714788228517,-168.92001,253.96718,-29.224007,-27.12619,22.109123,7.853468,-38.600124,-28.976215,-6.8919535,-7.4627132,-31.807346,4.3562317,11.690508
1354,22.566666666666666,0.2650504,112.16487502772608,1315.2852693479626,722.3559406161089,1502.6502409991344,2392.807910426796,0.027200295261307256,0.09461126666333049,5.728714788228517,-172.61897,248.9862,-35.616753,-45.28846,6.6804786,2.5107262,-28.583557,-19.301477,-17.395018,3.1527507,-3.5311966,4.4673696,7.9315815
1355,22.583333333333332,0.26685065,114.65177939163766,1342.5484064044538,772.1993851785451,1456.6308709246468,2326.695438033622,0.027200295261307256,0.09461126666333049,5.728714788228517,-184.9515,247.15536,-45.791145,-50.155937,2.1843648,-6.3970976,-22.706955,-6.105935,-16.694767,2.9351313,1.6059611,-3.2372968,6.72071
1356,22.6,0.27488077,118.13692155601962,1251.472782160318,782.7282975242474,1389.6567458128884,2287.100799866038,0.027200295261307256,0.09461126666333049,5.728714788228517,-192.66171,250.0546,-34.587685,-52.695015,-12.780529,-17.332342,-25.144821,-5.212862,-11.696653,1.5119597,-6.5892,-10.842799,8.315417
1357,22.616666666666667,0.27264926,122.44403455557119,1150.7620735273413,747.8810469672612,1320.3688172559603,2284.36538970839,0.027200295261307256,0.09461126666333049,5.728714788228517,-197.01642,264.46716,-26.422224,-56.21257,-17.433937,-16.73914,-20.013855,-18.297825,-9.540863,2.2579708,-4.7455654,-17.977654,9.354212
1358,22.633333333333333,0.26110336,125.31361370142443,1202.750635553472,685.0325667767261,1272.7014554889183,2414.2908290754094,0.027200295261307256,0.09461126666333049,5.728714788228517,-189.78752,263.09003,-34.47831,-47.726826,-4.0776863,-26.048496,-26.492361,-24.442183,-1.8574079,8.72885,-20.00451,-29.93011,18.495659
1359,22.65,0.25072086,127.61025045641428,1156.5666589005987,608.6813873488595,1154.6189307417096,2555.1136012936076,0.027200295261307256,0.09461126666333049,5.728714788228517,-208.32745,259.3534,-24.216038,-33.921722,1.784794,-34.546425,-40.07788,-20.864418,7.853263,11.600109,-39.03744,-41.579655,9.446537
1360,22.666666666666668,0.21871331,131.28731261675028,935.2081972412084,508.43681590246666,1009.8640578686849,2613.5347511892915,0.027200295261307256,0.09461126666333049,5.728714788228517,-255.33937,251.89944,5.1547933,-20.900364,10.027154,-30.075703,-53.732117,-22.472483,12.4295845,3.8379145,-42.63686,-41.54042,4.2931175
1361,22.683333333333334,0.1805424,135.03577867754407,789.0235399992573,435.3973724083581,942.5614979883003,2591.847365689355,0.027200295261307256,0.09461126666333049,5.728714788228517,-301.6959,230.9812,29.666409,-8.583709,18.685276,-19.080593,-58.597046,-30.118557,13.690142,8.525829,-30.991192,-29.004925,-2.3471284
1362,22.7,0.1496768,135.36052641357162,696.4970775837027,383.65823755865415,990.5694459259423,2541.1441059696263,0.027200295261307256,0.09461126666333049,5.728714788228517,-320.18976,222.12625,45.538933,-6.397709,9.975916,-3.3149436,-37.234535,-15.69949,20.579264,6.358328,-28.573675,-31.8721,-16.061342
1363,22.716666666666665,0.11098082,131.29167864236544,737.225884747066,364.78023648426966,1045.2188838629595,2486.8229670881105,0.027200295261307256,0.09461126666333049,5.728714788228517,-323.5796,214.93109,51.77304,-2.001536,-2.316626,4.2828035,-24.019114,-16.910837,18.369917,2.5046768,-27.979628,-31.756453,-23.685616
1364,22.733333333333334,0.06557047,126.4257099613941,836.5720452224452,355.3739135392535,1151.4612001322914,2407.1096438918335,0.027200295261307256,0.09461126666333049,5.728714788228517,-375.31866,188.99277,57.243355,-0.87578714,11.423265,18.117455,-4.2642145,-12.788376,1.4082414,-2.9428964,-22.546967,-23.865541,-8.930285
1365,22.75,0.06723219,123.62994434373273,940.157939871581,346.1699754143076,1432.756418477946,2343.058224527014,0.027200295261307256,0.09461126666333049,5.728714788228517,-359.8265,185.1703,33.38768,-3.4713879,28.580954,38.11033,2.532668,-20.372292,-3.9438756,-5.647371,-22.080639,-15.2014065,-4.379662
1366,22.766666666666666,0.115856186,120.9329117679634,1044.7006606192813,342.54146842953355,1787.7101276370292,2396.101468843568,0.027200295261307256,0.09461126666333049,5.728714788228517,-312.51538,191.15576,0.16961233,4.693351,60.325916,64.151276,-4.786024,-43.272995,-3.082663,1.5887444,-22.403883,-15.056862,-12.454102
1367,22.783333333333335,0.15676242,118.6752332722511,1230.1412954267553,337.95731675672727,2001.5076613723395,2507.1985581242125,0.027200295261307256,0.09461126666333049,5.728714788228517,-289.73923,193.80649,-8.152882,6.154744,68.88359,67.675385,-26.419859,-53.434692,14.157937,10.922466,-29.734169,-21.283695,-15.945488
1368,22.8,0.18026946,118.03366839134347,1305.2592957872891,340.0680178663131,2034.3492564522815,2528.2988960975786,0.027200295261307256,0.09461126666333049,5.728714788228517,-287.19247,190.2034,-14.236698,12.290015,80.85073,64.11399,-33.0782,-51.837067,15.785148,14.211735,-32.16195,-25.01958,-14.548703
1369,22.816666666666666,0.20327768,119.44113780748992,1235.5941412248992,349.7838702419952,1993.4937694795954,2468.406188468309,0.027200295261307256,0.09461126666333049,5.728714788228517,-277.8517,206.76756,-12.076304,-8.524006,71.14633,66.64365,-32.656925,-46.81712,6.8342953,9.751964,-25.599955,-25.996384,-15.515408
1370,22.833333333333332,0.23314463,124.10653290957575,1073.4338662484433,369.16104935729015,1860.112863481506,2361.3628256071706,0.027200295261307256,0.09461126666333049,5.728714788228517,-265.09796,231.36398,-6.488512,-34.099358,49.80057,67.96198,-20.897442,-42.06926,-6.512187,-0.4133722,-23.312271,-23.816982,-10.762816
1371,22.85,0.24531442,130.04960661112352,949.0439114499704,397.3407121196304,1621.6073971644853,2267.575021931959,0.027200295261307256,0.09461126666333049,5.728714788228517,-259.79306,244.09134,1.3150656,-43.881947,28.640745,52.00074,-17.903822,-34.28043,-15.928659,-13.202803,-30.988243,-21.709587,3.2223864
1372,22.866666666666667,0.22514804,134.80722678926193,877.7590689681535,425.3231053338471,1363.683525948677,2267.486922285809,0.027200295261307256,0.09461126666333049,5.728714788228517,-265.55145,251.56418,15.900551,-43.72631,11.503841,31.362196,-22.251316,-26.896196,-3.7380676,-14.083275,-43.641006,-30.10423,6.06612
1373,22.883333333333333,0.1804135,140.92320200923055,865.224983700819,441.2363794243287,1149.727730460057,2276.158711035837,0.027200295261307256,0.09461126666333049,5.728714788228517,-282.50146,247.28415,23.327366,-40.152557,3.9222624,11.432659,-35.17897,-29.12019,8.140974,-3.4404955,-39.11093,-35.3675,-6.689808
1374,22.9,0.13081023,153.2349934783571,729.6782121912169,448.59739727583553,1005.1795111837902,2290.277601203396,0.027200295261307256,0.09461126666333049,5.728714788228517,-312.66425,240.55203,49.03575,-22.769024,0.42599076,-2.3660617,-33.451004,-27.911285,4.2793517,3.7861288,-26.967705,-35.473335,-16.596054
1375,22.916666666666668,0.103055045,166.98281176365361,638.1249969201899,443.74950024478676,915.005132177792,2277.281147557117,0.027200295261307256,0.09461126666333049,5.728714788228517,-335.09912,231.03918,70.52139,-2.3864043,3.3856645,-5.9123507,-33.47352,-26.419651,3.498887,5.7886705,-16.130713,-23.098309,-13.219719
1376,22.933333333333334,0.06440115,174.86837122156925,646.4253145836766,404.33785915055444,876.5408999578699,2372.181595572657,0.027200295261307256,0.09461126666333049,5.728714788228517,-360.83374,216.91016,88.11601,10.739752,-7.0043526,-16.88123,-27.445847,-17.97718,1.2744987,3.6190815,-7.6099834,-11.160439,-8.049274
1377,22.95,0.04236494,193.11933888555856,781.2162981434544,321.54590900107684,909.6175496760762,2495.769223797568,0.027200295261307256,0.09461126666333049,5.728714788228517,-413.62216,171.55106,89.52218,23.028599,-5.935813,-12.28187,-9.7804,-2.1960998,2.580299,-2.679472,-11.183725,-11.682464,-5.998717
1378,22.966666666666665,0.025470411,211.5981669411177,1111.3406854031605,239.2451640461083,951.269211801742,2477.458082489283,0.027200295261307256,0.09461126666333049,5.728714788228517,-451.78534,133.2805,79.72026,26.40054,-5.190439,-13.3246765,-7.780566,0.93802875,5.692916,3.767024,-2.5033832,-8.132499,-10.210433
1379,22.983333333333334,0.012192246,0.0,2492.5980224288605,368.18561223501354,1410.1711021240772,2776.9340522551115,0.027200295261307256,0.09461126666333049,5.728714788228517,-490.8889,89.462036,61.654705,30.949104,8.226697,-2.9668784,-4.3645916,0.038128853,5.1376524,6.4603195,3.0371656,-2.3205106,-6.603252
1380,23.0,0.001847173,0.0,4893.316235102432,586.8672493477551,2158.4886193323428,3068.4512162929404,0.027200295261307256,0.09461126666333049,5.728714788228517,-517.0537,58.665226,45.38018,29.138826,15.015944,5.5612974,0.46591127,-2.0630074,-3.6516113,-4.9270124,-5.6461167,-5.313278,-3.7662058
1381,23.016666666666666,0.0008267828,0.0,5437.448814099337,587.519337958002,1971.1448066113178,2941.9592665262708,0.027200295261307256,0.09461126666333049,5.728714788228517,-529.58203,42.702465,34.017647,23.587257,14.75024,9.023531,5.9536147,4.084803,2.197224,0.073747545,-1.6591568,-2.4438636,-2.5297642
1382,23.033333333333335,0.00080841477,0.0,5766.487565862724,768.4955661751762,1877.5892137076726,2880.0356763429654,0.027200295261307256,0.09461126666333049,5.728714788228517,-530.66956,41.619892,34.055042,24.845219,16.768652,10.999636,7.1247563,4.23713,1.9353664,0.4008512,-0.22299567,-0.2709741,-0.28271192
1383,23.05,0.00085643213,0.0,6315.7972970810715,1179.1772662277972,2171.1199179118526,3048.7087361129747,0.027200295261307256,0.09461126666333049,5.728714788228517,-535.56586,35.325684,29.40081,22.26117,16.134262,11.904876,9.100899,6.845482,4.827739,3.4720917,3.2985773,4.187566,5.2695527
1384,23.066666666666666,0.0007695832,0.0,6370.847363035025,1230.9604643145017,2152.0601334929397,3135.172752720523,0.027200295261307256,0.09461126666333049,5.728714788228517,-535.02405,35.644257,28.966719,21.838438,16.794592,13.946529,11.783165,8.9811535,5.444894,2.0801978,-0.038171947,-0.39363486,0.66320384
1385,23.083333333333332,0.000628877,0.0,6679.077383439866,771.6220236722493,1981.4443357951222,3110.389326059683,0.027200295261307256,0.09461126666333049,5.728714788228517,-537.86554,32.869278,28.936214,24.001371,19.246458,15.0180435,11.04133,7.056137,3.1948614,-0.1318368,-2.5350485,-3.7960439,-3.885742
1386,23.1,0.00068101037,0.0,7079.68850365357,378.67788391645126,1727.4523884387884,2879.334467568326,0.027200295261307256,0.09461126666333049,5.728714788228517,-541.779,27.530416,24.302124,20.686787,17.578259,14.724598,11.492544,7.867302,4.51373,1.9973781,0.26744327,-0.9771824,-1.6580384
1387,23.116666666666667,0.00060673023,0.0,6447.8319866164375,679.7476015175164,1954.7495117692476,2975.7533771238873,0.027200295261307256,0.09461126666333049,5.728714788228517,-538.50555,32.36268,29.372358,25.334423,20.893261,16.260174,11.506147,6.9616423,3.204452,0.657266,-0.7117275,-1.2483675,-1.2451434
1388,23.133333333333333,0.0006568212,0.0,7902.465520175479,1094.3630054232751,2253.666342772192,3042.0773234408584,0.027200295261307256,0.09461126666333049,5.728714788228517,-543.99316,24.22905,20.387684,15.775595,12.010452,9.899685,9.123993,8.616909,7.3611774,5.077365,2.3778927,0.32383865,-0.29204667
1389,23.15,0.0007139508,0.0,6956.777875806749,935.5495875259344,2084.3408062685426,3141.134745288025,0.027200295261307256,0.09461126666333049,5.728714788228517,-536.01074,35.00939,29.81647,23.373716,17.55997,13.243952,10.165608,7.555131,4.8865843,2.2165914,-0.0008893758,-1.3482525,-1.7808366
1390,23.166666666666668,0.0060501457,0.0,2331.80648897014,555.9258152901606,1786.4287077885933,3134.9931135861134,0.027200295261307256,0.09461126666333049,5.728714788228517,-506.31442,74.23468,62.238308,48.133476,35.943554,26.30722,17.477573,8.068642,-1.3074076,-8.70957,-12.612106,-12.8897705,-10.560928
1391,23.183333333333334,0.007491424,0.0,1746.7967689626412,270.85129612649513,1803.7723245784357,2853.8823187017842,0.027200295261307256,0.09461126666333049,5.728714788228517,-504.60406,77.016266,65.55522,51.2212,37.989563,27.583607,19.352966,11.830772,4.438389,-2.0683515,-6.532862,-8.615109,-9.100208
1392,23.2,0.016756855,0.0,922.5002943886032,265.61787096890583,1858.800786534034,2540.7520683045586,0.027200295261307256,0.09461126666333049,5.728714788228517,-473.077,110.103745,75.84978,47.461845,33.396782,23.784836,9.963732,-3.9835925,-10.338915,-9.372192,-6.780754,-4.7942996,-1.935323
1393,23.216666666666665,0.09255872,0.0,1164.3505428054684,353.4609764640084,1782.6040413984078,2460.223091020022,0.027200295261307256,0.09461126666333049,5.728714788228517,-291.5826,198.5918,-9.828625,10.6530075,30.547022,3.7327833,2.5575178,-9.829336,-8.420869,5.636947,-6.889143,-12.079033,-4.9550323
1394,23.233333333333334,0.15581077,122.81662252547692,1090.7982095261602,427.7208107166259,1791.4232112821053,2481.4966274273693,0.027200295261307256,0.09461126666333049,5.728714788228517,-231.80164,229.5031,-21.62017,4.035323,40.025352,23.310207,-2.8928518,-29.821991,-22.991673,3.8978078,-19.04021,-21.059471,-0.6433129
1395,23.25,0.18305916,104.5812474187721,1162.9686369444594,439.70701201434366,1922.972903066194,2474.7316657290185,0.027200295261307256,0.09461126666333049,5.728714788228517,-224.22557,233.84334,-24.194538,5.012574,49.72769,27.149487,-19.382767,-43.62632,-20.312984,10.4045315,-16.625282,-24.816538,-1.5781027
1396,23.266666666666666,0.18060671,103.16237762384135,1344.0293777684935,428.00631099483246,1975.4947021906394,2496.5763211157596,0.027200295261307256,0.09461126666333049,5.728714788228517,-231.75865,232.15263,-28.592936,-5.3448267,55.02158,34.338272,-21.551231,-42.543552,-15.485407,12.502561,-16.853643,-28.229595,-6.510166
1397,23.283333333333335,0.17487898,103.20244977432837,1429.8304917401063,417.073132487346,2047.0490856773934,2548.666124681616,0.027200295261307256,0.09461126666333049,5.728714788228517,-235.0767,217.22104,-28.32793,-2.501772,58.560665,42.733906,-31.020271,-35.321823,-6.4937563,9.709694,-19.475773,-27.024347,-10.8287325
1398,23.3,0.16969809,102.93828958272863,1502.7088430630286,411.4833412360745,2114.9235723910083,2616.270473608273,0.027200295261307256,0.09461126666333049,5.728714788228517,-239.43143,211.00749,-26.829575,-2.1730213,69.30321,43.61075,-42.093758,-29.917171,1.2214046,8.131347,-21.66037,-24.423317,-18.34321
1399,23.316666666666666,0.16750823,103.09831835133265,1440.6824809758118,408.4190371239448,2154.54706479362,2641.467141522789,0.027200295261307256,0.09461126666333049,5.728714788228517,-251.06665,212.5195,-27.820276,-0.59384865,75.09479,42.694527,-40.071766,-33.76857,6.5509863,5.0928802,-24.361328,-26.6012,-18.18662
1400,23.333333333333332,0.16857865,103.83909572092124,1429.5784175245383,405.19305369459244,2165.3475292688486,2625.9723404542065,0.027200295261307256,0.09461126666333049,5.728714788228517,-254.37212,212.38182,-25.429935,-4.414814,77.72604,47.347446,-40.106094,-35.94917,4.534433,6.7119527,-28.461948,-26.815208,-15.134322
1401,23.35,0.17306979,104.47710921589517,1454.3912426747795,407.7090188908311,2168.777100368793,2615.5776420501793,0.027200295261307256,0.09461126666333049,5.728714788228517,-247.80899,212.08957,-27.226738,-2.9024417,73.240204,43.976227,-43.72991,-38.947495,0.98306954,6.355134,-28.841606,-24.837955,-13.64801
1402,23.366666666666667,0.17641006,105.5050783400064,1534.273560916954,415.80455319170756,2164.039851901244,2631.050027982857,0.027200295261307256,0.09461126666333049,5.728714788228517,-236.52434,211.20874,-30.309519,1.6370683,69.21147,41.704247,-38.866432,-37.96501,-4.4528174,8.233616,-27.373693,-24.004927,-9.286762
1403,23.383333333333333,0.18840589,107.06585942971024,1618.3349502895946,420.71837655645135,2133.0764650264728,2613.767442849885,0.027200295261307256,0.09461126666333049,5.728714788228517,-223.08783,209.75195,-31.490067,-2.3075795,60.817085,49.690205,-47.442024,-39.796005,-0.46787107,3.9199336,-29.888569,-21.740883,-6.127851
1404,23.4,0.21178806,108.42646803687803,1457.9279156089774,422.86315920497975,2066.120963270405,2540.3664832119766,0.027200295261307256,0.09461126666333049,5.728714788228517,-231.51575,217.99866,-24.09848,-1.3819375,55.85323,47.1093,-43.04348,-49.512474,0.46037745,14.357374,-23.839584,-30.065392,-12.678804
1405,23.416666666666668,0.21493074,109.41990970719719,1376.844989056599,426.1502024547129,1970.253733260179,2506.0384167193556,0.027200295261307256,0.09461126666333049,5.728714788228517,-222.47476,217.70184,-26.573864,-3.1843157,47.24668,47.183434,-33.54176,-46.948273,-11.168652,6.236112,-19.559254,-22.841381,-5.644696
1406,23.433333333333334,0.16730286,109.20527265635641,1334.3384685399524,423.28886156464387,1874.8288338022335,2506.2984016129412,0.027200295261307256,0.09461126666333049,5.728714788228517,-230.17857,199.9391,-9.101811,9.43914,38.88279,38.90094,-13.891328,-37.565456,-24.712795,6.0895405,-17.154648,-20.172762,-0.99393594
1407,23.45,0.09524695,108.14915998552458,2659.2565047787443,991.1315530520558,2183.482898716722,3110.8537985915364,0.027200295261307256,0.09461126666333049,5.728714788228517,-239.73936,134.85422,6.457985,24.80409,30.360924,43.09395,2.4986646,-33.099495,-17.679525,3.075965,-21.172325,-5.4454756,-7.1123066
1408,23.466666666666665,0.025139194,0.0,8411.696094726452,1424.0021324803197,2325.96145269344,3404.975756041243,0.027200295261307256,0.09461126666333049,5.728714788228517,-255.17699,23.897495,5.5534015,40.51894,5.21926,31.732738,6.01453,-15.628899,6.01923,12.694137,-6.6048746,11.837463,-12.949115
1409,23.483333333333334,0.02270018,0.0,10004.89090633455,907.3278474448198,1992.6081615861062,2645.1154634717714,0.027200295261307256,0.09461126666333049,5.728714788228517,-264.57938,-11.827118,0.28502536,20.452263,-20.321655,26.719114,-3.4400694,-24.848362,0.4403352,9.329189,-15.763521,4.324436,-12.840694
1410,23.5,0.019430488,0.0,9822.936960333745,880.6336828491676,2128.469841134433,2797.5351517578915,0.027200295261307256,0.09461126666333049,5.728714788228517,-292.69196,-31.145676,10.56292,38.05911,-36.378593,16.981846,-5.372728,-12.198634,10.769528,14.154428,-13.051034,10.694263,-9.03812
1411,23.516666666666666,0.014192074,0.0,9923.352304018932,768.7473329500474,2078.7259256337416,3172.598736835119,0.027200295261307256,0.09461126666333049,5.728714788228517,-388.12634,-23.484674,24.266556,51.73157,-23.747215,24.878027,5.1666684,-0.5806252,10.664673,11.358273,-14.680012,8.000269,-6.638148
1412,23.533333333333335,0.002621381,0.0,8976.986636226404,546.366004871839,2116.5491424571405,3093.3079026395953,0.027200295261307256,0.09461126666333049,5.728714788228517,-503.60883,27.61282,36.73492,35.752884,-1.6772454,16.570766,7.4852605,-5.7503347,6.6805754,0.8499806,-10.528187,2.629273,-4.981954
1413,23.55,0.0009009611,0.0,7837.19829833248,621.3277409231769,2074.5941022913503,2794.874521045661,0.027200295261307256,0.09461126666333049,5.728714788228517,-528.3287,42.579548,32.215736,23.14337,16.058277,10.323698,4.8210607,1.1452203,0.91905725,0.28963178,-2.0228972,-3.784171,-4.58281
1414,23.566666666666666,0.01765478,0.0,4642.735266876896,849.8513479089147,1979.2363248130798,2824.000306044198,0.027200295261307256,0.09461126666333049,5.728714788228517,-365.78955,116.22899,-9.833822,-15.123034,-1.0240033,-28.493746,-15.859451,-17.590918,-4.105708,13.515711,-4.8580437,0.038000703,-0.6075088
1415,23.583333333333332,0.06555552,0.0,4239.573954627967,662.607667145931,1867.4422691442883,2628.3363598177534,0.027200295261307256,0.09461126666333049,5.728714788228517,-219.8329,127.11252,-7.4006786,2.5867553,5.840501,-24.129082,-13.231218,-20.461714,-7.892063,10.419151,-16.972237,1.7626628,-8.12687
1416,23.6,0.1471814,0.0,1438.9882872680264,424.72543743202425,1809.5604175030003,2513.1907128949247,0.027200295261307256,0.09461126666333049,5.728714788228517,-215.06677,199.54294,-19.16478,12.66708,39.774895,29.825754,-3.1388807,-36.118748,-28.264381,5.666751,-18.653831,-21.167976,-10.762653
1417,23.616666666666667,0.1815929,0.0,1277.8847476632711,440.9179036723074,1847.4620774641544,2459.5874040863105,0.027200295261307256,0.09461126666333049,5.728714788228517,-195.33896,228.02565,-35.25921,10.860295,45.491783,28.16763,-17.6867,-37.068993,-29.329796,4.9817114,-14.784282,-24.22656,-3.0598876
1418,23.633333333333333,0.16441527,0.0,1209.6984466859506,446.6538976554692,1734.2491901671976,2395.5003151300525,0.027200295261307256,0.09461126666333049,5.728714788228517,-225.61702,239.4158,-22.979431,-10.293356,44.65963,25.96701,-17.691631,-33.733208,-22.757702,3.8031347,-17.473455,-18.461151,7.2100477
1419,23.65,0.13050807,108.96044058444802,841.7313250180355,387.20110377269674,1475.6411152062824,2301.206503127668,0.027200295261307256,0.09461126666333049,5.728714788228517,-289.78568,234.53589,18.875013,-16.799341,32.330086,36.69476,-5.2070127,-30.224869,-9.559862,4.8175635,-18.227726,-25.499292,0.87598866
1420,23.666666666666668,0.13033701,110.32361886404983,769.8142791432822,348.73578596872204,1363.2636728339462,2276.5404028257963,0.027200295261307256,0.09461126666333049,5.728714788228517,-308.3622,226.89961,31.232693,-13.554878,28.367027,42.551178,1.0127484,-31.093971,-9.952013,6.8440294,-14.548973,-29.509365,-6.5077553
1421,23.683333333333334,0.1370867,110.19800422295394,748.9835373609193,344.676652126886,1339.7169553943722,2255.990704298296,0.027200295261307256,0.09461126666333049,5.728714788228517,-311.6753,224.63928,31.149094,-12.789572,30.8256,44.0179,0.90833867,-30.566614,-8.874006,6.4155374,-15.902427,-28.174623,-5.0146575
1422,23.7,0.132453,107.95959151864497,1042.9907224912413,392.28764862502726,1567.6547721938032,2294.754830150742,0.027200295261307256,0.09461126666333049,5.728714788228517,-246.54388,239.86804,-3.6329906,-14.014368,38.1037,37.298946,-18.672632,-41.00525,-11.516362,6.4450693,-17.735378,-18.655888,0.52158624
1423,23.716666666666665,0.1340944,103.92903997906336,1362.3998109561753,456.88827747792993,1835.142206127378,2349.8083444035724,0.027200295261307256,0.09461126666333049,5.728714788228517,-225.85266,222.76263,-11.628413,-6.3906603,35.185127,41.164555,-26.34095,-37.003136,-14.132669,14.68186,-13.878204,-22.365936,-2.3057075
1424,23.733333333333334,0.12391641,103.11512684776385,1272.2229117236307,448.42822692433293,1781.5118206858253,2349.169491724312,0.027200295261307256,0.09461126666333049,5.728714788228517,-240.88997,215.48279,-0.024513721,1.2905025,29.024117,36.6394,-19.946312,-35.53238,-15.072359,17.834042,-10.438283,-23.691853,-2.1205893
1425,23.75,0.10512859,102.51418940495441,1061.2730100665515,425.2745097304585,1661.6975273695923,2323.5734319305257,0.027200295261307256,0.09461126666333049,5.728714788228517,-277.74722,215.79004,23.255074,-4.099822,20.27634,40.97671,-2.1983385,-34.812534,-18.940456,14.507933,-9.1199665,-20.283155,-2.7578745
1426,23.766666666666666,0.08187557,101.56660488765631,1028.5294469776875,393.5574784013996,1616.8611187445063,2374.378687053681,0.027200295261307256,0.09461126666333049,5.728714788228517,-306.55496,218.50409,30.4673,-13.869291,23.172173,43.485004,1.9516027,-32.50403,-11.975272,18.544199,-6.425946,-18.17627,-7.3228436
1427,23.783333333333335,0.06277783,100.39893431576894,944.2955196115613,362.222638030432,1659.7500305716335,2444.1788225245755,0.027200295261307256,0.09461126666333049,5.728714788228517,-349.87405,197.55865,45.64136,-1.5611442,31.05355,44.98463,4.1736145,-30.208206,-17.05956,12.736872,-1.7585968,-14.600488,-5.303314
1428,23.8,0.042984203,99.71584370146752,2049.1485869771986,382.4885954492794,1595.358947777283,2439.69306069235,0.027200295261307256,0.09461126666333049,5.728714788228517,-351.15833,139.19603,40.322266,47.224655,4.7849874,37.798653,15.374566,-27.08955,-4.575328,4.2219324,-7.8227043,-3.9122658,-11.682678
1429,23.816666666666666,0.02359407,0.0,7545.238403172694,449.96722714068096,1756.3510545645363,2603.71475241976,0.027200295261307256,0.09461126666333049,5.728714788228517,-307.1997,40.919975,31.92381,70.806305,-17.103691,29.365784,-0.64862823,-10.731844,-7.373764,16.112595,-8.098681,2.1769574,-4.340076
1430,23.833333333333332,0.026127396,0.0,8849.993479570485,643.9029280829117,2016.5166620489117,2894.0072906512705,0.027200295261307256,0.09461126666333049,5.728714788228517,-270.08975,-10.868253,18.412563,68.790855,-28.762028,27.841812,-6.223404,-15.829174,-7.2473974,16.235022,-7.3684964,-1.2253814,-0.35259557
1431,23.85,0.030169776,0.0,8897.797583191028,857.4212428886021,2032.4563669052966,2981.053874317645,0.027200295261307256,0.09461126666333049,5.728714788228517,-256.00204,-24.549755,-9.576881,45.50373,-47.19964,9.785141,-9.078678,-16.083862,-5.3703194,17.434427,6.1411667,5.9289026,-2.0537171
1432,23.866666666666667,0.026193429,0.0,8698.397150403616,891.2540802468017,2103.6393034514804,2956.56053812496,0.027200295261307256,0.09461126666333049,5.728714788228517,-247.00447,-15.015523,-20.279495,40.078964,-41.344124,-2.7966976,-18.634317,-19.02948,-11.346815,7.488957,1.4845101,0.43968076,-7.0278277
1433,23.883333333333333,0.018757794,0.0,7805.5427571090195,849.4659926830873,1911.4117991965572,2764.556588451808,0.027200295261307256,0.09461126666333049,5.728714788228517,-264.23404,13.98692,-30.830742,32.511684,-24.742275,-3.5353842,-7.021245,-14.63665,-15.00515,2.7596352,-2.5808823,1.5777041,-3.4492614
1434,23.9,0.08670326,0.0,2377.9297336178843,662.6708802867633,1624.7299364410167,2573.715881653509,0.027200295261307256,0.09461126666333049,5.728714788228517,-248.70314,160.89008,9.342922,24.9385,-7.736126,2.016489,4.4910603,-15.305708,-20.793148,3.1531005,-12.970008,-5.1337223,-0.090403795
1435,23.916666666666668,0.15582933,0.0,1029.0258096353555,565.682005675077,1372.0725264670393,2369.3070280030215,0.027200295261307256,0.09461126666333049,5.728714788228517,-219.65277,240.04083,11.30974,-14.736201,-10.651085,-6.5169344,1.285857,-22.72942,-32.002815,5.9106627,-19.983253,-17.346518,6.2814612
1436,23.933333333333334,0.19362009,0.0,1015.3882346296809,624.2857479542093,1336.102663260365,2360.320037650303,0.027200295261307256,0.09461126666333049,5.728714788228517,-204.6961,256.0055,-2.3062131,-22.431938,-7.6025643,-15.631852,-9.016333,-13.707061,-23.922773,3.5006044,-15.462397,-18.935387,11.921885
1437,23.95,0.18876673,102.2222964819274,1119.4967307205573,670.1177666101748,1343.1105100547568,2354.6108256597436,0.027200295261307256,0.09461126666333049,5.728714788228517,-201.52586,260.0299,-10.983253,-40.07715,-8.409771,-12.545999,-8.7050085,-10.552547,-19.818932,5.1034374,-6.543408,-18.130142,6.160102
1438,23.966666666666665,0.1646208,99.63623424833116,1199.943943810207,698.6939919302167,1394.811603055319,2362.3233299098792,0.027200295261307256,0.09461126666333049,5.728714788228517,-205.68639,261.74084,-21.870789,-47.643646,-2.5777404,-0.03178233,-12.760983,-15.593329,-13.077694,4.6395855,-7.3060374,-14.235567,14.780478
1439,23.983333333333334,0.13227834,97.25064553038621,1334.126713380184,717.542258973871,1463.4332270938528,2380.3748040772066,0.027200295261307256,0.09461126666333049,5.728714788228517,-205.30347,251.51083,-33.949432,-35.048435,3.9184518,-2.4782653,-8.309929,-13.511332,-12.486563,8.616853,-5.0234056,-13.693596,17.31541
1440,24.0,0.07818534,94.20025099471339,1443.3169143623743,765.1788128928142,1527.8829613865164,2423.487652775302,0.027200295261307256,0.09461126666333049,5.728714788228517,-232.52611,231.62192,-26.759636,-34.15562,6.805148,0.022725835,-8.950649,-10.68614,-9.111591,10.281158,-6.2248287,-6.1658473,14.048763
1441,24.016666666666666,0.034201246,92.63979768786459,3095.6709083895184,948.106024462154,1629.7272365171264,2710.1690764046734,0.027200295261307256,0.09461126666333049,5.728714788228517,-259.55222,143.30591,-39.869316,-4.470993,10.422946,8.82752,-8.636863,6.566919,11.411793,7.3062706,-4.195261,19.165836,2.0312855
1442,24.033333333333335,0.018124262,0.0,4046.216944445203,1149.583735464964,1762.7482795478118,3095.5850793984464,0.027200295261307256,0.09461126666333049,5.728714788228517,-276.43448,96.52231,-72.46422,-15.2616825,11.941401,4.372596,-10.451201,17.05267,3.239427,-7.944189,-8.226906,26.25476,2.4178371
1443,24.05,0.014729772,0.0,3822.440338323452,1103.0975323778562,1818.7746316763114,3087.491304746389,0.027200295261307256,0.09461126666333049,5.728714788228517,-318.2122,99.88823,-68.473404,-13.243064,13.364165,0.3827284,-14.55141,10.832481,-4.8947554,-11.387006,2.4044766,23.266197,0.86937606
1444,24.066666666666666,0.009684526,0.0,3847.509417739653,907.2039869563897,1914.7962637137584,2817.476705857975,0.027200295261307256,0.09461126666333049,5.728714788228517,-341.72446,101.87104,-58.41814,-11.6871395,6.360603,-2.2025275,-20.862148,-15.296263,-6.8017426,-1.6323533,0.36399508,10.706127,-2.9792054
1445,24.083333333333332,0.006923105,0.0,3703.8596203627394,736.6470736258469,2012.6650956435324,2717.62902980935,0.027200295261307256,0.09461126666333049,5.728714788228517,-365.46747,105.59921,-51.690056,-8.970078,18.945822,-4.279167,-24.744427,-21.799423,-9.613436,-4.420336,-0.11620866,7.459753,-6.6484365
1446,24.1,0.041389488,0.0,2712.6191622359897,589.3625814520731,2085.5842206189486,2741.2552715245965,0.027200295261307256,0.09461126666333049,5.728714788228517,-382.1938,128.28876,-15.088426,9.125216,42.83004,9.29459,-23.227034,-23.214294,-6.1879425,7.269186,3.0934815,-1.3764558,-6.589466
1447,24.116666666666667,0.043282222,0.0,1333.6018993025557,453.5734746314257,2082.3492144861434,2531.1702867896224,0.027200295261307256,0.09461126666333049,5.728714788228517,-295.9105,210.05954,-7.4709635,-14.971905,46.490883,34.496483,-27.71568,-52.350426,-11.603836,11.655245,-22.335136,-28.793228,-5.7991843
1448,24.133333333333333,0.05298881,0.0,1377.1056222200311,445.2889966924545,2088.4020952501005,2536.928998381335,0.027200295261307256,0.09461126666333049,5.728714788228517,-383.70474,155.33582,8.686765,-6.9879637,49.557316,40.01787,-26.457218,-50.283123,-13.766325,8.14424,-12.785271,-27.4192,-15.934092
1449,24.15,0.032691076,0.0,1198.1084781551967,438.53209991590285,2124.1926780893964,2566.919864131666,0.027200295261307256,0.09461126666333049,5.728714788228517,-323.7935,198.45477,4.58549,-4.373876,53.9028,29.880531,-29.452572,-40.737064,-7.7367277,7.2043834,-15.155951,-27.600796,-16.0778
1450,24.166666666666668,0.032453474,0.0,1870.680102348711,501.531707934878,2147.128492061704,2631.2684984808643,0.027200295261307256,0.09461126666333049,5.728714788228517,-405.86124,131.24976,8.470314,9.483738,51.309387,26.209766,-26.936527,-37.25063,-13.680584,2.6472306,-7.446574,-29.178247,-25.290218
1451,24.183333333333334,0.0048190276,0.0,3266.726936452977,671.8581635140399,2176.2310720487576,2781.1109973518537,0.027200295261307256,0.09461126666333049,5.728714788228517,-421.4767,102.99214,-15.547299,2.417718,43.111042,9.601431,-30.143955,-14.035414,14.708572,14.712317,1.9806926,-9.191218,-11.36825
1452,24.2,0.004812771,0.0,2950.890094340289,743.8083570849795,2200.594093337492,2860.313341456585,0.027200295261307256,0.09461126666333049,5.728714788228517,-407.53122,112.08148,-20.901367,1.8347248,41.970726,-9.13263,-43.93619,-9.093276,19.463055,11.463873,-0.5352151,-7.4816494,-10.3111925
1453,24.216666666666665,0.0044107265,0.0,2897.2407474661554,726.4512057810009,2187.659399828495,2857.6847832543194,0.027200295261307256,0.09461126666333049,5.728714788228517,-418.31564,108.0171,-14.078491,1.3425655,33.198975,-17.776627,-48.122208,-8.347429,20.360847,11.535131,1.8040963,-6.3754244,-14.324842
1454,24.233333333333334,0.0031600122,0.0,3138.6347728233736,721.167015839128,2075.4844769816673,2912.983638806144,0.027200295261307256,0.09461126666333049,5.728714788228517,-441.90625,92.665,-6.7089663,9.612161,42.837856,-1.5606598,-38.147938,-8.562575,18.43118,8.636424,-0.10051194,-0.9253348,-7.8555803
1455,24.25,0.001822667,0.0,3850.482982023207,952.4980715644976,2117.644454014848,3002.6442156464523,0.027200295261307256,0.09461126666333049,5.728714788228517,-479.14563,72.696304,7.2407975,3.8072019,25.054005,8.589364,-17.608795,-9.064613,8.819752,3.0054722,-6.2578554,1.9387863,9.270147
1456,24.266666666666666,0.0010263161,0.0,5171.822994796356,1105.0977208616973,2257.003762977967,3029.9755202938295,0.027200295261307256,0.09461126666333049,5.728714788228517,-505.9614,56.309036,17.936218,6.473056,12.591364,7.394767,-2.5300937,3.0373108,13.669417,9.067263,-1.8730533,-0.14564055,7.900766
1457,24.283333333333335,0.0007019673,0.0,6833.867595523027,912.5343747772965,2181.2155620999174,3116.5730250226216,0.027200295261307256,0.09461126666333049,5.728714788228517,-530.6228,37.673615,23.321907,11.99888,5.8080273,1.5885913,-0.36032158,1.9136608,5.912725,7.133774,5.1556177,2.910791,2.1148827
1458,24.3,0.00067578576,0.0,6120.528046846096,961.951210602475,2222.397982933952,3158.8548633298415,0.027200295261307256,0.09461126666333049,5.728714788228517,-532.31305,36.88082,25.809633,17.392609,13.226536,9.036707,3.5626216,0.8439305,3.0382838,6.1716614,5.8585424,3.6849885,4.107375
1459,24.316666666666666,0.00066819286,0.0,6514.290011848732,978.7422014324101,2166.251704328965,3169.839009481779,0.027200295261307256,0.09461126666333049,5.728714788228517,-536.97296,32.978813,26.60347,19.785606,14.404371,10.172285,6.4592323,3.822848,3.1676145,4.000359,4.4996924,3.480945,1.6573715
1460,24.333333333333332,0.0005117133,0.0,7172.1699810313075,1021.4052097882612,1941.0615413729413,3226.569399696176,0.027200295261307256,0.09461126666333049,5.728714788228517,-539.97064,28.408138,21.308187,14.099665,9.475441,7.338267,6.1102877,4.760092,3.4043503,2.5075598,2.048883,1.5109912,0.50782394
1461,24.35,0.000543164,0.0,7080.657112985569,1315.4878011964415,2141.272931028399,3430.6102563675727,0.027200295261307256,0.09461126666333049,5.728714788228517,-538.5792,30.51056,23.795305,17.173737,13.188715,11.3442955,9.542036,6.6088753,3.217854,0.7390601,-0.22596812,-0.08820365,0.44664553
1462,24.366666666666667,0.00057189504,0.0,7484.093182177013,1118.2507887596405,2170.374711134595,3386.001618419934,0.027200295261307256,0.09461126666333049,5.728714788228517,-538.6248,30.950516,25.43237,19.787752,15.537585,12.084328,8.562807,5.278478,3.1560693,2.532547,2.8724275,3.1846647,2.4303918
1463,24.383333333333333,0.0007083697,0.0,8545.96445874839,681.7917738043491,1765.5058713495885,3033.045188607761,0.027200295261307256,0.09461126666333049,5.728714788228517,-530.5811,38.27896,24.735165,12.46398,7.5260334,6.971217,6.3601933,3.6280549,1.1799078,1.5292382,4.1221194,7.310197,8.44961
1464,24.4,0.0008914135,0.0,9146.540970050768,1237.1869996854207,2072.094381804317,3412.4042107424957,0.027200295261307256,0.09461126666333049,5.728714788228517,-518.3779,45.27976,25.235844,10.164453,11.494008,7.258547,6.2976446,2.7753139,-0.7145481,-3.18372,0.6297081,7.8805056,6.4452744
1465,24.416666666666668,0.001721698,0.0,12413.776727909362,1615.284232629304,2438.7535936308464,3557.484447506714,0.027200295261307256,0.09461126666333049,5.728714788228517,-492.1811,7.3106675,5.6855116,-2.4101965,26.465078,1.388144,9.593546,6.883437,-1.0675294,10.175615,-12.478039,15.325033,6.088483
1466,24.433333333333334,0.0017175882,0.0,11726.148876303836,1194.4521040603586,2262.508991669103,3058.5789610827064,0.027200295261307256,0.09461126666333049,5.728714788228517,-470.1584,16.209538,-5.198106,-11.885578,36.822906,2.8069797,-2.0934317,3.4170182,0.47170198,14.634174,-8.742163,13.037989,0.607421
1467,24.45,0.0012156754,0.0,9902.829645260807,1046.5330644459536,2207.268470105524,3003.5395555632367,0.027200295261307256,0.09461126666333049,5.728714788228517,-516.37933,35.75415,21.639336,14.072615,25.161568,9.743387,3.397259,6.6885347,2.305528,0.026305974,-3.3219938,8.520027,1.488765
1468,24.466666666666665,0.0009161775,0.0,9453.627937398414,1207.9977547018038,2204.9168914636175,3391.320367719402,0.027200295261307256,0.09461126666333049,5.728714788228517,-523.3425,33.161587,19.883762,14.185329,22.716805,10.850636,5.6485586,7.729712,6.1724925,4.704895,3.627246,10.757752,4.884878
1469,24.483333333333334,0.00071084825,0.0,8191.314784059283,842.3131914429125,1820.2702338750294,2941.276258183882,0.027200295261307256,0.09461126666333049,5.728714788228517,-540.1656,29.16132,24.485558,19.691889,16.418045,14.3623295,12.292423,9.601391,6.7385626,4.4781466,3.1997957,2.8588705,3.2307737
1470,24.5,0.00076100254,0.0,7251.006594998592,726.116579193183,1920.1300996524362,2975.708003670315,0.027200295261307256,0.09461126666333049,5.728714788228517,-537.5206,33.055096,28.484612,22.833397,17.009241,11.257062,6.109967,2.265113,-0.24657401,-1.8710693,-2.614072,-2.1916823,-1.0936496
1471,24.516666666666666,0.00079329836,0.0,6294.076673070621,1244.4263182847858,2656.4027194952214,3693.1113779688935,0.027200295261307256,0.09461126666333049,5.728714788228517,-539.41077,30.746344,26.961597,22.172234,17.540089,13.643092,10.708735,8.909048,8.230821,8.199598,8.036167,7.2382994,5.9438457
1472,24.533333333333335,0.0007931787,0.0,6585.672297241808,1380.7120251528509,2749.2019608913397,3644.530620181155,0.027200295261307256,0.09461126666333049,5.728714788228517,-542.9801,25.903196,22.7831,19.16303,16.029541,13.474166,11.108356,8.754657,6.654558,5.1360264,4.240494,3.7058585,3.2560453
1473,24.55,0.00060285855,0.0,6739.997632651574,1006.5216725943836,2190.8970810190986,3148.827266522797,0.027200295261307256,0.09461126666333049,5.728714788228517,-538.2075,30.347313,22.688068,16.259693,12.825064,10.379488,7.4950714,5.124321,4.0958176,3.317974,1.587439,-0.2806987,-0.5016466
1474,24.566666666666666,0.00065551285,0.0,7120.55385949897,1062.7798885309437,2235.924823446805,3230.4722573246627,0.027200295261307256,0.09461126666333049,5.728714788228517,-536.26935,29.707397,16.83295,10.563187,11.491451,10.869913,5.86337,2.8670912,5.733243,9.246904,7.4245777,2.3372395,0.24037984
1475,24.583333333333332,0.00070274604,0.0,7212.520585203752,1317.3078498405234,2250.1942465977395,3341.2201116684346,0.027200295261307256,0.09461126666333049,5.728714788228517,-540.361,28.211296,22.107145,16.38399,13.520286,13.024636,12.802311,11.571426,9.718144,8.182221,7.14487,6.0394793,4.508497
1476,24.6,0.0006574064,0.0,6736.341881681001,1293.8579187853613,2089.823157885954,3140.0651375219845,0.027200295261307256,0.09461126666333049,5.728714788228517,-535.32886,34.14195,25.604813,18.12953,14.566404,13.119365,10.802028,7.1847744,4.167874,3.100008,3.3475516,3.5489469,3.1667712
1477,24.616666666666667,0.00049275276,0.0,7863.355000923633,1271.6328382333577,1990.4059191692136,3175.439532570507,0.027200295261307256,0.09461126666333049,5.728714788228517,-543.57294,24.701218,20.741192,16.191347,12.02568,8.08698,4.2229986,1.1727523,-0.086466745,0.35764956,1.2228397,1.3446614,0.7764219
1478,24.633333333333333,0.0005511066,0.0,8997.550315023478,1427.7620466968708,2101.0921971117336,3316.697225176725,0.027200295261307256,0.09461126666333049,5.728714788228517,-545.41547,22.524035,19.58714,16.28128,13.656076,11.800174,10.146067,8.277664,6.3882732,5.0033994,4.36945,4.183483,3.8888395
1479,24.65,0.0006134205,0.0,8820.657975894243,1121.019077586949,2547.3640784091854,3541.191991988567,0.027200295261307256,0.09461126666333049,5.728714788228517,-536.9788,32.566296,24.910519,16.394741,10.568556,8.847863,10.039572,11.467295,10.897686,7.9817805,4.2199445,1.5994897,1.1039802
1480,24.666666666666668,0.0006872838,0.0,9394.528451456928,1172.88080814806,2496.1818623798663,3628.125024156283,0.027200295261307256,0.09461126666333049,5.728714788228517,-534.2656,35.269066,26.871826,18.108501,11.984283,8.210472,8.152397,8.93766,7.441827,3.3791447,-0.3065369,-2.3518403,-3.3666487
1481,24.683333333333334,0.00061129796,0.0,7973.956892088354,1410.4760331759007,2498.567949128264,3263.5710265993066,0.027200295261307256,0.09461126666333049,5.728714788228517,-537.4804,32.235516,26.252514,20.45689,16.2606,13.778297,12.53529,10.634819,6.646393,2.1785474,-0.26769584,-0.53161013,0.35644698
1482,24.7,0.0005985358,0.0,8432.70705660243,1229.7208304014468,2435.405259022728,3057.0766523522834,0.027200295261307256,0.09461126666333049,5.728714788228517,-546.7902,20.288546,16.812363,13.362694,11.273312,10.323081,9.453207,8.093452,6.625248,5.641529,5.043384,4.0910482,2.3227959
1483,24.716666666666665,0.0005362593,0.0,6545.13754579021,908.9732261056834,1860.2396585763288,3042.2524611677254,0.027200295261307256,0.09461126666333049,5.728714788228517,-533.82477,36.363102,27.74947,19.476948,14.467198,11.606082,8.531124,5.0138664,2.8167415,2.725041,2.9880967,1.3156006,-2.1841013
1484,24.733333333333334,0.00062906597,0.0,6449.945011580152,1085.2670555356806,2033.2483402766559,2963.990565566004,0.027200295261307256,0.09461126666333049,5.728714788228517,-532.5786,36.090317,23.323107,12.150206,6.827542,5.8757353,6.5246153,7.2424355,6.8623595,4.5663147,1.2963698,-0.7668699,-0.7093462
1485,24.75,0.0006134784,0.0,5733.366438451827,1423.2298699862806,2660.061740106377,3443.7950066850217,0.027200295261307256,0.09461126666333049,5.728714788228517,-534.3673,34.60405,24.559769,16.867958,14.7142105,15.336426,14.712327,11.288744,5.9839215,0.89446664,-1.962111,-2.2355015,-1.8709111
1486,24.766666666666666,0.000628105,0.0,6173.146959344081,1353.549384043887,2242.727305721666,3409.0251309917794,0.027200295261307256,0.09461126666333049,5.728714788228517,-532.10156,36.564087,23.766817,13.399565,9.0292015,7.863751,7.3118963,7.5319195,7.9727716,6.2739177,2.198991,-0.92694414,-0.9060036
1487,24.783333333333335,0.0005843779,0.0,6692.067325525928,940.4909794178482,1714.5382939612616,2803.36706994776,0.027200295261307256,0.09461126666333049,5.728714788228517,-528.4109,41.483902,27.41572,14.964891,9.30455,8.375248,7.52773,4.898862,1.880121,0.19141622,-0.067050636,-0.042749763,-0.87919915
1488,24.8,0.0009436666,0.0,14809.913262966267,690.9718917850342,1546.9865294349584,2624.166501066348,0.027200295261307256,0.09461126666333049,5.728714788228517,-520.9327,30.824902,34.115932,2.61618,16.51825,0.55338377,15.074913,-0.950057,6.918889,-5.3072166,1.3663275,-1.9829321,4.5768185
1489,24.816666666666666,0.0009549183,0.0,13079.655198808858,895.8910635941123,1866.3937299122013,3020.0792847486596,0.027200295261307256,0.09461126666333049,5.728714788228517,-524.67645,35.057728,33.740288,10.852011,16.68758,4.973471,13.044873,1.6901324,6.4874096,-2.6172538,0.89096665,-3.98988,0.36231056
1490,24.833333333333332,0.0008014425,0.0,7254.618540272437,1197.4696137052053,2281.3657439452368,3389.2187317691896,0.027200295261307256,0.09461126666333049,5.728714788228517,-528.87866,40.63745,27.841627,16.147896,10.972355,8.329866,6.9208302,5.283326,4.655624,2.8023164,1.006918,0.69887835,2.8996458
1491,24.85,0.0008062366,0.0,6728.837336764442,1218.0442481009622,2226.6449684701256,3223.2306657995173,0.027200295261307256,0.09461126666333049,5.728714788228517,-527.2782,43.862404,31.150608,19.111485,12.944166,11.904774,11.879166,10.000854,6.6017323,3.6849153,2.4845495,2.5322523,2.54321
1492,24.866666666666667,0.001412632,0.0,4572.21294276007,875.7548778348956,1995.6611648335443,3109.504375461053,0.027200295261307256,0.09461126666333049,5.728714788228517,-501.25418,73.359604,43.617805,14.870827,-1.1360319,-5.6547823,-6.560025,-8.557633,-10.462299,-9.552862,-5.8393,-1.7818474,0.699265
1493,24.883333333333333,0.0013651898,0.0,4105.151329906297,766.1845667958706,1800.214957854232,3002.136756382344,0.027200295261307256,0.09461126666333049,5.728714788228517,-503.96463,71.14143,44.311394,16.515202,-0.9997231,-7.101627,-7.951405,-9.230951,-11.479622,-11.850798,-8.739294,-3.7775726,0.2954774
1494,24.9,0.00087552314,0.0,6612.157852966769,1077.6199093530292,2194.4072431944746,3037.486117163078,0.027200295261307256,0.09461126666333049,5.728714788228517,-533.06854,37.413887,28.211391,18.285053,11.686756,9.395057,9.465849,9.145855,6.9599795,3.2817497,-0.5434574,-3.3877065,-4.8794384
1495,24.916666666666668,0.00070010585,0.0,6081.714142300024,974.0550554657025,2148.7742493475816,2874.2269549604835,0.027200295261307256,0.09461126666333049,5.728714788228517,-528.89453,42.457474,31.369602,19.670471,11.632517,7.8292456,6.6644893,6.5792103,6.522369,5.5560026,3.2991161,0.66680545,-0.77113163
1496,24.933333333333334,0.00059904903,0.0,7257.0371823327205,899.3481200298258,2169.587830581663,3141.201228022841,0.027200295261307256,0.09461126666333049,5.728714788228517,-534.7148,34.03961,23.28775,13.367504,7.346733,3.9387026,1.937672,1.962317,3.7700756,5.0291643,4.227812,2.775062,2.576222
1497,24.95,0.00063743885,0.0,7736.148997029306,929.2011440435908,2157.6797317248056,3091.9470682952424,0.027200295261307256,0.09461126666333049,5.728714788228517,-536.8771,32.02031,23.072842,13.911535,8.19269,6.5265408,7.504418,9.140747,9.52803,7.5753784,3.9517407,0.7479557,-0.47104183
1498,24.966666666666665,0.00069424475,0.0,8020.470022276836,915.4984987185279,2046.5157814232539,3167.3549149245473,0.027200295261307256,0.09461126666333049,5.728714788228517,-537.1073,32.389175,25.32499,18.594322,14.6790695,12.75712,10.903059,8.780556,7.5678635,7.722619,7.886054,6.456951,3.7050595
1499,24.983333333333334,0.0007001843,0.0,7032.601637461387,1056.598201004537,2162.3558112373576,3201.4800524155085,0.027200295261307256,0.09461126666333049,5.728714788228517,-533.93207,36.55458,28.061295,18.3522,10.851145,6.6959867,4.9086456,3.8896666,2.689043,1.2324319,-0.124395445,-0.9894911,-1.0786554
1500,25.0,0.00076903414,0.0,6910.459300355271,1185.67789410383,1937.6367071133473,3005.947215001046,0.027200295261307256,0.09461126666333049,5.728714788228517,-536.3595,33.622444,26.596375,19.040913,13.636038,10.546312,8.252319,5.526415,2.4960227,0.1369009,-0.801453,-0.28328305,1.2225068
1501,25.016666666666666,0.000947673,0.0,6355.971190072174,1280.4788379317583,1826.3053580961086,3111.6283784670773,0.027200295261307256,0.09461126666333049,5.728714788228517,-538.20917,32.41314,28.535734,23.675394,19.161957,15.56839,12.685314,10.054436,7.528894,5.3875976,3.9870563,3.3497567,3.0981746
1502,25.033333333333335,0.0009344894,0.0,5388.970231198546,941.2936486582738,1942.7274652185256,3177.5760678496,0.027200295261307256,0.09461126666333049,5.728714788228517,-518.10944,53.343597,34.510014,19.85733,13.784439,11.049819,7.0786495,2.3740277,-0.40928483,0.23858926,2.697,2.7987642,-0.9565911
1503,25.05,0.0008031301,0.0,6276.915671399614,931.8936578453552,1702.4551837126482,3110.3447911925696,0.027200295261307256,0.09461126666333049,5.728714788228517,-533.4919,37.57672,30.16171,21.781006,15.124374,10.658203,7.3843455,4.5496473,2.3559477,1.2235668,0.89060885,0.5871332,-0.019632101
1504,25.066666666666666,0.0007942221,0.0,6233.57320140869,1312.738855695223,1892.7972885497159,3231.9491391576234,0.027200295261307256,0.09461126666333049,5.728714788228517,-539.34973,30.788162,26.915913,22.089952,17.500877,13.597734,10.397802,8.031432,6.7699156,6.5390286,6.6336727,6.1410217,4.708511
1505,25.083333333333332,0.0007104015,0.0,6946.945670807578,903.9206233980901,2060.0406164139745,3151.2532382552536,0.027200295261307256,0.09461126666333049,5.728714788228517,-538.17224,31.53252,25.470848,18.454985,12.732279,9.051159,7.059853,6.2137737,6.0962296,6.193472,5.8915114,4.9255476,3.668209
1506,25.1,0.00071806845,0.0,7013.75993436148,802.8822337287613,1972.1763256248055,3082.0895704023783,0.027200295261307256,0.09461126666333049,5.728714788228517,-539.8973,29.562485,24.420298,17.857403,11.755154,7.29873,4.7297716,3.6267138,3.3425963,3.2864504,3.017439,2.296443,1.1696476
1507,25.116666666666667,0.00073247607,0.0,5845.283248618028,1026.2032558617275,2122.807461169601,3287.3731334689196,0.027200295261307256,0.09461126666333049,5.728714788228517,-533.6167,37.34896,29.8176,21.471287,15.4552555,12.586284,11.537836,10.438194,8.328173,5.480447,2.7765594,0.9383575,0.14556585
1508,25.133333333333333,0.00064065383,0.0,6606.258698878636,985.9983561695203,1911.5766754360527,3020.376719026707,0.027200295261307256,0.09461126666333049,5.728714788228517,-536.95966,32.81382,25.761477,17.968601,12.417942,9.920105,9.323742,9.088715,8.598082,8.1182995,7.7961893,6.997305,4.7998867
1509,25.15,0.00060248625,0.0,7409.7625767651725,747.2424247341548,1560.696584484252,2848.6149503651527,0.027200295261307256,0.09461126666333049,5.728714788228517,-540.1134,29.210995,24.075853,17.810066,12.254279,8.161169,5.2810955,3.144938,1.6705334,1.0489724,1.1874512,1.443173,1.0351341
1510,25.166666666666668,0.0006071202,0.0,6532.3827902725325,828.3115009896078,1867.1650216856278,3302.041477931737,0.027200295261307256,0.09461126666333049,5.728714788228517,-535.2785,35.574257,29.215199,21.524292,15.045343,11.019962,9.089443,8.003518,6.6641674,4.7536054,2.663387,0.98738503,0.044173956
1511,25.183333333333334,0.00061009015,0.0,7062.419597480708,1072.8111651190795,2216.8032498098637,3618.169099920996,0.027200295261307256,0.09461126666333049,5.728714788228517,-535.908,33.88578,25.882359,17.227764,11.38018,9.243735,9.432083,9.887503,9.230363,7.123482,4.050165,0.99356306,-1.0149229
1512,25.2,0.0005549996,0.0,7221.785273332506,1089.112259684659,2143.2287007936043,3336.962623017552,0.027200295261307256,0.09461126666333049,5.728714788228517,-540.0439,28.32446,21.176737,13.800299,9.208035,7.708617,7.6212025,7.229374,5.9838276,4.3327208,3.0131776,2.6151304,3.3617034
1513,25.216666666666665,0.0005748134,0.0,6147.015695022586,1148.960078578856,2273.0535340627703,3156.78510318244,0.027200295261307256,0.09461126666333049,5.728714788228517,-540.7442,28.488113,23.89787,18.591042,14.30994,11.526123,9.6387205,7.9446545,6.3693285,5.3475904,5.1551385,5.4673433,5.565006
1514,25.233333333333334,0.0005635497,0.0,6516.113947012924,828.3319069015031,2093.786682118884,3049.798428542236,0.027200295261307256,0.09461126666333049,5.728714788228517,-541.58344,27.770414,24.301918,20.115522,16.379326,13.417107,10.910419,8.576924,6.58106,5.3112354,4.8555126,4.7846456,4.4672084
1515,25.25,0.0005920447,0.0,7598.464619688936,504.8174479880433,1773.1900897140233,3028.6649104071125,0.027200295261307256,0.09461126666333049,5.728714788228517,-539.573,29.595835,23.909086,17.936783,13.644371,10.733059,7.8549156,4.607034,1.9988366,1.0436318,1.3323357,1.3601842,0.20787719
1516,25.266666666666666,0.00070265436,0.0,6932.361935064451,747.8496534899791,1915.8389113190817,3028.538478750609,0.027200295261307256,0.09461126666333049,5.728714788228517,-537.185,33.89885,29.976625,24.675278,19.177816,14.265881,10.165575,6.747875,3.8577037,1.5154061,-0.10900488,-0.86420155,-0.772412
1517,25.283333333333335,0.00073148974,0.0,6790.111084458449,1044.1302762827347,2134.933486178959,3235.3765034776115,0.027200295261307256,0.09461126666333049,5.728714788228517,-538.3686,31.96671,27.458147,21.704983,16.373701,12.484325,10.110403,8.621436,7.226429,5.4706993,3.4446518,1.6544359,0.67035997
1518,25.3,0.0006610929,0.0,7166.444362003518,845.1129798468315,1991.172594787931,3250.889364301101,0.027200295261307256,0.09461126666333049,5.728714788228517,-535.622,34.295948,26.194221,17.161575,10.67265,7.798441,7.211901,6.7709208,5.1821675,2.5895014,0.059963703,-1.3117528,-1.0481459
1519,25.316666666666666,0.0006074216,0.0,6610.821378268991,970.0642170908271,2164.7355726467736,3416.686167739651,0.027200295261307256,0.09461126666333049,5.728714788228517,-540.0088,29.86565,25.93117,20.852278,15.906864,11.793698,8.637116,6.3776784,5.061198,4.741503,5.177096,5.736122,5.698026
1520,25.333333333333332,0.0006008264,0.0,6622.012612265439,1264.3622191479922,2335.441163657536,3451.2283509931162,0.027200295261307256,0.09461126666333049,5.728714788228517,-542.56757,26.374666,22.803997,18.300535,14.154791,11.077671,9.096415,7.893675,7.2115307,6.9778414,7.1326528,7.418557,7.3956914
1521,25.35,0.0006565915,0.0,5929.280425567797,698.1512809193571,1887.1068198822,2831.9760131310586,0.027200295261307256,0.09461126666333049,5.728714788228517,-539.7074,29.700836,24.386944,18.09421,13.045388,10.264936,9.302624,8.901539,8.016988,6.4540997,4.7825117,3.7384818,3.6233177
1522,25.366666666666667,0.00077107875,0.0,5229.9321159040865,311.99527790748,1735.4655154287093,2666.9381234111434,0.027200295261307256,0.09461126666333049,5.728714788228517,-530.9107,40.670795,32.359222,24.046413,18.496292,14.729632,10.379602,4.9961386,0.4990181,-1.2916867,-0.7623776,0.16708454,0.33738756
1523,25.383333333333333,0.0007470484,0.0,5167.203462363599,635.2721787800184,1981.864885621324,3250.4898257151935,0.027200295261307256,0.09461126666333049,5.728714788228517,-534.28235,37.06452,31.134716,24.297703,18.472496,14.015284,10.445238,7.310896,4.296344,1.1688489,-1.8427608,-3.8504472,-3.9957156
1524,25.4,0.0005682437,0.0,6503.077591738447,816.4266656899124,2141.578841315655,3294.6645203848407,0.027200295261307256,0.09461126666333049,5.728714788228517,-541.21765,28.22045,24.364206,19.180042,13.92919,9.525982,6.2864847,4.0285106,2.3969016,1.1690629,0.3475731,0.020982688,0.14491707
1525,25.416666666666668,0.0005893625,0.0,6538.387395321577,862.8050031389631,2037.3162295676868,3140.505569629529,0.027200295261307256,0.09461126666333049,5.728714788228517,-538.43335,31.505491,26.10174,19.419434,13.555223,9.6207905,7.4469013,6.1152763,4.830596,3.4700809,2.4694872,2.24572,2.691549
1526,25.433333333333334,0.00063775905,0.0,6763.4473998497415,1084.6318546797636,2207.742629250777,3409.0698589808744,0.027200295261307256,0.09461126666333049,5.728714788228517,-540.2403,29.362957,24.979818,19.454636,14.540615,11.368051,10.016237,9.662075,9.182271,7.845706,5.706065,3.4980793,2.1333613
1527,25.45,0.0006861614,0.0,6985.6125402318885,1220.9678422777151,2262.7869281563744,3421.6915535199237,0.027200295261307256,0.09461126666333049,5.728714788228517,-541.38275,27.512562,22.591148,16.559252,11.390725,8.247814,7.2137756,7.5480165,8.160802,8.127981,7.1374598,5.6419907,4.5052605
1528,25.466666666666665,0.0006749142,0.0,7043.0708362897685,1340.6363630032156,2384.609722857538,3690.8541221107903,0.027200295261307256,0.09461126666333049,5.728714788228517,-544.2014,24.37994,21.638165,18.136065,14.700069,11.672115,9.01462,6.6419764,4.589217,2.9379485,1.7222742,0.97024256,0.75888103
1529,25.483333333333334,0.000663561,0.0,7087.034125241742,942.0891949406833,2236.406340075871,3447.525964604791,0.027200295261307256,0.09461126666333049,5.728714788228517,-538.9137,30.971535,25.906746,19.426674,13.21402,8.406108,5.606235,4.83642,5.3760614,6.0450764,5.995947,5.2109957,4.1441793
1530,25.5,0.0007230781,0.0,6853.352533713072,1003.1060781938713,2375.1723563944993,3375.584977588,0.027200295261307256,0.09461126666333049,5.728714788228517,-538.6846,31.04687,25.413258,18.607513,13.059051,10.166584,9.78274,10.5766325,10.952135,9.928446,7.513292,4.4769535,1.7903776
1531,25.516666666666666,0.0007020436,0.0,6529.228611607018,1047.416262114518,2347.1469555824697,3421.08999044846,0.027200295261307256,0.09461126666333049,5.728714788228517,-538.78723,30.620224,24.542854,17.801811,12.811358,10.061626,8.48403,6.875824,4.9126005,3.0285904,1.6923649,0.99530673,0.81335354
1532,25.533333333333335,0.0007323114,0.0,6814.362903803019,983.9735425564885,2040.4495685676402,3044.930888834607,0.027200295261307256,0.09461126666333049,5.728714788228517,-538.26105,31.26196,24.98832,18.143589,13.178618,10.491001,9.010422,7.7103796,6.4478264,5.6349125,5.4803915,5.6608915,5.5825205
1533,25.55,0.00076876057,0.0,5923.905206657979,825.5289045226982,1822.233119703823,2695.327143085396,0.027200295261307256,0.09461126666333049,5.728714788228517,-535.5003,35.337696,29.263979,22.025436,15.791229,11.353603,8.408027,6.414098,5.065406,4.220583,3.7660508,3.6433659,3.8274162
1534,25.566666666666666,0.0007545853,0.0,6395.28435920813,563.9393771808822,1757.315211465727,2571.0059789118623,0.027200295261307256,0.09461126666333049,5.728714788228517,-538.25824,32.083527,27.470972,21.526146,15.775248,11.070576,7.5554733,5.088282,3.598732,3.055118,3.2095997,3.5323727,3.5049198
1535,25.583333333333332,0.00074066187,0.0,6485.406258128701,837.5780814016109,2177.573903845036,3144.182951527507,0.027200295261307256,0.09461126666333049,5.728714788228517,-536.7669,33.84496,28.704052,22.709373,17.193039,12.597813,9.238753,7.0516696,5.3120213,3.585064,2.3819098,2.0961607,2.0203998
1536,25.6,0.00072068133,0.0,6742.048670045864,1409.2349749095797,2624.7969814200446,3600.7241693769283,0.027200295261307256,0.09461126666333049,5.728714788228517,-539.88684,30.15308,26.799171,22.92779,19.320442,16.040966,13.099489,10.429005,7.623345,4.508875,1.771034,0.27420175,-0.115826845
1537,25.616666666666667,0.0005960338,0.0,7791.139699074082,1266.2545190201229,2386.8408080398654,3570.9633590215462,0.027200295261307256,0.09461126666333049,5.728714788228517,-544.3512,24.206318,21.553436,18.123104,14.664644,11.488031,8.617273,6.114421,4.1572,2.8337233,1.9844761,1.3355832,0.7755242
1538,25.633333333333333,0.0004986989,0.0,7466.825233365358,1150.6121935861543,2292.381301412751,3526.84036623573,0.027200295261307256,0.09461126666333049,5.728714788228517,-543.2078,25.31892,21.502682,17.099958,13.697094,11.857668,11.022462,10.143633,8.485544,6.0323944,3.3472686,1.1203146,-0.25159764
1539,25.65,0.0005232463,0.0,6818.019178288185,1109.656563751053,2271.823576707241,3321.9736415797547,0.027200295261307256,0.09461126666333049,5.728714788228517,-540.72174,28.086226,22.773418,17.510052,14.298477,12.650336,10.682754,7.3310413,3.3725553,0.45043916,-0.6120689,-0.43493217,-0.24531116
1540,25.666666666666668,0.0006288829,0.0,6548.435916720602,735.8449374698168,1995.4083610119933,2941.4298829622503,0.027200295261307256,0.09461126666333049,5.728714788228517,-539.7503,29.16172,22.943977,16.359093,12.123124,10.780506,10.944834,10.763491,9.270034,6.7987976,4.4704533,3.2463355,3.1982284
1541,25.683333333333334,0.000673354,0.0,6573.672406572799,1264.5040564000076,2156.317148547797,3223.738720561313,0.027200295261307256,0.09461126666333049,5.728714788228517,-538.9362,30.76711,25.496181,19.41983,14.494242,11.216795,8.9291,6.8542147,4.7582116,2.8385632,1.3349434,0.4209348,0.31503296
1542,25.7,0.0008674324,0.0,6829.309374305519,1291.7399861796841,1912.0934664691767,3151.3374976084747,0.027200295261307256,0.09461126666333049,5.728714788228517,-538.2043,31.835144,26.749321,21.152441,16.967436,14.389088,12.375681,10.021305,7.3707943,5.0787506,3.5835643,2.777626,2.3534377
1543,25.716666666666665,0.0016579725,0.0,5885.573020707819,1186.7941020228375,2285.108920687359,3465.010113585933,0.027200295261307256,0.09461126666333049,5.728714788228517,-530.4511,41.40766,33.069637,24.040993,17.05501,12.347361,9.2636385,7.4988565,6.6766915,6.000513,5.071698,4.3770986,4.2654963
1544,25.733333333333334,0.02639593,0.0,1645.8722430835915,955.9480733602643,2002.6246293371491,3101.432772204824,0.027200295261307256,0.09461126666333049,5.728714788228517,-493.87674,83.701294,57.66089,39.55054,33.18969,26.82933,14.904293,4.802865,2.1099558,1.834393,-1.2549365,-3.5536723,-0.6236994
1545,25.75,0.036680117,0.0,639.5121226199947,302.7006141931182,1423.8379357240299,2369.651287848628,0.027200295261307256,0.09461126666333049,5.728714788228517,-371.67035,194.86978,58.46344,-1.8290806,22.63552,38.196625,7.186196,-18.947453,-8.565229,2.7940187,-12.396696,-26.194902,-11.1299095
1546,25.766666666666666,0.04994941,0.0,703.0344382383248,360.3455975985595,1289.386205335985,2344.9333264830784,0.027200295261307256,0.09461126666333049,5.728714788228517,-373.47702,191.55309,57.927776,6.3691254,34.212654,40.258827,-1.0599372,-24.14347,-3.4167666,10.484607,-10.599846,-28.404503,-12.796135
1547,25.783333333333335,0.06701245,98.12781470030507,723.6983368053811,401.1692021723644,1564.6575284157677,2442.6468809149505,0.027200295261307256,0.09461126666333049,5.728714788228517,-336.74683,214.5108,47.229836,-2.6563869,32.098457,34.683254,-9.019816,-27.256016,-4.650655,4.9198303,-13.241688,-19.923376,-7.956768
1548,25.8,0.084826715,103.10738632261145,850.0856490974318,467.5855773642876,2051.842382755423,2686.653953695646,0.027200295261307256,0.09461126666333049,5.728714788228517,-308.36908,218.69485,33.230865,6.067479,36.53322,22.47976,-21.951206,-35.181526,-0.38400713,13.539152,-16.55507,-18.49818,-4.0330076
1549,25.816666666666666,0.08719832,107.8033320686949,878.7533265491932,478.7453127874701,2103.8950318476345,2790.2133051953874,0.027200295261307256,0.09461126666333049,5.728714788228517,-301.93268,215.96634,31.1833,14.342232,32.38497,16.391735,-18.6057,-38.442017,-5.5704517,18.613224,-15.692808,-22.498413,-2.5991378
1550,25.833333333333332,0.08493614,102.03501016986657,821.5434439359171,437.59582726819536,1872.6102415618093,2628.9921900209742,0.027200295261307256,0.09461126666333049,5.728714788228517,-305.12198,220.45428,31.901249,4.7026043,30.60956,23.75885,-7.9322143,-34.73654,-12.272485,13.438374,-13.740067,-18.622784,0.9774263
1551,25.85,0.0806287,99.10197840478581,799.3866141169588,383.8668925260677,1480.5880760883144,2427.220967561993,0.027200295261307256,0.09461126666333049,5.728714788228517,-333.42896,210.67308,43.93153,4.4702888,32.914093,34.62139,-2.019185,-32.839783,-10.404486,18.486477,-10.378391,-25.60519,1.9923275
1552,25.866666666666667,0.057851285,98.42590509941384,923.667058840841,373.7283665812057,1374.5727037688814,2428.055611821915,0.027200295261307256,0.09461126666333049,5.728714788228517,-360.91727,193.55319,49.957375,8.785141,36.908333,39.96289,-2.0025415,-33.027206,-9.057923,15.513849,-8.572643,-20.68835,3.056497
1553,25.883333333333333,0.02844442,98.10444747331879,4957.284528220711,463.3591629022368,1489.3659639456987,2570.8133567784066,0.027200295261307256,0.09461126666333049,5.728714788228517,-320.61514,98.421844,49.969368,46.956585,-15.461613,22.713444,-6.537157,-18.548935,-3.5617301,21.058956,-20.66491,-5.9014387,10.774751
1554,25.9,0.020254659,0.0,7695.78146609002,615.1160114157423,1679.5049057664871,2708.402844441491,0.027200295261307256,0.09461126666333049,5.728714788228517,-273.98627,34.74546,26.391247,56.30133,-34.274498,23.11164,-8.7106,-27.793476,-6.749939,12.526306,-28.578886,-2.7477808,2.5751886
1555,25.916666666666668,0.022198433,0.0,7975.274194990288,769.0004149646578,2019.5405337864795,2730.087111830495,0.027200295261307256,0.09461126666333049,5.728714788228517,-250.60245,13.418477,-16.384884,41.025375,-35.727486,10.243679,1.1771758,-16.61002,3.0675926,18.66651,-14.058076,8.928057,4.2507553
1556,25.933333333333334,0.02021532,0.0,6774.284650877217,816.1447748582284,2048.1708727707855,2570.2809841720377,0.027200295261307256,0.09461126666333049,5.728714788228517,-257.82706,47.69384,-24.73214,27.840172,-30.566639,-15.466667,-16.381226,-27.892881,-2.5580883,18.981026,-13.014622,0.9588283,-1.3512497
1557,25.95,0.10146938,0.0,1891.8325340039792,648.4992168155126,1630.3199522532886,2423.691796767373,0.027200295261307256,0.09461126666333049,5.728714788228517,-255.50629,177.36357,20.121365,24.148087,-14.561346,-10.609331,4.122525,-18.558321,-13.3351345,6.7622266,-14.347597,-3.8644838,-3.241881
1558,25.966666666666665,0.15958449,118.25704265431301,1061.7634934152009,596.0683252744271,1312.0397789186554,2367.752173431942,0.027200295261307256,0.09461126666333049,5.728714788228517,-204.82443,256.97992,-4.971464,-21.66732,-14.015077,-3.4791846,0.7755854,-26.679337,-20.912743,11.851643,-16.71973,-26.499096,10.662758
1559,25.983333333333334,0.1826898,105.06487983530072,1123.9059897171628,630.8883124230467,1366.8059915996134,2358.366886303278,0.027200295261307256,0.09461126666333049,5.728714788228517,-199.07729,262.43997,-19.745413,-34.456673,-1.3177067,0.023978159,-9.894406,-24.16078,-11.10421,9.57147,-18.186201,-19.984959,16.382175
1560,26.0,0.17081188,105.91660712180143,1321.9955072670487,655.8019701856464,1459.6223559166858,2385.192588429285,0.027200295261307256,0.09461126666333049,5.728714788228517,-189.19357,261.4958,-40.322056,-41.92221,14.6954975,0.48794544,-16.111538,-17.630535,-11.617794,7.409054,-14.391036,-17.925383,18.115253
1561,26.016666666666666,0.14066814,105.09707279393757,1326.8673925962612,655.9212680039365,1499.0573808171177,2405.707116483963,0.027200295261307256,0.09461126666333049,5.728714788228517,-203.73346,250.37842,-26.390911,-36.856583,14.689373,-0.52750504,-13.589197,-18.143463,-13.4778385,12.182917,-17.482792,-6.831851,14.527159
1562,26.033333333333335,0.07867253,104.57756165204945,2545.035862764479,690.3577024330008,1561.300279533019,2614.480656779563,0.027200295261307256,0.09461126666333049,5.728714788228517,-231.90265,174.25087,-12.497134,-7.9153004,32.569893,-5.485451,-24.330116,2.3122332,-9.809753,4.2220807,-17.18422,20.379538,-0.8257923
1563,26.05,0.026209738,0.0,4548.31027574518,919.9135748694212,1696.4959169025715,2953.286098620307,0.027200295261307256,0.09461126666333049,5.728714788228517,-261.71756,100.37165,-47.098625,-17.254272,40.526543,8.2700205,-16.641983,23.006529,8.403022,0.07351494,-11.557426,36.964622,0.4778014
1564,26.066666666666666,0.01793687,0.0,5114.283316554681,1187.10684128833,1820.9846763356823,3037.7788609199306,0.027200295261307256,0.09461126666333049,5.728714788228517,-302.10074,83.134155,-54.243996,-27.18991,24.710464,1.2854714,-7.05597,8.897803,-1.9188473,-0.649342,-12.033819,38.447983,0.375201
1565,26.083333333333332,0.011769313,0.0,5571.742117118656,1075.2621833832977,1902.0486431660383,2873.9444978619476,0.027200295261307256,0.09461126666333049,5.728714788228517,-300.9775,86.15137,-46.16275,-22.84491,13.198788,-6.5365906,-5.097197,3.243337,-4.0177846,7.675307,-18.664707,17.689991,-12.231501
1566,26.1,0.07132143,0.0,3303.9572551625715,686.319199444841,1868.6112391436905,2622.305840138525,0.027200295261307256,0.09461126666333049,5.728714788228517,-287.19412,137.43306,-19.303493,10.099229,38.323784,4.0074215,-6.105709,-4.1186924,-11.50087,9.088936,-12.238751,11.660349,-5.637566
1567,26.116666666666667,0.15341853,0.0,1381.8192024868524,470.22122932978925,1816.4005980969512,2519.7143621387995,0.027200295261307256,0.09461126666333049,5.728714788228517,-211.85483,213.57367,-5.307564,-0.7933523,27.261524,16.916698,-8.770777,-32.546913,-35.115852,14.945366,-19.69082,-6.630887,-7.5277576
1568,26.133333333333333,0.19313149,114.90913051241353,1344.4182702621365,477.15611153198915,1751.3616964590371,2475.6093750445066,0.027200295261307256,0.09461126666333049,5.728714788228517,-187.38127,227.8711,-15.341152,-15.487341,20.955395,21.204445,-12.142292,-35.958473,-35.7831,14.172239,-24.462843,-13.579363,0.92564976
1569,26.15,0.19094864,111.08308534906804,1305.2582608736527,466.9108720482915,1697.2467639883102,2460.8075417507607,0.027200295261307256,0.09461126666333049,5.728714788228517,-203.34982,229.13574,-22.063622,-8.585993,26.043364,13.788099,-0.41463676,-35.92849,-38.26167,9.812971,-27.152912,-16.439106,4.583748
1570,26.166666666666668,0.1703693,109.0060951682804,1303.9770875460051,463.78060413126775,1699.5285534688392,2442.6829731039684,0.027200295261307256,0.09461126666333049,5.728714788228517,-208.41182,230.24495,-24.801151,-8.0464115,26.35852,25.021471,-0.88168234,-43.93864,-28.670052,10.158669,-28.082863,-17.338247,6.2047434
1571,26.183333333333334,0.16937822,106.28953992555263,1398.5318533972932,475.90171848461944,1731.8733838029782,2470.440162494668,0.027200295261307256,0.09461126666333049,5.728714788228517,-201.46785,227.61072,-27.081547,-12.946198,30.772581,36.053513,-11.608002,-38.65583,-23.11958,6.200962,-27.674717,-11.457052,6.3926864
1572,26.2,0.14629005,102.703506451001,1387.100910980249,467.44050036079585,1681.3613096863382,2480.260155455179,0.027200295261307256,0.09461126666333049,5.728714788228517,-209.5074,226.33006,-23.550125,-21.425127,39.77736,35.228683,-20.922497,-23.224861,-22.18309,-3.5857615,-32.17227,-6.017252,0.42189926
1573,26.216666666666665,0.09628514,94.1719756628872,1102.8232394424867,415.2416085409856,1642.9061344250572,2437.540807566931,0.027200295261307256,0.09461126666333049,5.728714788228517,-282.43124,227.31677,0.119838126,-26.530922,38.388565,28.607723,-14.023888,-20.179588,-6.607704,-11.146833,-33.32834,-10.9781,2.4493906
1574,26.233333333333334,0.029411487,86.11097587670422,1446.4362861600152,396.57931331306935,1675.3009983353436,2498.844192359306,0.027200295261307256,0.09461126666333049,5.728714788228517,-424.8802,138.94604,43.78632,11.448158,33.49076,36.137062,6.0048027,-13.405364,-8.058015,-2.9296722,-8.461042,-11.133457,-5.6288915
1575,26.25,0.0044444515,0.0,3803.3605621855995,445.6966096667436,1726.1379023269658,2772.8540273423746,0.027200295261307256,0.09461126666333049,5.728714788228517,-497.1263,75.222466,41.321674,18.178722,12.714697,11.719121,5.7057056,-2.245026,-7.1378756,-8.99245,-9.214947,-7.97289,-5.9319983
1576,26.266666666666666,0.0017621059,0.0,4275.996985233612,491.24680733139553,1890.9562531662475,2980.8062138041696,0.027200295261307256,0.09461126666333049,5.728714788228517,-507.86502,66.01372,43.16961,25.043407,16.836824,11.540367,3.749692,-3.9352462,-7.5179033,-7.5023804,-6.433551,-5.032386,-2.851831
1577,26.283333333333335,0.0013413638,0.0,4699.03482531496,530.9270966086326,1967.3961679276738,2843.511878422675,0.027200295261307256,0.09461126666333049,5.728714788228517,-513.7843,60.60858,42.547455,24.752651,12.956302,6.0531473,1.1191169,-2.989797,-6.2659817,-8.728667,-10.12747,-9.522657,-5.8708982
1578,26.3,0.0019307302,0.0,5251.261452152054,598.1175418641708,1869.6327471672585,2656.194241224314,0.027200295261307256,0.09461126666333049,5.728714788228517,-520.00116,52.20388,35.671577,20.901142,12.880152,9.036392,5.7014637,2.0210416,-1.716951,-5.3486414,-7.5809603,-6.559951,-2.8527517
1579,26.316666666666666,0.025665432,0.0,1926.4760539379497,689.9691766866208,1604.6868192573336,2588.4666761260037,0.027200295261307256,0.09461126666333049,5.728714788228517,-311.98703,194.6196,-3.9076133,-29.915699,10.496401,-6.6664834,-18.468536,-15.873377,-2.8953786,2.57866,-12.893896,0.6726698,12.809762
1580,26.333333333333332,0.08391524,0.0,1488.7408820254402,557.1920521583913,1316.308767350646,2389.3741307535392,0.027200295261307256,0.09461126666333049,5.728714788228517,-287.98334,212.52954,11.462229,-21.512878,15.090624,-0.6043375,-7.794752,-6.4188805,-9.66367,-1.730672,-22.25188,-9.586783,2.4991767
1581,26.35,0.132568,0.0,925.6231963904634,424.98669032709904,1180.2318347027337,2135.274138106008,0.027200295261307256,0.09461126666333049,5.728714788228517,-250.82123,256.5994,22.143948,-39.783035,7.30034,24.852718,-1.9542643,-30.937788,-13.1189,26.508022,-32.62288,-49.037033,-6.689308
1582,26.366666666666667,0.13362342,0.0,864.7247016421294,412.1602958021489,1190.1810607796479,2161.3241296009874,0.027200295261307256,0.09461126666333049,5.728714788228517,-277.0311,255.60861,26.277992,-41.125553,1.9708468,28.061123,5.806964,-22.35419,-4.265421,17.098446,-21.70673,-39.848488,-4.911254
1583,26.383333333333333,0.15100078,0.0,954.6887539350519,426.20284557904137,1254.4618680187596,2167.4209799565137,0.027200295261307256,0.09461126666333049,5.728714788228517,-290.63675,237.78682,24.705647,-34.173927,3.3205929,33.413597,11.645372,-31.344131,-15.104925,13.4280815,-22.971693,-25.148567,4.583301
1584,26.4,0.21151483,116.46646472797293,1106.4544786762863,505.5263570216569,1382.9829457588776,2132.2211480378273,0.027200295261307256,0.09461126666333049,5.728714788228517,-205.77693,267.29523,-0.81300265,-45.23934,0.49721116,36.628128,-5.966779,-47.63179,-14.482745,24.693918,-43.81884,-37.500313,16.864254
1585,26.416666666666668,0.25064206,111.27614519447414,1317.119814180608,566.9443145287369,1447.402555618197,2327.0326876999306,0.027200295261307256,0.09461126666333049,5.728714788228517,-188.33372,257.40628,-17.740345,-41.39499,8.8951235,30.8292,-22.57576,-41.83991,-6.8321266,17.224665,-52.935432,-27.709724,24.674652
1586,26.433333333333334,0.24814352,113.43631847385308,1279.309597229638,585.7961742144622,1494.2949956580346,2338.439766950198,0.027200295261307256,0.09461126666333049,5.728714788228517,-185.22119,263.18298,-29.648838,-38.095345,14.176029,19.532597,-20.831705,-37.200497,-7.606818,10.262144,-43.761486,-17.638123,22.353338
1587,26.45,0.25401375,116.18762446152107,1180.7973781910448,564.9705435480089,1464.082956496177,2290.5731173737936,0.027200295261307256,0.09461126666333049,5.728714788228517,-190.35423,264.22772,-24.3514,-39.728386,12.542808,19.381718,-18.17041,-41.228672,-9.543249,4.065688,-36.822075,-17.550575,15.02489
1588,26.466666666666665,0.25549617,118.6729732717325,1134.2291882820007,535.0737180395573,1390.0442025681773,2291.2788143007556,0.027200295261307256,0.09461126666333049,5.728714788228517,-202.92404,258.95242,-15.961324,-39.24527,13.200262,16.413313,-21.88838,-30.943813,-11.585117,5.5427465,-33.19005,-26.027596,10.763556
1589,26.483333333333334,0.27916232,120.25334279265473,1028.905338560241,511.2597786472366,1292.8762401517263,2228.3825503510075,0.027200295261307256,0.09461126666333049,5.728714788228517,-214.34396,260.33313,-4.9045167,-39.70126,14.207228,15.374193,-26.537521,-25.387873,-6.4736986,4.9328866,-34.278854,-33.545753,2.429947
1590,26.5,0.30574322,122.37007249198732,914.6018814428318,502.2969745295896,1199.722518599016,2300.950317358888,0.027200295261307256,0.09461126666333049,5.728714788228517,-229.51036,259.112,1.0153254,-35.431446,19.951775,5.7722173,-25.087673,-25.243635,-3.249052,9.921751,-29.376938,-34.1502,-9.223233
1591,26.516666666666666,0.31931755,125.893415187939,843.8129426675684,504.9324706944518,1098.195368886276,2343.3672220176445,0.027200295261307256,0.09461126666333049,5.728714788228517,-253.40973,252.89868,20.72554,-26.17417,12.640444,-5.345961,-37.90634,-23.5444,-0.26819995,12.797771,-23.768398,-38.591194,-12.323685
1592,26.533333333333335,0.30677053,128.97004314311775,883.6049259859168,532.857503727497,1110.0551278847392,2262.212857834519,0.027200295261307256,0.09461126666333049,5.728714788228517,-239.60611,255.37584,7.697829,-28.251703,6.572242,-10.228666,-38.453876,-27.198093,-6.7029276,13.799504,-12.574309,-36.36918,-5.489542
1593,26.55,0.2845209,130.55236408016322,1008.3835784779615,580.2493501598592,1152.4619115624878,2245.42960452257,0.027200295261307256,0.09461126666333049,5.728714788228517,-224.64896,258.19592,-8.249867,-37.93167,4.492818,-11.096676,-32.12827,-24.57113,-6.0647254,14.307529,-11.757855,-41.007156,-4.187921
1594,26.566666666666666,0.25597957,132.15235289527837,1087.170201567307,629.9814170051518,1215.9700021681076,2324.1125470315974,0.027200295261307256,0.09461126666333049,5.728714788228517,-212.89093,259.15503,-24.225544,-39.593925,7.5409575,-16.46146,-25.689484,-20.16128,-9.371351,8.404552,-14.327594,-31.113743,0.02659452
1595,26.583333333333332,0.25595504,134.85155238428058,1162.286951839511,656.9686866192084,1258.9026862528385,2360.7572439103756,0.027200295261307256,0.09461126666333049,5.728714788228517,-199.07677,258.29282,-33.71971,-41.03752,6.8027015,-23.023493,-23.346966,-16.227222,-10.820839,8.005602,-14.687196,-28.825357,-7.397318
1596,26.6,0.25020045,137.53670679475647,1193.645889454304,668.5507133702856,1258.2828121636328,2336.586195144678,0.027200295261307256,0.09461126666333049,5.728714788228517,-205.02,254.51712,-35.941696,-44.83557,2.230534,-16.904959,-30.56909,-23.511292,-2.6116724,6.6580086,-20.358135,-27.96539,1.3175111
1597,26.616666666666667,0.19856437,138.54067914293694,1140.2741664736698,680.1457196503371,1252.4737431467356,2426.986966372412,0.027200295261307256,0.09461126666333049,5.728714788228517,-229.14284,250.14273,-22.390423,-44.115906,-5.0140653,-16.297112,-29.77706,-27.083073,-3.3700883,5.6068068,-23.510624,-30.238808,7.082737
1598,26.633333333333333,0.10887624,119.55260201507566,1171.8274710191863,686.7752807710758,1239.7565949729242,2570.016831972847,0.027200295261307256,0.09461126666333049,5.728714788228517,-282.27267,227.594,-0.37355196,-31.629131,-7.8544583,-22.250362,-21.902832,-13.6772175,0.15849268,6.8949566,-24.556984,-27.539343,19.012218
1599,26.65,0.041181978,93.28555473430443,1097.645504134545,669.351694564334,1226.362631517412,2636.7371350787316,0.027200295261307256,0.09461126666333049,5.728714788228517,-315.17514,214.51234,22.938309,-14.044957,-3.9305587,-21.916592,-18.62554,-2.1646833,6.835782,-0.2358954,-25.684826,-15.970692,22.770718
1600,26.666666666666668,0.02446923,0.0,1560.5161333855476,665.4727928419455,1317.7867402505708,2631.6013852490605,0.027200295261307256,0.09461126666333049,5.728714788228517,-414.9897,147.73138,42.521168,-5.367668,-9.845448,-22.186188,-27.576515,-4.4592867,11.2836075,-7.79517,-24.203527,-3.6794693,21.675274
1601,26.683333333333334,0.002358106,0.0,4138.5707363304455,619.7504686092843,1519.3014631509461,2610.4428061506123,0.027200295261307256,0.09461126666333049,5.728714788228517,-497.6945,74.53145,38.891083,9.625885,-3.8366377,-8.111449,-8.7174015,-6.157195,-3.9417872,-6.724924,-11.007265,-8.554039,0.3454522
1602,26.7,0.0011878425,0.0,5167.037635413626,555.8726164275179,1431.1575149881558,2605.5924891100444,0.027200295261307256,0.09461126666333049,5.728714788228517,-508.7247,63.623604,36.144234,10.546878,-1.7767353,-1.8798757,2.0590506,2.8796163,-1.7410352,-9.164338,-13.59972,-10.476353,-1.2618014
1603,26.716666666666665,0.0009552824,0.0,5341.276784966492,574.1599117048388,1345.5604632361005,2726.91149041926,0.027200295261307256,0.09461126666333049,5.728714788228517,-509.38315,63.128696,36.289417,10.7775345,-1.262551,0.447134,7.375469,10.24431,5.24772,-4.277453,-10.805981,-8.796098,0.27256238
1604,26.733333333333334,0.0008087503,0.0,5681.534125314502,646.3733135242212,1629.223175446802,2907.4796128871026,0.027200295261307256,0.09461126666333049,5.728714788228517,-524.87823,46.91916,32.78802,17.885029,8.416863,5.724497,6.8594513,7.720924,5.939129,1.9552602,-1.7915721,-2.8832178,-0.8318511
1605,26.75,0.0006750683,0.0,6360.5605648209885,894.5380442315206,2136.8269021171363,2960.408907715983,0.027200295261307256,0.09461126666333049,5.728714788228517,-534.9306,35.801224,28.8182,20.408667,13.1198015,8.027106,4.8274565,2.6653066,0.89835095,-0.55472726,-1.3514289,-1.2408706,-0.5185168
1606,26.766666666666666,0.00061514333,0.0,6199.920159043822,1145.0656040227643,2393.5858528011995,3050.4353108381656,0.027200295261307256,0.09461126666333049,5.728714788228517,-537.36145,32.461494,25.90873,18.629204,13.491442,11.316313,10.749968,9.69319,7.0729637,3.5771198,0.887325,0.16127196,1.0562232
1607,26.783333333333335,0.0006659235,0.0,7376.993957560111,1066.356658939522,2148.0783760130344,3311.0230641012868,0.027200295261307256,0.09461126666333049,5.728714788228517,-539.4947,29.050701,21.703365,13.955833,9.007338,7.4903507,7.8475404,8.048285,6.9888306,4.819138,2.506643,1.1169313,1.0473108
1608,26.8,0.00057422364,0.0,7093.88149413835,1102.094634151493,2149.6991758623994,3411.5717613751117,0.027200295261307256,0.09461126666333049,5.728714788228517,-539.1748,31.25253,27.86707,23.396675,18.650352,14.002968,9.750956,6.361273,4.189012,3.0890906,2.5333743,2.1243095,1.8377535
1609,26.816666666666666,0.00064058625,0.0,7267.146077018536,1386.7881417339117,2400.4800041615927,3597.4808257137825,0.027200295261307256,0.09461126666333049,5.728714788228517,-540.216,28.921085,23.629274,17.72588,13.210395,10.274607,7.7011538,4.4265375,0.76027036,-1.8354182,-2.1184666,-0.26828486,2.1765702
1610,26.833333333333332,0.00062701845,0.0,6951.551131934862,1133.8758153437232,2365.9673625972205,3626.280389385162,0.027200295261307256,0.09461126666333049,5.728714788228517,-540.1722,29.827381,26.347672,21.75624,17.250736,13.653955,11.182247,9.567802,8.392323,7.386703,6.5200787,5.873761,5.442872
1611,26.85,0.00067186897,0.0,7446.657113844238,598.7070394941971,1848.1055588790784,2866.754514120916,0.027200295261307256,0.09461126666333049,5.728714788228517,-541.90765,27.149712,23.289978,18.73567,14.960096,12.479252,10.878851,9.4282,7.6619673,5.5524178,3.3646445,1.4695647,0.2163521
1612,26.866666666666667,0.0007807933,0.0,6482.594215269191,753.8914292900153,2116.202941309034,2880.154789220144,0.027200295261307256,0.09461126666333049,5.728714788228517,-536.0922,34.456223,28.422997,21.58654,16.106474,12.464594,10.045637,8.133271,6.2485533,4.122487,1.9542913,0.61105204,0.96695316
1613,26.883333333333333,0.006411742,0.0,2501.638239454369,783.7624503106649,2356.911315555425,2961.4109991228697,0.027200295261307256,0.09461126666333049,5.728714788228517,-496.6992,80.82875,57.721085,41.357216,30.755257,14.736296,-3.8499093,-11.445255,-7.5818806,-6.224972,-11.87834,-12.343132,-1.0574734
1614,26.9,0.008452518,0.0,1123.6309642716742,388.06422926859403,1868.7381994812772,2705.290776890458,0.027200295261307256,0.09461126666333049,5.728714788228517,-462.83987,114.86093,70.945206,52.36382,46.47885,20.692863,-12.671029,-19.717861,-5.880603,-3.6989188,-16.464607,-18.090225,-1.4271472
1615,26.916666666666668,0.0658071,0.0,784.8789444004732,350.642524219705,1212.883771186166,2482.378985561159,0.027200295261307256,0.09461126666333049,5.728714788228517,-435.68118,145.23729,81.55292,43.547348,30.19201,8.385371,-18.694756,-21.036007,-2.6542358,1.3052785,-15.035706,-20.270811,-2.844634
1616,26.933333333333334,0.12378451,0.0,682.7087439010537,460.86710587842754,1623.5771665213597,2487.8187354275883,0.027200295261307256,0.09461126666333049,5.728714788228517,-326.5782,224.48267,54.927616,10.522847,34.723194,14.927023,-31.308876,-29.146912,9.437212,3.0501795,-37.726246,-28.595345,14.150608
1617,26.95,0.161395,114.57118717176813,741.8394102859604,449.1517898993376,1999.3210436347722,2501.0311668694467,0.027200295261307256,0.09461126666333049,5.728714788228517,-304.08224,232.44626,37.33703,-0.045071244,39.011635,26.727516,-28.627748,-37.643204,7.367875,5.439388,-40.212482,-34.173637,7.800011
1618,26.966666666666665,0.1697971,116.72754636872361,731.8104332898574,457.274506803705,2032.4781946076002,2514.8359599276364,0.027200295261307256,0.09461126666333049,5.728714788228517,-302.29324,232.09053,34.56418,-4.086218,36.35208,30.11523,-28.151909,-41.933567,6.931401,7.4238625,-33.626118,-27.054863,4.6890016
1619,26.983333333333334,0.16118203,116.8970841558122,752.3568451311565,509.6978922203309,1558.7679471887468,2505.7463245617387,0.027200295261307256,0.09461126666333049,5.728714788228517,-304.9756,231.26569,39.63806,-4.405841,27.89096,27.454803,-28.735994,-41.57696,13.829809,13.186707,-26.798365,-19.62134,6.142286
1620,27.0,0.14607137,116.00321919307645,798.6120855274355,497.8332780304486,993.2418444692522,2466.6997360294513,0.027200295261307256,0.09461126666333049,5.728714788228517,-299.4733,238.18648,40.403378,-10.807391,22.47746,25.245594,-31.560852,-44.752502,14.995991,22.095837,-17.927414,-20.34964,1.6102577
1621,27.016666666666666,0.13166107,116.03800117007505,855.6962082424843,371.3278148357491,1093.6716850324615,2444.1807702324927,0.027200295261307256,0.09461126666333049,5.728714788228517,-311.99084,229.74425,38.66023,-9.797174,27.13733,24.405254,-25.712593,-35.19928,14.509253,26.804401,-16.392618,-32.676113,-4.7188334
1622,27.033333333333335,0.11663336,117.39722325982527,899.6552520118404,330.719782333941,1376.6980773314085,2454.189522984108,0.027200295261307256,0.09461126666333049,5.728714788228517,-331.2571,213.47528,37.238937,-7.2806063,35.304688,37.206963,-18.374325,-29.606037,18.540726,20.064888,-23.591032,-31.766827,-2.5029573
1623,27.05,0.11507522,117.38294174765916,946.735360648395,330.70138809893655,1422.4222927723815,2470.5238429983115,0.027200295261307256,0.09461126666333049,5.728714788228517,-325.35522,210.86987,23.850613,-13.374373,37.536674,43.59059,-10.598824,-32.637886,8.015234,15.300066,-26.891596,-34.318077,-0.06538439
1624,27.066666666666666,0.11426969,120.64179309025123,1008.0748045229253,354.6818949631169,1396.4558878352211,2430.1507333359978,0.027200295261307256,0.09461126666333049,5.728714788228517,-311.77957,222.16833,21.065521,-22.018328,31.875683,41.742172,-10.548744,-34.88556,5.891473,19.56298,-25.583227,-39.667824,-2.3075273
1625,27.083333333333332,0.1318854,122.43583077988102,997.2734893643433,431.71049629477767,1263.7449658689757,2431.8441861353435,0.027200295261307256,0.09461126666333049,5.728714788228517,-268.45978,248.0227,14.602791,-33.003334,10.733054,27.279758,-10.189007,-42.542778,-2.9394712,19.589687,-31.2649,-36.701828,6.5281844
1626,27.1,0.148009,120.1467235886744,1097.1122329238112,503.75588639674737,1112.4207770017554,2466.870616762696,0.027200295261307256,0.09461126666333049,5.728714788228517,-247.23874,249.14432,4.467948,-21.584026,8.997913,10.670324,-19.883476,-41.441986,11.814397,28.232292,-36.912094,-37.410736,9.229504
1627,27.116666666666667,0.15445839,121.15241132661684,1039.2579090667136,523.3182046262525,979.8947704556317,2476.987863567207,0.027200295261307256,0.09461126666333049,5.728714788228517,-251.94568,241.76012,7.090063,-7.681613,8.572664,-1.8557562,-27.033482,-38.930603,12.239824,24.996614,-27.685926,-29.61798,4.7527084
1628,27.133333333333333,0.15797396,121.99882956271321,929.3813562551361,543.757645025259,865.497873846998,2452.467245637409,0.027200295261307256,0.09461126666333049,5.728714788228517,-261.02536,240.91211,9.823038,-4.67326,12.750639,-9.460888,-30.637577,-35.07549,5.6304526,21.76725,-21.470058,-30.321571,8.918438
1629,27.15,0.1618246,122.71836398682483,943.1925939008447,548.1727094135582,857.7330901017565,2506.877847642023,0.027200295261307256,0.09461126666333049,5.728714788228517,-266.57648,241.85915,14.88036,-5.603055,12.433445,-13.000798,-36.31888,-33.31631,9.236211,22.207752,-22.088165,-30.78902,11.307299
1630,27.166666666666668,0.1468355,123.2927989585387,1020.1430330392441,550.4144580051834,882.8868118033475,2575.460344948666,0.027200295261307256,0.09461126666333049,5.728714788228517,-260.58005,238.14526,24.541237,-16.110147,13.44071,-16.779137,-41.949078,-30.942766,4.7303944,16.168674,-30.408476,-22.540527,5.69766
1631,27.183333333333334,0.11523762,0.0,1132.435391766033,561.4528605842637,901.3681071122778,2612.621003947111,0.027200295261307256,0.09461126666333049,5.728714788228517,-281.90292,222.73157,44.56163,-12.975597,15.818613,-20.798813,-46.56577,-28.314941,4.907279,18.8073,-30.355164,-16.733727,5.561918
1632,27.2,0.05973651,0.0,1118.5318262917972,610.5974019596722,867.7582614541463,2612.2092769596093,0.027200295261307256,0.09461126666333049,5.728714788228517,-356.94424,193.99602,43.67794,-3.266245,5.7504425,-28.308882,-60.235973,-30.137115,16.03997,9.184608,-24.175625,-16.156082,8.401184
1633,27.216666666666665,0.015918648,0.0,1406.615331301137,577.1337581199334,877.965193607173,2591.069520344363,0.027200295261307256,0.09461126666333049,5.728714788228517,-401.31754,152.31987,47.101532,23.202253,14.460325,-13.548704,-25.87706,-15.143804,6.5967646,5.6467433,-18.791393,-14.269338,-0.20350897
1634,27.233333333333334,0.01197202,0.0,1402.7009571751776,541.5682317407169,901.4219431775834,2619.493743760602,0.027200295261307256,0.09461126666333049,5.728714788228517,-419.2802,145.09651,57.70752,27.605682,13.109248,-20.941645,-35.645576,-11.227215,12.864059,-0.1767562,-21.970112,-13.725124,-5.2604003
1635,27.25,0.0043777875,0.0,3997.3902911716855,598.8449082958031,1135.3792380874356,2527.8789863101165,0.027200295261307256,0.09461126666333049,5.728714788228517,-501.67926,74.74705,50.900764,28.707193,13.487442,3.3391235,-1.6053288,-0.88463867,0.9159099,-1.2459521,-5.7527237,-7.1343966,-3.4571369
1636,27.266666666666666,0.00137526,0.0,5361.986693949351,505.45250861456947,1685.3445933209948,2667.3133284430623,0.027200295261307256,0.09461126666333049,5.728714788228517,-518.8578,54.425888,38.919624,24.334768,15.519802,10.784985,7.3191366,4.6570334,2.7112007,-0.02776435,-4.3070064,-7.896874,-7.5789394
1637,27.283333333333335,0.0012172956,0.0,4917.3149781706215,493.26589267132783,1897.3604851439547,2610.8797286583294,0.027200295261307256,0.09461126666333049,5.728714788228517,-522.3115,52.351837,42.256847,30.329376,19.778755,11.686312,6.188003,3.3176236,2.4282527,1.9299198,0.57643247,-1.2063981,-1.8740294
1638,27.3,0.002194541,0.0,4777.8459533595615,411.2724691824485,1867.4174335867401,2382.495847534758,0.027200295261307256,0.09461126666333049,5.728714788228517,-523.1096,52.20646,44.096947,33.385273,22.56556,13.354965,6.6973467,2.9151435,1.6293454,1.8558917,2.583614,3.3192124,3.9589174
1639,27.316666666666666,0.00249936,0.0,2984.90481929324,271.0473557803652,1717.4479095526515,2762.5604625983256,0.027200295261307256,0.09461126666333049,5.728714788228517,-515.3508,62.462425,52.9422,41.48514,30.963829,21.977848,14.049437,7.3395643,2.714366,0.4307348,-0.54366773,-1.5978955,-3.1521912
1640,27.333333333333332,0.014469843,0.0,1617.1082984608538,278.75034258099976,1460.2675936714595,2725.523252926128,0.027200295261307256,0.09461126666333049,5.728714788228517,-500.77975,81.0742,66.582306,49.326786,33.84975,21.286901,11.042488,2.9940467,-2.4118629,-5.2763615,-6.388146,-6.3407116,-5.290556
1641,27.35,0.024291366,0.0,670.0132419236631,302.82147731310897,1004.018309482978,2406.577815318969,0.027200295261307256,0.09461126666333049,5.728714788228517,-440.1714,142.38504,80.76306,37.300514,25.107662,20.940504,8.953947,-2.8056948,-6.594103,-9.12481,-14.785141,-14.716505,-3.4605327
1642,27.366666666666667,0.0348468,100.26277563322134,839.1785661189259,263.52158458415204,1454.9191252653902,2510.068321020393,0.027200295261307256,0.09461126666333049,5.728714788228517,-397.51794,154.05789,42.571087,29.695007,43.575287,17.118996,-2.040333,1.7040119,-1.9845438,-7.8560257,-7.2641916,-9.291567,-7.1659784
1643,27.383333333333333,0.107326865,106.0410831132696,1301.974404657933,302.9101011206636,1610.8572175504735,2627.038961053312,0.027200295261307256,0.09461126666333049,5.728714788228517,-272.2122,202.35245,-22.781193,23.513485,42.516724,-13.439067,-2.3786535,5.951958,-8.105072,-7.0159965,-17.281843,-23.065441,-10.788929
1644,27.4,0.15669377,108.85945234152608,940.3925503595137,464.94490324927295,1200.766654280929,2494.4650110964026,0.027200295261307256,0.09461126666333049,5.728714788228517,-234.38988,240.06808,-3.9261265,5.3470592,21.728416,-17.170322,-18.28733,-9.044754,-4.5302143,12.895334,-32.43149,-39.241238,-5.974048
1645,27.416666666666668,0.1858394,106.61322106358202,1029.8460694464877,562.2754738362936,986.2297757525396,2473.706423663252,0.027200295261307256,0.09461126666333049,5.728714788228517,-228.49393,244.42255,-4.835083,7.071371,21.204128,-19.317251,-29.601814,-25.705275,5.2374196,24.437065,-29.562664,-36.754646,-2.037324
1646,27.433333333333334,0.18618709,105.95787559319817,1026.369999169144,622.6868749066595,802.0206494984023,2495.545970745813,0.027200295261307256,0.09461126666333049,5.728714788228517,-235.1641,243.97725,-3.9991624,9.278379,21.344606,-29.168144,-36.640358,-30.250515,1.3174483,27.883762,-23.702202,-30.901833,8.302075
1647,27.45,0.19053954,107.18095340239707,982.646204069128,556.4213347040331,721.1896152910949,2488.2453953425766,0.027200295261307256,0.09461126666333049,5.728714788228517,-242.5362,243.87451,1.266004,13.921425,24.85635,-27.04848,-40.38561,-37.63279,-1.0109575,24.814236,-19.286705,-22.62855,16.36639
1648,27.466666666666665,0.18653548,108.5367850816538,984.3346916864205,531.9488626481688,710.7210301740973,2504.7615994908097,0.027200295261307256,0.09461126666333049,5.728714788228517,-244.94093,240.44827,-0.4160154,16.675499,26.163074,-27.945858,-39.090324,-39.386303,-5.146212,24.706581,-19.050335,-26.267584,18.300175
1649,27.483333333333334,0.17789039,110.08874978927425,939.7669867735422,577.4628862085783,725.4824597509341,2528.229764302142,0.027200295261307256,0.09461126666333049,5.728714788228517,-256.91635,236.53006,6.7682524,20.05371,28.747116,-30.833614,-47.537437,-42.513054,-5.933635,22.92892,-18.582846,-25.218395,18.536983
1650,27.5,0.16863494,111.64567380628422,926.2016124373342,560.1164964745063,777.1639725673557,2546.9844644853124,0.027200295261307256,0.09461126666333049,5.728714788228517,-261.61,239.02661,10.455614,12.135805,25.462616,-28.538519,-49.071297,-38.145676,1.8381317,22.466244,-20.15341,-24.770084,15.316987
1651,27.516666666666666,0.14207105,112.21487315108857,878.9907809870189,519.9046743694649,856.1403164835665,2560.6260216856367,0.027200295261307256,0.09461126666333049,5.728714788228517,-281.17175,234.43726,29.6094,13.7101965,14.657639,-28.743841,-47.33162,-27.912012,16.213226,19.179068,-29.281313,-32.539345,7.156977
1652,27.533333333333335,0.09212456,113.27736413058759,1133.0108994411576,613.2003023797628,1620.992135236982,3101.7741486403997,0.027200295261307256,0.09461126666333049,5.728714788228517,-303.8259,193.534,35.119183,47.657997,14.340693,-34.945526,-31.821117,4.303376,9.971396,-1.4389104,-14.067558,-16.203106,-8.184596
1653,27.55,0.036603477,115.21209510864173,5960.402101772072,785.9380807161998,2620.3076017994517,3766.212346003028,0.027200295261307256,0.09461126666333049,5.728714788228517,-294.2634,60.174744,0.022885025,74.45636,-0.80953735,2.8424363,-23.612484,22.374626,-0.04028839,3.5910075,-8.633685,1.0470223,-11.411838
1654,27.566666666666666,0.0129158795,0.0,7131.061954219254,777.1672896233139,2518.723371124672,3601.9203433524794,0.027200295261307256,0.09461126666333049,5.728714788228517,-302.13412,20.66988,-29.296474,62.619713,-6.302339,4.189724,-29.389881,8.966919,-3.929627,5.0107017,-8.870402,9.938654,-9.310587
1655,27.583333333333332,0.010626265,0.0,7153.599478669592,837.3999710496557,2294.7106376967035,3361.7894579730473,0.027200295261307256,0.09461126666333049,5.728714788228517,-331.31458,24.431625,-37.024124,45.00962,-7.766384,3.2852461,-21.886868,3.1087775,-0.5957911,4.2600493,-0.3945137,24.26413,-8.110899
1656,27.6,0.007471258,0.0,6665.549778519766,970.544876060912,2388.3166662008175,3507.5400812287653,0.027200295261307256,0.09461126666333049,5.728714788228517,-356.04996,22.669575,-45.666103,51.084583,7.5463953,11.739308,-7.630674,2.4429228,1.9980772,-4.506877,-10.98188,12.937319,-13.578654
1657,27.616666666666667,0.006532817,0.0,6275.461676720151,1002.7498494867214,2608.7183055616456,3820.0334762003026,0.027200295261307256,0.09461126666333049,5.728714788228517,-362.03943,35.127556,-41.29059,53.665318,1.4194787,-1.7620285,-5.8489037,3.4556549,7.7545366,-1.8398639,-6.9772453,13.661554,-13.928728
1658,27.633333333333333,0.006127091,0.0,5921.556633256785,1003.0744216508875,2574.227225812485,3804.525289452038,0.027200295261307256,0.09461126666333049,5.728714788228517,-375.97495,35.375076,-43.65073,58.765736,8.636507,-6.799609,-5.770898,-1.3846629,1.1640807,-7.5461326,-9.152999,10.714085,-12.914455
1659,27.65,0.004925815,0.0,5812.92007400617,1196.46410676608,2668.7202452376364,3757.6782793220345,0.027200295261307256,0.09461126666333049,5.728714788228517,-416.24594,25.514101,-50.34678,52.27748,6.857109,-15.723677,6.2199044,7.9807625,13.364363,-6.3883147,-4.016111,15.3317375,-5.3575134
1660,27.666666666666668,0.0032154063,0.0,5518.092513729316,1340.3329245516088,2870.382350529953,3723.516859471995,0.027200295261307256,0.09461126666333049,5.728714788228517,-466.34772,20.94801,-32.527065,52.24128,21.402542,-14.694704,10.503336,18.681747,12.780523,-6.7520847,5.510763,17.170906,-5.5777082
1661,27.683333333333334,0.001651006,0.0,5578.971848496711,1318.7823386057325,2919.9071580504105,3772.1842606978485,0.027200295261307256,0.09461126666333049,5.728714788228517,-509.11575,25.885618,-4.98248,35.4464,27.937786,-9.128171,4.6427855,26.093878,8.776102,-7.2793694,7.310178,12.51631,-2.6546788
1662,27.7,0.00089870644,0.0,6283.095913369301,1023.4172687071489,2456.590491279879,3434.8313085690133,0.027200295261307256,0.09461126666333049,5.728714788228517,-532.64923,35.18142,25.792542,22.11485,16.025522,7.805233,7.663789,10.326496,5.969243,2.5295815,6.390371,7.723687,3.9100864
1663,27.716666666666665,0.0007011059,0.0,7202.994707830856,852.2703831009784,2170.6111886592853,3224.230597220886,0.027200295261307256,0.09461126666333049,5.728714788228517,-539.60944,30.001553,25.417063,20.376259,15.936226,11.864363,8.162863,5.5854692,4.439354,3.8457694,2.8388526,1.6421764,1.125437
1664,27.733333333333334,0.00069510547,0.0,7152.922418568823,1194.1006456783502,2359.684540725288,3263.780392125246,0.027200295261307256,0.09461126666333049,5.728714788228517,-539.5268,30.667196,27.180786,22.884506,18.653507,14.629997,10.860495,7.8108406,5.969756,5.107691,4.3161545,2.9328852,1.2340829
1665,27.75,0.0010391073,0.0,7080.696982605516,1470.8378239543206,2709.9110075856906,3017.924803763189,0.027200295261307256,0.09461126666333049,5.728714788228517,-538.5085,31.802254,27.768368,23.334705,19.70084,16.83938,13.969072,10.310325,6.076683,2.7156956,1.5170491,2.1620488,3.1429713
1666,27.766666666666666,0.00097019604,0.0,5953.757131870374,1277.8437761063901,2520.8265986092015,3084.278381711612,0.027200295261307256,0.09461126666333049,5.728714788228517,-534.14606,37.77841,32.840034,26.504387,20.560614,16.12519,13.348164,11.647175,10.194696,8.367275,6.0164757,3.522962,1.6043139
1667,27.783333333333335,0.00083280005,0.0,7941.321080562948,1077.5042969197727,2243.0203591672353,3363.1071262690652,0.027200295261307256,0.09461126666333049,5.728714788228517,-546.07336,21.563557,18.584656,15.235891,12.418125,10.143862,8.173886,6.648802,5.8515844,5.5467887,4.9661694,3.6081338,1.8402112
1668,27.8,0.00046096244,0.0,7319.09158207549,979.5671812551034,2219.52378499767,3172.807935516427,0.027200295261307256,0.09461126666333049,5.728714788228517,-541.6555,27.620415,23.958504,19.31264,14.762384,10.742677,7.3267155,4.7236137,3.3004808,3.1053662,3.5408988,3.703802,3.1158977
1669,27.816666666666666,0.000631723,0.0,7755.737703367766,940.6257947944089,2221.1693706489855,3029.518279596536,0.027200295261307256,0.09461126666333049,5.728714788228517,-539.09015,30.480484,24.704815,17.27628,10.467337,5.92803,4.0862684,4.1547375,4.6882873,4.3721685,2.6390245,-0.16110265,-3.059805
1670,27.833333333333332,0.0006782004,0.0,6763.676215841719,796.7767263980782,2102.340146471233,3128.260548709592,0.027200295261307256,0.09461126666333049,5.728714788228517,-534.9238,36.01838,29.811337,22.725735,16.51569,11.228125,6.623137,3.3269372,2.1048682,2.5001364,2.9742298,2.4944334,1.466753
1671,27.85,0.0058980384,0.0,5848.574946315866,736.9407309655966,1871.1486640820813,2942.26139239083,0.027200295261307256,0.09461126666333049,5.728714788228517,-517.3936,49.49309,22.618858,6.454443,4.7112026,4.9716754,1.5191939,-0.48583388,1.7253809,4.1046677,3.3805568,0.78773475,-1.2402949
1672,27.866666666666667,0.046388645,0.0,3478.492431692016,732.4880199589223,1897.6441875795038,2704.762778007282,0.027200295261307256,0.09461126666333049,5.728714788228517,-298.14206,142.41956,-26.263962,0.2724849,25.155586,-17.320105,-6.4536,-21.891054,-14.939048,11.165221,-34.236702,0.92068106,-4.5483327
1673,27.883333333333333,0.104162924,0.0,1970.5360877763533,481.3899160764106,1764.2121979876167,2578.8136862965107,0.027200295261307256,0.09461126666333049,5.728714788228517,-214.10994,191.42505,-13.832646,-5.9779725,48.347313,5.375019,1.690475,-39.640793,-17.632025,2.6644416,-32.904785,-2.649863,-8.48943
1674,27.9,0.113075554,0.0,1568.394025805026,432.08857491946264,1655.0626497604671,2445.184053390869,0.027200295261307256,0.09461126666333049,5.728714788228517,-218.37067,212.2426,-28.440258,-4.766419,46.19606,16.629868,-7.7392073,-38.8059,-17.79876,1.2911807,-35.418465,-12.637112,2.1353378
1675,27.916666666666668,0.15704125,0.0,1674.7478740027145,419.55250354997935,1679.8975216279807,2440.5993844044447,0.027200295261307256,0.09461126666333049,5.728714788228517,-230.92052,219.73062,-29.000576,-22.764961,51.672752,39.447105,-17.526665,-48.852905,-9.676184,11.063835,-49.43376,-9.677347,9.555834
1676,27.933333333333334,0.20940106,117.47558590860599,1435.3026213904886,456.08450471277183,1788.5024369248088,2444.385099451123,0.027200295261307256,0.09461126666333049,5.728714788228517,-208.23833,235.7062,-26.851292,-29.303986,41.94568,44.43899,-32.37107,-53.524147,-6.5331745,5.768061,-44.22233,-4.9077873,2.5886402
1677,27.95,0.24022287,118.23702656029144,1478.6731190768476,468.25834145748394,1829.5694890502507,2444.1080415072206,0.027200295261307256,0.09461126666333049,5.728714788228517,-198.20517,224.28262,-32.668396,-23.504993,36.982597,48.018257,-34.55856,-49.174286,-8.04243,6.9658394,-36.951866,-4.7921743,-2.9442189
1678,27.966666666666665,0.24009535,121.31390516275843,1475.8649768619412,478.0051863566767,1874.8662408604937,2472.581985679302,0.027200295261307256,0.09461126666333049,5.728714788228517,-211.15938,231.99052,-38.161617,-31.707464,46.4579,42.401157,-34.961864,-43.46541,-13.397575,1.7254826,-28.147686,-16.766006,-6.968545
1679,27.983333333333334,0.23008958,126.30186870145444,1506.6494322342373,491.513294253062,1881.885345435151,2476.01676720138,0.027200295261307256,0.09461126666333049,5.728714788228517,-204.10483,222.31726,-51.999557,-18.188911,42.207188,30.565388,-27.044743,-42.183266,-23.9541,2.4179206,-29.460503,-26.467327,-4.59512
1680,28.0,0.19504306,131.19855036321897,1506.784006789596,490.1236172803373,1847.51866203309,2454.1794506631068,0.027200295261307256,0.09461126666333049,5.728714788228517,-209.08438,219.46191,-51.92639,-16.407114,36.848434,23.637627,-23.829605,-46.29251,-33.938095,-0.22091651,-27.341526,-27.72882,-3.3060422
1681,28.016666666666666,0.13888414,139.86990849259323,1339.5327687463134,460.0300998511625,1779.017247330015,2448.7763139022422,0.027200295261307256,0.09461126666333049,5.728714788228517,-247.07547,213.38377,-32.242496,-11.025845,33.834457,16.608902,-19.683205,-45.179756,-36.94165,-2.6610737,-24.650509,-24.796011,-0.15019962
1682,28.033333333333335,0.09203311,148.49105161057403,999.08263127598,431.402150676102,1689.4829473638972,2465.913919587562,0.027200295261307256,0.09461126666333049,5.728714788228517,-293.69293,211.04419,-0.2862564,-10.555791,28.479645,24.295063,-3.8983426,-34.45349,-31.079082,-10.630024,-23.400871,-26.273918,-4.722477
1683,28.05,0.06538633,0.0,943.8872801942721,401.36047027338304,1597.3842996589863,2515.7676439389334,0.027200295261307256,0.09461126666333049,5.728714788228517,-334.67798,193.10681,27.076218,11.875019,25.886204,18.79948,11.28216,-19.094345,-26.929188,-8.616314,-23.093313,-26.708174,2.4905927
1684,28.066666666666666,0.03446502,360.620056328032,4063.92107435845,407.9717109918107,1978.4905210677096,3086.6620745297027,0.027200295261307256,0.09461126666333049,5.728714788228517,-347.78787,84.254745,-3.5276484,77.63234,9.238727,7.8549843,16.355547,-10.218739,-20.915668,-8.939235,-19.086252,-18.233484,-0.9890268
1685,28.083333333333332,0.017299715,0.0,6465.031566222531,575.3057190351034,2653.848657378398,3716.547615602418,0.027200295261307256,0.09461126666333049,5.728714788228517,-336.8383,16.672134,-25.73768,96.950096,-6.888275,1.585331,6.131195,-16.22622,-10.57756,4.4698234,-13.832859,-3.171169,-1.9560001
1686,28.1,0.020657161,0.0,6865.393597878467,707.2761461685891,2746.6597784117193,3460.3306310060466,0.027200295261307256,0.09461126666333049,5.728714788228517,-334.42642,-7.574707,-38.644478,92.02125,-23.864553,-4.1704464,4.856183,-13.379818,-7.1722326,0.46760297,-17.159838,8.926523,-1.9829345
1687,28.116666666666667,0.020650541,0.0,6637.594712775314,963.5448214164483,2887.112276178706,3570.3347731795034,0.027200295261307256,0.09461126666333049,5.728714788228517,-350.3171,-10.173278,-40.682007,100.53528,-23.712729,-9.18803,11.603795,-13.733154,-11.193102,0.61059475,-9.109648,11.136059,0.010028392
1688,28.133333333333333,0.017265879,0.0,6820.607592459906,992.684800684863,3032.5972687246276,3645.4118344802464,0.027200295261307256,0.09461126666333049,5.728714788228517,-382.8631,-21.875929,-40.809937,97.326035,-21.986786,-10.986124,22.402283,-3.2075932,-6.802084,-3.2521162,-13.67567,13.508076,0.63124466
1689,28.15,0.0114756515,0.0,6801.698784424749,547.0093639730217,2854.409502557607,3369.012733886012,0.027200295261307256,0.09461126666333049,5.728714788228517,-416.54904,-21.315704,-28.402184,108.381775,-6.049153,-11.875324,20.875624,0.9186661,-0.16662729,0.45299056,-12.097271,9.06259,-1.5373874
1690,28.166666666666668,0.008674321,0.0,6593.337546211014,906.2614325974192,3030.566304075943,3759.23428457652,0.027200295261307256,0.09461126666333049,5.728714788228517,-438.5354,-19.498045,-33.31344,102.58241,-3.3384557,-19.877377,22.758852,1.5747106,1.4136512,-5.5417266,-10.760502,10.785351,-3.6496048
1691,28.183333333333334,0.0063911355,0.0,6281.1170244948335,1164.425039433777,3201.9511582265113,3963.8293219895772,0.027200295261307256,0.09461126666333049,5.728714788228517,-446.21945,-9.050003,-30.993835,98.288605,-3.983275,-22.441956,26.385117,2.9039862,0.35287344,-2.2538605,-0.3129716,8.775638,5.1690707
1692,28.2,0.004452714,0.0,5653.226607917121,840.2822897906087,2623.4362412755104,3603.403435835422,0.027200295261307256,0.09461126666333049,5.728714788228517,-458.53687,35.488834,4.31404,82.28931,11.476419,-14.145189,22.645203,-2.0751069,-9.1710615,-4.8683653,-3.22687,8.941369,13.013983
1693,28.216666666666665,0.0014575525,0.0,6569.71196056492,600.541294316116,1995.5123678730279,3249.799097236662,0.027200295261307256,0.09461126666333049,5.728714788228517,-527.7825,35.860844,24.047533,24.778938,14.278307,4.1156163,5.779968,1.2903187,-2.3314104,4.225918,4.566971,2.2376812,5.180526
1694,28.233333333333334,0.0006522385,0.0,6660.979643207005,893.0493361082406,2370.997116835929,3304.205829193887,0.027200295261307256,0.09461126666333049,5.728714788228517,-533.5363,38.086975,31.614185,23.175678,15.254948,9.74478,7.274464,7.1354256,7.7898765,7.6795363,5.937277,2.6895242,-1.1365459
1695,28.25,0.0005945535,0.0,6838.635324623271,1023.17162372578,2437.079774402824,3267.796820263206,0.027200295261307256,0.09461126666333049,5.728714788228517,-536.0592,34.465977,28.20992,20.88752,14.917733,11.098108,8.658925,6.3616195,3.5790968,0.60988426,-1.716295,-2.6359835,-1.8868808
1696,28.266666666666666,0.00047890778,0.0,6816.208445323943,876.5257512891211,2126.665937190988,3231.1466260053166,0.027200295261307256,0.09461126666333049,5.728714788228517,-537.7667,31.865715,24.997223,16.650768,9.629554,5.43808,3.8379812,3.4215884,2.682472,0.9110446,-1.5219308,-3.5585158,-4.24255
1697,28.283333333333335,0.00047677264,0.0,7834.765403220437,941.167407911218,1999.4917545630747,3143.408986087331,0.027200295261307256,0.09461126666333049,5.728714788228517,-542.87555,25.290478,20.261787,14.564784,10.314381,8.202837,7.4664335,6.807865,5.4111996,3.3423047,1.2672212,-0.11099926,-0.48989135
1698,28.3,0.00053318834,0.0,7578.213944853485,685.6963305585865,1856.3132210847436,3135.762523012758,0.027200295261307256,0.09461126666333049,5.728714788228517,-543.1519,25.018253,20.316805,14.970043,10.6579895,7.638157,5.254819,3.1548629,1.8320155,1.9633147,3.366179,4.821736,5.055826
1699,28.316666666666666,0.0006178246,0.0,6796.315842048819,885.1674492793381,1992.5514775783959,3130.360242117615,0.027200295261307256,0.09461126666333049,5.728714788228517,-537.89514,32.05127,26.169777,19.050144,12.861328,8.476084,5.5111704,3.2488678,1.47331,0.5101068,0.6177554,1.4770801,2.3272572
1700,28.333333333333332,0.0006301547,0.0,6987.446780778373,1039.2516091458872,2153.764550489365,2984.2120305310364,0.027200295261307256,0.09461126666333049,5.728714788228517,-536.29865,34.047318,27.665577,20.374147,14.611614,10.921169,8.248477,5.419821,2.3213747,-0.19235307,-1.322412,-1.1510413,-0.5237757
1701,28.35,0.0006993024,0.0,6860.88227570112,1026.506333894857,2069.962620876376,3064.333301860246,0.027200295261307256,0.09461126666333049,5.728714788228517,-538.56464,31.60138,27.159813,22.11185,17.91283,14.649197,11.640997,8.46855,5.3137493,2.5798154,0.5034217,-0.8584744,-1.5167677
1702,28.366666666666667,0.0007067348,0.0,6439.599754127772,1329.522505575681,1982.2935986295029,3188.3340082236127,0.027200295261307256,0.09461126666333049,5.728714788228517,-541.66516,27.68025,24.361305,20.474152,16.940739,13.8105345,10.932299,8.588203,7.213405,6.6768312,6.2185273,5.2228546,3.850964
1703,28.383333333333333,0.00075762876,0.0,6969.774848283236,1012.0399316218347,1995.8818086683088,2976.533392286481,0.027200295261307256,0.09461126666333049,5.728714788228517,-540.0567,29.406338,24.61287,18.884174,13.971634,10.481162,7.9877653,5.8503633,3.875534,2.333019,1.543095,1.5634029,2.2025852
1704,28.4,0.0008108944,0.0,6501.745452102417,767.6455772414893,1994.2797888792493,3061.5919344740737,0.027200295261307256,0.09461126666333049,5.728714788228517,-536.6367,33.867214,28.335373,22.129091,16.994946,12.947134,9.310987,6.1148186,4.183354,4.09027,5.3800154,6.8682985,7.514471
1705,28.416666666666668,0.0008520358,0.0,6290.09938042436,1313.9913703115478,2076.1063262143807,3126.7237079125002,0.027200295261307256,0.09461126666333049,5.728714788228517,-533.7468,36.734856,28.624798,20.677128,15.896635,13.588755,11.242128,7.604564,3.7064018,1.3769519,1.3232324,2.6451838,3.8118331
1706,28.433333333333334,0.000787567,0.0,6193.66438954011,1119.175896635938,1904.6241069168284,3050.569936003929,0.027200295261307256,0.09461126666333049,5.728714788228517,-528.65607,43.171803,33.093014,22.809464,16.244825,13.065262,10.34005,6.192621,1.58063,-1.2106956,-1.2321639,0.25548154,1.2627233
1707,28.45,0.0008192015,0.0,6473.879048196708,643.9446552669625,1795.730621290928,2936.7575388776504,0.027200295261307256,0.09461126666333049,5.728714788228517,-527.31445,44.167816,32.10725,20.083765,12.54484,8.75704,5.6405516,2.1183162,0.011961669,1.1472989,4.6337967,7.494831,7.615403
1708,28.466666666666665,0.0008102328,0.0,5807.138835537078,655.6509253514533,1691.9778988148992,2830.3381907652897,0.027200295261307256,0.09461126666333049,5.728714788228517,-518.61566,51.84533,30.26007,12.150133,5.632992,6.125083,4.6244893,-1.2532864,-5.9939895,-4.3505363,1.9681698,6.627681,6.084667
1709,28.483333333333334,0.0008136979,0.0,5439.3373853322355,608.9730689034424,1678.5812423745344,2904.7833794092985,0.027200295261307256,0.09461126666333049,5.728714788228517,-519.02057,52.636,33.577667,16.376205,8.418922,6.9914513,4.949765,-0.5063193,-5.749956,-6.337988,-2.6344938,1.0043914,1.5311002
1710,28.5,0.00090113335,0.0,5376.498746366635,633.8349014388839,1719.7808268728124,2923.029237069615,0.027200295261307256,0.09461126666333049,5.728714788228517,-516.42584,54.69638,33.058388,16.043833,11.249833,12.275558,9.165994,0.8811463,-4.734333,-1.7879161,6.112381,10.195824,6.5381246
1711,28.516666666666666,0.0009390466,0.0,5637.371256623121,654.0509207960134,1805.1055249591345,2692.1472216064576,0.027200295261307256,0.09461126666333049,5.728714788228517,-511.09616,57.893524,28.719124,9.013958,6.15606,9.074337,7.405468,1.829294,-2.0654426,-1.5196176,1.9152905,4.014696,1.7534962
1712,28.533333333333335,0.00088679645,0.0,5569.516913440422,639.2823749052592,1860.3203661450923,2597.4589182692434,0.027200295261307256,0.09461126666333049,5.728714788228517,-511.0654,59.75871,33.29387,13.265267,7.5001884,7.8031907,4.724112,-1.6268935,-5.8829346,-6.0689964,-4.3287926,-2.2442434,0.40723515
1713,28.55,0.000867071,0.0,5341.566606992945,575.3771250663144,1652.0102377867652,2766.176097425201,0.027200295261307256,0.09461126666333049,5.728714788228517,-515.0069,55.393974,31.361555,13.412155,9.736027,12.768605,11.421487,3.6482553,-3.9813561,-5.527547,-1.747489,2.1762583,2.8575659
1714,28.566666666666666,0.00078075496,0.0,5483.05195629188,658.058449694923,1631.7716190043207,2885.947987455132,0.027200295261307256,0.09461126666333049,5.728714788228517,-513.6979,56.060223,29.830944,10.608442,6.561574,9.373666,8.267939,1.4151924,-5.470131,-6.534153,-1.1768779,5.3434415,6.9899335
1715,28.583333333333332,0.0007834175,0.0,6617.0131040700135,641.7982755811294,1704.1560586083633,2885.42688314653,0.027200295261307256,0.09461126666333049,5.728714788228517,-523.47314,45.944912,28.767757,17.463108,13.256812,8.775513,2.2517989,-2.2827861,-3.1489747,-1.4369764,2.4027314,6.6750574,7.254935
1716,28.6,0.0008052783,0.0,5884.919179899154,848.3101027540622,1868.395123392601,2919.0614992830697,0.027200295261307256,0.09461126666333049,5.728714788228517,-519.79803,50.233894,29.584667,13.050029,6.4174223,5.6076527,6.2528,6.938163,6.4176435,4.3581142,3.2724438,5.014533,7.354952
1717,28.616666666666667,0.0008149519,0.0,5041.683652662369,995.1238891507951,2303.172129674803,3175.009701449929,0.027200295261307256,0.09461126666333049,5.728714788228517,-517.5368,53.29827,31.882387,13.704632,5.2448673,3.2511573,3.6334593,5.0885367,5.928031,4.0096836,0.4351501,-1.1001073,0.6913403
1718,28.633333333333333,0.0007810199,0.0,5261.321197695259,776.2821375826843,2114.4011592329207,3173.7935936654785,0.027200295261307256,0.09461126666333049,5.728714788228517,-522.1626,49.235985,32.35106,16.000101,5.976034,1.7869712,0.7090916,0.82954186,1.2728703,1.6958998,1.9118149,1.9287283,2.2665265
1719,28.65,0.00072647445,0.0,5462.204009939859,654.7363300126383,1603.2323394526834,2859.9173176353015,0.027200295261307256,0.09461126666333049,5.728714788228517,-518.72,52.72497,33.958344,17.898048,9.096188,4.952285,2.817712,0.61004674,-3.2921824,-6.5245743,-4.676873,1.2129493,5.0282745
1720,28.666666666666668,0.00070655026,0.0,6469.733025389309,747.8087546042244,1749.9392272050875,2858.454091047857,0.027200295261307256,0.09461126666333049,5.728714788228517,-527.5435,41.95414,26.906008,13.776322,5.5130315,0.52701664,-0.8618694,1.1329485,2.5590992,1.0348785,-0.4307444,0.59374434,1.6021199
1721,28.683333333333334,0.0007207624,0.0,5901.468134196414,782.6559195535219,1855.5410146318504,2785.9318872780846,0.027200295261307256,0.09461126666333049,5.728714788228517,-520.4239,45.95447,21.612934,9.362116,10.62776,10.922539,5.4178634,1.769535,3.2158036,4.377979,2.3731434,0.47191054,0.8623457
1722,28.7,0.0007161987,0.0,5067.728345905874,642.4635891042647,1727.0463483076041,2666.6387658478866,0.027200295261307256,0.09461126666333049,5.728714788228517,-512.56036,49.266796,15.242176,7.3639216,17.668087,16.82767,4.5617104,-1.6106637,-0.60281384,-0.51169693,0.6612801,5.2270384,6.068185
1723,28.716666666666665,0.00061875687,0.0,6269.095698438429,537.6685283586479,1715.9791521406598,2882.084733419184,0.027200295261307256,0.09461126666333049,5.728714788228517,-537.2338,33.072937,27.57888,20.939123,14.483122,8.858322,4.804245,2.6372008,1.6702104,1.1302016,1.0221853,1.3117673,1.1462152
1724,28.733333333333334,0.0006709195,0.0,6675.595947048715,774.2902751649849,1862.4127116469015,3041.545064749789,0.027200295261307256,0.09461126666333049,5.728714788228517,-534.874,36.13592,29.808605,22.182816,15.5314045,10.872858,8.137884,6.7259316,5.8102193,4.5838118,2.7219415,0.6702386,-0.7556854
1725,28.75,0.00077123474,0.0,6886.461935851505,1036.0169444656108,2178.759681837185,3318.7156932812895,0.027200295261307256,0.09461126666333049,5.728714788228517,-536.09906,34.565163,28.569702,21.330639,15.487932,12.599262,12.476833,13.475419,13.518929,11.264896,6.7733254,1.3669019,-3.1625943
1726,28.766666666666666,0.00077677023,0.0,6668.946320715245,1075.8159696795453,2287.0189059762765,3341.8752115062302,0.027200295261307256,0.09461126666333049,5.728714788228517,-534.4793,37.03898,31.361687,24.009007,17.051203,11.8739605,8.785046,7.257984,6.540553,6.169776,6.078055,6.3167076,6.704811
1727,28.783333333333335,0.00067182415,0.0,6992.957482454632,904.5189634012878,2108.71043806312,3170.7538273881246,0.027200295261307256,0.09461126666333049,5.728714788228517,-540.1416,29.452236,24.92458,19.160706,13.886081,10.207775,8.280037,7.5272427,7.186989,6.773448,6.1867285,5.49358,4.6482067
1728,28.8,0.00049547985,0.0,7034.974710419378,641.2986841115943,1748.778074694251,3014.1998291943946,0.027200295261307256,0.09461126666333049,5.728714788228517,-540.7093,29.017601,25.357414,20.353008,15.049473,10.19869,6.203733,3.2635198,1.4621193,0.7118639,0.70013046,1.0112494,1.3737246
1729,28.816666666666666,0.00062004046,0.0,7250.120703178092,499.97249430169893,1552.9946016762933,2731.6879457570517,0.027200295261307256,0.09461126666333049,5.728714788228517,-541.4755,27.676203,23.643684,18.973425,15.150835,12.486876,10.3217125,7.9758515,5.497491,3.5560875,2.7031257,2.7981172,3.156306
1730,28.833333333333332,0.000690887,0.0,6707.753581937084,684.6184535404424,1817.647030369342,2737.1579269945087,0.027200295261307256,0.09461126666333049,5.728714788228517,-535.336,36.00508,30.837051,24.18575,17.772427,12.50545,8.381058,5.0117006,2.2180462,0.17028958,-0.94659686,-1.3135735,-1.4648609
1731,28.85,0.0007759151,0.0,7472.962955455745,1270.8404309672687,1930.0732431575066,2860.173349554686,0.027200295261307256,0.09461126666333049,5.728714788228517,-540.6874,28.090885,22.785265,17.68132,14.537492,12.706861,10.763084,8.27364,5.813116,3.8784077,2.3105156,0.6182809,-1.4571494
1732,28.866666666666667,0.0024002197,0.0,6142.498317970363,1274.9349531451146,2003.493830067434,3006.776813345797,0.027200295261307256,0.09461126666333049,5.728714788228517,-532.91144,37.802643,29.912924,22.938412,18.814598,15.754627,12.219375,8.835339,6.339546,4.0259686,1.3051382,-0.83381516,-1.2913324
1733,28.883333333333333,0.024531536,0.0,1519.1974063948455,748.7341162491633,2104.276927079546,2875.0543152010064,0.027200295261307256,0.09461126666333049,5.728714788228517,-498.40894,82.68325,65.76779,49.35171,37.05548,26.368427,16.288666,9.029673,4.7571692,0.4154724,-4.754005,-7.2299776,-5.1536
1734,28.9,0.048086442,0.0,498.3404271148644,279.1805620934319,1724.2699513815032,2406.6562045201326,0.027200295261307256,0.09461126666333049,5.728714788228517,-430.74698,148.44937,76.54059,37.28407,41.08612,44.558784,22.050018,-5.2787275,-13.388647,-11.232819,-16.596014,-23.054176,-14.512838
1735,28.916666666666668,0.07250884,111.36813942263318,615.349458193093,376.94013683828183,1959.7110980881307,2592.9025622199497,0.027200295261307256,0.09461126666333049,5.728714788228517,-351.11908,202.94962,48.62155,11.072004,47.49725,31.423637,-21.458931,-26.496103,2.9448953,2.6310787,-18.740005,-15.823873,0.32334346
1736,28.933333333333334,0.09016535,116.00569601273209,1022.431952331659,479.39425925304454,2075.4557491282285,2805.3195309447783,0.027200295261307256,0.09461126666333049,5.728714788228517,-294.86322,218.3952,24.773346,-2.4015937,49.179165,22.756798,-28.13256,-28.682186,-5.634342,9.1485195,-20.974314,-9.112417,-1.1943195
1737,28.95,0.09979066,113.90631863906555,1233.0724829326903,482.5873547563408,2018.5937493795695,2618.9433322874706,0.027200295261307256,0.09461126666333049,5.728714788228517,-249.01405,224.5101,6.140415,-8.542794,40.08431,26.471714,-27.136414,-36.860077,-7.9133606,16.036737,-22.770123,-7.1806297,-7.623748
1738,28.966666666666665,0.11306544,103.98075293318733,1139.9455575768163,462.8927992923917,2008.8390289298477,2585.7001887127717,0.027200295261307256,0.09461126666333049,5.728714788228517,-247.6176,226.61015,3.6905005,-5.441945,39.399685,30.316433,-26.273783,-35.107056,-8.376763,10.625093,-16.43911,-11.693241,-7.2858787
1739,28.983333333333334,0.10106766,96.25463084371728,1071.6445559341548,442.4166952578096,1881.2072531406782,2564.489613063568,0.027200295261307256,0.09461126666333049,5.728714788228517,-274.17352,219.26984,17.213085,-2.0090766,35.870907,25.468803,-14.390884,-25.718903,-16.754604,6.698428,-15.600647,-9.187498,-7.6849623
1740,29.0,0.08154381,99.57897418926719,974.646536875265,380.72047187462147,1786.5906782155016,2413.3432832746757,0.027200295261307256,0.09461126666333049,5.728714788228517,-314.0436,214.61824,26.326225,-8.512521,41.847664,40.72155,-8.205439,-29.647736,-10.81254,5.764947,-13.449476,-13.404924,-7.3575516
1741,29.016666666666666,0.066881545,98.10838740340618,843.905721217568,337.57799360550706,1855.013631213088,2413.5913648631,0.027200295261307256,0.09461126666333049,5.728714788228517,-358.5147,194.44397,43.695732,2.4502192,43.265633,42.656075,-7.9715195,-32.46768,-8.017716,9.159768,-8.456875,-19.419533,-8.062955
1742,29.033333333333335,0.04211087,96.11659410479997,2308.3063028632505,496.38637184116385,1882.1586735451579,2374.94545371728,0.027200295261307256,0.09461126666333049,5.728714788228517,-354.26978,137.22864,51.816666,34.549534,12.872577,33.95893,6.902807,-16.671303,-7.3871346,13.511937,-12.249069,-9.784401,-11.03121
1743,29.05,0.01861575,0.0,7676.660028179035,861.8167932108861,2151.3177298701908,3005.970614739148,0.027200295261307256,0.09461126666333049,5.728714788228517,-269.76593,53.54986,14.744183,37.459396,-38.24128,12.353209,-5.0278053,-12.301979,-9.907947,14.689993,-11.662987,3.929134,-11.664598
1744,29.066666666666666,0.020510053,0.0,9119.055641747298,1068.2833353461226,2419.4179029811967,3516.2899834896452,0.027200295261307256,0.09461126666333049,5.728714788228517,-267.36322,-15.164445,-13.672328,40.66942,-33.98336,14.804211,-6.041901,-5.651312,4.4185734,16.841282,-17.788849,9.6345005,-2.1988611
1745,29.083333333333332,0.02219645,0.0,8547.561060743348,918.5711991959328,2034.0631064234003,2865.4896916948824,0.027200295261307256,0.09461126666333049,5.728714788228517,-238.3201,6.8638077,-19.097076,35.37929,-22.560642,14.24869,-22.493607,-14.693907,-3.876606,11.511473,-25.208458,4.8994446,-10.788694
1746,29.1,0.06521846,0.0,6166.706090100816,613.86457006639,1700.9880858219108,2715.1092033531727,0.027200295261307256,0.09461126666333049,5.728714788228517,-253.37042,68.87375,-6.8660574,43.718887,-1.9816761,14.007732,-3.642532,-0.066485584,-6.9698124,12.048258,-17.68946,-1.1668072,-3.8492622
1747,29.116666666666667,0.17167884,0.0,1330.5828366008252,530.4665126148902,1436.1198834601046,2478.267092589828,0.027200295261307256,0.09461126666333049,5.728714788228517,-190.52266,222.66437,-8.475631,-2.343656,0.46731532,6.4745803,-8.774734,-19.84486,-16.01158,7.413868,-26.425003,-17.44262,6.1904182
1748,29.133333333333333,0.21863393,105.36529126755698,1283.5558228847558,605.4781399776475,1400.8907427320203,2387.218623287935,0.027200295261307256,0.09461126666333049,5.728714788228517,-160.65352,254.26543,-35.329773,-17.594065,6.4556665,-3.1446984,-10.067898,-19.85464,-19.015133,11.968483,-24.404957,-17.307383,16.429256
1749,29.15,0.21525316,106.67042708720155,1224.161006716753,648.5223573319964,1409.69029890363,2373.231383306406,0.027200295261307256,0.09461126666333049,5.728714788228517,-185.93309,260.43427,-31.242714,-31.98198,10.329609,-11.113825,-7.4542627,-21.27105,-15.282402,18.868364,-21.68473,-14.984241,23.549465
1750,29.166666666666668,0.1839751,106.21001797979869,1304.0202080066806,664.6639431140662,1440.1192341513938,2394.2803512447394,0.027200295261307256,0.09461126666333049,5.728714788228517,-190.98029,254.24606,-21.61943,-34.932175,5.320871,-10.283348,-3.516613,-15.783388,-10.109953,21.238491,-29.261307,-12.643276,26.934563
1751,29.183333333333334,0.11660885,106.46514367241132,1625.359845990516,678.8426120950177,1581.1652849346956,2505.6111033337597,0.027200295261307256,0.09461126666333049,5.728714788228517,-211.64827,218.03712,-7.4594736,-26.853657,15.739098,-3.3386154,-12.868981,-6.0739717,-6.151062,5.415619,-21.338215,12.205216,1.8899333
1752,29.2,0.048484787,0.0,4663.27534611599,1014.9483720918734,1717.9990505823228,2816.6127107157613,0.027200295261307256,0.09461126666333049,5.728714788228517,-210.49944,112.97781,-37.737015,-11.7162,33.33414,7.4130564,-8.257891,8.820055,-4.6986513,-10.192864,-14.720234,29.819965,-1.8825533
1753,29.216666666666665,0.033939313,0.0,5561.243940441614,1232.3977965311665,1638.4222138250245,2973.3000416430455,0.027200295261307256,0.09461126666333049,5.728714788228517,-226.28206,72.964355,-62.97638,-27.20552,19.703468,-7.5902643,-10.193121,20.62878,4.9843183,-9.32971,-5.240436,26.214375,-0.33852768
1754,29.233333333333334,0.023877634,0.0,4771.356542818163,814.0727799652157,1689.4679785759895,2886.5199528442845,0.027200295261307256,0.09461126666333049,5.728714788228517,-270.7448,87.055336,-56.85058,-12.974792,30.859632,-2.3727174,-11.581488,11.025317,-12.205042,-25.128521,-13.923147,26.170708,-1.9983224
1755,29.25,0.028356478,0.0,3371.6228826106285,617.3481330091727,1795.4589434203033,2753.8980221320935,0.027200295261307256,0.09461126666333049,5.728714788228517,-294.35678,134.06773,-39.663155,-4.575367,28.702728,0.3060643,-2.0367012,3.5842333,-14.118855,-6.7240767,-5.783609,19.215927,-5.2050867
1756,29.266666666666666,0.08754968,0.0,1498.634048769899,506.48997169500734,1747.1417346853032,2625.401745071203,0.027200295261307256,0.09461126666333049,5.728714788228517,-252.35243,189.86255,4.112398,20.286083,33.42201,-1.2386074,-7.1809454,-14.835851,-23.408548,1.2316478,-14.820733,-3.619614,-0.75139457
1757,29.283333333333335,0.13545807,116.61140712372224,1077.7991289668914,471.57460668305407,1612.3088485718804,2586.7440286375695,0.027200295261307256,0.09461126666333049,5.728714788228517,-235.89365,218.72302,9.84248,15.086834,14.162284,-6.203289,-10.648408,-21.377811,-20.321007,-6.4989624,-25.762108,-2.2730553,11.179193
1758,29.3,0.16378704,111.65901857708701,1198.1020072542653,465.23417522273604,1618.258394889648,2555.262638095785,0.027200295261307256,0.09461126666333049,5.728714788228517,-225.74393,219.46991,-6.184226,6.6718893,16.330463,2.569766,-7.725178,-30.073528,-24.794937,1.2966814,-31.813953,-12.992692,11.682955
1759,29.316666666666666,0.16368355,108.79839035535754,1298.2195119769085,466.4941098992021,1620.6135036187518,2485.8571402068196,0.027200295261307256,0.09461126666333049,5.728714788228517,-210.2949,220.62524,-16.845255,0.99900824,19.334318,17.752851,0.34588662,-32.64279,-32.489655,7.229164,-30.883106,-16.747967,10.836412
1760,29.333333333333332,0.15977126,105.4643634475158,1418.1886360935828,492.4391103338072,1685.188583896641,2479.7619552552565,0.027200295261307256,0.09461126666333049,5.728714788228517,-205.80972,222.54993,-16.929787,-11.343419,23.318768,29.135735,-7.87223,-33.366203,-31.72237,13.72789,-32.572624,-15.533744,9.175835
1761,29.35,0.15632592,102.60189457555589,1359.713457664959,489.34868818184935,1690.3219037487052,2476.580945160362,0.027200295261307256,0.09461126666333049,5.728714788228517,-210.02051,225.73407,-17.17278,-19.030497,29.777573,35.289352,-14.819408,-35.192627,-22.0925,6.6003923,-35.593933,-10.686859,5.399254
1762,29.366666666666667,0.123127654,100.95343001477777,1113.610266984533,432.0360570907456,1648.6761795960238,2503.103217421295,0.027200295261307256,0.09461126666333049,5.728714788228517,-253.31403,231.08917,-3.1876383,-24.90561,31.247272,34.442326,-10.80478,-19.18507,-9.789692,-8.682617,-41.27448,-14.542427,5.3336535
1763,29.383333333333333,0.057749595,0.0,1074.4004091297766,393.4525637346164,1723.082020646688,2526.1681745725873,0.027200295261307256,0.09461126666333049,5.728714788228517,-385.1308,165.7064,29.485054,-0.82743955,39.28415,38.30143,3.2138984,-4.754299,1.5772812,-13.099354,-27.481613,-15.415978,1.7984729
1764,29.4,0.008502514,0.0,2764.5792230905517,423.9556300327318,1764.5333642014184,2484.9328371514443,0.027200295261307256,0.09461126666333049,5.728714788228517,-488.35986,79.409454,38.209053,27.827942,38.63817,32.16689,6.8429637,-9.738516,-11.579451,-14.35751,-19.468409,-15.020279,-3.6382911
1765,29.416666666666668,0.0018585592,0.0,4068.900432517894,471.96908947013424,1690.191251885773,2492.5496901661436,0.027200295261307256,0.09461126666333049,5.728714788228517,-509.0102,65.596115,45.353874,29.184738,20.861214,13.409872,2.9948242,-5.7129135,-8.397219,-7.688834,-7.662342,-7.273295,-3.6802096
1766,29.433333333333334,0.0015860375,0.0,4585.052164674526,506.6409921956091,1708.082474349557,2705.769115437283,0.027200295261307256,0.09461126666333049,5.728714788228517,-516.74,57.653458,42.328255,27.019796,16.412798,9.111879,2.0967464,-5.339767,-11.644453,-14.726458,-13.253658,-7.7058516,-0.6703661
1767,29.45,0.0014153298,0.0,4835.1494592458985,504.1050213957509,1795.6132371664826,2765.2667675925622,0.027200295261307256,0.09461126666333049,5.728714788228517,-516.21423,58.166893,42.328117,26.84756,17.144535,11.780441,6.935898,1.4788429,-2.9171777,-4.7732525,-4.2729015,-2.3742287,0.035146773
1768,29.466666666666665,0.020628167,0.0,3002.261368399918,571.5167061894713,1770.2402074404947,2557.849398284358,0.027200295261307256,0.09461126666333049,5.728714788228517,-446.42435,119.20114,34.226734,-11.450071,-5.07495,6.8096647,-1.726737,-12.050309,-7.7855597,-0.38697743,-1.9008436,-5.003466,-1.2282996
1769,29.483333333333334,0.024712155,0.0,2373.91738529626,638.7889668948499,1565.5959749010192,2551.1927345426625,0.027200295261307256,0.09461126666333049,5.728714788228517,-277.87244,180.49918,2.7677379,-32.186657,10.640135,-8.0254965,-10.499989,-19.017027,-14.007166,-9.773651,-16.22306,-11.431002,-4.4061494
1770,29.5,0.08692847,0.0,1516.5842163986426,524.5868596465698,1416.2486239191826,2438.249093884548,0.027200295261307256,0.09461126666333049,5.728714788228517,-327.29953,192.31802,25.365677,-9.190836,21.906536,10.906437,-6.940046,-10.931467,-5.578537,-6.692175,-18.611408,-9.5231695,-3.1882157
1771,29.516666666666666,0.16399063,0.0,985.0434842687595,423.93719987864444,1256.2227571034325,2228.4800662207376,0.027200295261307256,0.09461126666333049,5.728714788228517,-238.2743,253.33353,11.399984,-29.113514,14.076683,28.990553,-4.864762,-31.698597,-4.1166573,21.17572,-45.702362,-39.130104,8.895546
1772,29.533333333333335,0.19550808,0.0,966.3253248528581,436.49574291831783,1320.5831653185367,2157.7934307055875,0.027200295261307256,0.09461126666333049,5.728714788228517,-237.98615,259.8023,12.714264,-36.34203,11.458216,38.264404,9.758226,-33.361427,-12.692065,19.57983,-42.99458,-37.89301,10.909649
1773,29.55,0.23910241,0.0,1042.2102787630436,467.0147982011772,1445.4134258573508,2234.5641632573183,0.027200295261307256,0.09461126666333049,5.728714788228517,-222.53596,266.90588,0.5415962,-44.6529,12.83505,44.037514,-2.599472,-41.26129,-11.241806,12.719228,-45.593185,-28.262173,18.277735
1774,29.566666666666666,0.27094683,113.99899461754165,1217.3115020290709,532.5263791666531,1549.8224780626554,2388.829669415664,0.027200295261307256,0.09461126666333049,5.728714788228517,-188.3926,262.78882,-17.198639,-41.528664,9.562462,37.533913,-16.46081,-46.05443,-10.838905,14.188027,-53.60801,-27.58472,24.183798
1775,29.583333333333332,0.26160914,113.41052773694292,1303.203569791517,549.6530622270285,1548.9477474217529,2276.579332294088,0.027200295261307256,0.09461126666333049,5.728714788228517,-183.38942,260.61053,-20.689962,-42.916924,9.735616,33.183624,-20.46466,-40.297314,-5.0830555,11.228596,-43.559692,-13.091674,21.787697
1776,29.6,0.24239372,114.71081370427082,1257.8646929834217,551.1891602303051,1569.915956414835,2268.957187258637,0.027200295261307256,0.09461126666333049,5.728714788228517,-184.4944,257.0466,-18.625244,-39.40426,12.271939,31.574902,-25.205431,-37.696396,-9.392797,1.0707735,-35.521557,-8.21538,14.783168
1777,29.616666666666667,0.24419273,116.749717878594,1227.7244173367621,556.258264399606,1573.259178101255,2274.500286309319,0.027200295261307256,0.09461126666333049,5.728714788228517,-190.53798,253.65723,-20.557663,-35.322952,12.284089,28.672234,-24.305187,-36.65038,-8.436386,3.5454123,-35.32071,-16.882057,16.840418
1778,29.633333333333333,0.26104978,118.77992139294335,1079.659616499439,522.4025393239219,1431.8384994293642,2311.5917453766974,0.027200295261307256,0.09461126666333049,5.728714788228517,-209.89,253.44543,-5.1142955,-30.700161,7.3606167,19.391836,-21.011127,-25.193996,1.4799732,-0.6571444,-36.12799,-20.317307,2.38206
1779,29.65,0.2984248,121.58186736949352,914.3692092663754,485.8581242162411,1233.3848987703718,2334.290775117389,0.027200295261307256,0.09461126666333049,5.728714788228517,-235.14398,250.1609,13.545013,-32.9943,17.926756,13.1184635,-27.447952,-22.43007,0.34314835,6.4316044,-39.984177,-32.087936,-11.93947
1780,29.666666666666668,0.32098392,125.91988741648677,848.2219671064471,496.24045263675544,1138.6910711251996,2252.7665037398956,0.027200295261307256,0.09461126666333049,5.728714788228517,-247.86676,249.17719,18.656548,-29.846813,16.963526,3.8084338,-33.331554,-24.670712,-10.056362,12.298754,-29.936403,-39.89675,-17.214033
1781,29.683333333333334,0.30941567,131.3472431676315,902.3072067291849,529.0904345135831,1110.0705015533902,2236.8479868298846,0.027200295261307256,0.09461126666333049,5.728714788228517,-239.69165,257.83887,18.956657,-41.933617,3.9311914,-4.834838,-42.994476,-22.751297,-3.1200407,11.103651,-23.76736,-36.79106,-10.998796
1782,29.7,0.2746982,135.5392500867062,987.8634630956658,579.1056470474563,1138.2064736605932,2274.2646161691127,0.027200295261307256,0.09461126666333049,5.728714788228517,-232.04816,252.78105,9.878885,-43.280743,-0.7166718,-8.788113,-38.94709,-22.025417,-5.881773,6.148967,-26.235514,-26.843254,2.8116918
1783,29.716666666666665,0.2472204,137.4642994241658,1163.8303119144075,628.4509355625787,1236.162242171508,2323.4194187861594,0.027200295261307256,0.09461126666333049,5.728714788228517,-217.69305,247.06525,-15.369841,-47.92342,0.7750828,-8.052656,-33.661667,-24.440496,-7.88554,11.6316395,-24.262398,-32.727634,2.5050716
1784,29.733333333333334,0.23308763,139.343165309055,1181.5445574615226,661.2995066239602,1248.7815320903226,2378.59006406014,0.027200295261307256,0.09461126666333049,5.728714788228517,-219.75475,244.18259,-20.22197,-51.188103,-4.563371,-6.9314795,-23.767933,-24.361984,-13.288018,14.713961,-21.81223,-30.764423,3.723487
1785,29.75,0.21193323,141.24929719494605,1148.2958518130245,673.7043994625903,1247.209261561651,2450.415388396382,0.027200295261307256,0.09461126666333049,5.728714788228517,-231.05269,246.42313,-17.803509,-55.307686,-12.498566,-11.386083,-18.621735,-25.515623,-13.472017,13.514566,-22.131685,-32.418507,0.2572351
1786,29.766666666666666,0.17288867,143.58135146824685,1114.1166941606616,666.8702909843039,1249.0075613333393,2408.491220548573,0.027200295261307256,0.09461126666333049,5.728714788228517,-247.12785,246.6803,-12.051449,-52.314816,-15.544798,-14.7365055,-13.9570055,-26.228355,-12.786873,11.9714575,-23.250015,-33.47135,4.00292
1787,29.783333333333335,0.12868103,144.90451596393092,950.8907745943835,659.8092181247036,1262.5894514172583,2356.070643817557,0.027200295261307256,0.09461126666333049,5.728714788228517,-260.22275,254.39659,11.804098,-34.795937,-14.949934,-22.97036,-14.217288,-11.640544,-12.259067,-2.9253776,-17.035088,-19.648857,11.773273
1788,29.8,0.09669063,0.0,991.0666057397729,652.6264019497571,1243.3794079168547,2387.1499667578664,0.027200295261307256,0.09461126666333049,5.728714788228517,-272.07498,244.97144,8.158364,-32.707466,-3.0156577,-17.195934,-25.36907,-14.451047,0.5216305,3.5569663,-18.42389,-22.32972,6.1542706
1789,29.816666666666666,0.06451419,0.0,1132.244593200686,647.9542323683984,1210.302005863013,2372.6594031441005,0.027200295261307256,0.09461126666333049,5.728714788228517,-343.9046,199.64896,22.704575,-32.608482,-9.722939,-15.114774,-33.597,-19.675312,5.9087615,2.376358,-21.525002,-20.59182,8.7815275
1790,29.833333333333332,0.008579427,0.0,2597.697915961976,628.8972633315597,1305.6698099622445,2357.2315385414877,0.027200295261307256,0.09461126666333049,5.728714788228517,-469.07806,104.12256,48.65156,10.20904,-1.8754629,-7.8429613,-15.470512,-13.999967,-3.085198,1.6684079,-4.9850597,-8.683853,1.01834
1791,29.85,0.001933792,0.0,3979.748396933651,616.8023804782945,1721.03624882712,2320.9624130271004,0.027200295261307256,0.09461126666333049,5.728714788228517,-508.3564,67.26993,46.679787,25.713009,10.474399,0.38290966,-5.7029014,-7.252408,-5.6460238,-4.6243114,-5.0079694,-2.7857103,4.5696063
1792,29.866666666666667,0.0011158444,0.0,5474.953424127669,584.5026560296352,1930.5056099498408,2446.7390606330455,0.027200295261307256,0.09461126666333049,5.728714788228517,-520.8937,51.81783,36.22397,20.30131,10.164335,5.944294,4.2615123,2.4176493,-0.09166014,-2.634777,-4.425556,-4.584104,-2.535671
1793,29.883333333333333,0.0009867224,0.0,5159.753943713214,861.3087999878883,1933.6024307895611,3112.8301561008025,0.027200295261307256,0.09461126666333049,5.728714788228517,-522.309,51.545517,39.65997,26.42643,16.17759,9.695514,5.588658,2.7412617,1.0744543,0.64166516,0.94601524,1.3960459,1.951501
1794,29.9,0.0010992662,0.0,6278.458466057486,1049.0925900687644,2006.1056692638685,3182.587516924549,0.027200295261307256,0.09461126666333049,5.728714788228517,-534.8201,34.892,26.206062,18.049217,13.522119,11.849401,10.930656,9.877701,8.805735,7.557586,5.810654,4.0037274,3.0870526
1795,29.916666666666668,0.0010450806,0.0,5104.775899734323,890.3878326207896,1909.974106575361,2961.509076292211,0.027200295261307256,0.09461126666333049,5.728714788228517,-529.9029,42.280838,33.8823,24.320274,16.936829,12.815337,11.116596,10.544264,10.253157,9.670254,8.1453085,5.3360734,1.939842
1796,29.933333333333334,0.0010018174,0.0,6372.526189033594,1039.0012072963764,2004.8356238646093,3170.9362110138723,0.027200295261307256,0.09461126666333049,5.728714788228517,-540.74915,29.041605,25.69601,21.429344,17.480438,14.61433,12.915321,11.974638,11.2552805,10.360893,9.090988,7.3689885,5.20282
1797,29.95,0.0006854366,0.0,6832.441024275964,869.0868665960395,1728.2955316697494,2976.2991998780462,0.027200295261307256,0.09461126666333049,5.728714788228517,-540.1758,29.449253,25.097584,19.6903,14.901102,11.692606,10.099033,9.497523,9.045534,8.049582,6.217519,3.7736316,1.3447888
1798,29.966666666666665,0.0010198723,0.0,6411.309403914247,801.7050401718525,1947.2986435362318,3114.240619807322,0.027200295261307256,0.09461126666333049,5.728714788228517,-532.8734,38.707855,31.852882,23.974327,17.685568,13.663609,10.954426,8.411818,5.7899704,3.6522791,2.5196915,2.2617936,2.25636
1799,29.983333333333334,0.0015651964,0.0,4988.633437954788,732.1180950233576,1979.450551893266,2981.590503439931,0.027200295261307256,0.09461126666333049,5.728714788228517,-520.3954,52.47174,38.05555,25.92554,20.09333,16.680695,11.385563,5.040865,0.97292227,-0.071552195,-0.07477347,-0.3135479,-0.17115062
1800,30.0,0.05060204,0.0,2849.3277839527727,1018.4990271103748,2091.009901442293,3033.4624330994448,0.027200295261307256,0.09461126666333049,5.728714788228517,-313.22842,153.33209,-23.166065,-13.423529,5.710033,-7.7329426,-18.555866,-6.9279165,-1.8087907,10.56821,-15.281822,4.926181,8.521094
1801,30.016666666666666,0.16801758,0.0,1265.2828299245682,759.733710892632,1613.29655372203,2551.0308467052773,0.027200295261307256,0.09461126666333049,5.728714788228517,-204.4572,237.05469,-13.459311,-15.593531,3.6075408,-16.563868,-20.79742,-8.333018,-4.634072,11.947388,-21.542221,-15.6006775,1.6715893
1802,30.033333333333335,0.21598153,0.0,1152.766946191753,677.0551281660812,1244.3219315858253,2311.2744775538613,0.027200295261307256,0.09461126666333049,5.728714788228517,-182.70013,261.4156,-25.50637,-27.905186,-1.2588596,-20.285267,-19.954802,-13.532524,-5.5351553,14.957741,-20.603184,-24.144356,10.642077
1803,30.05,0.24021478,116.30024407165949,1211.5451105835114,685.3978907852818,1288.876439348823,2312.185480928809,0.027200295261307256,0.09461126666333049,5.728714788228517,-189.48936,257.3612,-8.22263,-45.664497,2.0494027,-21.412296,-11.946083,-17.484682,-14.844141,17.084959,-15.309354,-18.909908,9.114854
1804,30.066666666666666,0.23416144,112.98877423854138,1337.1326688029517,684.8840725740979,1323.3507947721905,2340.898500179683,0.027200295261307256,0.09461126666333049,5.728714788228517,-180.1829,244.42029,-0.3194113,-50.761627,7.9639983,-23.085794,-7.650055,-21.295502,-17.66043,20.074894,-18.388441,-18.565762,15.067127
1805,30.083333333333332,0.20845081,103.50831597844729,1151.1174155862232,621.3601036369043,1306.970735078301,2353.904550598042,0.027200295261307256,0.09461126666333049,5.728714788228517,-204.011,252.73349,2.2273214,-44.034416,9.199753,-11.15453,-14.1856165,-28.358072,-11.789864,17.251621,-32.994057,-21.653006,16.802977
1806,30.1,0.17505345,92.95180859981122,1162.2459936321704,601.2152704739407,1289.0534014602486,2375.386168199132,0.027200295261307256,0.09461126666333049,5.728714788228517,-227.70987,260.2143,6.5752535,-46.418377,8.950536,10.251741,-22.762106,-44.14718,-3.8716822,22.557142,-38.926147,-25.352312,15.793701
1807,30.116666666666667,0.18140842,93.32648485020955,1179.7288691550762,679.2412585505183,1311.1204490498092,2397.3585339063607,0.027200295261307256,0.09461126666333049,5.728714788228517,-197.10239,255.29066,-12.059503,-41.7976,-1.3936831,-8.577696,-14.968796,-23.887989,-5.0055084,21.26929,-31.233551,-6.90853,18.107117
1808,30.133333333333333,0.16702062,96.12957255949439,1160.3014903441028,676.5317270462015,1339.8835414546204,2444.1736486602426,0.027200295261307256,0.09461126666333049,5.728714788228517,-204.2822,255.55125,-13.659337,-36.24151,-4.4034395,-7.989267,-15.310307,-19.955387,-1.1350422,12.125175,-26.031305,-6.071635,14.046198
1809,30.15,0.12107261,98.28234624725097,1163.695051320421,620.9472226650175,1379.7216861321212,2486.0022780496247,0.027200295261307256,0.09461126666333049,5.728714788228517,-232.27681,242.04483,0.18886721,-18.480341,-9.564627,-11.468,-11.459441,-13.995836,-7.3356247,10.609996,-30.597569,-19.782177,22.806438
1810,30.166666666666668,0.07257962,96.13105517984725,1334.7795477337038,531.6847112083203,1384.8922243078769,2502.081374047473,0.027200295261307256,0.09461126666333049,5.728714788228517,-258.56848,212.27386,5.809471,4.6723375,9.902026,5.637704,-0.8923068,-22.075962,-19.099384,15.858976,-31.326515,-17.680382,17.259117
1811,30.183333333333334,0.03545362,0.0,2442.5127613944837,503.4688827145231,1444.3785758449371,2506.0228943553384,0.027200295261307256,0.09461126666333049,5.728714788228517,-403.7743,140.09036,41.817314,24.024637,8.719648,7.189892,10.369471,-16.126255,-9.653796,11.763317,-18.899616,-16.357277,15.755604
1812,30.2,0.0033193429,0.0,4163.671653000534,519.7561308058301,1647.7504371104806,2565.9087664788035,0.027200295261307256,0.09461126666333049,5.728714788228517,-492.15918,81.54581,46.05107,20.993313,12.652023,7.3199506,-1.9028912,-7.745458,-5.7397137,-2.2687912,-2.5116947,-2.3778331,2.535904
1813,30.216666666666665,0.0016518916,0.0,4631.675744286062,518.6814432778029,1754.7668271666187,2776.7157219901665,0.027200295261307256,0.09461126666333049,5.728714788228517,-505.69708,68.71005,44.85965,25.632515,17.06534,12.154297,4.314496,-4.412675,-8.506292,-6.830097,-3.0405397,-0.504918,0.77309126
1814,30.233333333333334,0.0010792725,0.0,5289.878768716196,799.7471288101921,1807.053603121058,3104.90040521073,0.027200295261307256,0.09461126666333049,5.728714788228517,-518.5426,54.403877,37.32718,20.62468,11.033445,7.777098,6.1108937,3.3041353,0.39787108,-0.8154426,-0.64512205,-0.6755311,-1.1969253
1815,30.25,0.00086804037,0.0,5418.129449680482,950.8622063317202,1704.0796550987427,3243.5323265340157,0.027200295261307256,0.09461126666333049,5.728714788228517,-524.6413,48.04323,35.85266,23.082268,15.007129,12.350786,12.018895,10.49381,6.603712,1.6825919,-2.1768308,-3.7881413,-3.3187895
1816,30.266666666666666,0.0069875913,0.0,7606.256152448395,739.5149243357661,1594.825381648271,2932.909530202029,0.027200295261307256,0.09461126666333049,5.728714788228517,-525.1458,44.345345,29.846863,17.064865,13.11759,12.922512,10.658373,5.699996,-1.7223777,-4.9530373,-6.224693,-3.5476036,-1.6213448
1817,30.283333333333335,0.021885242,0.0,5392.278157398559,681.9395702859451,1559.4729003008101,2733.1366125393156,0.027200295261307256,0.09461126666333049,5.728714788228517,-273.35864,115.0129,-7.1813498,-10.381062,17.543041,-22.26741,-12.6243305,12.360256,-27.209726,0.22097069,-20.4153,2.8232884,-14.25832
1818,30.3,0.13748881,0.0,1811.1930282568705,523.5496209951211,1421.4136684483212,2667.7295610452848,0.027200295261307256,0.09461126666333049,5.728714788228517,-213.21149,189.27762,-6.5675406,2.0367336,21.022552,-11.675714,-16.283634,0.6346978,-12.647179,0.08676243,-34.25266,-13.359629,-12.089388
1819,30.316666666666666,0.20124134,0.0,1082.4771337818438,538.6500928053413,1275.8304367340108,2498.3177854557143,0.027200295261307256,0.09461126666333049,5.728714788228517,-197.19138,260.8692,-25.627968,-8.649884,21.863832,-16.855602,-22.933632,-15.572758,-3.073304,4.7254124,-38.98998,-35.310547,8.96962
1820,30.333333333333332,0.25623578,109.25969854588982,1091.840684365767,569.3697756056926,1260.4236014479432,2446.158180128714,0.027200295261307256,0.09461126666333049,5.728714788228517,-199.10783,271.9604,-23.442835,-25.784197,16.850973,-8.227153,-22.282192,-22.443758,-1.859828,10.436615,-32.435627,-36.062416,13.148483
1821,30.35,0.26704746,107.8871224300375,1183.375258945701,561.1973975399524,1326.4559742591541,2356.7758649347084,0.027200295261307256,0.09461126666333049,5.728714788228517,-198.26639,271.32556,-25.988375,-37.65392,21.774197,7.223718,-21.877464,-29.449549,-2.093526,11.233386,-35.74171,-32.769836,12.027647
1822,30.366666666666667,0.23027687,106.58939278679533,1318.2238608577568,516.0535740835735,1457.3976311600259,2400.8880254723226,0.027200295261307256,0.09461126666333049,5.728714788228517,-196.5163,266.8708,-31.613789,-37.96795,28.63218,20.335888,-13.6215725,-36.010986,-7.85919,9.622313,-45.56935,-30.511858,19.429266
1823,30.383333333333333,0.15118265,105.64190004428016,1261.872227105468,438.46499251278476,1622.7150707896324,2488.4544574862725,0.027200295261307256,0.09461126666333049,5.728714788228517,-240.15947,249.83115,-18.439423,-30.597092,37.014053,35.33998,-10.022577,-35.23276,-4.208683,3.9632416,-39.79245,-27.48637,16.72716
1824,30.4,0.05929406,0.0,1539.833696357674,403.0663596586465,1939.851045951486,2577.83696600262,0.027200295261307256,0.09461126666333049,5.728714788228517,-350.42328,174.732,-3.2021544,-6.494585,64.08535,46.21589,-15.545745,-22.685863,4.46785,1.0020705,-19.467035,-11.07148,5.8804216
1825,30.416666666666668,0.020986676,0.0,2313.1921998038442,531.9934369654521,2224.57614953285,2686.1720559839146,0.027200295261307256,0.09461126666333049,5.728714788228517,-397.54407,128.06372,-10.688728,-3.2902079,43.20414,18.230223,-24.622223,-23.564253,5.290207,9.966415,-12.166618,-12.157125,4.045741
1826,30.433333333333334,0.02628559,0.0,2157.055369472554,691.3709389256596,2240.097537822958,2737.591298361495,0.027200295261307256,0.09461126666333049,5.728714788228517,-275.60364,173.21469,-56.888878,0.82143384,27.346684,-10.128702,-27.115288,-37.389393,-8.539897,13.814243,-19.098516,-23.298145,-2.8853211
1827,30.45,0.03295547,0.0,3266.213668945572,1363.2722171842074,2336.9434816662406,2919.370891492949,0.027200295261307256,0.09461126666333049,5.728714788228517,-262.99753,130.26799,-79.18197,25.27702,29.076038,-14.217025,-20.919369,-27.264576,-5.475854,14.299365,-18.806643,-14.826878,-2.0107028
1828,30.466666666666665,0.028816897,0.0,3868.8601966594824,2095.056362116493,2485.232939567297,3159.0774477488358,0.027200295261307256,0.09461126666333049,5.728714788228517,-283.57278,79.86273,-95.445694,37.796604,39.231983,-3.6236594,-15.119905,-20.881256,-3.5894265,18.125751,-20.812346,-3.1704245,1.8045869
1829,30.483333333333334,0.04306348,0.0,3192.906270734985,1226.1620768966795,2476.466773123515,3062.6627856437053,0.027200295261307256,0.09461126666333049,5.728714788228517,-315.84875,108.516785,-60.11638,61.223465,61.680737,5.3366675,-8.77211,-25.973284,-5.0642447,11.128374,-20.008709,-7.011094,4.6461654
1830,30.5,0.03999718,331.295450068444,1216.3961274880573,341.3375568615632,2171.307414168049,2763.5155014992324,0.027200295261307256,0.09461126666333049,5.728714788228517,-336.72842,161.39258,-11.592749,28.939995,62.719963,19.54834,-6.825161,-15.882877,-4.7055364,-1.9979689,-27.129755,-20.593029,-5.7401466
1831,30.516666666666666,0.03898503,328.71918111503004,1415.2242608309887,298.37465368955293,2026.4321059781441,2644.7922083958265,0.027200295261307256,0.09461126666333049,5.728714788228517,-447.83035,107.60462,29.679148,29.911858,62.389885,44.132717,-0.8628333,-12.717878,-2.5588517,-7.310246,-17.465376,-12.16377,-6.489805
1832,30.533333333333335,0.014204346,0.0,1289.5749810295197,249.58587669333875,2338.0681581444746,2837.7006990641576,0.027200295261307256,0.09461126666333049,5.728714788228517,-457.75946,106.6537,53.25798,53.435738,53.23713,18.92774,-2.0175447,-1.0290165,-10.125996,-15.593364,-1.9884667,3.1225567,-4.696938
1833,30.55,0.015867174,0.0,1183.4441177371991,262.3045187629588,2447.91156774908,3117.351598666258,0.027200295261307256,0.09461126666333049,5.728714788228517,-454.96667,109.840454,59.676216,63.77432,54.760967,9.741009,-4.054665,9.69315,-1.7481295,-17.092644,-6.8194966,-0.79728913,-7.420802
1834,30.566666666666666,0.016394334,0.0,955.9233606599719,280.7646023594075,2310.9372878954227,3314.176122704283,0.027200295261307256,0.09461126666333049,5.728714788228517,-472.67355,114.53036,87.31215,60.372215,39.232178,21.13131,6.38542,-1.0839223,-2.008783,-2.5150437,-5.6803074,-7.504077,-3.720358
1835,30.583333333333332,0.025204152,0.0,2000.944782446562,389.44020551732655,2116.7313393477075,3008.5450187871975,0.027200295261307256,0.09461126666333049,5.728714788228517,-351.32697,155.1019,-1.2375072,26.791468,42.06731,-4.2596607,-1.8092141,6.7040634,2.1679833,11.172256,2.4386852,-12.709333,-6.6467733
1836,30.6,0.06124234,0.0,1825.229132502552,434.493798136709,2015.4836056307524,2649.432219395751,0.027200295261307256,0.09461126666333049,5.728714788228517,-305.2391,158.89606,-16.759344,43.808014,56.203926,6.450819,1.3181949,-12.184658,-5.049039,15.207648,-1.516375,-20.059505,-15.854539
1837,30.616666666666667,0.085356206,108.49446164492488,1362.635272945978,320.0543798094142,2124.9362732219174,2600.8193151061205,0.027200295261307256,0.09461126666333049,5.728714788228517,-305.30875,164.37527,-27.816425,48.405098,89.34923,36.62124,-6.9051676,-27.700699,-5.436363,14.221687,-10.152815,-28.035103,-11.917456
1838,30.633333333333333,0.08999608,105.56396971468192,1454.7940373485126,317.6390084071432,2169.8103562158235,2611.9791777381656,0.027200295261307256,0.09461126666333049,5.728714788228517,-304.28824,152.41757,-22.807758,60.61245,79.81345,34.15998,-5.5250096,-24.619442,-2.5005145,15.172495,-5.5823536,-27.447495,-18.945343
1839,30.65,0.06493497,103.24201403110858,3010.022809889465,293.02145567270964,2204.1189730139413,2664.141239028422,0.027200295261307256,0.09461126666333049,5.728714788228517,-287.57495,89.438934,-5.5714197,81.5838,63.852642,31.349434,-11.289818,-16.779,-11.596611,21.738625,-10.550638,-19.710358,-21.473358
1840,30.666666666666668,0.025810748,0.0,7860.218104567572,906.6044087907799,2366.6904931497143,3248.8720361929063,0.027200295261307256,0.09461126666333049,5.728714788228517,-271.30383,7.5070033,-7.922322,65.97716,23.923935,27.851456,-5.097868,-0.90179515,-2.0846682,27.37089,-2.7934008,-6.2400546,-19.519043
1841,30.683333333333334,0.02143744,0.0,9271.751878515432,1572.3609470355482,2399.91019918236,3436.377450275726,0.027200295261307256,0.09461126666333049,5.728714788228517,-269.20035,-25.109276,-18.82581,50.361633,-2.9969773,14.289841,-14.801872,-8.789446,-5.887965,23.701862,-8.423012,-6.4702463,-20.0229
1842,30.7,0.023887245,0.0,8995.596338872889,1164.176814114712,2069.310857905034,2735.6308687379715,0.027200295261307256,0.09461126666333049,5.728714788228517,-259.9959,-27.986946,-29.250118,39.76069,-16.522894,15.683978,-5.3388987,-7.4259453,2.9083564,31.67033,2.2726498,2.2590337,-18.17242
1843,30.716666666666665,0.023627795,0.0,8802.235563800175,1196.018339284833,1814.6406922356994,2708.5062934164935,0.027200295261307256,0.09461126666333049,5.728714788228517,-254.57346,-21.223629,-30.213448,38.051033,-31.819656,5.8431363,-13.439263,-9.392113,-5.340331,23.429554,4.9579134,7.043833,-15.14233
1844,30.733333333333334,0.01978167,0.0,7998.392446980692,1557.4103020959997,1991.105118649972,3212.3383484480455,0.027200295261307256,0.09461126666333049,5.728714788228517,-260.58566,-0.3201232,-33.651157,41.620255,-15.702873,0.99829185,-16.572386,-8.754889,-13.140036,8.3811455,-7.514632,2.8041127,-15.008005
1845,30.75,0.055968728,0.0,4489.502677748178,1237.2820316608495,2192.9038550839714,3373.7430000461986,0.027200295261307256,0.09461126666333049,5.728714788228517,-273.1936,103.2731,-11.091703,41.56218,0.98711324,5.452973,-0.3243315,-7.4683785,-27.244392,-1.91554,-7.5244017,1.455788,-11.835712
1846,30.766666666666666,0.13163006,0.0,1091.1230560338258,545.8833018788104,1546.1379895787743,2415.627379960839,0.027200295261307256,0.09461126666333049,5.728714788228517,-228.33049,241.99608,-8.361397,-19.723907,8.707406,14.005108,-10.811902,-32.846146,-19.542896,-3.0908408,-19.228672,-12.839925,7.426417
1847,30.783333333333335,0.18667802,109.10662111938616,1158.9204241268744,598.8933786607859,1470.92343209733,2330.255437152857,0.027200295261307256,0.09461126666333049,5.728714788228517,-198.53305,251.10576,-16.155836,-32.031265,-1.670352,11.689161,-12.660027,-36.29548,-20.189888,3.0334835,-23.009144,-13.226858,9.233202
1848,30.8,0.20019552,109.50414334351771,1282.1162044999576,645.6454240791847,1482.6347981947806,2273.4116516070285,0.027200295261307256,0.09461126666333049,5.728714788228517,-192.14246,253.79584,-28.648235,-43.457542,5.9342,12.497547,-17.832909,-26.464008,-16.5147,3.6111174,-13.479123,-12.805109,2.8823338
1849,30.816666666666666,0.18166173,106.37839120353959,1443.800734038692,648.5514165746929,1646.2207925939542,2360.8015896521647,0.027200295261307256,0.09461126666333049,5.728714788228517,-182.11241,248.3632,-44.013027,-40.910095,22.025103,5.924618,-16.718107,-23.41677,-23.794147,7.582708,-11.249729,-8.145645,0.72414863
1850,30.833333333333332,0.15857124,104.42397910135706,1705.0871562129403,625.0307643016757,1868.726118993991,2543.8854338190304,0.027200295261307256,0.09461126666333049,5.728714788228517,-176.35995,230.74178,-51.88008,-25.028648,37.910324,18.347132,-19.153454,-35.471268,-25.481426,14.469923,-20.290272,-0.20592713,1.7188799
1851,30.85,0.14852425,102.59831440121644,1859.1627533888436,566.5148426184089,2014.924393596565,2646.5473090661394,0.027200295261307256,0.09461126666333049,5.728714788228517,-201.48296,223.09628,-47.36358,-18.67266,54.353107,29.61065,-34.87426,-42.768566,-10.6825695,21.548912,-22.302832,-11.073792,1.4683752
1852,30.866666666666667,0.122733854,102.05210067835485,1740.0917220647725,490.8333172680945,2126.3154203177414,2649.222033353871,0.027200295261307256,0.09461126666333049,5.728714788228517,-239.05582,213.88965,-32.688652,-7.108365,65.50926,32.189457,-37.425255,-37.92783,-2.9343607,16.4828,-23.930866,-25.301495,-6.9194555
1853,30.883333333333333,0.09737289,101.89822707753248,1669.0572549174667,460.1205137471926,2232.1580536020156,2708.5292890802525,0.027200295261307256,0.09461126666333049,5.728714788228517,-259.52386,208.85193,-20.052485,-0.25504893,67.32882,32.42848,-45.814026,-33.82298,13.426096,8.73159,-28.650236,-23.375813,-12.176083
1854,30.9,0.083351575,101.45727433584945,1447.7468396017532,427.183019382424,2251.11189520557,2643.5229609729045,0.027200295261307256,0.09461126666333049,5.728714788228517,-284.9706,212.66791,-10.53286,-2.9958618,65.35726,33.066135,-41.05406,-31.889349,16.130184,2.0365791,-24.998783,-20.25111,-10.828032
1855,30.916666666666668,0.074674696,100.85453240177067,915.4508298629335,389.63534710958675,2074.678288408831,2442.742303381947,0.027200295261307256,0.09461126666333049,5.728714788228517,-331.2459,211.1459,26.269981,-13.012352,45.536552,43.34297,-14.457576,-29.5764,-0.9418848,6.645908,-14.242065,-22.561052,-10.320011
1856,30.933333333333334,0.06510046,100.0160194620745,833.0640082363944,378.52959651839683,1718.6153996507378,2358.4973351084554,0.027200295261307256,0.09461126666333049,5.728714788228517,-348.74792,205.50137,40.91491,-9.704409,38.238922,48.056423,-6.962899,-37.00904,-8.617642,13.238824,-8.144306,-26.83596,-9.801496
1857,30.95,0.0606059,99.68276695745374,768.4028326661819,368.6860925157985,1435.9340217456556,2327.7255205806323,0.027200295261307256,0.09461126666333049,5.728714788228517,-357.78265,201.44507,47.77352,-6.764824,33.25335,45.78841,-3.6400778,-36.777348,-13.860552,10.283506,-5.626691,-24.896221,-11.623477
1858,30.966666666666665,0.06292363,99.52728346773347,924.8080892714122,408.24127730717277,1577.5324274531145,2324.034434769191,0.027200295261307256,0.09461126666333049,5.728714788228517,-340.5431,207.67393,34.759808,-15.971371,38.9494,47.60203,-10.924328,-38.89546,-13.880106,7.0791616,-7.809088,-15.168297,-5.8330994
1859,30.983333333333334,0.056931436,97.46572963633866,1046.8603063303879,469.0523281024717,1775.0452881528875,2349.2222136471682,0.027200295261307256,0.09461126666333049,5.728714788228517,-315.9889,224.58582,25.069592,-33.995018,31.064468,45.763397,-15.91888,-44.080936,-18.006523,5.701087,-8.900177,-13.628552,-4.0328293
1860,31.0,0.04930498,96.40558761588805,866.5304883524127,486.7611737529077,1723.1243991821584,2378.6258205689587,0.027200295261307256,0.09461126666333049,5.728714788228517,-341.2161,215.72382,42.965042,-23.886946,18.19573,39.775223,-3.97619,-38.631577,-21.591812,1.5467374,-4.279524,-12.639572,-2.4716337
1861,31.016666666666666,0.04158216,97.9511948577611,738.3610940725738,482.2294642632923,1735.8897638175001,2547.258694688522,0.027200295261307256,0.09461126666333049,5.728714788228517,-377.30753,192.55145,64.372795,2.7605624,18.710258,28.077389,-5.843193,-35.275337,-24.691664,-3.25632,-3.642347,-11.933256,-6.203573
1862,31.033333333333335,0.031504594,104.16683640467824,741.7561748705215,449.05381782035124,1669.4687354328717,2560.0807796255344,0.027200295261307256,0.09461126666333049,5.728714788228517,-409.43863,164.63936,68.05783,20.060589,31.490332,38.99642,8.191755,-29.201853,-37.565758,-24.244705,-11.95684,-4.486062,1.6945386
1863,31.05,0.021568457,114.84048666924889,995.754283759231,406.08749483192923,1674.6406613197212,2623.4353928959254,0.027200295261307256,0.09461126666333049,5.728714788228517,-437.80673,140.33328,70.21669,27.977985,27.27193,31.292265,12.927084,-14.4969,-26.759893,-21.473026,-11.621342,-5.1700974,-2.8345408
1864,31.066666666666666,0.009573564,0.0,1599.2594847398127,318.9057319856097,1719.9464899836184,2618.8136901394373,0.027200295261307256,0.09461126666333049,5.728714788228517,-471.5596,106.28602,61.410347,30.611118,25.517578,27.019722,16.423592,-2.4234562,-14.017702,-12.57379,-5.8440022,-3.2650604,-6.576248
1865,31.083333333333332,0.0048633055,0.0,1768.5009216513845,334.84486264665907,1683.0481649327098,2567.2297965850807,0.027200295261307256,0.09461126666333049,5.728714788228517,-457.33185,114.10398,47.423317,10.444694,18.055023,32.08168,19.57631,-9.449369,-24.856636,-15.734031,2.8668287,11.011414,2.6255894
1866,31.1,0.003947483,0.0,3113.947643769393,735.1012662793012,1671.927877565313,2586.8357951125304,0.027200295261307256,0.09461126666333049,5.728714788228517,-475.038,87.82568,23.013424,-3.6228657,15.306907,31.932354,17.15163,-9.050117,-18.024647,-8.784788,2.9715261,7.460677,3.135657
1867,31.116666666666667,0.0016251396,0.0,4048.7727527988,1345.9905974071978,1935.9517166270155,2579.2312049115503,0.027200295261307256,0.09461126666333049,5.728714788228517,-494.59763,64.36779,8.958949,-9.285509,13.633613,30.85213,15.890402,-9.764549,-17.596397,-7.440958,4.673799,9.283765,4.6896486
1868,31.133333333333333,0.0012127354,0.0,4804.441485026955,1111.362236856308,2078.502327334914,2512.913656892356,0.027200295261307256,0.09461126666333049,5.728714788228517,-509.07327,56.961845,22.144053,5.0986743,13.998535,25.469852,17.936031,-2.4211826,-13.510496,-6.139866,7.4762607,10.957357,1.6438344
1869,31.15,0.0009962664,0.0,5528.16736916741,852.076702599426,1822.3262351927508,2792.1770671589793,0.027200295261307256,0.09461126666333049,5.728714788228517,-522.6668,46.823772,28.768452,18.09272,19.34111,21.863356,15.182148,2.488512,-4.478867,-1.0668402,4.90512,3.954492,-3.1897538
1870,31.166666666666668,0.00085913506,0.0,6465.027340463021,1043.1752684820283,1863.0690487567542,2925.714781736328,0.027200295261307256,0.09461126666333049,5.728714788228517,-536.00616,32.930573,24.396385,18.266922,16.975147,17.047516,14.546509,9.828836,6.168475,5.2481217,5.546873,4.7382135,2.3348513
1871,31.183333333333334,0.00076824595,0.0,6549.0803334540615,396.41413364733535,1724.4774775491078,2699.057864219112,0.027200295261307256,0.09461126666333049,5.728714788228517,-537.58234,32.256382,26.200272,19.832096,15.257603,12.278584,9.67606,7.0942,5.2720537,4.657762,4.437418,3.3252718,1.1174799
1872,31.2,0.00070071296,0.0,7166.507272799733,405.4444384912392,1677.3392009904164,2875.7834394811057,0.027200295261307256,0.09461126666333049,5.728714788228517,-535.9099,34.333008,27.683624,20.961107,16.535086,13.898802,11.20524,7.730257,4.486126,2.6431315,1.910711,0.8146504,-1.5560786
1873,31.216666666666665,0.00068687747,0.0,7191.4489110794675,732.6900071009323,1922.850611569934,3095.5027249787568,0.027200295261307256,0.09461126666333049,5.728714788228517,-537.81934,32.43692,27.400911,21.576488,16.69506,13.034326,9.92418,6.919903,4.3274217,2.671999,1.9015477,1.2966144,0.16443974
1874,31.233333333333334,0.00075865624,0.0,6997.7035990236,886.7691679133604,1960.7768652498585,3088.61960949485,0.027200295261307256,0.09461126666333049,5.728714788228517,-538.5716,31.032782,25.423355,19.571789,15.458153,13.045059,11.270924,9.270054,6.709122,3.7483883,1.0717791,-0.49539846,-0.8278456
1875,31.25,0.0006941495,0.0,5915.025318100024,555.256542004713,1743.1072033518476,2633.1404126182606,0.027200295261307256,0.09461126666333049,5.728714788228517,-533.0879,38.788513,32.804455,25.660372,19.471928,14.867431,11.249762,7.935235,4.9622016,2.897089,2.0400872,1.9497838,1.7653307
1876,31.266666666666666,0.00071122404,0.0,7208.9042555907945,698.8201451266096,1936.4080936531384,2780.9191686136155,0.027200295261307256,0.09461126666333049,5.728714788228517,-536.29004,32.317707,22.361181,12.5287,6.186892,2.929244,1.0799565,-0.28421563,-1.3678088,-1.9299276,-1.3132706,0.5868076,2.291242
1877,31.283333333333335,0.0007328453,0.0,5886.093084578924,609.7911545425609,1727.3472667130256,2955.7905054151065,0.027200295261307256,0.09461126666333049,5.728714788228517,-526.5856,44.250824,30.62503,18.193203,11.067873,7.1514387,3.2549076,-1.1105094,-4.488865,-5.6053495,-4.4632936,-2.4949868,-1.4799354
1878,31.3,0.00091688294,0.0,4632.790246859942,599.959129509053,1672.265336947406,2906.254188421135,0.027200295261307256,0.09461126666333049,5.728714788228517,-516.15515,56.99086,37.863953,18.66622,7.1687613,3.4290192,2.7025456,1.2944634,-0.561076,-0.5908532,1.6517028,3.3500214,1.2928866
1879,31.316666666666666,0.00094219646,0.0,4955.697114519833,576.9351827579403,1569.9400190268582,2694.431894036605,0.027200295261307256,0.09461126666333049,5.728714788228517,-515.6542,56.01026,34.35373,15.57383,7.077323,5.6226788,5.2537394,3.6548553,1.236832,-1.3382536,-3.0804338,-2.7566316,-0.5478665
1880,31.333333333333332,0.00096134166,0.0,5184.0093607617455,490.048756897515,1608.0466752315551,2669.7568173038576,0.027200295261307256,0.09461126666333049,5.728714788228517,-515.7155,54.64048,31.17396,12.897029,6.626106,6.5592566,5.792864,2.6259112,-1.7197251,-4.832341,-3.6714392,1.4443498,4.759897
1881,31.35,0.0009820672,0.0,5178.819932832243,484.11828183629706,1621.203974409697,2811.1756783728756,0.027200295261307256,0.09461126666333049,5.728714788228517,-509.10773,60.88119,32.012012,11.981723,7.31277,7.4095373,4.101335,-0.6460862,-3.500484,-4.9018183,-4.943496,-2.3721774,1.2088823
1882,31.366666666666667,0.0009880345,0.0,4980.131152517101,690.2893853880361,1698.5141730333821,2863.6533117652943,0.027200295261307256,0.09461126666333049,5.728714788228517,-503.84177,66.28873,33.12513,9.6561,3.6969867,4.5427084,3.5460896,0.97584015,-1.842015,-4.3336463,-3.4331894,1.5825417,4.3798437
1883,31.383333333333333,0.0010340095,0.0,5095.276798923189,749.3026619449352,1733.7400857554594,2890.414698223014,0.027200295261307256,0.09461126666333049,5.728714788228517,-502.44354,64.719894,26.170527,3.0072322,1.8167169,5.44946,4.044466,1.8392488,1.1640835,-0.70492244,-1.8501493,1.7700068,6.3685894
1884,31.4,0.0010582927,0.0,4394.494838797911,633.211330131835,1563.8996556247685,2786.497590388802,0.027200295261307256,0.09461126666333049,5.728714788228517,-494.0792,72.89255,28.374458,3.9122605,4.7521157,8.010261,3.089756,-2.1469421,-3.5972328,-4.401667,-2.688919,4.480052,10.308908
1885,31.416666666666668,0.0013420169,0.0,4440.47718696282,608.8913887068475,1595.224656158312,2767.161439055723,0.027200295261307256,0.09461126666333049,5.728714788228517,-490.4805,76.43759,29.62164,4.528185,4.480335,5.062931,-1.2817578,-4.396761,-3.4643607,-5.3599906,-6.5164585,-0.25045967,6.8268824
1886,31.433333333333334,0.0012691928,0.0,4635.017192872457,584.685206254562,1612.8721061336182,2782.187779950461,0.027200295261307256,0.09461126666333049,5.728714788228517,-493.50873,75.82927,33.92446,7.814534,4.766903,6.1710625,0.71294904,-6.474206,-10.0685625,-10.463953,-6.6721563,1.4172766,6.6386595
1887,31.45,0.0011125638,0.0,4746.020431744793,641.7375217291077,1639.781740049178,2779.320106441153,0.027200295261307256,0.09461126666333049,5.728714788228517,-499.87674,67.24529,26.910183,3.1894112,1.6595632,3.1440983,-1.4750407,-5.260823,-4.933814,-4.3688226,-2.5457268,3.7800584,8.869127
1888,31.466666666666665,0.0011328709,0.0,4527.502199583713,633.0563077397252,1689.951897854135,2751.4335505624463,0.027200295261307256,0.09461126666333049,5.728714788228517,-500.2812,66.47931,26.989223,5.859255,5.4293327,4.157865,-3.7028303,-6.7613664,-3.333912,-2.6605759,-4.871991,-2.4102335,2.5556839
1889,31.483333333333334,0.0010740426,0.0,4884.361836742743,626.2499512966301,1648.529854879449,2744.256729985987,0.027200295261307256,0.09461126666333049,5.728714788228517,-503.14737,65.68074,31.491608,11.346271,8.618356,6.738535,-0.1623168,-4.684254,-4.729966,-4.6844435,-3.3421602,2.8387012,8.613646
1890,31.5,0.0009883535,0.0,5278.975589120237,637.7612672411909,1611.5939972093636,2729.556577951542,0.027200295261307256,0.09461126666333049,5.728714788228517,-507.93616,60.72058,28.544628,6.8844385,2.3064475,2.7449205,0.34697205,-2.0301402,-2.077989,-1.5735798,-0.051226556,4.066073,7.218705
1891,31.516666666666666,0.00081772107,0.0,5006.293894980188,603.3076120719334,1624.8244897178386,2715.703780818959,0.027200295261307256,0.09461126666333049,5.728714788228517,-510.1038,59.25967,29.848795,9.15424,4.1014585,4.7794247,3.1014524,-0.4793433,-4.366547,-8.004602,-7.9987926,-1.7421381,5.661088
1892,31.533333333333335,0.0007442917,0.0,5807.012993525852,619.2746147788657,1542.0827531146938,2724.5752403378306,0.027200295261307256,0.09461126666333049,5.728714788228517,-516.031,52.296577,25.573185,6.460626,1.9029536,3.5978537,3.8629684,2.0606468,-1.1681602,-5.648045,-8.161219,-5.44833,-0.7217808
1893,31.55,0.0007721392,0.0,6020.689672913257,675.4659001292739,1648.7848207653603,2779.912796997413,0.027200295261307256,0.09461126666333049,5.728714788228517,-519.3819,51.069836,29.880013,10.858789,1.6087414,0.20243615,1.3264804,1.3658772,-0.8829194,-4.23409,-5.8698344,-4.627308,-2.8653402
1894,31.566666666666666,0.0008373118,0.0,5659.517101303382,655.8461077374832,1655.0096830326697,2818.3250863879307,0.027200295261307256,0.09461126666333049,5.728714788228517,-519.8735,50.473946,30.762157,15.543076,10.053364,8.930329,6.788061,3.4418077,0.8977349,0.7639158,3.6375287,7.2420626,6.9630423
1895,31.583333333333332,0.001000884,0.0,5643.75011457735,583.9139882349203,1662.8948383922598,2854.6573888169783,0.027200295261307256,0.09461126666333049,5.728714788228517,-520.3207,50.18073,31.703423,17.479702,10.055792,4.6208544,0.76247525,0.40675086,0.35643312,-2.960955,-5.8415003,-3.3167713,1.6115208
1896,31.6,0.00097462395,0.0,5358.2135521909695,577.367108183438,1689.1326445639402,2918.1758595377146,0.027200295261307256,0.09461126666333049,5.728714788228517,-516.3071,55.657837,35.231136,17.021643,7.4391217,4.098487,2.78344,1.1757218,-1.6033988,-4.320902,-3.932947,0.09051582,3.717316
1897,31.616666666666667,0.00088767096,0.0,5813.912097927763,623.6587946749398,1607.1176023189794,2928.8970098132972,0.027200295261307256,0.09461126666333049,5.728714788228517,-521.5965,49.62175,31.854898,15.490094,7.650149,6.7311897,6.7159567,4.038357,-0.107315466,-2.6974525,-2.5487816,-0.94700843,0.42030022
1898,31.633333333333333,0.0008911212,0.0,6074.765121378354,622.6961582274095,1708.513944214372,2862.1976374775677,0.027200295261307256,0.09461126666333049,5.728714788228517,-527.6672,42.940804,29.74041,17.84797,11.953765,10.29053,8.752378,5.409915,1.2637672,-1.6333216,-2.193961,-1.0848985,0.2141996
1899,31.65,0.0009788866,0.0,5577.180617281904,514.2721657550686,1700.4280450385436,2737.280678047956,0.027200295261307256,0.09461126666333049,5.728714788228517,-521.6598,52.288612,39.79023,25.507236,14.157537,6.971051,2.4965763,-0.8536611,-3.2667313,-4.0406985,-2.9473817,-0.79828715,1.1567035
1900,31.666666666666668,0.0008997994,0.0,5882.062735959677,568.9679871635459,1584.2407207003876,2768.2660171442467,0.027200295261307256,0.09461126666333049,5.728714788228517,-520.1673,53.07879,37.89219,21.834976,10.50145,4.424962,1.3947449,-0.39525008,-1.3675857,-1.1778579,0.3414438,2.399619,3.4748855
1901,31.683333333333334,0.0008183524,0.0,6164.60969598669,826.5391330348815,1904.6281535950343,2829.8848814745907,0.027200295261307256,0.09461126666333049,5.728714788228517,-529.238,41.240067,28.90929,16.908804,9.385082,5.462246,2.745205,0.48297125,-0.716411,-0.4222772,1.2019849,3.583103,5.6860766
1902,31.7,0.0006742323,0.0,5694.8614359374105,847.9748021093882,2068.9950635531113,2939.426171272461,0.027200295261307256,0.09461126666333049,5.728714788228517,-532.88635,38.292263,30.65467,22.398293,16.462133,13.025831,10.319878,6.906349,3.0887628,0.3034168,-0.5567819,-0.07288931,0.33614933
1903,31.716666666666665,0.00071596785,0.0,6473.619726969202,677.4736947037808,2031.6759089451705,2991.30770179589,0.027200295261307256,0.09461126666333049,5.728714788228517,-537.83276,32.826134,28.705563,23.546255,18.348957,13.244444,8.184197,3.6465862,0.40484977,-1.2783076,-1.9260719,-2.2390869,-2.4060104
1904,31.733333333333334,0.0007281969,0.0,6050.7122106645775,966.637387296541,2057.9661456879944,2979.047237416035,0.027200295261307256,0.09461126666333049,5.728714788228517,-532.49207,38.918392,31.290184,22.522081,15.359171,10.7145405,8.152876,6.612796,4.8428035,2.1351206,-0.90720713,-2.783142,-2.6390257
1905,31.75,0.00084353855,0.0,6116.192898846017,1083.3844904851676,1827.3304270559374,3062.937786102539,0.027200295261307256,0.09461126666333049,5.728714788228517,-532.05115,39.4905,31.70745,22.93399,16.489594,13.4203825,12.408754,11.321192,8.987137,5.843763,3.1851692,1.8825564,1.6887443
1906,31.766666666666666,0.0007751069,0.0,6257.210498859736,1006.9184143468755,2222.074950422887,3272.9801691890307,0.027200295261307256,0.09461126666333049,5.728714788228517,-536.13446,34.758957,29.47756,23.11975,17.452433,13.011057,9.454418,6.436983,3.9915113,2.2589278,1.1957811,0.6940691,0.8045048
1907,31.783333333333335,0.0006693074,0.0,6775.170802451753,1079.151012885106,2251.6564466517043,3272.060345772395,0.027200295261307256,0.09461126666333049,5.728714788228517,-538.0432,31.436266,24.934696,18.07293,13.374831,11.008126,9.59518,7.8595934,5.3742695,2.2851067,-0.97864026,-3.6044993,-4.5391307
1908,31.8,0.00070097274,0.0,6289.479342311881,1269.1009262697505,2369.4730165524543,3391.449983417644,0.027200295261307256,0.09461126666333049,5.728714788228517,-538.4426,31.830246,27.43246,22.31586,18.222786,15.676239,13.927763,11.8068695,8.738485,5.164339,2.1458492,0.5508789,0.4604575
1909,31.816666666666666,0.000893373,0.0,6952.934758889096,1246.9718087657109,2461.7445276899116,3496.2108969203427,0.027200295261307256,0.09461126666333049,5.728714788228517,-539.81366,29.637402,24.587849,18.597656,13.483799,9.944288,7.8289356,6.7773495,6.418914,6.233472,5.682454,4.670753,3.6906238
1910,31.833333333333332,0.0008239499,0.0,6379.411417800492,1005.1127359048764,1692.640888367403,2972.3793354655472,0.027200295261307256,0.09461126666333049,5.728714788228517,-535.5691,35.571228,30.255785,23.835953,18.484444,15.252878,13.703576,12.494754,10.4611,7.4347224,4.273967,2.1411903,1.5891311
1911,31.85,0.0007286856,0.0,6859.592337532312,884.7527597401834,1522.2249087862604,2746.235559538981,0.027200295261307256,0.09461126666333049,5.728714788228517,-538.95917,31.074207,26.751831,21.909779,17.896688,14.719158,11.818626,8.971195,6.2676983,3.6729379,1.1507226,-0.81267405,-1.3539577
1912,31.866666666666667,0.000580102,0.0,7691.379438102171,857.1737543087077,2008.2753709829447,2865.030298055869,0.027200295261307256,0.09461126666333049,5.728714788228517,-537.3603,32.255917,25.18571,17.280697,11.531548,8.795221,7.816103,6.687977,4.401116,1.3411355,-1.3436782,-2.7424977,-2.7483556
1913,31.883333333333333,0.0006574627,0.0,7668.438393862481,720.5077135515473,1963.5898993583385,2851.82685296328,0.027200295261307256,0.09461126666333049,5.728714788228517,-538.0765,32.317276,27.94474,22.766506,17.717987,12.783081,8.112316,4.3260336,1.7003999,-0.118593425,-1.2976996,-1.3816111,-0.13471496
1914,31.9,0.0008800666,0.0,6629.322865451106,731.306303796922,1871.0926376092025,2907.957901947866,0.027200295261307256,0.09461126666333049,5.728714788228517,-535.35144,36.235054,31.691788,25.757225,19.950565,15.189297,11.592263,8.772148,6.3056602,4.0391335,2.091507,0.6531351,-0.21526164
1915,31.916666666666668,0.0060605183,0.0,3372.0770832934486,440.9617514050765,1771.6527507340177,2581.821679386924,0.027200295261307256,0.09461126666333049,5.728714788228517,-509.04602,69.54826,55.911762,39.88661,24.097616,8.846619,-4.04754,-11.803341,-14.283632,-13.773577,-11.393009,-6.748599,-1.1303089
1916,31.933333333333334,0.00683559,0.0,1304.4391660489182,501.5356788695619,2291.477670492486,2765.3482048741344,0.027200295261307256,0.09461126666333049,5.728714788228517,-467.54327,109.13832,65.97867,46.182823,38.808617,11.566701,-25.503149,-36.636486,-21.056652,-10.366787,-15.29743,-16.48016,-4.8951015
1917,31.95,0.011704773,0.0,2359.973299818733,482.18071612087385,2240.8030429317278,2784.40795231439,0.027200295261307256,0.09461126666333049,5.728714788228517,-497.47128,74.18104,43.9287,31.133934,29.41492,14.289568,-11.23732,-22.543282,-15.22247,-9.351357,-14.267507,-17.0979,-9.035114
1918,31.966666666666665,0.052059963,0.0,1353.7795228897799,473.76339685395845,2096.052242016585,2634.565096099425,0.027200295261307256,0.09461126666333049,5.728714788228517,-336.3143,182.08026,-1.6601909,-1.4595563,57.79918,32.58592,-36.402817,-47.15059,-3.2850556,2.895657,-25.936647,-22.75422,-1.736768
1919,31.983333333333334,0.106649585,0.0,1387.209284023214,463.372351501089,2082.1778752034616,2601.568607991598,0.027200295261307256,0.09461126666333049,5.728714788228517,-282.82437,208.58191,-13.464746,2.405415,62.91349,33.983147,-39.032757,-49.267876,-2.1593754,4.2290554,-24.240118,-23.133715,0.52279043
1920,32.0,0.15880267,0.0,1613.5055750699685,455.0881910724927,2059.915682006483,2581.1866128158276,0.027200295261307256,0.09461126666333049,5.728714788228517,-208.89127,218.16599,-29.572083,-4.5515404,51.635986,37.61065,-42.31904,-45.186344,-4.3462744,5.7091894,-22.981686,-22.123951,-8.2119875
1921,32.016666666666666,0.1953395,0.0,1600.8106806899737,445.5516116509128,1985.7103196951084,2511.628906706762,0.027200295261307256,0.09461126666333049,5.728714788228517,-195.43779,212.54495,-26.009611,-8.907183,55.89737,43.34382,-39.115223,-35.362274,-18.831604,14.804208,-28.780655,-21.376728,-6.673629
1922,32.03333333333333,0.17483139,112.0558401546754,1492.1599469400394,420.14817755937037,1877.3301411273685,2522.0895628647577,0.027200295261307256,0.09461126666333049,5.728714788228517,-209.78654,193.72339,-1.6816857,-3.9664783,44.860992,37.580597,-19.392302,-29.032545,-27.476963,12.605705,-25.054592,-11.146858,-18.367338
1923,32.05,0.12129373,111.35751200003283,2252.593608074829,438.20006029933114,1800.0262193834267,2632.1182762273097,0.027200295261307256,0.09461126666333049,5.728714788228517,-228.44188,157.25679,8.365391,6.784297,28.60662,33.918312,-3.9481473,-14.935728,-17.567993,8.875986,-28.755756,-2.9720418,-3.0619655
1924,32.06666666666667,0.038650353,0.0,9269.784276571701,577.2461149849995,1888.3122211143066,2695.468264527511,0.027200295261307256,0.09461126666333049,5.728714788228517,-240.13365,34.253223,21.919102,31.760916,0.146697,22.26494,-5.455771,-8.12465,-4.8551273,19.758528,-13.386424,17.59625,-7.594609
1925,32.083333333333336,0.016799293,0.0,10271.166672025134,707.7243412351851,1986.419455001866,2761.3020401301956,0.027200295261307256,0.09461126666333049,5.728714788228517,-264.33142,-5.73515,13.426365,21.18266,-26.905777,17.355656,-30.625723,-22.072493,-8.243912,9.601774,-15.17757,13.761314,-5.704878
1926,32.1,0.012144904,0.0,10086.648630016465,642.0373235848153,1910.7635964383037,2919.222979232276,0.027200295261307256,0.09461126666333049,5.728714788228517,-355.44736,-15.095621,19.884829,38.843536,-24.184208,24.039127,-12.457724,-14.813285,-9.284223,2.5325038,-20.926628,6.190221,-7.3694057
1927,32.11666666666667,0.003215269,0.0,9315.881924335601,545.9310024780187,1903.9522708020722,3009.9801412367783,0.027200295261307256,0.09461126666333049,5.728714788228517,-489.81763,30.98666,42.400124,32.27851,-1.9582183,18.17006,5.1596317,-7.2988186,1.0391253,5.5766363,-8.518627,5.058393,-4.975419
1928,32.13333333333333,0.005883815,0.0,9409.968617725495,407.82250355617185,1979.8418143017807,3180.8095471805486,0.027200295261307256,0.09461126666333049,5.728714788228517,-492.53333,25.19123,39.811867,40.444183,13.012948,13.764921,13.233226,6.4751062,-5.8302417,10.467369,-10.398602,1.1275697,-0.12101519
1929,32.15,0.014672153,0.0,8367.523786241085,369.97669176347085,2049.4430662972677,3186.554897896808,0.027200295261307256,0.09461126666333049,5.728714788228517,-283.92123,29.006973,8.642924,52.119698,0.19026405,1.909307,-13.299561,-8.770256,-28.312487,11.976721,-12.836037,-2.5674849,-15.495039
1930,32.166666666666664,0.12033136,0.0,3384.529447690391,462.76462081646355,1901.082925790243,2705.4114284094226,0.027200295261307256,0.09461126666333049,5.728714788228517,-215.42842,121.392136,9.130455,31.632877,21.421951,22.668095,-3.7002883,-20.299347,-27.613106,4.6110744,-18.008007,-9.154135,-14.902878
1931,32.18333333333333,0.17575473,125.18384635404341,1241.7702124728155,441.24002243746963,1790.304445619309,2496.2189375604735,0.027200295261307256,0.09461126666333049,5.728714788228517,-197.58736,226.21396,-15.534281,-15.132,33.194237,30.92905,-17.159672,-26.750916,-30.1559,7.326929,-23.929955,-13.64146,-10.775502
1932,32.2,0.18729965,118.88932734756821,1105.4589380870154,459.9160181870008,1655.0427204828547,2405.688867872879,0.027200295261307256,0.09461126666333049,5.728714788228517,-217.41608,245.23877,-7.754972,-32.00378,28.568724,33.462963,-17.503769,-33.65355,-20.93696,0.045855165,-24.965752,-10.86356,1.5593026
1933,32.21666666666667,0.14286168,114.22761228013063,989.6369371106514,410.0185188423467,1506.9934841378486,2358.2961293841586,0.027200295261307256,0.09461126666333049,5.728714788228517,-271.38403,242.62656,4.361259,-37.68766,28.822624,40.166794,-10.96211,-21.89647,6.0751524,-3.3292372,-26.042057,-15.6958065,-2.5013995
1934,32.233333333333334,0.12664267,111.87581397176622,991.6362440951523,405.7449231737455,1466.1852440668497,2340.4468131242147,0.027200295261307256,0.09461126666333049,5.728714788228517,-271.32724,245.84702,6.9901524,-35.66873,23.704395,35.177517,-4.5017557,-20.902618,3.5688758,7.193918,-18.240673,-21.426517,-2.0499299
1935,32.25,0.13668443,107.44156489919044,1112.7935556969287,466.9794218989514,1543.8285312608855,2351.332863086912,0.027200295261307256,0.09461126666333049,5.728714788228517,-234.43326,252.5704,-7.884633,-33.355293,29.581005,27.179516,-10.8979435,-21.634468,-10.356131,-0.43133175,-23.621868,-11.579191,5.905003
1936,32.266666666666666,0.13849816,102.93209726944437,1188.6254231731805,496.7224938638207,1718.8754763109853,2406.8786162331326,0.027200295261307256,0.09461126666333049,5.728714788228517,-231.58035,240.91165,-9.412896,-24.827438,38.54431,26.775352,-21.84114,-20.92154,-20.187126,2.223155,-17.01746,-8.0721035,2.84262
1937,32.28333333333333,0.12019625,101.29456391298821,1051.8393530780781,469.25027477414926,1723.6974424102846,2423.266305594042,0.027200295261307256,0.09461126666333049,5.728714788228517,-262.12814,226.10303,7.6413674,-8.865567,35.37765,26.360188,-11.538005,-23.249882,-23.419352,3.4521832,-16.56026,-11.573377,-0.5839498
1938,32.3,0.10138733,100.83776129244266,1058.7172124878887,434.62471802439546,1652.8549969081505,2418.858796274087,0.027200295261307256,0.09461126666333049,5.728714788228517,-279.6763,219.13205,17.73302,-4.994709,32.0115,28.696,-3.766951,-23.350193,-23.567451,7.904546,-17.916283,-17.110264,1.6020583
1939,32.31666666666667,0.08876917,99.48647078202404,1081.2211233449034,405.7258049642682,1627.614758712456,2436.6482041291365,0.027200295261307256,0.09461126666333049,5.728714788228517,-301.24072,205.16614,30.473385,3.4544754,25.873928,35.659622,-1.20893,-30.190536,-22.40466,9.735691,-20.73009,-17.377722,7.143319
1940,32.333333333333336,0.061861716,99.02303354277065,1933.4247397254528,386.3534362883141,1877.5865193382826,2503.642876940057,0.027200295261307256,0.09461126666333049,5.728714788228517,-313.1042,144.10071,40.761803,45.99578,11.270023,44.390427,11.006506,-33.066254,-24.089249,7.77151,-22.282795,-8.6313095,1.6689726
1941,32.35,0.02637044,0.0,7267.293112804029,451.8105097144566,2304.8177026777716,3016.1161078461855,0.027200295261307256,0.09461126666333049,5.728714788228517,-302.93112,38.9226,32.32404,81.131035,-4.840309,24.482296,7.1516585,-6.109427,-18.001612,15.819585,-19.328087,0.7265314,-4.950104
1942,32.36666666666667,0.026877256,0.0,8770.325282549104,827.207057742017,2535.3739351268846,3796.060221939297,0.027200295261307256,0.09461126666333049,5.728714788228517,-270.78442,-0.83556956,16.280678,69.870804,-16.367895,13.677546,-3.0452302,-9.922024,-10.493061,12.831312,-19.573051,7.398981,-6.21297
1943,32.38333333333333,0.02752017,0.0,8927.291930235147,1097.4752125878103,2609.014136657535,3517.1475982824777,0.027200295261307256,0.09461126666333049,5.728714788228517,-254.20053,-22.722042,-10.62002,52.736984,-26.07655,5.214636,-6.7024927,-7.4594717,-7.233431,21.772602,-12.301512,7.4666896,-0.76647013
1944,32.4,0.022851456,0.0,8625.778908238824,899.2374385235032,2167.037061494594,2762.069745538024,0.027200295261307256,0.09461126666333049,5.728714788228517,-270.2311,6.6364865,-15.4404335,39.22023,-20.111626,-1.317686,-6.074116,-3.1241143,-7.070142,15.4359665,-10.572849,13.176115,-0.17100117
1945,32.416666666666664,0.10132579,0.0,2933.512918030222,731.7903286785133,1541.024480941845,2696.7331580686723,0.027200295261307256,0.09461126666333049,5.728714788228517,-254.91452,141.40479,27.241714,32.986633,-11.67749,-4.8970423,-6.9389286,-3.5568337,-13.847422,-3.6745014,-21.657768,-1.5778978,3.5327017
1946,32.43333333333333,0.1617107,122.11980922465808,1005.7889552425164,566.6506193555916,1318.9570113590635,2584.2329671463176,0.027200295261307256,0.09461126666333049,5.728714788228517,-219.0174,237.05228,16.59743,-2.5388265,-10.082962,-19.099445,-8.485988,-8.846069,-18.47691,-4.687918,-23.820904,-9.912427,7.509882
1947,32.45,0.21166267,108.63553904029159,1041.651362133116,615.9613402947232,1348.567953994854,2559.3830391500965,0.027200295261307256,0.09461126666333049,5.728714788228517,-195.30838,247.81552,0.24293572,-15.761642,-8.101084,-23.57592,-14.6904745,-8.642693,-25.14695,-2.8778105,-22.719707,-10.097873,10.073532
1948,32.46666666666667,0.23004915,115.20401428678689,1039.2750317279608,645.6833208710419,1333.3347096475136,2663.459544286945,0.027200295261307256,0.09461126666333049,5.728714788228517,-204.9169,250.92056,0.33352065,-24.988564,-4.965122,-26.583033,-22.402338,-2.3881404,-14.3165245,-7.472384,-25.050331,-8.902006,13.940386
1949,32.483333333333334,0.21431622,116.88637700860966,1114.6644681623466,650.0554979704148,1319.1379815216517,2606.4926279096107,0.027200295261307256,0.09461126666333049,5.728714788228517,-200.83856,246.4152,-8.671297,-25.588612,4.92132,-24.215824,-26.279861,-4.068201,-6.7505555,-5.14043,-25.943117,-7.9316072,16.079044
1950,32.5,0.15540159,116.01897327831834,1337.3904755709545,615.7850838847012,1425.2140023610168,2562.5613097065507,0.027200295261307256,0.09461126666333049,5.728714788228517,-210.2902,230.45108,-10.384653,-21.577034,12.131573,-9.021413,-23.585888,-12.451417,-8.412116,1.1300712,-22.68859,-3.5586247,11.794121
1951,32.516666666666666,0.07708437,114.50377045691278,2405.6396396735618,734.2559857110226,1531.9114520044438,2779.672243448153,0.027200295261307256,0.09461126666333049,5.728714788228517,-236.29555,173.00262,-17.171663,-11.7907715,19.083664,8.58904,-12.74832,4.343253,-1.0672344,-5.9022713,-24.31304,16.265402,6.725548
1952,32.53333333333333,0.031788405,0.0,4786.535680230466,921.5931114507111,1625.4590631535568,3055.7831195334315,0.027200295261307256,0.09461126666333049,5.728714788228517,-226.91058,110.71283,-33.67401,-20.750698,11.448799,-3.5284998,-9.68274,23.381191,-3.6607966,-12.064211,-20.400993,39.32184,3.7312622
1953,32.55,0.024317207,0.0,5025.080813368675,1271.0588697246892,1827.32694567236,2926.6954850336256,0.027200295261307256,0.09461126666333049,5.728714788228517,-243.36813,89.52635,-55.417603,-18.17546,18.086632,-11.455915,-25.354916,9.287605,-10.530832,-4.595116,-8.629269,32.25211,-6.8648376
1954,32.56666666666667,0.018082337,0.0,4464.239084878345,1353.4051485113782,1935.3772300664434,2799.8949050726546,0.027200295261307256,0.09461126666333049,5.728714788228517,-286.12088,94.974976,-60.216972,-13.714352,23.057724,-2.5003672,-24.593624,5.3497295,-4.0106525,-2.6168902,-4.455602,21.0621,-13.32243
1955,32.583333333333336,0.011147023,0.0,4107.815294702351,762.3294380699548,1962.1357625658782,2881.9644160571565,0.027200295261307256,0.09461126666333049,5.728714788228517,-334.60052,107.00601,-42.875237,-1.6642014,22.9486,-10.000936,-22.141588,-1.8755972,-3.0055919,0.17789584,-4.985289,22.005566,-7.8532286
1956,32.6,0.006297244,0.0,4420.297251292537,733.474739901784,2050.205276387125,2694.894617282408,0.027200295261307256,0.09461126666333049,5.728714788228517,-372.82568,103.82851,-29.12598,-1.514009,31.485817,5.758434,-16.7103,-14.77052,-8.930952,12.07975,-6.172721,3.9151244,-14.190361
1957,32.61666666666667,0.016472869,0.0,4837.649555101276,522.9590985942234,2143.842867907784,2560.6377331958224,0.027200295261307256,0.09461126666333049,5.728714788228517,-389.6539,88.398315,-13.884153,21.993492,49.00215,19.493835,-8.379636,-20.277636,-8.068123,18.310175,-0.48186135,6.034896,-13.299531
1958,32.63333333333333,0.059966642,178.51730058821656,2063.0336716461206,311.2225271746712,2053.613561945584,2576.197744596806,0.027200295261307256,0.09461126666333049,5.728714788228517,-369.07114,120.26619,14.613443,41.926563,61.835304,36.554104,0.9178037,-16.554272,-18.631443,5.5470586,-15.230362,-13.876932,-25.272816
1959,32.65,0.13505162,0.0,1451.7081005682717,375.6245917920156,2048.639641748762,2512.3847186990884,0.027200295261307256,0.09461126666333049,5.728714788228517,-241.22377,207.67822,-22.739313,-1.3697677,56.685616,30.28836,-29.668564,-36.925896,-23.229086,12.812904,-20.676277,-25.309258,-14.356486
1960,32.666666666666664,0.17511635,0.0,1400.2665210028376,423.254409318419,2009.144714593291,2477.39166745771,0.027200295261307256,0.09461126666333049,5.728714788228517,-221.69308,214.5918,-40.397034,1.4784423,52.9365,29.162502,-31.456497,-43.90925,-24.085384,5.08505,-19.193863,-36.07093,-14.611834
1961,32.68333333333333,0.17084827,142.6464670800166,1396.3344559205389,417.63155934179554,2013.2231343794206,2476.9959039771334,0.027200295261307256,0.09461126666333049,5.728714788228517,-251.325,211.95544,-36.80797,-9.735914,56.262814,32.589333,-30.262232,-43.49872,-17.298218,6.910279,-19.321861,-32.805836,-12.029746
1962,32.7,0.15500094,250.8943029510321,1421.7343430036944,418.64345441895364,2044.7741081689228,2515.514159450719,0.027200295261307256,0.09461126666333049,5.728714788228517,-241.84195,213.3984,-43.25602,0.6457951,63.37136,19.768768,-34.122826,-40.76677,-21.926453,0.15870315,-22.357712,-34.483437,-13.9925
1963,32.71666666666667,0.105254054,398.03202701752406,1608.8505529086233,410.09419127272577,2071.5284408617395,2545.699818868685,0.027200295261307256,0.09461126666333049,5.728714788228517,-274.2875,194.4054,-46.488617,3.6208112,71.199265,22.046371,-35.980442,-47.154655,-18.151691,-2.9979444,-23.720829,-31.827393,-14.081253
1964,32.733333333333334,0.03451661,399.06254725702945,1897.7126319001836,404.4704524514264,2075.1461278138804,2566.274502899226,0.027200295261307256,0.09461126666333049,5.728714788228517,-371.07538,137.40634,-9.495663,23.120022,60.116234,20.256222,-30.710915,-40.64501,-9.115278,1.7417855,-21.325996,-26.171755,-14.938522
1965,32.75,0.017543167,399.91467589457443,1431.173442021012,413.10441217179533,2051.2421727597334,2614.67199847401,0.027200295261307256,0.09461126666333049,5.728714788228517,-403.9805,136.155,15.589615,17.73206,56.546013,22.145847,-33.803196,-35.820457,-7.9739895,-5.5109615,-21.926132,-22.875973,-16.251747
1966,32.766666666666666,0.006067902,0.0,3505.0292300374194,430.764705197867,2063.972056636849,2799.429694646731,0.027200295261307256,0.09461126666333049,5.728714788228517,-505.5405,62.937138,34.4326,26.513472,31.420494,20.976921,-4.0611987,-17.819181,-13.219427,-9.544182,-17.13095,-22.615944,-14.454287
1967,32.78333333333333,0.0018703565,0.0,4131.151983935604,443.22387299367625,2048.3090116293947,2952.398644896953,0.027200295261307256,0.09461126666333049,5.728714788228517,-516.221,57.212128,41.518677,30.017788,23.721184,15.689558,4.8945694,-2.4443383,-3.9191885,-4.3877454,-6.9888325,-7.890715,-3.1517668
1968,32.8,0.0017818614,0.0,4589.647246613752,354.0694093444333,2017.355052963603,2944.5656646764314,0.027200295261307256,0.09461126666333049,5.728714788228517,-523.88525,48.92222,38.201233,29.86058,24.43283,17.21272,7.7240877,0.89949816,-0.7016134,-0.1860953,-0.79596364,-1.7222265,-1.2162287
1969,32.81666666666667,0.001524983,0.0,4387.000266162892,558.7311358342135,2031.7930322670434,3127.1524415593594,0.027200295261307256,0.09461126666333049,5.728714788228517,-527.1563,46.171463,38.486214,30.776512,24.445599,17.735239,9.766031,2.771079,-0.5815679,-0.69300246,-0.34284452,-1.0243751,-1.5807817
1970,32.833333333333336,0.0013492163,0.0,5404.861825242728,842.5846853322037,2087.128723433595,3303.783557047742,0.027200295261307256,0.09461126666333049,5.728714788228517,-528.8617,43.32067,34.49391,25.572845,19.026264,13.969568,9.295256,5.7260447,4.150876,3.435215,1.4375021,-2.067736,-4.76968
1971,32.85,0.0009844464,0.0,6186.67560920743,535.6430348587909,2108.7457722089675,3117.9375215452164,0.027200295261307256,0.09461126666333049,5.728714788228517,-532.41077,39.24972,32.383606,24.825308,18.419224,12.858824,7.6460066,3.47958,1.1774042,0.10238685,-1.2267392,-3.0453148,-3.8829412
1972,32.86666666666667,0.004365767,0.0,3636.315355886731,405.51503937060477,2101.413524868948,2787.483611960639,0.027200295261307256,0.09461126666333049,5.728714788228517,-471.446,70.68808,-2.5784657,12.467286,55.811333,32.19272,-23.204819,-26.720316,6.7782197,14.803158,-9.087986,-17.43628,-7.013218
1973,32.88333333333333,0.010408581,0.0,2791.02861564886,352.5785948219761,2144.8704185176985,2665.199366686186,0.027200295261307256,0.09461126666333049,5.728714788228517,-418.752,102.662964,-5.077562,16.7847,63.15886,32.525364,-33.19433,-34.279278,1.3535285,9.859041,-14.527393,-14.908745,-7.682052
1974,32.9,0.08839061,0.0,1322.6296261726438,374.58063374334813,2090.703097919413,2651.8618121696427,0.027200295261307256,0.09461126666333049,5.728714788228517,-307.9378,196.53815,13.834453,-5.284334,45.973137,29.63055,-24.346811,-29.512066,-14.7271385,4.0539093,-16.201618,-10.763303,-14.357546
1975,32.916666666666664,0.13338389,0.0,1470.4927152411194,451.7988394944735,2046.6387706419505,2665.121728498713,0.027200295261307256,0.09461126666333049,5.728714788228517,-232.95146,220.61801,-18.65009,-9.762882,65.47406,34.275517,-38.041336,-34.903557,-17.731335,9.168179,-23.732803,-19.814291,-11.035194
1976,32.93333333333333,0.16324267,108.64376883637196,1367.8291813506066,448.5217717225726,2015.2639586254625,2597.92988648974,0.027200295261307256,0.09461126666333049,5.728714788228517,-225.8835,216.37027,-18.11047,0.72694695,59.806107,30.077091,-40.010384,-36.086967,-15.611948,6.995013,-20.703487,-17.47549,-11.8248
1977,32.95,0.168373,106.04070945567672,1393.7920413678198,445.0595665113361,1912.6902725372302,2537.7998858098513,0.027200295261307256,0.09461126666333049,5.728714788228517,-218.50754,216.23225,-23.730381,0.7638714,51.66829,27.098816,-26.895279,-32.55993,-26.570269,10.047222,-20.119602,-18.671755,-4.2111683
1978,32.96666666666667,0.14275074,106.36189325881595,1324.1909837966946,440.03835316820175,1810.9340470066813,2536.2327513362643,0.027200295261307256,0.09461126666333049,5.728714788228517,-221.86397,209.79428,-13.446754,6.4261208,41.00665,26.683678,-21.133007,-26.218624,-26.59349,3.697233,-23.50571,-13.718857,2.1429884
1979,32.983333333333334,0.09935019,104.25860851672914,1426.8845907373923,410.17645672885806,1680.047856885249,2504.563645010597,0.027200295261307256,0.09461126666333049,5.728714788228517,-269.95105,191.44415,16.897038,12.819628,35.53907,20.84127,-8.926922,-17.131207,-24.807793,10.477422,-21.183466,-4.9582777,-2.7349176
1980,33.0,0.04120321,102.46532625757843,3995.0009639606824,895.9631854518086,2037.1093598213843,3098.3769447170357,0.027200295261307256,0.09461126666333049,5.728714788228517,-293.94144,102.9281,2.7555962,52.73719,18.264023,12.873657,16.442848,1.1597619,-29.820354,3.8334131,2.6014085,6.158563,-7.9636183
1981,33.016666666666666,0.016513705,0.0,7868.831920020351,1567.2739524437197,2610.7688269412156,3948.7942395765012,0.027200295261307256,0.09461126666333049,5.728714788228517,-287.3441,13.3656,-19.761362,54.53811,2.351487,4.629822,6.288021,8.882631,-24.532646,7.7829385,-0.761082,13.222409,-7.8989334
1982,33.03333333333333,0.01957511,0.0,8824.916953984231,1421.882315818588,2386.89977922227,3925.5380141555706,0.027200295261307256,0.09461126666333049,5.728714788228517,-288.60663,-18.73811,-19.860203,55.767056,-15.813498,11.219389,0.6310619,9.198959,-19.503162,11.900579,-1.9424043,8.904216,-10.209295
1983,33.05,0.022282626,0.0,8844.186323503547,1468.64321347999,1999.7444692566896,3892.7022301537913,0.027200295261307256,0.09461126666333049,5.728714788228517,-298.03235,-33.376556,-17.872782,64.91956,-28.749182,14.563655,0.60903364,8.392193,-31.605846,1.95825,4.1790705,12.739526,-16.069973
1984,33.06666666666667,0.019704588,0.0,8383.104938776018,1659.883646233675,2585.0029529254084,3864.4454723575527,0.027200295261307256,0.09461126666333049,5.728714788228517,-318.01047,-39.357773,-29.510714,72.73726,-20.29184,17.798729,7.3443394,19.158741,-18.435234,1.532044,7.367799,17.567863,-7.50282
1985,33.083333333333336,0.0139711015,0.0,7576.911017814166,1513.95012961763,3093.018054167785,3809.281408942327,0.027200295261307256,0.09461126666333049,5.728714788228517,-348.91058,-17.772863,-35.307373,72.29144,-7.978889,8.714606,7.2958183,14.203924,-15.516323,7.1635513,0.806378,14.510926,7.973613
1986,33.1,0.0052602775,0.0,7149.634021092358,1469.6967169736004,2587.483863900769,3770.800675972417,0.027200295261307256,0.09461126666333049,5.728714788228517,-463.114,22.635237,-10.841683,47.259644,8.288549,2.8293257,21.24937,14.485034,-0.5328249,2.9708657,6.1895638,-4.4423957,-1.2678058
1987,33.11666666666667,0.0011299987,0.0,7256.662041220763,1370.3530042504556,2443.968428545693,3447.992292668916,0.027200295261307256,0.09461126666333049,5.728714788228517,-529.7643,33.80874,22.405972,22.691502,16.16756,12.7200165,16.25815,9.762518,-0.6253228,-0.6595796,3.262001,2.0051565,1.390987
1988,33.13333333333333,0.0009449739,0.0,7173.318698124285,1112.433817153344,2223.393476033284,3163.0955538532808,0.027200295261307256,0.09461126666333049,5.728714788228517,-534.6807,36.121872,29.375355,21.908493,15.927225,11.550245,8.094227,5.558338,4.4158726,4.404685,4.319849,3.2414355,1.5493634
1989,33.15,0.00079692295,0.0,7007.556242629864,1099.4863097591647,2341.9577356070076,3471.3729307184894,0.027200295261307256,0.09461126666333049,5.728714788228517,-538.5328,31.699537,27.30809,22.031115,17.151546,13.040453,9.601694,6.6046495,3.7771053,1.1319616,-0.7938651,-1.4602422,-1.0997795
1990,33.166666666666664,0.00067898765,0.0,7339.31057314901,1163.571842759673,2301.0561152260007,3511.6161932078917,0.027200295261307256,0.09461126666333049,5.728714788228517,-540.71063,28.904978,25.114553,20.431381,16.29457,13.400236,11.507988,9.85857,7.8408647,5.420574,3.074192,1.356737,0.4727334
1991,33.18333333333333,0.00067516736,0.0,7191.63043216668,852.0820324371634,1763.7996032056844,3037.163796465511,0.027200295261307256,0.09461126666333049,5.728714788228517,-537.16876,33.651543,29.069813,23.071144,17.18114,12.382561,8.971016,6.8024426,5.584897,4.990909,4.6519747,4.2076054,3.4392824
1992,33.2,0.00064697344,0.0,7162.002820841057,474.7681638163637,1453.944521162837,2687.096135843493,0.027200295261307256,0.09461126666333049,5.728714788228517,-537.36,33.03825,27.70683,21.2305,15.796934,12.557401,11.245797,10.6603565,9.590903,7.556012,4.9373026,2.5477834,1.0160284
1993,33.21666666666667,0.0064453795,0.0,5549.96970264286,487.09908801378214,1595.7802651641084,2638.9900543852514,0.027200295261307256,0.09461126666333049,5.728714788228517,-515.49524,58.496033,40.982315,23.83715,13.541294,8.90387,4.944983,-1.2687793,-8.398781,-12.677052,-11.440517,-5.8987384,-0.79921436
1994,33.233333333333334,0.008085141,0.0,1866.3945854073381,388.1229953543917,1458.200210026421,2583.184238418019,0.027200295261307256,0.09461126666333049,5.728714788228517,-442.41583,117.522125,39.63818,12.897116,4.2328215,-4.8161645,-2.6165476,-5.7918015,-18.485403,-30.123672,-37.04559,-25.337215,-2.9221108
1995,33.25,0.0108001055,0.0,4157.077350022715,394.55034887051795,1506.4485837005468,2590.3437311104117,0.027200295261307256,0.09461126666333049,5.728714788228517,-495.92484,63.498764,36.386566,28.810253,18.134766,6.9874325,7.854675,-0.74870074,-19.045897,-15.931819,-21.734726,-14.206919,-5.0788374
1996,33.266666666666666,0.013164174,0.0,4694.152707324827,468.2274351138379,1793.52578385166,3014.9716827164216,0.027200295261307256,0.09461126666333049,5.728714788228517,-325.42242,96.25667,30.707447,57.25404,-14.852333,1.0598769,6.5847073,-3.2441483,-28.467392,2.9323177,-13.35327,-6.101308,8.016821
1997,33.28333333333333,0.022929247,0.0,8077.406491688943,964.3598553014531,2307.0204044367065,3745.4470835888515,0.027200295261307256,0.09461126666333049,5.728714788228517,-271.18106,13.506023,2.7257788,69.58884,-22.852486,11.220368,1.6288657,-1.3862402,-21.23056,10.704228,-10.0663185,-1.1033623,-11.882343
1998,33.3,0.029525287,0.0,8643.32717630034,1578.6115960533887,2563.2097972241254,3986.390346842903,0.027200295261307256,0.09461126666333049,5.728714788228517,-275.6298,-36.164368,-20.697414,60.039654,-38.47602,17.16564,-0.9277965,-4.581912,-18.844055,16.432438,-0.8614179,-2.744411,-7.447295
1999,33.31666666666667,0.034568887,0.0,8990.575754796884,1393.5795388817683,2614.1516152533586,4000.2518844437627,0.027200295261307256,0.09461126666333049,5.728714788228517,-275.96634,-44.13607,-12.235725,61.46854,-39.90262,14.0771675,-2.4751568,-8.280951,-11.270804,10.763278,-0.13859867,-2.4242811,1.719202
2000,33.333333333333336,0.03420143,0.0,8848.660586557176,1410.3944124736045,2551.1047854783974,3957.355160806921,0.027200295261307256,0.09461126666333049,5.728714788228517,-271.52307,-52.35885,-21.789543,65.4011,-38.38913,3.8677673,-11.8986225,-13.276585,-16.446163,5.9925213,2.0260851,-5.9237337,-15.189331
2001,33.35,0.02967591,0.0,8186.855887645068,1750.2188720552379,2556.4307543279488,3876.8971627299106,0.027200295261307256,0.09461126666333049,5.728714788228517,-266.5875,-39.328197,-41.759914,60.267998,-23.845078,4.6233573,-10.850705,-15.275757,-12.978418,16.988644,9.2464905,9.026687,-15.150366
2002,33.36666666666667,0.027996443,0.0,7016.769050391345,1197.609804022271,2421.5994147391866,3346.6114547485167,0.027200295261307256,0.09461126666333049,5.728714788228517,-299.73645,12.479839,-27.447208,73.25805,20.056063,18.251339,-4.492376,-11.731543,-15.156489,13.775164,4.7733784,2.2113113,-15.888565
2003,33.38333333333333,0.09614767,0.0,1822.834103293641,312.97728352025354,2182.5726084237376,2668.398830253251,0.027200295261307256,0.09461126666333049,5.728714788228517,-256.55157,155.79605,-28.35851,44.095093,59.78988,41.83364,-26.552551,-26.064274,-0.2008332,5.0468197,-18.766605,-25.149633,-10.942595
2004,33.4,0.12598276,117.65055158245875,1358.3554491272148,345.6770632031504,2215.2817732414205,2791.8624206236923,0.027200295261307256,0.09461126666333049,5.728714788228517,-254.83029,181.82114,-11.031372,40.62862,63.074646,29.357555,-38.22744,-29.392681,3.3657265,7.465409,-25.536888,-20.322447,-14.242225
2005,33.416666666666664,0.1449409,119.88122258896298,1301.1192891042006,374.3842837295021,2252.0053256000956,2861.938113672253,0.027200295261307256,0.09461126666333049,5.728714788228517,-260.14456,194.03763,-3.9654603,20.987965,56.331856,27.516382,-39.79386,-20.689632,10.290186,-1.5465927,-32.275764,-13.66453,-4.844731
2006,33.43333333333333,0.15296945,118.24569086342005,1116.008821868636,370.7426006855522,1994.6067772043486,2582.9624338698914,0.027200295261307256,0.09461126666333049,5.728714788228517,-275.0161,218.87433,5.2073402,-12.356308,56.5744,46.653362,-35.880775,-34.60685,7.11026,8.939455,-28.956234,-16.52137,-6.557949
2007,33.45,0.1456422,118.39991595391615,717.7729932095849,348.9204506234531,1555.656167820298,2281.230563626122,0.027200295261307256,0.09461126666333049,5.728714788228517,-318.6842,224.78761,34.751534,-16.38991,36.623188,42.563053,-12.194807,-32.5026,-1.8838826,10.635042,-12.948974,-20.876076,-8.680085
2008,33.46666666666667,0.121640265,117.52860460269535,618.2137538297661,318.36541733850873,1113.3558510427595,2276.484200808907,0.027200295261307256,0.09461126666333049,5.728714788228517,-342.76944,214.29108,50.603878,-5.976577,27.80346,33.745037,-7.0707517,-26.796104,-5.01877,9.159049,-8.16646,-22.220545,-13.866705
2009,33.483333333333334,0.08420842,112.74558903749133,530.5943093973221,302.63954667873344,1495.7376997726717,2315.1296148559954,0.027200295261307256,0.09461126666333049,5.728714788228517,-394.08112,182.43375,79.32345,25.551239,26.49817,22.624409,-3.9597301,-17.957596,-4.5270176,7.3756227,-2.4494746,-16.580751,-15.8646345
2010,33.5,0.039276354,108.50613738204737,917.061342458943,329.51198229633366,1943.3814771638777,2394.682136190372,0.027200295261307256,0.09461126666333049,5.728714788228517,-451.2155,129.6667,75.0569,38.083908,27.10492,18.856382,3.1447678,-6.7030616,-4.115755,-1.5995457,-7.246213,-11.170808,-4.846446
2011,33.516666666666666,0.008740124,0.0,2475.292131288509,679.2192236217169,1675.675671070855,2494.6794377599663,0.027200295261307256,0.09461126666333049,5.728714788228517,-492.6702,86.2845,59.524055,35.279076,21.073925,12.230589,3.808423,-2.3390696,-3.3508773,-1.7812926,-2.2184522,-4.763479,-5.9235964
2012,33.53333333333333,0.015592483,0.0,3192.27993780505,1050.9797212379888,1727.2690698849947,2596.3710957346175,0.027200295261307256,0.09461126666333049,5.728714788228517,-363.99573,143.2158,-3.6301324,-34.031616,-1.2794375,0.9488099,-14.118815,-2.515677,2.4075055,3.8227003,-22.723537,-1.806685,7.3881006
2013,33.55,0.058575276,0.0,2114.374199142211,732.3634072599789,1370.363997557148,2547.420157996455,0.027200295261307256,0.09461126666333049,5.728714788228517,-283.78278,185.40752,4.5989275,-25.004263,17.227459,11.249414,-9.592795,0.6524648,4.7953467,3.8913083,-33.715683,-5.7164326,-2.9482768
2014,33.56666666666667,0.116520785,0.0,818.5951682597309,398.43402368299775,1601.8281038354555,2503.5458405981526,0.027200295261307256,0.09461126666333049,5.728714788228517,-294.80875,238.702,17.295898,-29.77729,36.148422,39.919586,-10.978891,-23.461323,-4.1599846,-10.216352,-29.490446,-18.391123,2.3977246
2015,33.583333333333336,0.16513568,116.75388420920933,868.0072619654995,383.6765571139007,1626.9249097929085,2561.841007387232,0.027200295261307256,0.09461126666333049,5.728714788228517,-293.24173,233.77481,11.780886,-20.632427,45.95541,32.665733,-24.628841,-24.253056,6.0250673,-5.1922665,-34.5381,-24.451708,3.9628203
2016,33.6,0.18211189,115.43805248074975,855.9470030454663,410.4800697832753,1590.760526350647,2590.6401733595885,0.027200295261307256,0.09461126666333049,5.728714788228517,-266.17282,241.95117,12.060289,-24.593113,36.26589,33.561302,-23.724155,-30.154987,-10.271502,-14.931038,-27.983505,-6.8184714,-2.704692
2017,33.61666666666667,0.16722414,111.95238639647417,985.5687578116883,474.516286258711,1616.401766834367,2538.690354803175,0.027200295261307256,0.09461126666333049,5.728714788228517,-242.75613,242.43637,5.528511,-21.012516,31.315067,27.98257,-24.887527,-36.041782,-17.661392,-7.228913,-28.231733,-8.033751,-0.043114364
2018,33.63333333333333,0.11741575,104.97089892476362,1096.5618918118919,463.53886999963504,1609.7743035164174,2403.836500562871,0.027200295261307256,0.09461126666333049,5.728714788228517,-252.01561,243.55727,-1.6301488,-30.97431,34.45945,35.08013,-16.14364,-31.51511,-10.438059,-3.431345,-26.987608,-6.7956257,6.072222
2019,33.65,0.10341602,103.74468638767509,794.2955904023428,375.35879252188494,1540.0016225455684,2277.903964836825,0.027200295261307256,0.09461126666333049,5.728714788228517,-306.7514,229.85735,23.664993,-23.63632,34.329155,47.767105,1.8641797,-24.084822,-9.184927,-7.319702,-23.254581,-17.139484,0.21831983
2020,33.666666666666664,0.107365154,107.83723933910652,784.7454542994071,324.5039484032275,1506.3743015396574,2249.036827700064,0.027200295261307256,0.09461126666333049,5.728714788228517,-317.4594,224.51181,28.814507,-22.081059,33.40316,51.812836,5.46524,-28.552963,-12.031093,1.0124364,-16.48039,-20.435278,-1.9695553
2021,33.68333333333333,0.11360461,109.63147501754551,846.3883793560086,331.1706410808931,1625.680050072362,2303.704070500765,0.027200295261307256,0.09461126666333049,5.728714788228517,-315.5826,222.69019,22.531921,-23.459045,39.710976,50.979836,-1.1553589,-26.313187,-8.08318,-0.038048267,-18.07132,-18.612427,-2.5776448
2022,33.7,0.12732592,111.08561003992433,1145.3870302506841,391.363950390195,1823.8182654472544,2396.544195347406,0.027200295261307256,0.09461126666333049,5.728714788228517,-250.14209,232.72125,-9.915346,-20.837116,39.96807,29.737217,-10.324402,-26.98968,-14.723088,5.3053665,-19.672222,-7.5077314,6.242346
2023,33.71666666666667,0.13288513,111.1498399578105,1427.977498279538,465.33456146365836,1913.5522378868977,2473.756793295807,0.027200295261307256,0.09461126666333049,5.728714788228517,-216.12837,226.52673,-25.299915,-9.267637,45.88819,27.221796,-24.174126,-42.497185,-16.819012,17.318275,-23.565128,-18.838936,4.182988
2024,33.733333333333334,0.13482358,111.99761168465952,1646.9958873906867,471.7665512715273,1972.1972551208132,2543.9415821832176,0.027200295261307256,0.09461126666333049,5.728714788228517,-206.91997,209.83495,-33.70784,4.139552,47.95296,22.887947,-24.71696,-43.873787,-13.343945,19.404104,-25.479725,-20.201954,1.7645308
2025,33.75,0.13721521,112.70210344189778,1677.3540729133256,451.16446075925165,1952.7604510237813,2541.1604378310335,0.027200295261307256,0.09461126666333049,5.728714788228517,-203.58244,199.92284,-43.620335,26.920923,40.78899,21.233013,-12.151356,-47.958965,-14.320957,16.483856,-20.132954,-17.64294,-2.641375
2026,33.766666666666666,0.12839611,113.1958142299741,1330.5661951559123,394.84614629972015,1892.8665975715508,2471.9727560982374,0.027200295261307256,0.09461126666333049,5.728714788228517,-240.68306,201.4599,-23.301933,25.782097,38.0833,25.635956,-3.7503395,-49.974934,-18.170614,14.593924,-18.720236,-18.140116,-4.030508
2027,33.78333333333333,0.11290376,114.5339676981822,995.1567528316132,335.06434335151937,1518.1282182544721,2399.333475667475,0.027200295261307256,0.09461126666333049,5.728714788228517,-319.69995,205.42201,20.328808,5.752755,48.94609,36.53466,-12.233782,-38.535946,-5.3302736,19.42347,-12.896515,-30.13176,-3.1402063
2028,33.8,0.088806294,114.22878522041614,799.2914475884725,312.70378318404784,1641.6695542366851,2465.2932772120544,0.027200295261307256,0.09461126666333049,5.728714788228517,-354.32986,197.93924,45.291847,7.929284,44.154644,37.31144,-15.444647,-35.853424,-0.10111976,18.702868,-15.794001,-31.015522,1.7380695
2029,33.81666666666667,0.051728465,112.00815884070245,872.3213584169823,315.8147702644281,1965.1323032472621,2502.403982613809,0.027200295261307256,0.09461126666333049,5.728714788228517,-417.89337,151.35242,59.46816,25.58326,40.865303,33.21984,-4.4417205,-18.259441,1.8237851,9.789661,-9.580206,-18.994564,-1.6673448
2030,33.833333333333336,0.0125214355,112.50859672474981,1499.0397899368945,384.8104310297801,1610.8259792472165,2448.398020369762,0.027200295261307256,0.09461126666333049,5.728714788228517,-464.9172,111.22676,60.42588,30.380508,25.884,19.512188,1.8847122,-8.895098,-4.2604403,0.16497189,-6.549655,-12.914227,-7.715296
2031,33.85,0.0025980663,0.0,4502.240447757971,471.68846129956654,1895.5116503304268,2617.590683270784,0.027200295261307256,0.09461126666333049,5.728714788228517,-513.0338,58.985878,39.150078,28.118956,26.187204,20.89295,9.127146,-0.040124565,-2.0752892,-2.8587365,-6.3445115,-7.699253,-2.9585142
2032,33.86666666666667,0.001530413,0.0,5193.77462333729,396.7268841396723,2007.8303401178762,2603.0354280241354,0.027200295261307256,0.09461126666333049,5.728714788228517,-517.0905,56.18522,39.83589,25.947956,18.317432,13.112272,7.1950984,1.3923538,-2.718422,-4.642892,-4.123359,-1.6245233,0.84576243
2033,33.88333333333333,0.006702775,0.0,3737.8877319035173,542.1286613097994,2235.0281066640546,2560.9043129288234,0.027200295261307256,0.09461126666333049,5.728714788228517,-346.13947,121.607506,-39.09366,-0.48821127,16.775269,-8.355946,-6.183708,-15.240239,-0.25932884,7.132606,-14.638802,1.6000123,-0.45526168
2034,33.9,0.038052764,0.0,3207.364563775601,690.3851681468896,1999.4003572438608,2710.712194077264,0.027200295261307256,0.09461126666333049,5.728714788228517,-327.04346,132.97131,-34.776768,14.38843,27.93621,-0.59721124,-0.66777,-11.086412,4.0088387,7.650807,-13.37582,1.7562331,-3.6519868
2035,33.916666666666664,0.13918607,139.3348466722817,1244.0346236320297,362.96399090062545,1879.115171307155,2519.075342760252,0.027200295261307256,0.09461126666333049,5.728714788228517,-256.90375,205.43474,-12.586254,9.010827,49.362503,29.922047,-8.881385,-38.65884,-26.559063,10.073654,-15.979544,-32.04337,-8.371409
2036,33.93333333333333,0.18385234,119.41835105346473,1258.519189505548,412.0234970169164,1923.8855170144366,2480.4769570325584,0.027200295261307256,0.09461126666333049,5.728714788228517,-215.11504,215.65543,-22.745796,12.034928,40.24481,36.411846,-18.82338,-49.308693,-19.582413,10.372097,-16.908123,-29.025415,-13.296309
2037,33.95,0.19063617,123.95795497611041,1377.4033522673983,410.0102789143122,1932.738621435327,2466.8777453828143,0.027200295261307256,0.09461126666333049,5.728714788228517,-230.83401,199.45436,-21.573502,13.786379,38.188484,40.956367,-13.865574,-55.01935,-17.620077,15.2542095,-18.462673,-28.302212,-14.526706
2038,33.96666666666667,0.17800127,125.17065792835794,1324.435539737668,407.71582603730377,1952.6116693705083,2453.9723845090934,0.027200295261307256,0.09461126666333049,5.728714788228517,-245.3563,199.46338,-20.306328,9.213278,40.542953,38.167427,-15.9914,-54.568924,-18.704449,16.823439,-20.58434,-31.61277,-13.120417
2039,33.983333333333334,0.16652273,125.194234343386,1205.3642230723003,400.79989239718486,1974.9940113976766,2474.64985141593,0.027200295261307256,0.09461126666333049,5.728714788228517,-257.90466,208.25665,-11.617426,-2.5363774,46.45691,40.612984,-24.225842,-48.62055,-16.902008,10.852787,-21.201584,-35.05483,-14.042828
2040,34.0,0.1362333,236.0634152915341,1171.6143471062787,396.99644698192475,1986.7803224556635,2494.912270084504,0.027200295261307256,0.09461126666333049,5.728714788228517,-282.6363,203.20163,-3.2971516,-0.43736374,49.99919,38.684185,-21.514063,-44.262,-17.614748,7.096854,-17.955296,-32.72158,-16.00957
2041,34.016666666666666,0.09357496,395.17444169022724,1234.9916765362173,400.408885078476,2007.0764012462098,2515.838761687875,0.027200295261307256,0.09461126666333049,5.728714788228517,-327.47736,188.12021,2.0499454,4.932912,60.870758,35.22065,-27.244179,-41.198784,-10.078054,4.867013,-18.182032,-28.198196,-10.30406
2042,34.03333333333333,0.052399013,401.2109235433627,1131.3702673601388,407.96074482897177,2009.9148678180368,2513.544483974252,0.027200295261307256,0.09461126666333049,5.728714788228517,-350.14447,177.21347,9.170562,7.31861,59.627705,30.776634,-26.987877,-36.40692,-10.71586,-0.6763016,-19.574957,-26.738863,-16.165154
2043,34.05,0.03730019,401.94260121825874,1813.3078999024574,423.3914202118118,1976.2741028215812,2497.319865522674,0.027200295261307256,0.09461126666333049,5.728714788228517,-469.96027,93.09973,33.611862,24.081017,46.82202,38.801033,-2.6483877,-27.743958,-18.004787,-3.2041802,-8.157875,-23.630983,-27.309105
2044,34.06666666666667,0.0051455577,0.0,4240.403191584054,441.9649560020446,1888.8848304251749,2639.844841959293,0.027200295261307256,0.09461126666333049,5.728714788228517,-513.11975,56.459652,32.42192,20.290806,20.801773,17.716957,5.4997225,-5.0780845,-6.819941,-6.193382,-10.260262,-14.729973,-11.404607
2045,34.083333333333336,0.0010643296,0.0,5765.094852960833,464.91961158853445,1770.98695712173,2649.212752827855,0.027200295261307256,0.09461126666333049,5.728714788228517,-521.34827,49.373055,32.88635,21.17271,15.382729,10.669988,6.307215,2.0778117,-4.526658,-11.706739,-13.776438,-10.579857,-7.1699495
2046,34.1,0.0010013328,0.0,6130.623351203606,439.62958397934494,1796.172825820046,2518.2029278106706,0.027200295261307256,0.09461126666333049,5.728714788228517,-526.4962,45.612797,34.78476,24.49899,17.199562,11.458126,6.019799,0.9647119,-3.1529899,-5.582429,-6.2062445,-6.292452,-6.7479525
2047,34.11666666666667,0.000905643,0.0,5858.862864736229,651.6099225073249,2005.530245968808,2915.4168605092427,0.027200295261307256,0.09461126666333049,5.728714788228517,-528.36786,44.7322,36.954376,27.755817,19.80616,13.908077,9.469322,5.612712,1.9022257,-1.4044658,-3.514644,-3.8089066,-2.6737425
2048,34.13333333333333,0.0007745805,0.0,7114.802445106186,831.5205158081419,2105.4640005662777,3095.9852399148617,0.027200295261307256,0.09461126666333049,5.728714788228517,-530.1927,41.574524,32.715557,22.932589,14.980435,9.283708,5.589118,3.6730545,2.5434651,0.7379098,-1.8042768,-3.3016124,-2.459726
2049,34.15,0.00061539,0.0,8397.48846114112,556.8357447338566,1893.0863719760187,2887.8089814021655,0.027200295261307256,0.09461126666333049,5.728714788228517,-536.3789,33.843742,29.135244,21.633675,15.174553,9.586092,5.960514,3.818113,1.8320045,0.9825312,-0.6195019,-0.41294068,-0.8994795
2050,34.166666666666664,0.0006620274,0.0,7539.138046435921,483.6971463898045,1875.9892068973745,2970.972825825474,0.027200295261307256,0.09461126666333049,5.728714788228517,-540.24176,29.458263,25.411255,20.389265,15.664892,11.640432,8.085328,4.827488,2.1064386,0.28444743,-0.6462571,-1.1404148,-1.6623693
2051,34.18333333333333,0.0008118781,0.0,7249.118693045206,725.1372125336243,1945.8344871569216,2959.467789063966,0.027200295261307256,0.09461126666333049,5.728714788228517,-536.71594,33.910164,28.735619,22.717976,17.266327,12.720397,9.12819,6.393074,4.120106,2.0919714,0.60422796,-0.14871058,-0.5093027
2052,34.2,0.00082076853,0.0,6646.58662433314,1208.411815626178,2100.12819380216,3083.054610136798,0.027200295261307256,0.09461126666333049,5.728714788228517,-537.7234,32.673412,27.726526,21.666668,16.35389,12.62852,10.175379,8.176912,6.140115,4.2461395,3.0406532,2.8254251,3.292211
2053,34.21666666666667,0.00068528805,0.0,7067.127791835403,940.7423589268026,2109.082045581149,3112.785058575083,0.027200295261307256,0.09461126666333049,5.728714788228517,-539.7729,29.904734,25.587976,20.64201,15.871857,11.059385,6.5634527,3.677302,3.0534317,3.6493785,3.9349298,3.6456318,3.539257
2054,34.233333333333334,0.000954277,0.0,6467.074184627881,522.5299345618832,1813.105693241579,2898.7912774739993,0.027200295261307256,0.09461126666333049,5.728714788228517,-534.771,36.211082,29.633265,21.522583,14.149902,8.555557,4.7560153,2.520781,1.7553326,2.299593,3.6941981,5.323584,6.7084923
2055,34.25,0.010942972,0.0,1398.6456930557822,294.53878970710804,983.5633375028972,2575.670830891435,0.027200295261307256,0.09461126666333049,5.728714788228517,-479.40277,107.43713,83.912704,56.57349,31.090225,8.831997,-7.6095505,-14.95241,-14.622519,-12.1928005,-10.4648695,-7.4552736,-2.4413018
2056,34.266666666666666,0.014118248,0.0,986.4387808539236,152.4098099503771,845.049141790178,2523.4910213603125,0.027200295261307256,0.09461126666333049,5.728714788228517,-455.39844,129.35516,85.441696,52.4234,33.62452,12.52943,-10.386956,-18.690361,-11.815523,-7.773268,-12.450625,-11.558826,0.60883546
2057,34.28333333333333,0.081015594,0.0,726.3580297119145,327.35594726157234,1401.514049120693,2524.263701412597,0.027200295261307256,0.09461126666333049,5.728714788228517,-368.13773,189.84848,47.511364,5.121379,39.657623,34.578403,-14.301636,-27.401402,-0.029868178,5.4478445,-18.071037,-21.963158,0.8377202
2058,34.3,0.11472091,116.23004445462546,729.2138557826365,403.6575814514864,1308.425167131504,2502.0986520221136,0.027200295261307256,0.09461126666333049,5.728714788228517,-302.701,233.2836,29.980228,-3.6167116,48.672043,27.256697,-29.816933,-27.752712,6.415502,1.6187503,-26.965115,-24.209618,0.13889539
2059,34.31666666666667,0.1269547,111.36331540532576,708.0002044657912,407.89670195110585,1110.058207630198,2500.4932472933983,0.027200295261307256,0.09461126666333049,5.728714788228517,-315.29727,226.75656,36.246944,-3.0725172,43.913383,28.226555,-28.27503,-29.642305,5.4888983,0.6693628,-28.630337,-24.972914,1.6404822
2060,34.333333333333336,0.12009096,109.76824317759018,745.4216272635265,436.577320487268,818.5200187852042,2447.8165473556764,0.027200295261307256,0.09461126666333049,5.728714788228517,-310.64124,227.01674,36.520634,0.9403718,38.460293,25.454876,-23.16956,-36.034935,-0.017370224,11.08115,-21.512585,-22.234829,10.592394
2061,34.35,0.11237698,108.73516753458833,915.1260561466307,414.3408139322449,704.195106668561,2425.639026149952,0.027200295261307256,0.09461126666333049,5.728714788228517,-296.48788,228.43399,24.490173,-2.8515277,33.91896,22.89426,-22.566368,-39.311295,4.338731,23.61012,-17.218733,-25.769798,9.325346
2062,34.36666666666667,0.10617232,108.6877321333631,1050.9414793888106,320.35558065417587,1166.7566233769794,2449.8369985416866,0.027200295261307256,0.09461126666333049,5.728714788228517,-299.98782,219.18192,13.172127,-9.744204,33.232014,30.300537,-12.818625,-29.244755,15.902134,28.186556,-20.69482,-33.363,-0.4050321
2063,34.38333333333333,0.10430067,108.89125850759831,1021.580894782197,318.3827861648379,1538.8925109570532,2451.802964352838,0.027200295261307256,0.09461126666333049,5.728714788228517,-313.58075,210.86444,11.805635,-12.447502,43.556206,48.061485,-3.5160217,-30.002504,5.2099876,14.723565,-26.674934,-31.722977,8.957821
2064,34.4,0.100574724,108.57908972695822,1090.1990977998921,319.3526299926305,1517.6974492256186,2437.5104105198056,0.027200295261307256,0.09461126666333049,5.728714788228517,-316.7125,210.19098,15.361977,-13.261492,48.772614,51.34391,-5.3048954,-34.231533,-0.18840444,15.3501,-25.030697,-29.541574,9.419437
2065,34.416666666666664,0.11358855,110.14667321768981,1184.6691143285725,393.58027406113104,1521.7801479176635,2446.1238742426917,0.027200295261307256,0.09461126666333049,5.728714788228517,-264.8182,237.46222,-1.9235281,-28.87407,28.160738,34.77082,-2.7646184,-37.568256,-2.0928748,17.794128,-35.188377,-27.434502,19.085266
2066,34.43333333333333,0.13696349,111.02396956046685,1504.8707950992866,553.4365893775732,1569.3447070271227,2496.2240553181036,0.027200295261307256,0.09461126666333049,5.728714788228517,-207.7342,250.95369,-36.945847,-30.732843,29.207249,24.694122,-13.613424,-41.73288,-6.1479664,15.647566,-43.08482,-20.854773,35.58225
2067,34.45,0.156645,109.64400999902573,1554.0476300234614,663.4112736487033,1611.8177391569432,2533.7039202950755,0.027200295261307256,0.09461126666333049,5.728714788228517,-194.4726,243.19495,-48.803604,-30.594082,32.50303,8.369585,-13.060351,-26.125809,-7.2224255,14.258354,-30.519817,-4.3432612,26.149391
2068,34.46666666666667,0.16564825,110.09002566070752,1391.1958245506655,694.1180822182548,1550.6379162068952,2470.4610083356065,0.027200295261307256,0.09461126666333049,5.728714788228517,-193.76352,247.35847,-41.82887,-33.60851,24.977806,-0.16798702,-9.934389,-19.54576,-11.709879,15.703598,-24.424036,-4.624709,17.30701
2069,34.483333333333334,0.16623574,109.88219213344483,1243.0618034797692,667.7093536158012,1387.2242952553727,2303.909846347635,0.027200295261307256,0.09461126666333049,5.728714788228517,-201.83261,251.01822,-25.947126,-37.8936,11.647914,-2.2714474,-9.537659,-20.065159,-9.862225,18.155922,-29.380325,-6.6377053,13.483077
2070,34.5,0.12722412,109.5588739347499,1006.3829932859683,606.1223287446079,1214.9480512289838,2203.099058456389,0.027200295261307256,0.09461126666333049,5.728714788228517,-243.57834,248.10422,13.996288,-30.427654,0.74138176,-4.452993,-11.405729,-19.986095,-8.87175,16.66095,-33.33014,-14.450874,6.453676
2071,34.516666666666666,0.06363969,0.0,1025.2735977743687,639.5724115186398,1023.7075120075697,2226.7887041268355,0.027200295261307256,0.09461126666333049,5.728714788228517,-353.92664,202.17236,49.580948,-12.691436,0.7389856,1.9229444,-16.460255,-14.995314,3.2291641,2.5811467,-14.968288,-11.4978895,-3.4138007
2072,34.53333333333333,0.007708445,0.0,2834.181146783011,690.4352214182106,1343.5020955781663,2319.741654185134,0.027200295261307256,0.09461126666333049,5.728714788228517,-468.38763,103.31514,45.92717,10.400726,4.6962495,2.3342834,-7.1403294,-9.136028,0.7539252,5.45901,-4.1536565,-13.214882,-6.4546
2073,34.55,0.0018238258,0.0,3662.1203794676776,592.8389564137558,2058.3898870105104,2660.9192143589034,0.027200295261307256,0.09461126666333049,5.728714788228517,-503.3226,71.846725,46.746376,24.362366,11.1741085,2.6128278,-4.7360597,-8.066249,-5.627085,-1.4604514,0.44305176,1.6699493,5.093621
2074,34.56666666666667,0.0014360825,0.0,4487.986144914058,594.1592576218356,1962.2412049097038,2887.8392360859016,0.027200295261307256,0.09461126666333049,5.728714788228517,-517.0193,56.509754,39.511784,22.802628,11.859905,5.400531,0.71412915,-2.0234418,-1.4986875,1.1621053,2.74979,1.5593693,-0.779861
2075,34.583333333333336,0.0010291121,0.0,4427.556785222916,588.4089363426436,1728.2057414180636,2884.478052378999,0.027200295261307256,0.09461126666333049,5.728714788228517,-519.4331,54.200363,39.7972,25.831062,17.068087,12.165175,8.133629,4.467135,2.292395,1.6472907,1.4558237,1.3715556,1.8805403
2076,34.6,0.0010383338,0.0,5548.235853581698,741.3980241245156,2093.2690863222674,3300.2781796124286,0.027200295261307256,0.09461126666333049,5.728714788228517,-525.60706,48.109108,38.79216,27.386034,17.334482,10.126641,5.157714,1.0586319,-2.7735026,-5.666044,-6.411648,-4.475209,-0.6384678
2077,34.61666666666667,0.00078312197,0.0,6565.7497466324,944.7336353387275,2445.5977227427366,3532.4052117065016,0.027200295261307256,0.09461126666333049,5.728714788228517,-534.6527,37.22193,32.66416,26.485779,19.729618,13.165199,7.66115,4.0275707,2.3505104,1.8605757,1.6695026,1.414288,1.0667098
2078,34.63333333333333,0.0006391562,0.0,6592.8481257942485,715.5350321586321,2134.959649583913,3281.4577399891295,0.027200295261307256,0.09461126666333049,5.728714788228517,-533.3049,38.011787,30.76249,21.948965,14.19919,8.585356,4.7027187,1.7408991,-0.588498,-1.9987649,-2.2336926,-1.5847101,-0.8145409
2079,34.65,0.0006052711,0.0,6097.0796855182525,538.2975646853374,1941.3477224234423,3167.9763688038865,0.027200295261307256,0.09461126666333049,5.728714788228517,-534.92584,35.89611,29.07674,20.758898,13.507176,8.532488,5.6313314,4.036325,3.2329893,3.0856779,3.4322362,3.788085,3.5417948
2080,34.666666666666664,0.0006582742,0.0,6790.863410543809,552.7646450973787,2198.273769517886,3357.913269172591,0.027200295261307256,0.09461126666333049,5.728714788228517,-539.99,29.590551,24.730194,18.156107,11.463426,5.883525,1.9447175,-0.47874027,-1.841144,-2.5691762,-2.8845844,-2.8541622,-2.551923
2081,34.68333333333333,0.00075559644,0.0,6161.828196725019,817.8106836300624,2269.0236521312268,3296.8409024643856,0.027200295261307256,0.09461126666333049,5.728714788228517,-532.07916,39.854095,32.93579,24.617815,17.372807,12.1742115,8.647921,5.879907,3.1196616,0.2303047,-2.1494389,-3.0252402,-1.9916188
2082,34.7,0.0009114305,0.0,6353.893895370762,1395.4118411135917,2591.42892335308,3855.8074301791717,0.027200295261307256,0.09461126666333049,5.728714788228517,-531.3052,40.289757,32.471573,24.836308,19.95746,16.75412,12.87067,7.719595,2.753324,-0.5790318,-2.152049,-2.4278874,-1.406728
2083,34.71666666666667,0.000882973,0.0,6258.262334625294,1433.8182611772631,2731.9995376174747,3923.9593342115068,0.027200295261307256,0.09461126666333049,5.728714788228517,-536.9306,33.485123,28.296005,23.044659,19.243372,16.307693,13.2527,10.180622,7.8128347,6.232382,4.752116,2.872271,0.849682
2084,34.733333333333334,0.0008032377,0.0,6603.176285043265,709.1641517723565,2126.242073440313,3379.280983666028,0.027200295261307256,0.09461126666333049,5.728714788228517,-535.64435,35.244827,29.41633,22.381021,16.168423,11.483141,7.9945145,5.3405147,3.6652272,3.20253,3.5606098,3.6898978,2.7049782
2085,34.75,0.0007121162,0.0,7036.038760523202,363.01589950505075,1729.316396884612,2763.758784877182,0.027200295261307256,0.09461126666333049,5.728714788228517,-535.4309,35.42906,29.151005,21.184757,13.656998,7.7703953,3.8572164,1.8491416,1.4476366,1.9477808,2.269602,1.5144746,-0.37397373
2086,34.766666666666666,0.0008629261,0.0,5676.968716855577,449.36332935630753,1668.893683686257,2474.6630841631372,0.027200295261307256,0.09461126666333049,5.728714788228517,-521.4226,49.632072,32.263546,17.76294,11.191774,8.850365,6.606509,4.6188674,4.006896,3.652192,2.1958618,0.44525307,-0.0440349
2087,34.78333333333333,0.021150569,0.0,3002.2281403931574,726.1801380282789,1495.1745369662603,2379.9151527038634,0.027200295261307256,0.09461126666333049,5.728714788228517,-341.0455,158.98822,-5.2439456,-45.24403,7.2800198,-1.3787575,-13.948938,-14.986268,-13.589842,-1.8016452,-16.564644,-12.29274,-9.761425
2088,34.8,0.02156178,0.0,3597.172789449656,910.2224408926465,1456.6484263403554,2545.5189711581447,0.027200295261307256,0.09461126666333049,5.728714788228517,-268.42804,156.6875,6.183465,-51.60881,13.594624,-10.21974,-14.392612,-10.266116,-19.345469,-3.4988518,-37.85546,-14.811231,-12.367428
2089,34.81666666666667,0.020448089,0.0,5146.665606930259,1016.2334544141105,1609.4815498604376,2775.0046413406685,0.027200295261307256,0.09461126666333049,5.728714788228517,-375.92566,134.45697,26.08544,-39.751286,5.329093,-4.375597,-5.5271325,-2.6845722,6.545752,10.533268,-13.007725,-0.10352081,-3.062595
2090,34.833333333333336,0.010088015,0.0,4505.446277646055,716.6754242771054,1468.694742816884,2657.8490747646742,0.027200295261307256,0.09461126666333049,5.728714788228517,-405.71704,133.15839,67.80534,-12.635582,-15.614086,-5.888526,-6.03341,5.2284737,7.9559546,16.38431,-4.050073,2.5852776,-9.435635
2091,34.85,0.04104891,0.0,4148.285668182527,529.3501755623356,1330.821704306186,2509.2620753114725,0.027200295261307256,0.09461126666333049,5.728714788228517,-335.32446,149.3118,52.46155,-29.386835,-20.570572,12.622253,3.2730596,-9.102493,-15.72451,9.530256,-18.871964,-4.499169,-7.0295267
2092,34.86666666666667,0.15047632,0.0,1018.6073830676842,495.56870540870375,1405.6737358204364,2356.1590581311884,0.027200295261307256,0.09461126666333049,5.728714788228517,-267.74448,233.6835,38.289288,-26.34193,-4.5558,25.771572,12.315178,-26.6913,-14.559029,24.903635,-18.903378,-33.18722,-18.004053
2093,34.88333333333333,0.21651606,0.0,770.6445438210162,409.4542582913286,1072.6459325951832,2130.54475543189,0.027200295261307256,0.09461126666333049,5.728714788228517,-254.62788,257.67612,27.256618,-18.249851,5.765128,22.017735,-4.9497104,-43.766266,-9.434332,35.711296,-26.256142,-53.88095,-6.8982234
2094,34.9,0.2536654,111.88113079455428,720.6294389222423,412.87637043896245,971.0363211120581,2311.4934111637613,0.027200295261307256,0.09461126666333049,5.728714788228517,-274.81006,252.5886,41.44084,-5.9782352,14.419085,2.2373285,-35.152615,-40.405876,14.719893,33.35905,-28.521044,-38.644737,-3.520286
2095,34.916666666666664,0.2557082,110.72173051482297,687.3033367233226,418.330150863911,901.9309624214544,2351.6043743785044,0.027200295261307256,0.09461126666333049,5.728714788228517,-285.9186,247.67525,51.879654,-0.47982264,16.612364,1.7298174,-41.06298,-35.07589,19.738302,25.367641,-31.68468,-28.905916,1.5598583
2096,34.93333333333333,0.25869197,109.33957237789161,698.1093875325157,436.31310038416217,861.7349432859619,2407.7193490160466,0.027200295261307256,0.09461126666333049,5.728714788228517,-285.6105,244.67395,49.37146,4.1012106,23.188608,4.4011416,-42.24518,-41.874943,12.912907,23.219099,-29.089893,-23.65398,-1.5523767
2097,34.95,0.25995055,108.59164978751905,709.0882775174385,453.4303206747176,928.0762034236575,2483.796402294141,0.027200295261307256,0.09461126666333049,5.728714788228517,-283.9825,243.88043,43.09455,5.644347,27.439426,0.6797793,-46.43189,-37.8997,18.518873,19.932648,-31.348423,-28.535276,-3.8215308
2098,34.96666666666667,0.24217457,107.94095646693579,816.0580382425762,474.77512083667204,1099.155815998094,2454.070436115969,0.027200295261307256,0.09461126666333049,5.728714788228517,-250.91914,257.74042,24.622852,-14.300737,13.257753,7.072137,-34.77555,-31.730503,20.303661,13.876972,-40.55253,-33.09939,-9.228659
2099,34.983333333333334,0.2265663,105.48271978153386,944.5972134859618,511.83712036715775,1273.3878688268599,2398.8537252510832,0.027200295261307256,0.09461126666333049,5.728714788228517,-240.72755,257.30762,21.443554,-34.999336,14.048492,11.83157,-27.218716,-18.989697,9.208126,5.788494,-49.123077,-30.591759,-0.6637561
2100,35.0,0.22805694,102.89222930341984,1085.8787138824844,517.2825423651227,1497.1737140299977,2331.2433446940954,0.027200295261307256,0.09461126666333049,5.728714788228517,-226.2649,247.43094,2.201191,-39.93669,27.250551,26.203773,-10.881624,-26.434174,-15.022115,-0.35139287,-41.2463,-16.871166,5.446678
2101,35.016666666666666,0.23001537,101.75969676756391,1127.1311768051653,511.9808954809537,1727.04387042507,2340.6181825330495,0.027200295261307256,0.09461126666333049,5.728714788228517,-218.99715,238.99298,-10.206977,-27.823015,32.201317,31.218239,-9.953136,-37.229965,-27.071693,0.9677255,-29.280357,-13.530101,4.068309
2102,35.03333333333333,0.22664507,100.4442437522919,1271.0468566146997,512.3557436256372,1839.7249902108024,2437.495302306952,0.027200295261307256,0.09461126666333049,5.728714788228517,-212.5473,235.47504,-21.731936,-24.68544,39.218235,36.142,-17.928257,-46.896088,-27.067074,2.7583961,-21.969936,-14.301001,1.9992423
2103,35.05,0.22508302,99.81618452445508,1341.7950769889108,514.471653101903,1856.0011910774167,2434.71429699665,0.027200295261307256,0.09461126666333049,5.728714788228517,-215.23918,240.65228,-25.484865,-33.208153,43.486298,40.645016,-26.79066,-42.14153,-24.615917,0.16613567,-23.385489,-8.959987,0.29069203
2104,35.06666666666667,0.19221994,98.83089029846039,1257.6535341844565,504.51794773154694,1738.986180685763,2354.5460000101853,0.027200295261307256,0.09461126666333049,5.728714788228517,-222.84569,245.53064,-19.130726,-40.10591,36.587006,40.50917,-26.678543,-38.451385,-23.815819,-7.370733,-22.62928,-5.8332796,3.510256
2105,35.083333333333336,0.14958818,96.55865388873195,1023.0805202303271,479.4441139381561,1512.5144438259063,2257.3388484313787,0.027200295261307256,0.09461126666333049,5.728714788228517,-260.53766,248.5319,0.98619163,-42.948753,25.284935,33.866795,-17.073843,-29.32478,-11.6370125,-13.355142,-32.011963,-16.880014,2.061195
2106,35.1,0.1121179,95.58680182048714,880.8922885269137,457.2581808005631,1313.037412779949,2234.795787719625,0.027200295261307256,0.09461126666333049,5.728714788228517,-304.5562,236.88934,27.820496,-33.610992,13.607439,21.89829,-10.730448,-14.208197,-0.8850279,-9.937513,-27.61502,-24.580343,-11.027305
2107,35.11666666666667,0.10020689,96.8029676837718,838.3225920636221,472.5595693508785,1206.0495289498676,2210.032442071919,0.027200295261307256,0.09461126666333049,5.728714788228517,-307.71036,239.23978,37.369194,-30.874296,4.020548,11.864894,-14.1126175,-16.020475,-0.054667592,-5.548415,-23.95708,-23.257633,-10.987751
2108,35.13333333333333,0.11238075,98.14510777778779,840.8093334884313,520.2951069327258,1177.8392519634606,2138.0385150580637,0.027200295261307256,0.09461126666333049,5.728714788228517,-294.63742,249.11317,41.723534,-33.497383,-8.438432,0.10898437,-17.607113,-19.86158,-5.465666,-2.7871728,-19.64594,-23.327356,-9.313011
2109,35.15,0.11944358,96.96986214052366,941.7635473140085,597.0281367817099,1222.3960163933843,2110.4327942523414,0.027200295261307256,0.09461126666333049,5.728714788228517,-271.64008,256.82993,24.337877,-44.032722,-14.800714,-1.4094049,-9.832765,-18.415615,-13.969248,-2.959207,-11.688759,-16.052269,0.68048334
2110,35.166666666666664,0.10798232,93.8271682431341,1105.7962001387907,680.0794582406867,1302.0645348108435,2163.3360163307593,0.027200295261307256,0.09461126666333049,5.728714788228517,-241.97348,257.72446,6.6581383,-52.637955,-15.701409,-0.38881296,-14.520868,-14.0637,-8.128464,-2.6092567,-7.6528635,-8.143335,-1.3755069
2111,35.18333333333333,0.08769021,0.0,1294.8592298680942,777.2389112630166,1378.6751941532295,2260.676151302829,0.027200295261307256,0.09461126666333049,5.728714788228517,-278.53983,231.95222,12.629184,-47.336525,-12.462456,7.427458,-10.688461,-13.424732,-3.523985,2.1326323,-1.8988061,-3.3085938,-1.6483634
2112,35.2,0.02682157,0.0,1828.2802992652487,914.3613037471052,1433.0655545392888,2408.3931585281944,0.027200295261307256,0.09461126666333049,5.728714788228517,-328.78946,190.9968,2.809207,-50.82662,-13.986633,16.32976,16.977112,1.7758259,4.866453,14.204075,-2.4900756,-8.060028,1.8162534
2113,35.21666666666667,0.008996237,0.0,2687.1247427793896,1024.1651460943588,1482.7967382390382,2604.3063301274774,0.027200295261307256,0.09461126666333049,5.728714788228517,-383.00232,144.24463,-12.747429,-43.5032,0.92202324,11.244389,5.4194226,9.318768,11.612555,0.23674686,-13.784927,1.3762645,11.619934
2114,35.233333333333334,0.0075159515,0.0,2537.8858417431557,984.2423349240132,1507.3867146998753,2726.644181484591,0.027200295261307256,0.09461126666333049,5.728714788228517,-380.72357,143.70033,-19.135406,-42.41825,2.4517007,-0.17942703,-7.846882,10.556549,13.699165,-6.124608,-15.9159355,1.1143874,11.955278
2115,35.25,0.006460096,0.0,2651.922599633314,819.3482618374671,1526.2021602875477,2791.5957300017453,0.027200295261307256,0.09461126666333049,5.728714788228517,-394.87128,134.37282,-16.086058,-38.023323,0.14752924,-7.444907,-18.52391,0.6061318,5.585184,-11.919321,-11.330635,12.73154,19.265884
2116,35.266666666666666,0.004488281,0.0,2833.221166653679,840.5323229308725,1565.872326371589,2851.1163156418115,0.027200295261307256,0.09461126666333049,5.728714788228517,-417.46152,120.39029,-6.968604,-28.07541,1.7815373,-5.807439,-15.512119,5.465275,13.3056345,-6.4681516,-10.183487,11.50598,17.81115
2117,35.28333333333333,0.0033075577,0.0,2840.377889532713,870.2364532994391,1507.5296828918413,2953.3352911705274,0.027200295261307256,0.09461126666333049,5.728714788228517,-429.06198,114.830696,2.3109162,-21.776758,-1.0387007,-3.9328218,-5.7888794,8.393444,4.659171,-15.782703,-14.053955,9.203484,12.801399
2118,35.3,0.0028703997,0.0,3071.8659101334206,786.9345793234032,1458.2245041165027,3025.048096227428,0.027200295261307256,0.09461126666333049,5.728714788228517,-440.20538,108.587814,6.58334,-21.656487,-5.5959578,-6.0323377,-5.6429634,10.702752,8.1360655,-16.814121,-17.36597,11.40573,18.1072
2119,35.31666666666667,0.0022735656,0.0,3485.602510392224,847.474359940379,1466.332155722398,3023.494893944616,0.027200295261307256,0.09461126666333049,5.728714788228517,-455.4251,92.963234,2.4456882,-19.867823,-5.763055,-8.291136,-6.534486,9.620291,5.3925734,-16.60725,-12.376272,16.760036,24.189613
2120,35.333333333333336,0.0016945072,0.0,3659.812284630544,877.8538757183009,1448.7697161533156,3057.9470384710944,0.027200295261307256,0.09461126666333049,5.728714788228517,-467.65112,83.69267,5.3871737,-16.270924,-7.7365656,-9.59911,-4.9094844,9.7711525,5.704247,-13.900442,-13.157543,11.552204,22.524315
2121,35.35,0.0013149357,0.0,4618.33778921928,714.5169269659443,1427.1919256186638,3027.460336832279,0.027200295261307256,0.09461126666333049,5.728714788228517,-490.28268,70.69478,20.090578,0.971599,0.25292277,-3.662846,-1.1097734,7.1464243,2.1385946,-12.575733,-12.295558,5.0101404,13.155694
2122,35.36666666666667,0.0010718852,0.0,4744.984976056048,891.9246209943176,1723.51121947926,3064.0683256683064,0.027200295261307256,0.09461126666333049,5.728714788228517,-504.53455,62.79683,27.896376,7.163174,1.3451545,0.022118345,4.814191,12.5367,8.692005,-5.2951374,-9.470181,0.8124106,8.639792
2123,35.38333333333333,0.0010286362,0.0,4751.724473871861,1036.1629357932406,1920.4746911050124,3043.427364571544,0.027200295261307256,0.09461126666333049,5.728714788228517,-516.9718,54.195015,33.808937,17.526814,9.79855,7.064496,7.259289,8.686477,6.9636154,1.2445052,-2.3013062,0.6767058,6.032871
2124,35.4,0.00093363906,0.0,5292.553358560809,872.9267554180815,1592.036777119246,2929.9139504938685,0.027200295261307256,0.09461126666333049,5.728714788228517,-521.7958,50.896202,36.15635,21.204876,11.92071,8.260469,6.5738463,4.134662,1.1076858,-0.90611225,-1.028357,0.31202066,2.0723982
2125,35.416666666666664,0.0008499377,0.0,5632.0783538397845,942.6460305669888,1716.3152168885292,2860.33416589858,0.027200295261307256,0.09461126666333049,5.728714788228517,-522.9628,48.75312,32.751717,16.545055,7.2943497,5.935983,8.350613,9.694395,7.7442474,3.3437972,-1.1285307,-3.5598044,-3.2179255
2126,35.43333333333333,0.00086425804,0.0,5044.0355504475865,1048.1393614522437,1944.884829489173,2878.894550518488,0.027200295261307256,0.09461126666333049,5.728714788228517,-529.9163,42.402637,34.2325,24.684097,17.098291,12.729629,10.530867,8.520012,5.5061107,1.8524891,-1.1135936,-2.333511,-1.8067378
2127,35.45,0.0007150228,0.0,5480.573973039916,903.9537109332651,2200.379265137411,3085.0576507832093,0.027200295261307256,0.09461126666333049,5.728714788228517,-533.29736,38.0682,30.850845,21.853287,13.737552,8.127511,5.3710093,4.684711,4.5469046,3.5512257,1.3739709,-1.0625583,-2.4898255
2128,35.46666666666667,0.0007296014,0.0,6891.764503051359,1029.1590807527684,2140.4187173922155,3240.4663784829067,0.027200295261307256,0.09461126666333049,5.728714788228517,-537.295,32.619335,26.456713,19.814644,14.503765,10.310787,6.5759234,3.4314013,1.244457,-0.258883,-1.5498905,-2.3564105,-1.9778574
2129,35.483333333333334,0.0008267599,0.0,6419.013587411755,843.7251051384625,2034.578981240234,3077.818867327529,0.027200295261307256,0.09461126666333049,5.728714788228517,-531.0682,40.51641,31.948936,22.411064,15.121044,10.746117,8.211886,6.4319906,5.111353,4.3842535,4.1995482,4.111792,3.5011992
2130,35.5,0.0009237575,0.0,6326.292927436237,1003.2115364331977,2252.3611951833,3158.5443141572046,0.027200295261307256,0.09461126666333049,5.728714788228517,-533.06573,38.533188,32.36438,25.775978,19.955055,14.388355,9.149031,5.2050343,2.9671597,2.0863028,2.3977618,3.6651402,4.6448307
2131,35.516666666666666,0.00074998674,0.0,5756.07848275113,1244.850839865915,2308.8724133540045,3374.212255467771,0.027200295261307256,0.09461126666333049,5.728714788228517,-531.8539,40.413643,33.93492,25.613197,17.509068,11.013674,6.8979826,5.151687,4.7711535,4.3432355,3.1933646,1.787055,0.9549892
2132,35.53333333333333,0.000682904,0.0,6502.0321976764535,792.8650205422233,2064.504776185716,2979.279651189906,0.027200295261307256,0.09461126666333049,5.728714788228517,-539.3665,30.46651,25.863201,20.264297,15.21005,11.146557,7.645306,4.2729483,1.1958003,-0.98273766,-1.8329475,-1.4747388,-0.4133125
2133,35.55,0.0005950178,0.0,7082.166072136637,1158.9083728539292,2272.085812490607,3139.77629458991,0.027200295261307256,0.09461126666333049,5.728714788228517,-540.83527,27.973259,22.600636,16.86977,12.914453,10.85902,9.333971,7.1055236,4.215375,1.7605714,0.79400957,1.4395821,2.854067
2134,35.56666666666667,0.0007208749,0.0,6926.620524857955,984.2677154580783,2048.3122882863613,3254.0581671227624,0.027200295261307256,0.09461126666333049,5.728714788228517,-537.4428,32.91173,27.619509,21.354599,16.325384,13.513488,12.378819,11.552818,9.933605,7.3931613,4.6789727,2.7123108,1.8796415
2135,35.583333333333336,0.00076442526,0.0,9724.945942503324,850.8392387382895,2003.3012172180354,3233.3063364512,0.027200295261307256,0.09461126666333049,5.728714788228517,-535.9052,33.31213,31.57608,23.866207,19.90615,13.100084,10.411297,6.732087,5.3867188,3.9767,2.63478,2.420833,0.56123596
2136,35.6,0.0006609976,0.0,8935.074964064224,1013.665873185581,2020.2942606865145,3175.0775467357767,0.027200295261307256,0.09461126666333049,5.728714788228517,-540.5189,29.098835,25.068726,19.821476,14.681469,10.47266,7.59448,6.029531,5.404582,5.128156,4.771234,4.3174415,3.8910544
2137,35.61666666666667,0.00069143553,0.0,8248.751076048415,986.0959068906659,2057.3139442716465,3374.989352496445,0.027200295261307256,0.09461126666333049,5.728714788228517,-538.30853,31.743357,26.65027,20.738438,16.085077,13.454174,12.222393,11.200216,9.568493,7.2781725,4.8344955,2.8147614,1.4859636
2138,35.63333333333333,0.00072693644,0.0,8939.778944057407,929.8035300006293,2182.218579902153,3426.5473940697952,0.027200295261307256,0.09461126666333049,5.728714788228517,-533.73444,36.075943,32.824127,24.366306,20.074734,14.048525,12.057876,9.092415,8.131485,6.539404,4.580657,2.4253602,-1.0955069
2139,35.65,0.0006521141,0.0,7083.916993393814,781.8737116645523,2039.1275494337501,3002.414058532479,0.027200295261307256,0.09461126666333049,5.728714788228517,-536.80096,33.29044,26.872766,19.537582,13.324789,8.634811,5.23688,3.1124208,2.0937152,1.4506814,0.5432801,-0.35694638,-0.54472893
2140,35.666666666666664,0.0005865284,0.0,7649.0730255461895,851.8061358792752,2011.4925068016955,2919.1877529843696,0.027200295261307256,0.09461126666333049,5.728714788228517,-538.6293,31.43232,26.59489,20.567738,14.863819,10.118273,6.433378,3.9380007,2.7646832,2.5974183,2.5821388,1.9165987,0.5217653
2141,35.68333333333333,0.00065489765,0.0,6981.812211097531,1009.9251379640152,2055.5568817131207,2885.869283544016,0.027200295261307256,0.09461126666333049,5.728714788228517,-536.79254,33.45186,27.296358,20.252316,14.875981,12.010655,10.68212,9.194742,6.467327,2.69063,-0.96758276,-3.2381928,-3.5776758
2142,35.7,0.00060800015,0.0,6737.52355284672,693.1316112253031,1849.846970607256,2723.249637891771,0.027200295261307256,0.09461126666333049,5.728714788228517,-534.93774,35.63489,28.321712,19.70147,12.498718,7.709322,4.905175,3.376298,2.751955,2.733704,2.7392714,2.1965284,1.1637024
2143,35.71666666666667,0.0006025157,0.0,6965.601981152411,942.7470139509134,2023.2162753762934,3135.792938609108,0.027200295261307256,0.09461126666333049,5.728714788228517,-542.7715,25.600555,21.250557,16.819149,13.762741,11.863299,10.261198,8.503341,6.537437,4.3869343,2.3171728,0.9580774,0.6802293
2144,35.733333333333334,0.0005590445,0.0,6647.0984275302335,888.3900659223656,2067.140261041511,3060.8589775604687,0.027200295261307256,0.09461126666333049,5.728714788228517,-538.31226,31.74928,26.554802,20.108753,14.251301,9.923415,7.1317296,5.3159275,3.718053,1.7576758,-0.55597556,-2.5001984,-3.116232
2145,35.75,0.0005181369,0.0,7085.564937761293,716.71175944261,1903.5150169724561,2950.7760219273064,0.027200295261307256,0.09461126666333049,5.728714788228517,-537.18555,32.686417,26.007137,18.26204,11.956236,7.876837,5.395877,3.5433917,1.6937222,-0.36877227,-2.501885,-4.163465,-4.624652
2146,35.766666666666666,0.0005493595,0.0,7478.818505793999,822.946751983286,2002.322070424965,3233.8558925873986,0.027200295261307256,0.09461126666333049,5.728714788228517,-540.6327,28.517654,23.55973,17.741234,13.015581,10.061637,8.25362,6.54544,4.4315925,2.2204194,0.54693586,-0.30002433,-0.607808
2147,35.78333333333333,0.0005429093,0.0,6724.559966727306,845.5582148444078,2150.858991650092,3125.852137824557,0.027200295261307256,0.09461126666333049,5.728714788228517,-535.6301,35.306786,29.484386,22.240877,15.68039,10.853899,7.661623,5.4552727,3.6790347,2.1136844,0.7916209,-0.14112163,-0.5201081
2148,35.8,0.0007230317,0.0,6763.422362427866,1056.733392194714,2178.5892679172375,3191.0097985187276,0.027200295261307256,0.09461126666333049,5.728714788228517,-536.72614,33.651306,27.582962,20.169792,13.813332,9.718002,7.555442,6.1174965,4.3792434,2.1892498,0.17542332,-0.92525226,-0.9192197
2149,35.81666666666667,0.00079176953,0.0,5613.614772862347,796.64897132368,1960.2532064018167,3144.564905674754,0.027200295261307256,0.09461126666333049,5.728714788228517,-537.801,32.756653,28.530003,23.646124,19.074858,14.507282,9.550623,4.760024,1.2236533,-0.5236261,-0.7653418,0.047342896,1.6838838
2150,35.833333333333336,0.00087254,0.0,6263.100463314941,707.5652850373206,2026.7541459504419,3122.174682917778,0.027200295261307256,0.09461126666333049,5.728714788228517,-538.6346,31.523758,27.111729,21.988335,17.479229,13.724593,10.414424,7.5966206,5.550596,4.2100406,3.1739357,2.3056211,1.9494884
2151,35.85,0.0009453478,0.0,6396.740290434003,1246.1503663123083,2438.3841691841985,3665.8345944338,0.027200295261307256,0.09461126666333049,5.728714788228517,-535.62714,35.651825,30.714756,24.580856,19.032837,14.909354,12.004826,9.656527,7.4275208,5.365226,3.777649,2.855257,2.4822707
2152,35.86666666666667,0.00095281296,0.0,6153.873383677146,1408.6199149419622,2473.8288769834003,3584.590588173277,0.027200295261307256,0.09461126666333049,5.728714788228517,-531.69653,40.348305,33.31015,24.953497,18.049164,13.692392,11.200632,9.251316,7.1676064,5.3025627,4.371026,4.496684,4.8984537
2153,35.88333333333333,0.000807595,0.0,6228.728194476511,869.8096276303687,1990.1212728557202,3231.917095682386,0.027200295261307256,0.09461126666333049,5.728714788228517,-534.031,37.625122,31.888603,24.62224,17.941101,13.087712,10.14456,8.443234,7.2302904,6.1092434,5.075694,4.282523,3.781693
2154,35.9,0.00073563564,0.0,6480.420255307266,655.1082150408567,1995.6132406372049,3284.5166748584898,0.027200295261307256,0.09461126666333049,5.728714788228517,-536.67633,34.513596,30.336079,24.729378,18.908215,13.652756,9.319641,6.09869,4.1173115,3.2890806,3.1769264,3.1490583,2.755555
2155,35.916666666666664,0.00067463965,0.0,6905.519146975012,676.3367520736614,2010.4141053417839,3091.7037444565167,0.027200295261307256,0.09461126666333049,5.728714788228517,-536.859,33.501625,27.732145,20.914566,14.809614,10.006454,6.6468334,4.7315254,3.6967306,2.5569525,0.95694166,-0.3375964,-0.4322096
2156,35.93333333333333,0.00063194364,0.0,6443.184806100931,284.1320328953447,1673.2178469242774,2766.905319465607,0.027200295261307256,0.09461126666333049,5.728714788228517,-533.9851,37.545303,31.553417,24.213476,17.589535,12.403404,8.195801,4.3966284,1.1872368,-0.659754,-0.72800934,0.32557684,1.078435
2157,35.95,0.0006239239,0.0,6916.189430787463,582.7513160059166,1882.3654064388618,2993.6922421941767,0.027200295261307256,0.09461126666333049,5.728714788228517,-538.6582,31.113136,25.746017,19.537743,14.322067,10.555638,7.883274,5.9736643,4.6325865,3.5022578,2.1349187,0.41045943,-1.3720496
2158,35.96666666666667,0.0005836236,0.0,6731.497946229503,1285.5600110191665,2198.457136272112,3010.1626105813593,0.027200295261307256,0.09461126666333049,5.728714788228517,-536.441,33.40677,26.480541,19.76787,15.6423,13.320131,10.90539,7.859439,5.024543,2.9041345,0.94929445,-1.3022294,-3.188013
2159,35.983333333333334,0.0006486506,0.0,6245.460446445637,1105.100334109591,2038.871169783078,2635.000482386657,0.027200295261307256,0.09461126666333049,5.728714788228517,-531.6187,38.333008,27.209274,17.139751,12.571121,12.068706,11.335293,8.297968,4.6958103,3.1879716,3.9782536,4.779308,3.5742433
2160,36.0,0.00060827815,0.0,6826.39378008181,581.3150228815123,1733.4721152871816,2704.225353212423,0.027200295261307256,0.09461126666333049,5.728714788228517,-537.985,31.491661,25.189781,19.087854,15.306229,13.024212,10.414969,7.059314,4.040885,2.186563,1.0765827,-0.039019138,-1.0267842
2161,36.016666666666666,0.00060983835,0.0,7199.224604154024,729.4535867923076,1809.0327620959124,2957.3928512770526,0.027200295261307256,0.09461126666333049,5.728714788228517,-536.5503,33.329376,26.16029,18.25341,12.395147,9.038475,6.8793697,4.6055183,1.9676728,-0.53252465,-2.469182,-3.731522,-4.163329
2162,36.03333333333333,0.00072962354,0.0,6421.207873208109,924.9906287886474,2305.0255437109736,3129.6141774318185,0.027200295261307256,0.09461126666333049,5.728714788228517,-532.6446,38.852997,31.495827,23.003716,16.46359,12.96479,11.344727,9.504051,6.1949787,1.9306129,-1.5715225,-2.8533928,-1.8919425
2163,36.05,0.00078875,0.0,6759.498778797832,1138.2768570581554,2360.310841774095,2702.6250325706164,0.027200295261307256,0.09461126666333049,5.728714788228517,-536.2743,34.593025,29.309326,22.827478,17.132826,13.1702795,10.729702,9.085873,7.7164893,6.5178795,5.5168037,4.54924,3.3148441
2164,36.06666666666667,0.00084784674,0.0,6981.026564310144,1146.8153541623742,2172.212882634223,3125.0618557590374,0.027200295261307256,0.09461126666333049,5.728714788228517,-539.08417,31.162174,27.125175,21.775127,16.523943,12.405522,9.762069,8.302085,7.428142,6.6079216,5.591728,4.4174876,3.281676
2165,36.083333333333336,0.00093391637,0.0,6097.762588609812,1184.86578371759,2432.7546852937717,3538.2817742045527,0.027200295261307256,0.09461126666333049,5.728714788228517,-533.79193,37.63529,31.065968,22.850864,15.561026,10.749217,8.512718,7.9018145,7.728292,7.193119,6.0477247,4.4128714,2.5612283
2166,36.1,0.0008678257,0.0,6028.169893065927,1095.796181004154,2422.626687746614,3530.1969820040867,0.027200295261307256,0.09461126666333049,5.728714788228517,-534.23926,37.44301,32.1113,25.659954,20.174288,16.56112,14.305355,12.170459,9.242966,5.5538597,1.9121609,-0.7972262,-2.250791
2167,36.11666666666667,0.0007612964,0.0,7104.130503364082,557.5961206599902,1932.1444856290045,3052.9845382785074,0.027200295261307256,0.09461126666333049,5.728714788228517,-540.4848,29.176922,25.340157,20.691391,16.448208,12.947965,9.997051,7.5317316,5.782132,4.8631024,4.3996983,3.6711874,2.1177592
2168,36.13333333333333,0.0006439548,0.0,6080.34894905747,509.1030620362993,1681.734454304282,2592.672819759972,0.027200295261307256,0.09461126666333049,5.728714788228517,-535.1634,35.74097,29.380444,21.604172,14.817297,10.239815,7.7854037,6.642811,5.9190884,5.017445,3.7669835,2.3426461,0.987824
2169,36.15,0.0007680817,0.0,5805.870296989193,997.9691848871363,1669.6103565560602,2629.4419033684326,0.027200295261307256,0.09461126666333049,5.728714788228517,-533.042,35.13517,22.364561,13.246675,12.149273,14.374922,13.28693,8.049186,3.2447364,2.551754,4.902631,6.6965666,5.9687185
2170,36.166666666666664,0.00077331444,0.0,5634.484687034527,1074.3657800014987,1981.932277802001,3045.5499701599388,0.027200295261307256,0.09461126666333049,5.728714788228517,-532.06537,38.34339,28.758194,20.091602,15.655657,13.66817,10.742235,6.313406,2.9238014,2.7306976,4.823227,6.292766,5.355289
2171,36.18333333333333,0.00071307784,0.0,6293.649874708399,544.5357939571019,1930.7321565190716,3067.2126541454227,0.027200295261307256,0.09461126666333049,5.728714788228517,-532.1467,39.761528,32.698593,23.767395,15.278849,8.523223,4.0253725,2.0102541,2.2610536,3.73486,4.8524,4.515949,2.8325596
2172,36.2,0.00056317856,0.0,6712.861808449592,0.0,0.0,0.0,0.027200295261307256,0.09461126666333049,5.728714788228517,-537.86334,32.786507,28.511082,22.851967,17.082726,11.979599,7.864907,4.882592,3.0902452,2.3357959,2.2172809,2.2850878,2.2742007
